dataset,split_name,index,mode,route_mode,prediction,answer,hit,T_on,V_on,T_strength,V_strength,tc_pred,vc_pred,vc_envelope_pred,vc_sci_pred,support_size,labels_n,conflict,vc_source,vc_bridge_source,grec_soft_swcr,grec_hard_composition,grec_hard_argmax,operator_agree,joint_conflict,format,state,action,aggregation_status,stable_hit,mode_confidence
MMStar,LLaVA-NeXT-8B_Biased_Test,1,vcf_only,vcf_only,C,B,0.0,0,1,0.0,0.9915588374648843,C,C,C,C,4,4,0,gray,gray,C,C,C,1,0,MCQ,grec_hard_composition_gate,GroundedResidualEnergyCompositionHard,true_mcq_grec_hard,,
MMStar,LLaVA-NeXT-8B_Biased_Test,2,vcf_only,vcf_only,B,D,0.0,0,1,0.0,0.9963069143508942,A,B,B,B,4,4,1,gray,gray,B,B,B,0,0,MCQ,grec_hard_composition_gate,GroundedResidualEnergyCompositionHard,true_mcq_grec_hard,,
MMStar,LLaVA-NeXT-8B_Biased_Test,4,vcf_only,vcf_only,C,A,0.0,0,1,0.0,0.003489613016315355,B,B,B,B,4,4,1,gray,gray,C,C,C,1,0,MCQ,grec_hard_composition_gate,GroundedResidualEnergyCompositionHard,true_mcq_grec_hard,,
MMStar,LLaVA-NeXT-8B_Biased_Test,11,vcf_only,vcf_only,D,D,1.0,0,1,0.0,0.021675952039264118,C,C,C,D,4,4,1,gray,gray,D,D,D,0,0,MCQ,grec_hard_composition_gate,GroundedResidualEnergyCompositionHard,true_mcq_grec_hard,,
MMStar,LLaVA-NeXT-8B_Biased_Test,13,vcf_only,vcf_only,C,B,0.0,0,1,0.0,0.35803504669669506,C,C,C,C,4,4,0,strongblur,strongblur,C,C,C,1,0,MCQ,grec_hard_composition_gate,GroundedResidualEnergyCompositionHard,true_mcq_grec_hard,,
MMStar,LLaVA-NeXT-8B_Biased_Test,18,vcf_only,vcf_only,C,A,0.0,0,1,0.0,0.3925091226124584,C,C,C,C,4,4,0,strongblur,strongblur,C,C,C,1,0,MCQ,grec_hard_composition_gate,GroundedResidualEnergyCompositionHard,true_mcq_grec_hard,,
MMStar,LLaVA-NeXT-8B_Biased_Test,19,vcf_only,vcf_only,B,B,1.0,0,1,0.0,0.5919528799562729,B,D,D,D,4,4,0,gray,gray,B,B,B,0,0,MCQ,grec_hard_composition_gate,GroundedResidualEnergyCompositionHard,true_mcq_grec_hard,,
MMStar,LLaVA-NeXT-8B_Biased_Test,29,both,both,A,A,1.0,1,1,1.0,0.3925091226124584,A,A,A,C,1,4,0,strongblur,gray,A,A,A,0,1,MCQ,grec_hard_composition_gate,GroundedResidualEnergyCompositionHard,true_mcq_grec_hard,,
MMStar,LLaVA-NeXT-8B_Biased_Test,31,both,both,A,A,1.0,1,1,0.0,0.3925091226124584,A,A,C,A,1,4,0,gray,gray,A,A,A,1,0,MCQ,grec_hard_composition_gate,GroundedResidualEnergyCompositionHard,true_mcq_grec_hard,,
MMStar,LLaVA-NeXT-8B_Biased_Test,36,vcf_only,vcf_only,D,B,0.0,0,1,0.0,0.24389750046067485,C,C,C,D,4,4,1,centermask,centermask,D,D,D,0,0,MCQ,grec_hard_composition_gate,GroundedResidualEnergyCompositionHard,true_mcq_grec_hard,,
MMStar,LLaVA-NeXT-8B_Biased_Test,38,vcf_only,vcf_only,B,A,0.0,0,1,0.0,0.946701372598354,C,C,D,C,4,4,1,gray,gray,B,B,B,1,0,MCQ,grec_hard_composition_gate,GroundedResidualEnergyCompositionHard,true_mcq_grec_hard,,
MMStar,LLaVA-NeXT-8B_Biased_Test,52,vcf_only,vcf_only,B,C,0.0,0,1,0.0,0.29839745011582713,A,A,A,A,4,4,1,gray,gray,B,B,B,1,0,MCQ,grec_hard_composition_gate,GroundedResidualEnergyCompositionHard,true_mcq_grec_hard,,
MMStar,LLaVA-NeXT-8B_Biased_Test,57,tcf_only,tcf_only,A,A,1.0,1,0,1.0,0.0,A,A,B,A,1,4,0,gray,gray,A,A,A,1,0,MCQ,grec_hard_composition_gate,GroundedResidualEnergyCompositionHard,true_mcq_grec_hard,,
MMStar,LLaVA-NeXT-8B_Biased_Test,61,both,both,D,B,0.0,1,1,0.22194751775025345,0.3925091226124584,D,D,D,D,1,4,1,strongblur,gray,D,D,D,1,0,MCQ,grec_hard_composition_gate,GroundedResidualEnergyCompositionHard,true_mcq_grec_hard,,
MMStar,LLaVA-NeXT-8B_Biased_Test,67,vcf_only,vcf_only,B,B,1.0,0,1,0.0,0.6474785915660891,A,A,A,B,4,4,1,gray,gray,B,B,B,0,0,MCQ,grec_hard_composition_gate,GroundedResidualEnergyCompositionHard,true_mcq_grec_hard,,
MMStar,LLaVA-NeXT-8B_Biased_Test,74,tcf_only,tcf_only,C,A,0.0,1,0,1.0,0.0,C,A,C,A,1,4,0,gray,gray,C,C,C,0,0,MCQ,grec_hard_composition_gate,GroundedResidualEnergyCompositionHard,true_mcq_grec_hard,,
MMStar,LLaVA-NeXT-8B_Biased_Test,79,tcf_only,tcf_only,C,A,0.0,1,0,0.168216510626213,0.0,C,A,C,A,1,4,1,centermask,centermask,C,C,C,0,0,MCQ,grec_hard_composition_gate,GroundedResidualEnergyCompositionHard,true_mcq_grec_hard,,
MMStar,LLaVA-NeXT-8B_Biased_Test,83,vcf_only,vcf_only,A,D,0.0,0,1,0.0,1.0,D,D,A,A,4,4,1,strongblur,centermask,A,A,A,0,0,MCQ,grec_hard_composition_gate,GroundedResidualEnergyCompositionHard,true_mcq_grec_hard,,
MMStar,LLaVA-NeXT-8B_Biased_Test,94,vcf_only,vcf_only,B,A,0.0,0,1,0.0,0.9277921226133731,B,B,B,B,4,4,0,gray,gray,B,B,B,1,0,MCQ,grec_hard_composition_gate,GroundedResidualEnergyCompositionHard,true_mcq_grec_hard,,
MMStar,LLaVA-NeXT-8B_Biased_Test,101,vcf_only,vcf_only,C,B,0.0,0,1,0.0,0.1854973304003666,C,C,C,C,4,4,0,gray,gray,C,C,C,1,0,MCQ,grec_hard_composition_gate,GroundedResidualEnergyCompositionHard,true_mcq_grec_hard,,
MMStar,LLaVA-NeXT-8B_Biased_Test,106,tcf_only,tcf_only,B,C,0.0,1,0,0.0,0.0,B,B,B,B,1,4,0,centermask,centermask,B,B,B,1,0,MCQ,grec_hard_composition_gate,GroundedResidualEnergyCompositionHard,true_mcq_grec_hard,,
MMStar,LLaVA-NeXT-8B_Biased_Test,107,tcf_only,tcf_only,C,D,0.0,1,0,0.17347652784106726,0.0,C,C,C,B,1,4,1,gray,gray,C,C,C,0,0,MCQ,grec_hard_composition_gate,GroundedResidualEnergyCompositionHard,true_mcq_grec_hard,,
MMStar,LLaVA-NeXT-8B_Biased_Test,112,vcf_only,vcf_only,B,D,0.0,0,1,0.0,0.06613021976948709,B,B,B,B,4,4,0,strongblur,strongblur,B,B,B,1,0,MCQ,grec_hard_composition_gate,GroundedResidualEnergyCompositionHard,true_mcq_grec_hard,,
MMStar,LLaVA-NeXT-8B_Biased_Test,113,vcf_only,vcf_only,B,B,1.0,0,1,0.0,1.0,C,B,D,B,4,4,1,gray,gray,B,B,B,0,0,MCQ,grec_hard_composition_gate,GroundedResidualEnergyCompositionHard,true_mcq_grec_hard,,
MMStar,LLaVA-NeXT-8B_Biased_Test,119,both,both,B,D,0.0,1,1,0.1266791810259722,0.3925091226124584,B,C,B,A,1,4,1,centermask,gray,D,B,B,0,1,MCQ,grec_hard_composition_gate,GroundedResidualEnergyCompositionHard,true_mcq_grec_hard,,
MMStar,LLaVA-NeXT-8B_Biased_Test,123,both,both,B,A,0.0,1,1,0.0,0.3925091226124584,B,C,B,C,1,4,1,centermask,centermask,B,B,B,0,1,MCQ,grec_hard_composition_gate,GroundedResidualEnergyCompositionHard,true_mcq_grec_hard,,
MMStar,LLaVA-NeXT-8B_Biased_Test,126,vcf_only,vcf_only,B,D,0.0,0,1,0.0,0.7183786456426793,B,B,B,B,4,4,0,centermask,centermask,B,B,B,1,0,MCQ,grec_hard_composition_gate,GroundedResidualEnergyCompositionHard,true_mcq_grec_hard,,
MMStar,LLaVA-NeXT-8B_Biased_Test,127,tcf_only,tcf_only,C,A,0.0,1,0,0.016049827287286433,0.0,C,C,C,A,1,4,1,strongblur,gray,C,C,C,0,0,MCQ,grec_hard_composition_gate,GroundedResidualEnergyCompositionHard,true_mcq_grec_hard,,
MMStar,LLaVA-NeXT-8B_Biased_Test,128,vcf_only,vcf_only,C,D,0.0,0,1,0.0,0.1811307048955574,D,D,D,C,4,4,1,strongblur,gray,C,C,C,0,0,MCQ,grec_hard_composition_gate,GroundedResidualEnergyCompositionHard,true_mcq_grec_hard,,
MMStar,LLaVA-NeXT-8B_Biased_Test,142,vcf_only,vcf_only,A,C,0.0,0,1,0.0,0.06099183549270725,A,A,A,A,4,4,0,strongblur,strongblur,A,A,A,1,0,MCQ,grec_hard_composition_gate,GroundedResidualEnergyCompositionHard,true_mcq_grec_hard,,
MMStar,LLaVA-NeXT-8B_Biased_Test,143,vcf_only,vcf_only,A,C,0.0,0,1,0.0,0.3925091226124584,B,B,B,A,4,4,1,strongblur,gray,A,A,A,0,0,MCQ,grec_hard_composition_gate,GroundedResidualEnergyCompositionHard,true_mcq_grec_hard,,
MMStar,LLaVA-NeXT-8B_Biased_Test,144,vcf_only,vcf_only,D,C,0.0,0,1,0.0,0.22621122086382678,D,C,A,D,4,4,0,gray,gray,D,D,D,1,0,MCQ,grec_hard_composition_gate,GroundedResidualEnergyCompositionHard,true_mcq_grec_hard,,
MMStar,LLaVA-NeXT-8B_Biased_Test,148,vcf_only,vcf_only,A,C,0.0,0,1,0.0,0.3925091226124584,B,B,B,A,4,4,1,gray,gray,A,A,A,0,0,MCQ,grec_hard_composition_gate,GroundedResidualEnergyCompositionHard,true_mcq_grec_hard,,
MMStar,LLaVA-NeXT-8B_Biased_Test,149,vcf_only,vcf_only,C,B,0.0,0,1,0.0,0.510838204897148,C,C,C,C,4,4,0,gray,gray,C,C,C,1,0,MCQ,grec_hard_composition_gate,GroundedResidualEnergyCompositionHard,true_mcq_grec_hard,,
MMStar,LLaVA-NeXT-8B_Biased_Test,152,vcf_only,vcf_only,D,C,0.0,0,1,0.0,0.22841477475974092,B,B,B,D,4,4,1,gray,gray,D,D,D,0,0,MCQ,grec_hard_composition_gate,GroundedResidualEnergyCompositionHard,true_mcq_grec_hard,,
MMStar,LLaVA-NeXT-8B_Biased_Test,252,vcf_only,vcf_only,B,B,1.0,0,1,0.0,0.9310181106081029,B,B,B,B,4,4,0,gray,gray,B,B,B,1,0,MCQ,grec_hard_composition_gate,GroundedResidualEnergyCompositionHard,true_mcq_grec_hard,,
MMStar,LLaVA-NeXT-8B_Biased_Test,253,tcf_only,tcf_only,C,C,1.0,1,0,0.06159335077371031,0.0,C,C,C,B,2,4,1,centermask,centermask,C,C,C,0,0,MCQ,grec_hard_composition_gate,GroundedResidualEnergyCompositionHard,true_mcq_grec_hard,,
MMStar,LLaVA-NeXT-8B_Biased_Test,256,vcf_only,vcf_only,B,C,0.0,0,1,0.0,0.9099945299992823,B,B,B,B,4,4,0,gray,gray,B,B,B,1,0,MCQ,grec_hard_composition_gate,GroundedResidualEnergyCompositionHard,true_mcq_grec_hard,,
MMStar,LLaVA-NeXT-8B_Biased_Test,257,vcf_only,vcf_only,C,A,0.0,0,1,0.0,0.9998899167204074,A,C,C,C,4,4,1,strongblur,gray,C,C,C,0,0,MCQ,grec_hard_composition_gate,GroundedResidualEnergyCompositionHard,true_mcq_grec_hard,,
MMStar,LLaVA-NeXT-8B_Biased_Test,258,vcf_only,vcf_only,C,C,1.0,0,1,0.0,0.7387372022062866,A,C,A,C,4,4,1,gray,gray,C,C,C,0,0,MCQ,grec_hard_composition_gate,GroundedResidualEnergyCompositionHard,true_mcq_grec_hard,,
MMStar,LLaVA-NeXT-8B_Biased_Test,259,both,both,C,A,0.0,1,1,0.11885876109752758,0.3925091226124584,C,D,D,B,2,4,1,strongblur,strongblur,B,C,C,0,1,MCQ,grec_hard_composition_gate,GroundedResidualEnergyCompositionHard,true_mcq_grec_hard,,
MMStar,LLaVA-NeXT-8B_Biased_Test,261,vcf_only,vcf_only,D,B,0.0,0,1,0.0,0.10765175319204565,A,A,A,D,4,4,1,gray,gray,D,D,D,0,0,MCQ,grec_hard_composition_gate,GroundedResidualEnergyCompositionHard,true_mcq_grec_hard,,
MMStar,LLaVA-NeXT-8B_Biased_Test,264,vcf_only,vcf_only,C,A,0.0,0,1,0.0,0.29000694865978904,B,B,B,C,4,4,1,centermask,gray,C,C,C,0,0,MCQ,grec_hard_composition_gate,GroundedResidualEnergyCompositionHard,true_mcq_grec_hard,,
MMStar,LLaVA-NeXT-8B_Biased_Test,269,vcf_only,vcf_only,A,D,0.0,0,1,0.0,0.849113249198667,C,C,C,A,4,4,1,gray,gray,A,A,A,0,0,MCQ,grec_hard_composition_gate,GroundedResidualEnergyCompositionHard,true_mcq_grec_hard,,
MMStar,LLaVA-NeXT-8B_Biased_Test,286,vcf_only,vcf_only,D,B,0.0,0,1,0.0,0.3699636489006309,D,D,D,D,4,4,0,gray,gray,D,D,D,1,0,MCQ,grec_hard_composition_gate,GroundedResidualEnergyCompositionHard,true_mcq_grec_hard,,
MMStar,LLaVA-NeXT-8B_Biased_Test,287,vcf_only,vcf_only,B,B,1.0,0,1,0.0,0.08251157073936534,D,D,D,D,4,4,1,centermask,centermask,B,B,B,1,0,MCQ,grec_hard_composition_gate,GroundedResidualEnergyCompositionHard,true_mcq_grec_hard,,
MMStar,LLaVA-NeXT-8B_Biased_Test,288,tcf_only,tcf_only,A,D,0.0,1,0,0.09901374297215382,0.0,A,A,A,A,1,4,1,gray,gray,A,A,A,1,0,MCQ,grec_hard_composition_gate,GroundedResidualEnergyCompositionHard,true_mcq_grec_hard,,
MMStar,LLaVA-NeXT-8B_Biased_Test,291,tcf_only,both,B,B,1.0,1,1,0.35832668022569525,0.1623193756965845,B,A,B,A,1,4,1,gray,gray,A,B,B,0,1,MCQ,grec_hard_composition_gate,GroundedResidualEnergyCompositionHard,true_mcq_grec_hard,,
MMStar,LLaVA-NeXT-8B_Biased_Test,292,vcf_only,vcf_only,D,D,1.0,0,1,0.0,0.889345460593866,D,A,A,D,4,4,0,strongblur,strongblur,D,D,D,1,0,MCQ,grec_hard_composition_gate,GroundedResidualEnergyCompositionHard,true_mcq_grec_hard,,
MMStar,LLaVA-NeXT-8B_Biased_Test,293,vcf_only,vcf_only,C,A,0.0,0,1,0.0,1.0,C,C,C,C,4,4,0,strongblur,strongblur,C,C,C,1,0,MCQ,grec_hard_composition_gate,GroundedResidualEnergyCompositionHard,true_mcq_grec_hard,,
MMStar,LLaVA-NeXT-8B_Biased_Test,294,tcf_only,both,D,A,0.0,1,1,1.0,0.2436779075719188,D,C,C,A,1,4,0,gray,gray,D,D,D,0,1,MCQ,grec_hard_composition_gate,GroundedResidualEnergyCompositionHard,true_mcq_grec_hard,,
MMStar,LLaVA-NeXT-8B_Biased_Test,297,vcf_only,vcf_only,D,D,1.0,0,1,0.0,0.12392490825391611,B,B,B,D,4,4,1,gray,gray,D,D,D,0,0,MCQ,grec_hard_composition_gate,GroundedResidualEnergyCompositionHard,true_mcq_grec_hard,,
MMStar,LLaVA-NeXT-8B_Biased_Test,306,vcf_only,vcf_only,B,D,0.0,0,1,0.0,1.0,B,C,A,B,4,4,0,strongblur,centermask,B,B,B,1,0,MCQ,grec_hard_composition_gate,GroundedResidualEnergyCompositionHard,true_mcq_grec_hard,,
MMStar,LLaVA-NeXT-8B_Biased_Test,311,vcf_only,vcf_only,A,B,0.0,0,1,0.0,0.8816277715984642,A,A,A,A,4,4,0,gray,gray,A,A,A,1,0,MCQ,grec_hard_composition_gate,GroundedResidualEnergyCompositionHard,true_mcq_grec_hard,,
MMStar,LLaVA-NeXT-8B_Biased_Test,319,vcf_only,vcf_only,D,A,0.0,0,1,0.0,0.25833391001024436,D,D,D,D,4,4,0,centermask,centermask,D,D,D,1,0,MCQ,grec_hard_composition_gate,GroundedResidualEnergyCompositionHard,true_mcq_grec_hard,,
MMStar,LLaVA-NeXT-8B_Biased_Test,324,tcf_only,tcf_only,D,C,0.0,1,0,0.04095447481638259,0.0,B,D,D,C,2,4,1,strongblur,centermask,D,D,D,0,0,MCQ,grec_hard_composition_gate,GroundedResidualEnergyCompositionHard,true_mcq_grec_hard,,
MMStar,LLaVA-NeXT-8B_Biased_Test,346,vcf_only,vcf_only,B,B,1.0,0,1,0.0,0.393603476602868,A,A,A,B,4,4,1,gray,gray,B,B,B,0,0,MCQ,grec_hard_composition_gate,GroundedResidualEnergyCompositionHard,true_mcq_grec_hard,,
MMStar,LLaVA-NeXT-8B_Biased_Test,347,vcf_only,vcf_only,D,A,0.0,0,1,0.0,0.3925091226124584,A,D,D,D,4,4,1,gray,gray,D,D,D,0,0,MCQ,grec_hard_composition_gate,GroundedResidualEnergyCompositionHard,true_mcq_grec_hard,,
MMStar,LLaVA-NeXT-8B_Biased_Test,353,vcf_only,vcf_only,A,B,0.0,0,1,0.0,0.589899604605966,D,D,D,D,4,4,1,centermask,centermask,A,A,A,1,0,MCQ,grec_hard_composition_gate,GroundedResidualEnergyCompositionHard,true_mcq_grec_hard,,
MMStar,LLaVA-NeXT-8B_Biased_Test,356,tcf_only,both,D,D,1.0,1,1,0.0,0.3925091226124584,D,A,A,A,1,4,0,centermask,gray,D,D,D,0,1,MCQ,grec_hard_composition_gate,GroundedResidualEnergyCompositionHard,true_mcq_grec_hard,,
MMStar,LLaVA-NeXT-8B_Biased_Test,368,vcf_only,vcf_only,D,D,1.0,0,1,0.0,0.3925091226124584,C,D,C,D,4,4,1,gray,gray,D,D,D,0,0,MCQ,grec_hard_composition_gate,GroundedResidualEnergyCompositionHard,true_mcq_grec_hard,,
MMStar,LLaVA-NeXT-8B_Biased_Test,369,vcf_only,vcf_only,B,D,0.0,0,1,0.0,0.831537483767847,B,B,B,B,4,4,0,gray,gray,B,B,B,1,0,MCQ,grec_hard_composition_gate,GroundedResidualEnergyCompositionHard,true_mcq_grec_hard,,
MMStar,LLaVA-NeXT-8B_Biased_Test,371,vcf_only,vcf_only,A,A,1.0,0,1,0.0,0.14222819959258556,C,C,C,A,4,4,1,gray,gray,A,A,A,0,0,MCQ,grec_hard_composition_gate,GroundedResidualEnergyCompositionHard,true_mcq_grec_hard,,
MMStar,LLaVA-NeXT-8B_Biased_Test,372,vcf_only,vcf_only,B,B,1.0,0,1,0.0,0.8117527260542033,D,D,D,D,4,4,1,gray,gray,B,B,B,1,0,MCQ,grec_hard_composition_gate,GroundedResidualEnergyCompositionHard,true_mcq_grec_hard,,
MMStar,LLaVA-NeXT-8B_Biased_Test,374,vcf_only,neither,C,D,0.0,0,0,0.0,0.0,C,C,C,C,4,4,0,gray,gray,C,C,C,1,0,MCQ,grec_hard_composition_gate,GroundedResidualEnergyCompositionHard,true_mcq_grec_hard,,
MMStar,LLaVA-NeXT-8B_Biased_Test,376,vcf_only,vcf_only,D,C,0.0,0,1,0.0,0.08912410707369776,D,D,D,D,4,4,0,strongblur,strongblur,D,D,D,1,0,MCQ,grec_hard_composition_gate,GroundedResidualEnergyCompositionHard,true_mcq_grec_hard,,
MMStar,LLaVA-NeXT-8B_Biased_Test,382,vcf_only,vcf_only,A,B,0.0,0,1,0.0,0.3441753137802386,B,A,B,A,4,4,1,centermask,gray,A,A,A,0,0,MCQ,grec_hard_composition_gate,GroundedResidualEnergyCompositionHard,true_mcq_grec_hard,,
MMStar,LLaVA-NeXT-8B_Biased_Test,384,vcf_only,vcf_only,C,B,0.0,0,1,0.0,1.0,B,B,A,B,4,4,1,strongblur,gray,C,C,C,1,0,MCQ,grec_hard_composition_gate,GroundedResidualEnergyCompositionHard,true_mcq_grec_hard,,
MMStar,LLaVA-NeXT-8B_Biased_Test,389,tcf_only,tcf_only,B,D,0.0,1,0,1.0,0.0,B,D,D,B,1,4,1,centermask,gray,B,B,B,1,0,MCQ,grec_hard_composition_gate,GroundedResidualEnergyCompositionHard,true_mcq_grec_hard,,
MMStar,LLaVA-NeXT-8B_Biased_Test,394,tcf_only,tcf_only,C,C,1.0,1,0,0.01831994561098793,0.0,C,C,C,B,1,4,0,strongblur,centermask,C,C,C,0,0,MCQ,grec_hard_composition_gate,GroundedResidualEnergyCompositionHard,true_mcq_grec_hard,,
MMStar,LLaVA-NeXT-8B_Biased_Test,413,tcf_only,tcf_only,C,D,0.0,1,0,0.0,0.0,C,C,C,A,1,4,1,centermask,gray,C,C,C,0,0,MCQ,grec_hard_composition_gate,GroundedResidualEnergyCompositionHard,true_mcq_grec_hard,,
MMStar,LLaVA-NeXT-8B_Biased_Test,416,tcf_only,tcf_only,A,A,1.0,1,0,0.19546683807162113,0.0,A,A,A,D,1,4,0,strongblur,centermask,A,A,A,0,0,MCQ,grec_hard_composition_gate,GroundedResidualEnergyCompositionHard,true_mcq_grec_hard,,
MMStar,LLaVA-NeXT-8B_Biased_Test,418,vcf_only,vcf_only,A,B,0.0,0,1,0.0,0.7259915125518495,A,A,A,A,4,4,0,strongblur,strongblur,A,A,A,1,0,MCQ,grec_hard_composition_gate,GroundedResidualEnergyCompositionHard,true_mcq_grec_hard,,
MMStar,LLaVA-NeXT-8B_Biased_Test,427,tcf_only,tcf_only,D,D,1.0,1,0,0.0,0.0,D,C,D,D,1,4,1,centermask,gray,D,D,D,1,0,MCQ,grec_hard_composition_gate,GroundedResidualEnergyCompositionHard,true_mcq_grec_hard,,
MMStar,LLaVA-NeXT-8B_Biased_Test,428,vcf_only,vcf_only,A,B,0.0,0,1,0.0,0.2882713956645725,A,A,A,A,4,4,0,gray,gray,A,A,A,1,0,MCQ,grec_hard_composition_gate,GroundedResidualEnergyCompositionHard,true_mcq_grec_hard,,
MMStar,LLaVA-NeXT-8B_Biased_Test,436,vcf_only,vcf_only,B,B,1.0,0,1,0.0,0.7434003314510167,B,B,B,B,4,4,0,centermask,gray,B,B,B,1,0,MCQ,grec_hard_composition_gate,GroundedResidualEnergyCompositionHard,true_mcq_grec_hard,,
MMStar,LLaVA-NeXT-8B_Biased_Test,441,vcf_only,vcf_only,A,B,0.0,0,1,0.0,0.3925091226124584,C,A,A,A,4,4,1,strongblur,strongblur,A,A,A,0,0,MCQ,grec_hard_composition_gate,GroundedResidualEnergyCompositionHard,true_mcq_grec_hard,,
MMStar,LLaVA-NeXT-8B_Biased_Test,456,vcf_only,vcf_only,B,B,1.0,0,1,0.0,0.3925091226124584,B,B,D,B,4,4,0,gray,gray,B,B,B,1,0,MCQ,grec_hard_composition_gate,GroundedResidualEnergyCompositionHard,true_mcq_grec_hard,,
MMStar,LLaVA-NeXT-8B_Biased_Test,461,both,both,B,B,1.0,1,1,0.01642135431647862,1.0,B,C,C,B,1,4,0,strongblur,gray,B,B,B,1,0,MCQ,grec_hard_composition_gate,GroundedResidualEnergyCompositionHard,true_mcq_grec_hard,,
MMStar,LLaVA-NeXT-8B_Biased_Test,462,vcf_only,vcf_only,B,B,1.0,0,1,0.0,0.7939388177938494,B,B,A,B,4,4,0,gray,gray,B,B,B,1,0,MCQ,grec_hard_composition_gate,GroundedResidualEnergyCompositionHard,true_mcq_grec_hard,,
MMStar,LLaVA-NeXT-8B_Biased_Test,464,vcf_only,vcf_only,C,C,1.0,0,1,0.0,0.7965615686677862,C,C,C,C,4,4,0,centermask,gray,C,C,C,1,0,MCQ,grec_hard_composition_gate,GroundedResidualEnergyCompositionHard,true_mcq_grec_hard,,
MMStar,LLaVA-NeXT-8B_Biased_Test,476,both,both,B,B,1.0,1,1,0.025576680028240206,0.3512976132902468,B,B,D,B,1,4,0,gray,gray,B,B,B,1,0,MCQ,grec_hard_composition_gate,GroundedResidualEnergyCompositionHard,true_mcq_grec_hard,,
MMStar,LLaVA-NeXT-8B_Biased_Test,484,vcf_only,vcf_only,B,B,1.0,0,1,0.0,0.5494607889063244,C,C,C,B,4,4,1,centermask,gray,B,B,B,0,0,MCQ,grec_hard_composition_gate,GroundedResidualEnergyCompositionHard,true_mcq_grec_hard,,
MMStar,LLaVA-NeXT-8B_Biased_Test,488,vcf_only,vcf_only,C,B,0.0,0,1,0.0,1.0,B,A,A,C,4,4,1,centermask,gray,C,C,C,0,0,MCQ,grec_hard_composition_gate,GroundedResidualEnergyCompositionHard,true_mcq_grec_hard,,
MMStar,LLaVA-NeXT-8B_Biased_Test,489,vcf_only,vcf_only,C,B,0.0,0,1,0.0,1.0,B,B,B,C,4,4,1,strongblur,gray,C,C,C,0,0,MCQ,grec_hard_composition_gate,GroundedResidualEnergyCompositionHard,true_mcq_grec_hard,,
MMStar,LLaVA-NeXT-8B_Biased_Test,493,vcf_only,vcf_only,C,A,0.0,0,1,0.0,0.21366282373418957,C,A,C,C,4,4,0,centermask,gray,C,C,C,1,0,MCQ,grec_hard_composition_gate,GroundedResidualEnergyCompositionHard,true_mcq_grec_hard,,
MMStar,LLaVA-NeXT-8B_Biased_Test,494,vcf_only,vcf_only,C,C,1.0,0,1,0.0,0.3925091226124584,C,C,C,C,4,4,0,gray,gray,C,C,C,1,0,MCQ,grec_hard_composition_gate,GroundedResidualEnergyCompositionHard,true_mcq_grec_hard,,
MMStar,LLaVA-NeXT-8B_Biased_Test,497,vcf_only,vcf_only,A,D,0.0,0,1,0.0,1.0,A,A,B,A,4,4,0,strongblur,strongblur,A,A,A,1,0,MCQ,grec_hard_composition_gate,GroundedResidualEnergyCompositionHard,true_mcq_grec_hard,,
MMStar,LLaVA-NeXT-8B_Biased_Test,504,vcf_only,vcf_only,B,A,0.0,0,1,0.0,0.6215591359298086,B,B,B,B,4,4,0,centermask,centermask,B,B,B,1,0,MCQ,grec_hard_composition_gate,GroundedResidualEnergyCompositionHard,true_mcq_grec_hard,,
MMStar,LLaVA-NeXT-8B_Biased_Test,507,tcf_only,tcf_only,A,C,0.0,1,0,0.0,0.0,A,C,A,C,2,4,1,gray,gray,A,A,A,0,0,MCQ,grec_hard_composition_gate,GroundedResidualEnergyCompositionHard,true_mcq_grec_hard,,
MMStar,LLaVA-NeXT-8B_Biased_Test,508,vcf_only,vcf_only,B,A,0.0,0,1,0.0,0.9823551579101092,A,B,B,B,3,3,1,centermask,centermask,B,B,B,0,0,MCQ,grec_hard_composition_gate,GroundedResidualEnergyCompositionHard,true_mcq_grec_hard,,
MMStar,LLaVA-NeXT-8B_Biased_Test,509,vcf_only,vcf_only,B,A,0.0,0,1,0.0,0.9186674920322028,B,B,B,B,3,3,0,gray,gray,B,B,B,1,0,MCQ,grec_hard_composition_gate,GroundedResidualEnergyCompositionHard,true_mcq_grec_hard,,
MMStar,LLaVA-NeXT-8B_Biased_Test,514,vcf_only,vcf_only,B,C,0.0,0,1,0.0,0.8699931128273563,B,D,D,B,4,4,0,strongblur,strongblur,B,B,B,1,0,MCQ,grec_hard_composition_gate,GroundedResidualEnergyCompositionHard,true_mcq_grec_hard,,
MMStar,LLaVA-NeXT-8B_Biased_Test,516,vcf_only,vcf_only,C,D,0.0,0,1,0.0,0.34630599865992556,B,C,C,C,4,4,1,centermask,centermask,C,C,C,0,0,MCQ,grec_hard_composition_gate,GroundedResidualEnergyCompositionHard,true_mcq_grec_hard,,
MMStar,LLaVA-NeXT-8B_Biased_Test,518,vcf_only,vcf_only,C,B,0.0,0,1,0.0,1.0,C,D,D,C,4,4,0,strongblur,gray,C,C,C,1,0,MCQ,grec_hard_composition_gate,GroundedResidualEnergyCompositionHard,true_mcq_grec_hard,,
MMStar,LLaVA-NeXT-8B_Biased_Test,522,both,both,D,B,0.0,1,1,0.0,0.3816893847131756,D,C,C,C,1,4,1,centermask,gray,D,D,D,0,1,MCQ,grec_hard_composition_gate,GroundedResidualEnergyCompositionHard,true_mcq_grec_hard,,
MMStar,LLaVA-NeXT-8B_Biased_Test,523,vcf_only,vcf_only,D,A,0.0,0,1,0.0,0.8735480532227144,D,D,D,D,4,4,0,strongblur,gray,D,D,D,1,0,MCQ,grec_hard_composition_gate,GroundedResidualEnergyCompositionHard,true_mcq_grec_hard,,
MMStar,LLaVA-NeXT-8B_Biased_Test,526,tcf_only,both,A,D,0.0,1,1,0.0,1.0,A,D,D,A,1,4,0,gray,gray,A,A,A,1,0,MCQ,grec_hard_composition_gate,GroundedResidualEnergyCompositionHard,true_mcq_grec_hard,,
MMStar,LLaVA-NeXT-8B_Biased_Test,528,vcf_only,vcf_only,C,B,0.0,0,1,0.0,0.5890230291046176,C,C,C,C,4,4,0,gray,gray,C,C,C,1,0,MCQ,grec_hard_composition_gate,GroundedResidualEnergyCompositionHard,true_mcq_grec_hard,,
MMStar,LLaVA-NeXT-8B_Biased_Test,529,vcf_only,vcf_only,A,A,1.0,0,1,0.0,1.0,A,A,A,A,4,4,0,centermask,centermask,A,A,A,1,0,MCQ,grec_hard_composition_gate,GroundedResidualEnergyCompositionHard,true_mcq_grec_hard,,
MMStar,LLaVA-NeXT-8B_Biased_Test,531,vcf_only,vcf_only,C,D,0.0,0,1,0.0,0.9436757822730897,C,C,C,C,4,4,0,centermask,centermask,C,C,C,1,0,MCQ,grec_hard_composition_gate,GroundedResidualEnergyCompositionHard,true_mcq_grec_hard,,
MMStar,LLaVA-NeXT-8B_Biased_Test,532,vcf_only,vcf_only,C,C,1.0,0,1,0.0,1.0,C,C,B,C,3,3,0,gray,gray,C,C,C,1,0,MCQ,grec_hard_composition_gate,GroundedResidualEnergyCompositionHard,true_mcq_grec_hard,,
MMStar,LLaVA-NeXT-8B_Biased_Test,534,tcf_only,tcf_only,A,B,0.0,1,0,1.0,0.0,A,C,C,A,1,4,0,centermask,gray,A,A,A,1,0,MCQ,grec_hard_composition_gate,GroundedResidualEnergyCompositionHard,true_mcq_grec_hard,,
MMStar,LLaVA-NeXT-8B_Biased_Test,539,vcf_only,vcf_only,D,B,0.0,0,1,0.0,0.8780798408526551,D,D,D,D,4,4,0,gray,gray,D,D,D,1,0,MCQ,grec_hard_composition_gate,GroundedResidualEnergyCompositionHard,true_mcq_grec_hard,,
MMStar,LLaVA-NeXT-8B_Biased_Test,542,tcf_only,tcf_only,B,B,1.0,1,0,0.0,0.0,B,B,B,B,1,4,0,centermask,centermask,B,B,B,1,0,MCQ,grec_hard_composition_gate,GroundedResidualEnergyCompositionHard,true_mcq_grec_hard,,
MMStar,LLaVA-NeXT-8B_Biased_Test,546,vcf_only,vcf_only,B,B,1.0,0,1,0.0,0.21207478554621742,D,A,A,B,4,4,1,gray,gray,B,B,B,0,0,MCQ,grec_hard_composition_gate,GroundedResidualEnergyCompositionHard,true_mcq_grec_hard,,
MMStar,LLaVA-NeXT-8B_Biased_Test,553,tcf_only,tcf_only,A,A,1.0,1,0,1.0,0.0,A,A,C,C,1,4,0,centermask,gray,A,A,A,0,0,MCQ,grec_hard_composition_gate,GroundedResidualEnergyCompositionHard,true_mcq_grec_hard,,
MMStar,LLaVA-NeXT-8B_Biased_Test,559,vcf_only,vcf_only,A,B,0.0,0,1,0.0,0.6877478020154407,C,C,C,A,4,4,1,centermask,gray,A,A,A,0,0,MCQ,grec_hard_composition_gate,GroundedResidualEnergyCompositionHard,true_mcq_grec_hard,,
MMStar,LLaVA-NeXT-8B_Biased_Test,568,tcf_only,tcf_only,A,B,0.0,1,0,0.0,0.0,A,A,A,A,2,3,1,gray,gray,A,A,A,1,0,MCQ,grec_hard_composition_gate,GroundedResidualEnergyCompositionHard,true_mcq_grec_hard,,
MMStar,LLaVA-NeXT-8B_Biased_Test,569,tcf_only,tcf_only,C,D,0.0,1,0,0.013695457270483491,0.0,C,D,C,D,1,4,1,gray,gray,C,C,C,0,0,MCQ,grec_hard_composition_gate,GroundedResidualEnergyCompositionHard,true_mcq_grec_hard,,
MMStar,LLaVA-NeXT-8B_Biased_Test,577,vcf_only,vcf_only,A,A,1.0,0,1,0.0,1.0,A,A,A,A,3,3,0,centermask,gray,A,A,A,1,0,MCQ,grec_hard_composition_gate,GroundedResidualEnergyCompositionHard,true_mcq_grec_hard,,
MMStar,LLaVA-NeXT-8B_Biased_Test,578,vcf_only,vcf_only,A,A,1.0,0,1,0.0,1.0,A,A,B,A,3,3,0,centermask,gray,A,A,A,1,0,MCQ,grec_hard_composition_gate,GroundedResidualEnergyCompositionHard,true_mcq_grec_hard,,
MMStar,LLaVA-NeXT-8B_Biased_Test,584,tcf_only,tcf_only,D,D,1.0,1,0,0.0413294065720855,0.0,D,D,D,D,1,4,0,strongblur,gray,D,D,D,1,0,MCQ,grec_hard_composition_gate,GroundedResidualEnergyCompositionHard,true_mcq_grec_hard,,
MMStar,LLaVA-NeXT-8B_Biased_Test,594,tcf_only,both,A,B,0.0,1,1,0.0,1.0,A,A,A,A,1,2,0,strongblur,gray,A,A,A,1,0,MCQ,grec_hard_composition_gate,GroundedResidualEnergyCompositionHard,true_mcq_grec_hard,,
MMStar,LLaVA-NeXT-8B_Biased_Test,598,vcf_only,vcf_only,C,A,0.0,0,1,0.0,1.0,A,A,C,C,4,4,1,centermask,gray,C,C,C,0,0,MCQ,grec_hard_composition_gate,GroundedResidualEnergyCompositionHard,true_mcq_grec_hard,,
MMStar,LLaVA-NeXT-8B_Biased_Test,599,vcf_only,vcf_only,B,B,1.0,0,1,0.0,0.9816532478895857,B,D,D,B,4,4,0,strongblur,strongblur,B,B,B,1,0,MCQ,grec_hard_composition_gate,GroundedResidualEnergyCompositionHard,true_mcq_grec_hard,,
MMStar,LLaVA-NeXT-8B_Biased_Test,604,tcf_only,both,B,A,0.0,1,1,1.0,0.3925091226124584,B,B,B,B,1,2,0,gray,gray,B,B,B,1,0,MCQ,grec_hard_composition_gate,GroundedResidualEnergyCompositionHard,true_mcq_grec_hard,,
MMStar,LLaVA-NeXT-8B_Biased_Test,606,both,both,B,B,1.0,1,1,0.029490350466359505,1.0,B,B,D,B,1,4,0,gray,gray,B,B,B,1,0,MCQ,grec_hard_composition_gate,GroundedResidualEnergyCompositionHard,true_mcq_grec_hard,,
MMStar,LLaVA-NeXT-8B_Biased_Test,607,tcf_only,tcf_only,A,D,0.0,1,0,0.15347415441874412,0.0,A,A,D,A,1,4,0,centermask,gray,A,A,A,1,0,MCQ,grec_hard_composition_gate,GroundedResidualEnergyCompositionHard,true_mcq_grec_hard,,
MMStar,LLaVA-NeXT-8B_Biased_Test,617,tcf_only,both,C,A,0.0,1,1,0.0,1.0,C,C,C,A,1,4,1,strongblur,gray,C,C,C,0,1,MCQ,grec_hard_composition_gate,GroundedResidualEnergyCompositionHard,true_mcq_grec_hard,,
MMStar,LLaVA-NeXT-8B_Biased_Test,619,both,both,A,B,0.0,1,1,0.027105043224588288,0.8140538672281143,A,C,C,C,1,3,0,gray,gray,A,A,A,0,1,MCQ,grec_hard_composition_gate,GroundedResidualEnergyCompositionHard,true_mcq_grec_hard,,
MMStar,LLaVA-NeXT-8B_Biased_Test,621,vcf_only,vcf_only,C,A,0.0,0,1,0.0,0.951250831555887,A,D,D,B,4,4,1,centermask,gray,C,C,C,0,0,MCQ,grec_hard_composition_gate,GroundedResidualEnergyCompositionHard,true_mcq_grec_hard,,
MMStar,LLaVA-NeXT-8B_Biased_Test,622,tcf_only,tcf_only,C,C,1.0,1,0,1.0,0.0,C,C,C,C,1,4,0,strongblur,gray,C,C,C,1,0,MCQ,grec_hard_composition_gate,GroundedResidualEnergyCompositionHard,true_mcq_grec_hard,,
MMStar,LLaVA-NeXT-8B_Biased_Test,623,vcf_only,vcf_only,B,A,0.0,0,1,0.0,0.26968674384668395,B,B,B,B,3,3,0,gray,gray,B,B,B,1,0,MCQ,grec_hard_composition_gate,GroundedResidualEnergyCompositionHard,true_mcq_grec_hard,,
MMStar,LLaVA-NeXT-8B_Biased_Test,627,vcf_only,vcf_only,A,A,1.0,0,1,0.0,0.599880656695223,C,C,C,A,3,3,1,centermask,centermask,A,A,A,0,0,MCQ,grec_hard_composition_gate,GroundedResidualEnergyCompositionHard,true_mcq_grec_hard,,
MMStar,LLaVA-NeXT-8B_Biased_Test,628,tcf_only,tcf_only,A,A,1.0,1,0,0.0,0.0,A,B,A,B,1,4,1,gray,gray,A,A,A,0,0,MCQ,grec_hard_composition_gate,GroundedResidualEnergyCompositionHard,true_mcq_grec_hard,,
MMStar,LLaVA-NeXT-8B_Biased_Test,632,both,both,B,A,0.0,1,1,0.009797346568522602,0.9516813757698391,B,A,B,A,2,3,1,centermask,gray,A,B,B,0,1,MCQ,grec_hard_composition_gate,GroundedResidualEnergyCompositionHard,true_mcq_grec_hard,,
MMStar,LLaVA-NeXT-8B_Biased_Test,636,both,both,A,C,0.0,1,1,1.0,1.0,A,A,A,A,1,4,0,centermask,gray,A,A,A,1,0,MCQ,grec_hard_composition_gate,GroundedResidualEnergyCompositionHard,true_mcq_grec_hard,,
MMStar,LLaVA-NeXT-8B_Biased_Test,638,both,both,C,C,1.0,1,1,1.0,1.0,C,C,C,A,1,4,0,strongblur,gray,C,C,C,0,1,MCQ,grec_hard_composition_gate,GroundedResidualEnergyCompositionHard,true_mcq_grec_hard,,
MMStar,LLaVA-NeXT-8B_Biased_Test,639,vcf_only,vcf_only,C,A,0.0,0,1,0.0,0.8349078390779504,C,C,B,C,4,4,0,centermask,gray,C,C,C,1,0,MCQ,grec_hard_composition_gate,GroundedResidualEnergyCompositionHard,true_mcq_grec_hard,,
MMStar,LLaVA-NeXT-8B_Biased_Test,652,vcf_only,vcf_only,B,D,0.0,0,1,0.0,0.9137766302646633,B,A,A,B,4,4,0,strongblur,strongblur,B,B,B,1,0,MCQ,grec_hard_composition_gate,GroundedResidualEnergyCompositionHard,true_mcq_grec_hard,,
MMStar,LLaVA-NeXT-8B_Biased_Test,654,tcf_only,tcf_only,C,C,1.0,1,0,0.0,0.0,C,B,C,B,1,3,1,gray,gray,C,C,C,0,0,MCQ,grec_hard_composition_gate,GroundedResidualEnergyCompositionHard,true_mcq_grec_hard,,
MMStar,LLaVA-NeXT-8B_Biased_Test,661,tcf_only,tcf_only,B,D,0.0,1,0,0.0,0.0,B,C,C,A,2,4,0,strongblur,gray,B,B,B,0,0,MCQ,grec_hard_composition_gate,GroundedResidualEnergyCompositionHard,true_mcq_grec_hard,,
MMStar,LLaVA-NeXT-8B_Biased_Test,663,vcf_only,both,A,B,0.0,1,1,0.0,1.0,A,B,C,C,2,3,1,centermask,gray,A,A,A,0,1,MCQ,grec_hard_composition_gate,GroundedResidualEnergyCompositionHard,true_mcq_grec_hard,,
MMStar,LLaVA-NeXT-8B_Biased_Test,668,vcf_only,vcf_only,C,C,1.0,0,1,0.0,0.29197087158160084,B,B,B,C,4,4,1,centermask,centermask,C,C,C,0,0,MCQ,grec_hard_composition_gate,GroundedResidualEnergyCompositionHard,true_mcq_grec_hard,,
MMStar,LLaVA-NeXT-8B_Biased_Test,673,tcf_only,tcf_only,C,A,0.0,1,0,0.0,0.0,C,C,C,C,2,3,0,centermask,gray,C,C,C,1,0,MCQ,grec_hard_composition_gate,GroundedResidualEnergyCompositionHard,true_mcq_grec_hard,,
MMStar,LLaVA-NeXT-8B_Biased_Test,676,vcf_only,vcf_only,C,A,0.0,0,1,0.0,0.37387135431874663,A,B,B,B,3,3,1,centermask,gray,C,C,C,0,0,MCQ,grec_hard_composition_gate,GroundedResidualEnergyCompositionHard,true_mcq_grec_hard,,
MMStar,LLaVA-NeXT-8B_Biased_Test,677,vcf_only,vcf_only,A,A,1.0,0,1,0.0,0.928687724050069,B,B,B,B,3,3,1,gray,gray,A,A,A,1,0,MCQ,grec_hard_composition_gate,GroundedResidualEnergyCompositionHard,true_mcq_grec_hard,,
MMStar,LLaVA-NeXT-8B_Biased_Test,681,vcf_only,neither,C,D,0.0,0,0,0.0,0.0,C,C,C,C,4,4,1,centermask,gray,C,C,C,1,0,MCQ,grec_hard_composition_gate,GroundedResidualEnergyCompositionHard,true_mcq_grec_hard,,
MMStar,LLaVA-NeXT-8B_Biased_Test,687,vcf_only,vcf_only,B,A,0.0,0,1,0.0,0.9654230394485096,A,C,A,B,4,4,1,gray,gray,B,B,B,0,0,MCQ,grec_hard_composition_gate,GroundedResidualEnergyCompositionHard,true_mcq_grec_hard,,
MMStar,LLaVA-NeXT-8B_Biased_Test,688,vcf_only,vcf_only,C,D,0.0,0,1,0.0,0.7268949230720914,C,C,C,C,4,4,0,gray,gray,C,C,C,1,0,MCQ,grec_hard_composition_gate,GroundedResidualEnergyCompositionHard,true_mcq_grec_hard,,
MMStar,LLaVA-NeXT-8B_Biased_Test,691,vcf_only,vcf_only,A,B,0.0,0,1,0.0,0.3925091226124584,A,A,A,A,2,2,0,gray,gray,A,A,A,1,0,MCQ,grec_hard_composition_gate,GroundedResidualEnergyCompositionHard,true_mcq_grec_hard,,
MMStar,LLaVA-NeXT-8B_Biased_Test,692,both,both,B,A,0.0,1,1,0.0,0.3854499555813673,B,A,A,A,1,4,1,centermask,gray,A,B,B,0,1,MCQ,grec_hard_composition_gate,GroundedResidualEnergyCompositionHard,true_mcq_grec_hard,,
MMStar,LLaVA-NeXT-8B_Biased_Test,736,vcf_only,vcf_only,B,C,0.0,0,1,0.0,1.0,C,B,B,B,3,3,1,gray,gray,B,B,B,0,0,MCQ,grec_hard_composition_gate,GroundedResidualEnergyCompositionHard,true_mcq_grec_hard,,
MMStar,LLaVA-NeXT-8B_Biased_Test,738,tcf_only,tcf_only,B,A,0.0,1,0,0.04137875805106139,0.0,B,B,B,A,2,4,1,strongblur,centermask,B,B,B,0,0,MCQ,grec_hard_composition_gate,GroundedResidualEnergyCompositionHard,true_mcq_grec_hard,,
MMStar,LLaVA-NeXT-8B_Biased_Test,742,vcf_only,vcf_only,C,C,1.0,0,1,0.0,0.8560483373298209,A,C,C,C,4,4,1,gray,gray,C,C,C,0,0,MCQ,grec_hard_composition_gate,GroundedResidualEnergyCompositionHard,true_mcq_grec_hard,,
MMStar,LLaVA-NeXT-8B_Biased_Test,751,both,both,A,C,0.0,1,1,0.07544397441633288,1.0,A,A,A,A,1,4,1,strongblur,gray,A,A,A,1,0,MCQ,grec_hard_composition_gate,GroundedResidualEnergyCompositionHard,true_mcq_grec_hard,,
MMStar,LLaVA-NeXT-8B_Biased_Test,752,vcf_only,vcf_only,C,D,0.0,0,1,0.0,0.2802159779748517,B,B,B,C,4,4,1,centermask,centermask,C,C,C,0,0,MCQ,grec_hard_composition_gate,GroundedResidualEnergyCompositionHard,true_mcq_grec_hard,,
MMStar,LLaVA-NeXT-8B_Biased_Test,757,vcf_only,vcf_only,D,B,0.0,0,1,0.0,0.5491197514601212,D,D,D,D,4,4,0,gray,gray,D,D,D,1,0,MCQ,grec_hard_composition_gate,GroundedResidualEnergyCompositionHard,true_mcq_grec_hard,,
MMStar,LLaVA-NeXT-8B_Biased_Test,759,tcf_only,tcf_only,D,C,0.0,1,0,0.02888115797110391,0.0,D,D,D,D,1,4,0,strongblur,gray,D,D,D,1,0,MCQ,grec_hard_composition_gate,GroundedResidualEnergyCompositionHard,true_mcq_grec_hard,,
MMStar,LLaVA-NeXT-8B_Biased_Test,761,both,both,D,D,1.0,1,1,0.07333421478790436,1.0,D,C,C,A,1,4,0,strongblur,gray,D,D,D,0,1,MCQ,grec_hard_composition_gate,GroundedResidualEnergyCompositionHard,true_mcq_grec_hard,,
MMStar,LLaVA-NeXT-8B_Biased_Test,762,vcf_only,vcf_only,C,B,0.0,0,1,0.0,0.9287672544733355,B,A,D,A,4,4,1,centermask,gray,C,C,C,0,0,MCQ,grec_hard_composition_gate,GroundedResidualEnergyCompositionHard,true_mcq_grec_hard,,
MMStar,LLaVA-NeXT-8B_Biased_Test,763,vcf_only,vcf_only,D,D,1.0,0,1,0.0,0.6152839142787587,A,A,A,D,4,4,1,strongblur,strongblur,D,D,D,0,0,MCQ,grec_hard_composition_gate,GroundedResidualEnergyCompositionHard,true_mcq_grec_hard,,
MMStar,LLaVA-NeXT-8B_Biased_Test,764,vcf_only,vcf_only,B,A,0.0,0,1,0.0,0.8663840488417792,B,B,B,B,4,4,0,centermask,centermask,B,B,B,1,0,MCQ,grec_hard_composition_gate,GroundedResidualEnergyCompositionHard,true_mcq_grec_hard,,
MMStar,LLaVA-NeXT-8B_Biased_Test,766,vcf_only,vcf_only,C,B,0.0,0,1,0.0,0.657282469112609,C,C,C,C,4,4,0,gray,gray,C,C,C,1,0,MCQ,grec_hard_composition_gate,GroundedResidualEnergyCompositionHard,true_mcq_grec_hard,,
MMStar,LLaVA-NeXT-8B_Biased_Test,769,tcf_only,tcf_only,A,D,0.0,1,0,0.0,0.0,A,C,A,A,1,4,0,centermask,gray,A,A,A,1,0,MCQ,grec_hard_composition_gate,GroundedResidualEnergyCompositionHard,true_mcq_grec_hard,,
MMStar,LLaVA-NeXT-8B_Biased_Test,773,tcf_only,tcf_only,C,D,0.0,1,0,0.0,0.0,C,C,C,A,1,4,0,strongblur,centermask,C,C,C,0,0,MCQ,grec_hard_composition_gate,GroundedResidualEnergyCompositionHard,true_mcq_grec_hard,,
MMStar,LLaVA-NeXT-8B_Biased_Test,774,tcf_only,tcf_only,A,B,0.0,1,0,0.0,0.0,A,A,A,C,1,4,1,centermask,centermask,A,A,A,0,0,MCQ,grec_hard_composition_gate,GroundedResidualEnergyCompositionHard,true_mcq_grec_hard,,
MMStar,LLaVA-NeXT-8B_Biased_Test,777,tcf_only,tcf_only,C,D,0.0,1,0,0.0008408014907241856,0.0,C,C,C,C,1,4,0,strongblur,strongblur,C,C,C,1,0,MCQ,grec_hard_composition_gate,GroundedResidualEnergyCompositionHard,true_mcq_grec_hard,,
MMStar,LLaVA-NeXT-8B_Biased_Test,778,both,both,B,A,0.0,1,1,1.0,0.9827622736024304,B,D,D,B,2,4,1,strongblur,centermask,B,B,B,1,0,MCQ,grec_hard_composition_gate,GroundedResidualEnergyCompositionHard,true_mcq_grec_hard,,
MMStar,LLaVA-NeXT-8B_Biased_Test,779,vcf_only,vcf_only,A,C,0.0,0,1,0.0,0.2423448629740114,A,A,A,A,4,4,0,gray,gray,A,A,A,1,0,MCQ,grec_hard_composition_gate,GroundedResidualEnergyCompositionHard,true_mcq_grec_hard,,
MMStar,LLaVA-NeXT-8B_Biased_Test,782,vcf_only,vcf_only,C,B,0.0,0,1,0.0,0.16647065786394585,D,D,D,D,4,4,1,gray,gray,C,C,C,1,0,MCQ,grec_hard_composition_gate,GroundedResidualEnergyCompositionHard,true_mcq_grec_hard,,
MMStar,LLaVA-NeXT-8B_Biased_Test,784,both,both,D,D,1.0,1,1,0.37092979777937085,0.6535309350457811,B,B,B,B,1,4,1,gray,gray,D,D,B,1,0,MCQ,grec_hard_composition_gate,GroundedResidualEnergyCompositionHard,true_mcq_grec_hard,,
MMStar,LLaVA-NeXT-8B_Biased_Test,786,tcf_only,tcf_only,C,A,0.0,1,0,0.0,0.0,A,B,B,D,3,4,0,strongblur,gray,C,C,C,0,0,MCQ,grec_hard_composition_gate,GroundedResidualEnergyCompositionHard,true_mcq_grec_hard,,
MMStar,LLaVA-NeXT-8B_Biased_Test,787,both,both,B,A,0.0,1,1,0.0,1.0,B,D,D,C,1,4,0,strongblur,centermask,B,B,B,0,1,MCQ,grec_hard_composition_gate,GroundedResidualEnergyCompositionHard,true_mcq_grec_hard,,
MMStar,LLaVA-NeXT-8B_Biased_Test,788,tcf_only,tcf_only,D,B,0.0,1,0,0.15501305652227693,0.0,D,B,D,D,1,4,0,centermask,gray,D,D,D,1,0,MCQ,grec_hard_composition_gate,GroundedResidualEnergyCompositionHard,true_mcq_grec_hard,,
MMStar,LLaVA-NeXT-8B_Biased_Test,791,both,both,D,D,1.0,1,1,0.13989070700260697,0.9237199727060887,D,D,A,D,1,4,0,gray,gray,D,D,D,1,0,MCQ,grec_hard_composition_gate,GroundedResidualEnergyCompositionHard,true_mcq_grec_hard,,
MMStar,LLaVA-NeXT-8B_Biased_Test,794,both,both,A,A,1.0,1,1,0.07798156783055221,1.0,A,A,A,C,1,4,1,strongblur,gray,B,A,A,0,1,MCQ,grec_hard_composition_gate,GroundedResidualEnergyCompositionHard,true_mcq_grec_hard,,
MMStar,LLaVA-NeXT-8B_Biased_Test,797,vcf_only,vcf_only,D,A,0.0,0,1,0.0,1.0,A,C,B,C,4,4,1,strongblur,gray,D,D,D,0,0,MCQ,grec_hard_composition_gate,GroundedResidualEnergyCompositionHard,true_mcq_grec_hard,,
MMStar,LLaVA-NeXT-8B_Biased_Test,799,vcf_only,vcf_only,B,D,0.0,0,1,0.0,0.2825459280397868,C,B,C,B,4,4,1,centermask,centermask,B,B,B,0,0,MCQ,grec_hard_composition_gate,GroundedResidualEnergyCompositionHard,true_mcq_grec_hard,,
MMStar,LLaVA-NeXT-8B_Biased_Test,801,tcf_only,tcf_only,B,D,0.0,1,0,0.09506454085925675,0.0,B,C,C,A,1,4,1,gray,gray,B,B,B,0,0,MCQ,grec_hard_composition_gate,GroundedResidualEnergyCompositionHard,true_mcq_grec_hard,,
MMStar,LLaVA-NeXT-8B_Biased_Test,803,vcf_only,vcf_only,A,A,1.0,0,1,0.0,0.9182416453261214,B,B,B,A,2,2,1,centermask,centermask,A,A,A,0,0,MCQ,grec_hard_composition_gate,GroundedResidualEnergyCompositionHard,true_mcq_grec_hard,,
MMStar,LLaVA-NeXT-8B_Biased_Test,804,tcf_only,tcf_only,D,A,0.0,1,0,0.040637953133691784,0.0,D,A,D,D,1,4,1,centermask,gray,D,D,D,1,0,MCQ,grec_hard_composition_gate,GroundedResidualEnergyCompositionHard,true_mcq_grec_hard,,
MMStar,LLaVA-NeXT-8B_Biased_Test,806,vcf_only,vcf_only,D,D,1.0,0,1,0.0,1.0,B,B,C,D,4,4,1,strongblur,centermask,D,D,D,0,0,MCQ,grec_hard_composition_gate,GroundedResidualEnergyCompositionHard,true_mcq_grec_hard,,
MMStar,LLaVA-NeXT-8B_Biased_Test,816,vcf_only,vcf_only,A,A,1.0,0,1,0.0,0.911523091683737,B,B,B,C,4,4,1,gray,gray,A,A,A,0,0,MCQ,grec_hard_composition_gate,GroundedResidualEnergyCompositionHard,true_mcq_grec_hard,,
MMStar,LLaVA-NeXT-8B_Biased_Test,817,tcf_only,tcf_only,A,B,0.0,1,0,0.2433758846216576,0.0,A,A,A,A,1,4,1,centermask,centermask,A,A,A,1,0,MCQ,grec_hard_composition_gate,GroundedResidualEnergyCompositionHard,true_mcq_grec_hard,,
MMStar,LLaVA-NeXT-8B_Biased_Test,819,tcf_only,tcf_only,D,D,1.0,1,0,1.0,0.0,D,D,D,B,2,4,1,centermask,gray,D,D,D,0,0,MCQ,grec_hard_composition_gate,GroundedResidualEnergyCompositionHard,true_mcq_grec_hard,,
MMStar,LLaVA-NeXT-8B_Biased_Test,822,vcf_only,vcf_only,A,C,0.0,0,1,0.0,0.7425372795597455,C,B,B,B,4,4,1,gray,gray,A,A,A,0,0,MCQ,grec_hard_composition_gate,GroundedResidualEnergyCompositionHard,true_mcq_grec_hard,,
MMStar,LLaVA-NeXT-8B_Biased_Test,828,tcf_only,tcf_only,B,C,0.0,1,0,0.009242035188032016,0.0,B,A,A,C,1,4,0,strongblur,gray,B,B,B,0,0,MCQ,grec_hard_composition_gate,GroundedResidualEnergyCompositionHard,true_mcq_grec_hard,,
MMStar,LLaVA-NeXT-8B_Biased_Test,837,vcf_only,vcf_only,C,C,1.0,0,1,0.0,0.3527240889708096,C,A,B,C,4,4,0,centermask,centermask,C,C,C,1,0,MCQ,grec_hard_composition_gate,GroundedResidualEnergyCompositionHard,true_mcq_grec_hard,,
MMStar,LLaVA-NeXT-8B_Biased_Test,838,both,both,C,D,0.0,1,1,0.0,0.9315360352132968,B,A,B,B,2,4,1,gray,gray,C,C,B,1,0,MCQ,grec_hard_composition_gate,GroundedResidualEnergyCompositionHard,true_mcq_grec_hard,,
MMStar,LLaVA-NeXT-8B_Biased_Test,842,tcf_only,tcf_only,D,D,1.0,1,0,0.0,0.0,D,D,A,D,1,4,0,gray,gray,D,D,D,1,0,MCQ,grec_hard_composition_gate,GroundedResidualEnergyCompositionHard,true_mcq_grec_hard,,
MMStar,LLaVA-NeXT-8B_Biased_Test,848,both,both,B,D,0.0,1,1,0.12272584107676288,0.8470747692173305,B,A,A,B,1,4,0,gray,gray,B,B,B,1,0,MCQ,grec_hard_composition_gate,GroundedResidualEnergyCompositionHard,true_mcq_grec_hard,,
MMStar,LLaVA-NeXT-8B_Biased_Test,849,tcf_only,tcf_only,A,A,1.0,1,0,1.0,0.0,A,B,A,B,1,2,1,centermask,gray,A,A,A,0,0,MCQ,grec_hard_composition_gate,GroundedResidualEnergyCompositionHard,true_mcq_grec_hard,,
MMStar,LLaVA-NeXT-8B_Biased_Test,851,tcf_only,both,A,A,1.0,1,1,0.07712475350979764,0.8339635318542558,A,A,A,A,1,2,1,centermask,gray,A,A,A,1,0,MCQ,grec_hard_composition_gate,GroundedResidualEnergyCompositionHard,true_mcq_grec_hard,,
MMStar,LLaVA-NeXT-8B_Biased_Test,859,vcf_only,vcf_only,B,D,0.0,0,1,0.0,0.12880587220489562,C,C,C,D,4,4,1,centermask,gray,B,B,B,0,0,MCQ,grec_hard_composition_gate,GroundedResidualEnergyCompositionHard,true_mcq_grec_hard,,
MMStar,LLaVA-NeXT-8B_Biased_Test,867,both,both,A,B,0.0,1,1,0.05482666320958529,0.9184994435174608,A,A,A,A,1,4,0,centermask,centermask,A,A,A,1,0,MCQ,grec_hard_composition_gate,GroundedResidualEnergyCompositionHard,true_mcq_grec_hard,,
MMStar,LLaVA-NeXT-8B_Biased_Test,869,vcf_only,vcf_only,D,B,0.0,0,1,0.0,0.7650938603416697,C,A,A,D,4,4,1,centermask,centermask,D,D,D,0,0,MCQ,grec_hard_composition_gate,GroundedResidualEnergyCompositionHard,true_mcq_grec_hard,,
MMStar,LLaVA-NeXT-8B_Biased_Test,871,vcf_only,vcf_only,A,A,1.0,0,1,0.0,0.7776462049344595,B,B,B,A,2,2,1,gray,gray,A,A,A,0,0,MCQ,grec_hard_composition_gate,GroundedResidualEnergyCompositionHard,true_mcq_grec_hard,,
MMStar,LLaVA-NeXT-8B_Biased_Test,874,tcf_only,tcf_only,A,B,0.0,1,0,0.0,0.0,D,A,A,A,2,4,1,centermask,centermask,A,A,A,0,0,MCQ,grec_hard_composition_gate,GroundedResidualEnergyCompositionHard,true_mcq_grec_hard,,
MMStar,LLaVA-NeXT-8B_Biased_Test,877,tcf_only,both,C,C,1.0,1,1,0.010441260918037099,0.4303011357457931,C,C,C,C,1,4,0,gray,gray,C,C,C,1,0,MCQ,grec_hard_composition_gate,GroundedResidualEnergyCompositionHard,true_mcq_grec_hard,,
MMStar,LLaVA-NeXT-8B_Biased_Test,878,tcf_only,tcf_only,A,A,1.0,1,0,0.04166936771140106,0.0,A,B,B,B,1,2,1,centermask,centermask,A,A,A,0,0,MCQ,grec_hard_composition_gate,GroundedResidualEnergyCompositionHard,true_mcq_grec_hard,,
MMStar,LLaVA-NeXT-8B_Biased_Test,881,tcf_only,both,A,A,1.0,1,1,0.0,0.2459484279562549,A,A,A,A,1,4,1,centermask,centermask,A,A,A,1,0,MCQ,grec_hard_composition_gate,GroundedResidualEnergyCompositionHard,true_mcq_grec_hard,,
MMStar,LLaVA-NeXT-8B_Biased_Test,883,tcf_only,both,C,A,0.0,1,1,0.0,1.0,C,C,C,A,1,4,1,strongblur,gray,C,C,C,0,1,MCQ,grec_hard_composition_gate,GroundedResidualEnergyCompositionHard,true_mcq_grec_hard,,
MMStar,LLaVA-NeXT-8B_Biased_Test,887,vcf_only,vcf_only,C,D,0.0,0,1,0.0,1.0,D,D,D,C,4,4,1,strongblur,gray,C,C,C,0,0,MCQ,grec_hard_composition_gate,GroundedResidualEnergyCompositionHard,true_mcq_grec_hard,,
MMStar,LLaVA-NeXT-8B_Biased_Test,896,tcf_only,tcf_only,C,A,0.0,1,0,0.0,0.0,C,A,A,C,1,4,0,strongblur,gray,C,C,C,1,0,MCQ,grec_hard_composition_gate,GroundedResidualEnergyCompositionHard,true_mcq_grec_hard,,
MMStar,LLaVA-NeXT-8B_Biased_Test,899,tcf_only,both,B,A,0.0,1,1,0.03055233481114028,1.0,B,B,B,B,1,4,0,strongblur,centermask,B,B,B,1,0,MCQ,grec_hard_composition_gate,GroundedResidualEnergyCompositionHard,true_mcq_grec_hard,,
MMStar,LLaVA-NeXT-8B_Biased_Test,901,vcf_only,vcf_only,A,A,1.0,0,1,0.0,0.9455673027762742,A,B,B,B,2,2,0,centermask,centermask,A,A,A,0,0,MCQ,grec_hard_composition_gate,GroundedResidualEnergyCompositionHard,true_mcq_grec_hard,,
MMStar,LLaVA-NeXT-8B_Biased_Test,902,tcf_only,tcf_only,C,C,1.0,1,0,0.11547418089504058,0.0,C,C,C,C,1,4,0,strongblur,strongblur,C,C,C,1,0,MCQ,grec_hard_composition_gate,GroundedResidualEnergyCompositionHard,true_mcq_grec_hard,,
MMStar,LLaVA-NeXT-8B_Biased_Test,907,vcf_only,vcf_only,C,C,1.0,0,1,0.0,1.0,C,C,C,C,4,4,0,strongblur,gray,C,C,C,1,0,MCQ,grec_hard_composition_gate,GroundedResidualEnergyCompositionHard,true_mcq_grec_hard,,
MMStar,LLaVA-NeXT-8B_Biased_Test,909,vcf_only,vcf_only,B,A,0.0,0,1,0.0,0.923046976033017,B,B,B,B,2,2,0,centermask,centermask,B,B,B,1,0,MCQ,grec_hard_composition_gate,GroundedResidualEnergyCompositionHard,true_mcq_grec_hard,,
MMStar,LLaVA-NeXT-8B_Biased_Test,916,vcf_only,vcf_only,D,A,0.0,0,1,0.0,0.7457124288853025,C,B,B,B,4,4,1,centermask,gray,D,D,D,0,0,MCQ,grec_hard_composition_gate,GroundedResidualEnergyCompositionHard,true_mcq_grec_hard,,
MMStar,LLaVA-NeXT-8B_Biased_Test,917,tcf_only,tcf_only,A,B,0.0,1,0,0.0,0.0,A,A,A,B,1,4,0,strongblur,gray,A,A,A,0,0,MCQ,grec_hard_composition_gate,GroundedResidualEnergyCompositionHard,true_mcq_grec_hard,,
MMStar,LLaVA-NeXT-8B_Biased_Test,918,tcf_only,tcf_only,C,C,1.0,1,0,0.07908534173170079,0.0,C,C,C,C,1,4,0,strongblur,centermask,C,C,C,1,0,MCQ,grec_hard_composition_gate,GroundedResidualEnergyCompositionHard,true_mcq_grec_hard,,
MMStar,LLaVA-NeXT-8B_Biased_Test,923,both,both,A,A,1.0,1,1,0.0,1.0,A,A,A,A,1,2,0,strongblur,gray,A,A,A,1,0,MCQ,grec_hard_composition_gate,GroundedResidualEnergyCompositionHard,true_mcq_grec_hard,,
MMStar,LLaVA-NeXT-8B_Biased_Test,926,tcf_only,tcf_only,B,C,0.0,1,0,1.0,0.0,B,B,A,A,1,4,1,centermask,gray,B,B,B,0,0,MCQ,grec_hard_composition_gate,GroundedResidualEnergyCompositionHard,true_mcq_grec_hard,,
MMStar,LLaVA-NeXT-8B_Biased_Test,928,vcf_only,vcf_only,A,C,0.0,0,1,0.0,1.0,B,B,B,A,4,4,1,strongblur,gray,A,A,A,0,0,MCQ,grec_hard_composition_gate,GroundedResidualEnergyCompositionHard,true_mcq_grec_hard,,
MMStar,LLaVA-NeXT-8B_Biased_Test,931,both,both,A,A,1.0,1,1,0.0,1.0,A,A,A,A,1,2,0,strongblur,centermask,A,A,A,1,0,MCQ,grec_hard_composition_gate,GroundedResidualEnergyCompositionHard,true_mcq_grec_hard,,
MMStar,LLaVA-NeXT-8B_Biased_Test,932,vcf_only,vcf_only,A,D,0.0,0,1,0.0,0.6793449172757949,C,C,C,A,4,4,1,gray,gray,A,A,A,0,0,MCQ,grec_hard_composition_gate,GroundedResidualEnergyCompositionHard,true_mcq_grec_hard,,
MMStar,LLaVA-NeXT-8B_Biased_Test,937,vcf_only,vcf_only,C,A,0.0,0,1,0.0,1.0,B,A,D,D,4,4,1,strongblur,centermask,C,C,C,0,0,MCQ,grec_hard_composition_gate,GroundedResidualEnergyCompositionHard,true_mcq_grec_hard,,
MMStar,LLaVA-NeXT-8B_Biased_Test,938,vcf_only,vcf_only,B,C,0.0,0,1,0.0,1.0,B,B,A,B,4,4,0,centermask,centermask,B,B,B,1,0,MCQ,grec_hard_composition_gate,GroundedResidualEnergyCompositionHard,true_mcq_grec_hard,,
MMStar,LLaVA-NeXT-8B_Biased_Test,941,tcf_only,both,C,D,0.0,1,1,1.0,1.0,C,B,D,C,2,4,0,strongblur,strongblur,C,C,C,1,0,MCQ,grec_hard_composition_gate,GroundedResidualEnergyCompositionHard,true_mcq_grec_hard,,
MMStar,LLaVA-NeXT-8B_Biased_Test,942,vcf_only,vcf_only,A,B,0.0,0,1,0.0,0.3729634067777767,A,D,D,D,4,4,0,gray,gray,A,A,A,0,0,MCQ,grec_hard_composition_gate,GroundedResidualEnergyCompositionHard,true_mcq_grec_hard,,
MMStar,LLaVA-NeXT-8B_Biased_Test,943,both,both,A,A,1.0,1,1,0.014468346869177307,1.0,A,A,C,A,1,3,0,strongblur,centermask,A,A,A,1,0,MCQ,grec_hard_composition_gate,GroundedResidualEnergyCompositionHard,true_mcq_grec_hard,,
MMStar,LLaVA-NeXT-8B_Biased_Test,944,both,both,A,A,1.0,1,1,0.0006330327844845662,0.2941598606440022,A,C,C,B,2,3,0,gray,gray,A,A,A,0,1,MCQ,grec_hard_composition_gate,GroundedResidualEnergyCompositionHard,true_mcq_grec_hard,,
MMStar,LLaVA-NeXT-8B_Biased_Test,953,both,both,C,B,0.0,1,1,0.04854848428702807,0.2354719839812847,C,C,C,D,1,4,0,gray,gray,C,C,C,0,1,MCQ,grec_hard_composition_gate,GroundedResidualEnergyCompositionHard,true_mcq_grec_hard,,
MMStar,LLaVA-NeXT-8B_Biased_Test,954,tcf_only,tcf_only,B,C,0.0,1,0,0.021710635912663978,0.0,B,D,D,A,2,4,1,gray,gray,B,B,B,0,0,MCQ,grec_hard_composition_gate,GroundedResidualEnergyCompositionHard,true_mcq_grec_hard,,
MMStar,LLaVA-NeXT-8B_Biased_Test,956,tcf_only,tcf_only,B,D,0.0,1,0,1.0,0.0,B,D,D,A,1,4,1,strongblur,gray,B,B,B,0,0,MCQ,grec_hard_composition_gate,GroundedResidualEnergyCompositionHard,true_mcq_grec_hard,,
MMStar,LLaVA-NeXT-8B_Biased_Test,957,vcf_only,vcf_only,C,A,0.0,0,1,0.0,0.5733573574744442,B,B,B,C,4,4,1,gray,gray,C,C,C,0,0,MCQ,grec_hard_composition_gate,GroundedResidualEnergyCompositionHard,true_mcq_grec_hard,,
MMStar,LLaVA-NeXT-8B_Biased_Test,958,vcf_only,vcf_only,B,B,1.0,0,1,0.0,1.0,B,C,C,B,4,4,0,gray,gray,B,B,B,1,0,MCQ,grec_hard_composition_gate,GroundedResidualEnergyCompositionHard,true_mcq_grec_hard,,
MMStar,LLaVA-NeXT-8B_Biased_Test,959,tcf_only,both,B,A,0.0,1,1,0.1677611116612714,0.25117181287653634,B,A,A,B,2,4,0,strongblur,strongblur,B,B,B,1,0,MCQ,grec_hard_composition_gate,GroundedResidualEnergyCompositionHard,true_mcq_grec_hard,,
MMStar,LLaVA-NeXT-8B_Biased_Test,963,both,both,B,B,1.0,1,1,0.09855986504699876,0.9963345829280982,B,A,C,A,1,3,1,gray,gray,B,B,B,0,1,MCQ,grec_hard_composition_gate,GroundedResidualEnergyCompositionHard,true_mcq_grec_hard,,
MMStar,LLaVA-NeXT-8B_Biased_Test,964,vcf_only,vcf_only,D,B,0.0,0,1,0.0,0.3196212963703008,C,C,C,C,4,4,1,gray,gray,D,D,D,1,0,MCQ,grec_hard_composition_gate,GroundedResidualEnergyCompositionHard,true_mcq_grec_hard,,
MMStar,LLaVA-NeXT-8B_Biased_Test,968,tcf_only,tcf_only,B,A,0.0,1,0,1.0,0.0,B,B,C,B,2,4,0,gray,gray,B,B,B,1,0,MCQ,grec_hard_composition_gate,GroundedResidualEnergyCompositionHard,true_mcq_grec_hard,,
MMStar,LLaVA-NeXT-8B_Biased_Test,969,vcf_only,vcf_only,B,B,1.0,0,1,0.0,0.5174476584548001,A,A,A,B,4,4,1,gray,gray,B,B,B,0,0,MCQ,grec_hard_composition_gate,GroundedResidualEnergyCompositionHard,true_mcq_grec_hard,,
MMStar,LLaVA-NeXT-8B_Biased_Test,971,both,both,B,B,1.0,1,1,0.0,1.0,B,C,C,C,1,4,1,centermask,gray,C,B,B,0,1,MCQ,grec_hard_composition_gate,GroundedResidualEnergyCompositionHard,true_mcq_grec_hard,,
MMStar,LLaVA-NeXT-8B_Biased_Test,972,both,both,D,D,1.0,1,1,0.07867953043373843,0.8685282175709571,D,A,A,A,1,4,1,gray,gray,D,D,D,0,1,MCQ,grec_hard_composition_gate,GroundedResidualEnergyCompositionHard,true_mcq_grec_hard,,
MMStar,LLaVA-NeXT-8B_Biased_Test,973,both,both,A,D,0.0,1,1,0.0779306138213598,0.2828762087107001,A,C,C,A,1,4,0,centermask,centermask,A,A,A,1,0,MCQ,grec_hard_composition_gate,GroundedResidualEnergyCompositionHard,true_mcq_grec_hard,,
MMStar,LLaVA-NeXT-8B_Biased_Test,976,both,both,A,C,0.0,1,1,0.09328327885122789,0.9471571540696,A,D,D,D,1,4,1,gray,gray,A,A,A,0,1,MCQ,grec_hard_composition_gate,GroundedResidualEnergyCompositionHard,true_mcq_grec_hard,,
MMStar,LLaVA-NeXT-8B_Biased_Test,977,both,both,A,B,0.0,1,1,0.06568679184388326,0.8854308654811428,A,C,C,C,1,4,1,gray,gray,A,A,A,0,1,MCQ,grec_hard_composition_gate,GroundedResidualEnergyCompositionHard,true_mcq_grec_hard,,
MMStar,LLaVA-NeXT-8B_Biased_Test,979,both,both,B,B,1.0,1,1,0.0,1.0,B,A,D,D,1,4,1,strongblur,centermask,B,B,B,0,1,MCQ,grec_hard_composition_gate,GroundedResidualEnergyCompositionHard,true_mcq_grec_hard,,
MMStar,LLaVA-NeXT-8B_Biased_Test,981,vcf_only,vcf_only,C,D,0.0,0,1,0.0,1.0,B,A,A,D,4,4,1,gray,gray,C,C,C,0,0,MCQ,grec_hard_composition_gate,GroundedResidualEnergyCompositionHard,true_mcq_grec_hard,,
MMStar,LLaVA-NeXT-8B_Biased_Test,982,tcf_only,tcf_only,D,B,0.0,1,0,0.03365745075688187,0.0,D,C,C,C,2,4,1,centermask,centermask,D,D,D,0,0,MCQ,grec_hard_composition_gate,GroundedResidualEnergyCompositionHard,true_mcq_grec_hard,,
MMStar,LLaVA-NeXT-8B_Biased_Test,984,vcf_only,vcf_only,D,C,0.0,0,1,0.0,0.7225988938289842,D,D,D,D,4,4,0,gray,gray,D,D,D,1,0,MCQ,grec_hard_composition_gate,GroundedResidualEnergyCompositionHard,true_mcq_grec_hard,,
MMStar,LLaVA-NeXT-8B_Biased_Test,989,tcf_only,tcf_only,A,A,1.0,1,0,0.02103493275270929,0.0,A,A,A,A,1,4,0,gray,gray,A,A,A,1,0,MCQ,grec_hard_composition_gate,GroundedResidualEnergyCompositionHard,true_mcq_grec_hard,,
MMStar,LLaVA-NeXT-8B_Biased_Test,994,tcf_only,tcf_only,C,C,1.0,1,0,0.0,0.0,C,D,D,C,2,4,0,strongblur,gray,C,C,C,1,0,MCQ,grec_hard_composition_gate,GroundedResidualEnergyCompositionHard,true_mcq_grec_hard,,
MMStar,LLaVA-NeXT-8B_Biased_Test,996,vcf_only,vcf_only,C,A,0.0,0,1,0.0,0.7825939979757588,B,C,C,C,4,4,1,centermask,centermask,C,C,C,0,0,MCQ,grec_hard_composition_gate,GroundedResidualEnergyCompositionHard,true_mcq_grec_hard,,
MMStar,LLaVA-NeXT-8B_Biased_Test,998,vcf_only,vcf_only,B,B,1.0,0,1,0.0,0.8515988937071414,C,C,C,A,4,4,1,centermask,gray,B,B,B,0,0,MCQ,grec_hard_composition_gate,GroundedResidualEnergyCompositionHard,true_mcq_grec_hard,,
MMStar,LLaVA-NeXT-8B_Biased_Test,1002,vcf_only,vcf_only,D,A,0.0,0,1,0.0,0.9717377977483264,D,B,B,A,4,4,0,strongblur,gray,D,D,D,0,0,MCQ,grec_hard_composition_gate,GroundedResidualEnergyCompositionHard,true_mcq_grec_hard,,
MMStar,LLaVA-NeXT-8B_Biased_Test,1003,both,both,D,A,0.0,1,1,0.03292356129307583,0.3925091226124584,D,C,C,A,2,4,0,centermask,centermask,D,D,D,0,1,MCQ,grec_hard_composition_gate,GroundedResidualEnergyCompositionHard,true_mcq_grec_hard,,
MMStar,LLaVA-NeXT-8B_Biased_Test,1004,both,both,D,C,0.0,1,1,0.0,0.9401185192836028,D,D,D,D,3,4,0,gray,gray,D,D,D,1,0,MCQ,grec_hard_composition_gate,GroundedResidualEnergyCompositionHard,true_mcq_grec_hard,,
MMStar,LLaVA-NeXT-8B_Biased_Test,1006,vcf_only,vcf_only,A,D,0.0,0,1,0.0,1.0,D,B,B,A,4,4,1,centermask,centermask,A,A,A,0,0,MCQ,grec_hard_composition_gate,GroundedResidualEnergyCompositionHard,true_mcq_grec_hard,,
MMStar,LLaVA-NeXT-8B_Biased_Test,1007,both,both,A,B,0.0,1,1,0.05871619652479443,1.0,A,C,C,C,1,4,1,strongblur,gray,A,A,A,0,1,MCQ,grec_hard_composition_gate,GroundedResidualEnergyCompositionHard,true_mcq_grec_hard,,
MMStar,LLaVA-NeXT-8B_Biased_Test,1008,tcf_only,both,B,A,0.0,1,1,0.0,0.9785549769704066,A,A,A,A,2,2,1,strongblur,strongblur,B,B,A,1,0,MCQ,grec_hard_composition_gate,GroundedResidualEnergyCompositionHard,true_mcq_grec_hard,,
MMStar,LLaVA-NeXT-8B_Biased_Test,1011,vcf_only,vcf_only,D,B,0.0,0,1,0.0,1.0,C,C,C,C,4,4,1,strongblur,gray,D,D,D,1,0,MCQ,grec_hard_composition_gate,GroundedResidualEnergyCompositionHard,true_mcq_grec_hard,,
MMStar,LLaVA-NeXT-8B_Biased_Test,1012,both,both,A,A,1.0,1,1,0.03811501341036405,1.0,A,D,C,D,2,4,1,strongblur,strongblur,D,A,A,0,1,MCQ,grec_hard_composition_gate,GroundedResidualEnergyCompositionHard,true_mcq_grec_hard,,
MMStar,LLaVA-NeXT-8B_Biased_Test,1013,vcf_only,vcf_only,D,C,0.0,0,1,0.0,0.738696207109567,C,B,B,C,4,4,1,centermask,centermask,D,D,D,1,0,MCQ,grec_hard_composition_gate,GroundedResidualEnergyCompositionHard,true_mcq_grec_hard,,
MMStar,LLaVA-NeXT-8B_Biased_Test,1016,both,both,D,B,0.0,1,1,0.0956184638846973,0.8523765503080747,D,C,C,C,2,4,0,gray,gray,D,D,D,0,1,MCQ,grec_hard_composition_gate,GroundedResidualEnergyCompositionHard,true_mcq_grec_hard,,
MMStar,LLaVA-NeXT-8B_Biased_Test,1017,tcf_only,tcf_only,A,C,0.0,1,0,0.0,0.0,A,A,A,D,1,4,1,centermask,gray,A,A,A,0,0,MCQ,grec_hard_composition_gate,GroundedResidualEnergyCompositionHard,true_mcq_grec_hard,,
MMStar,LLaVA-NeXT-8B_Biased_Test,1018,vcf_only,vcf_only,D,C,0.0,0,1,0.0,1.0,A,B,B,A,4,4,1,centermask,centermask,D,D,D,1,0,MCQ,grec_hard_composition_gate,GroundedResidualEnergyCompositionHard,true_mcq_grec_hard,,
MMStar,LLaVA-NeXT-8B_Biased_Test,1019,vcf_only,vcf_only,A,C,0.0,0,1,0.0,1.0,A,A,A,A,4,4,0,strongblur,gray,A,A,A,1,0,MCQ,grec_hard_composition_gate,GroundedResidualEnergyCompositionHard,true_mcq_grec_hard,,
MMStar,LLaVA-NeXT-8B_Biased_Test,1021,tcf_only,both,B,C,0.0,1,1,0.056498137180178265,0.7099710781449502,B,C,B,D,1,4,1,centermask,centermask,B,B,B,0,1,MCQ,grec_hard_composition_gate,GroundedResidualEnergyCompositionHard,true_mcq_grec_hard,,
MMStar,LLaVA-NeXT-8B_Biased_Test,1022,vcf_only,vcf_only,D,D,1.0,0,1,0.0,0.9757684443384577,C,A,D,D,4,4,1,centermask,centermask,D,D,D,0,0,MCQ,grec_hard_composition_gate,GroundedResidualEnergyCompositionHard,true_mcq_grec_hard,,
MMStar,LLaVA-NeXT-8B_Biased_Test,1023,tcf_only,tcf_only,C,D,0.0,1,0,1.0,0.0,C,A,A,D,1,4,1,strongblur,gray,C,C,C,0,0,MCQ,grec_hard_composition_gate,GroundedResidualEnergyCompositionHard,true_mcq_grec_hard,,
MMStar,LLaVA-NeXT-8B_Biased_Test,1024,both,both,B,C,0.0,1,1,0.0,0.3658579986521853,B,B,B,B,1,4,1,gray,gray,B,B,B,1,0,MCQ,grec_hard_composition_gate,GroundedResidualEnergyCompositionHard,true_mcq_grec_hard,,
MMStar,LLaVA-NeXT-8B_Biased_Test,1026,vcf_only,vcf_only,C,D,0.0,0,1,0.0,0.6255742792101204,C,C,C,C,4,4,0,gray,gray,C,C,C,1,0,MCQ,grec_hard_composition_gate,GroundedResidualEnergyCompositionHard,true_mcq_grec_hard,,
MMStar,LLaVA-NeXT-8B_Biased_Test,1027,tcf_only,both,C,D,0.0,1,1,0.05178586122449369,1.0,C,C,C,C,1,4,0,strongblur,gray,C,C,C,1,0,MCQ,grec_hard_composition_gate,GroundedResidualEnergyCompositionHard,true_mcq_grec_hard,,
MMStar,LLaVA-NeXT-8B_Biased_Test,1028,vcf_only,vcf_only,A,B,0.0,0,1,0.0,1.0,A,C,C,A,4,4,0,centermask,gray,A,A,A,1,0,MCQ,grec_hard_composition_gate,GroundedResidualEnergyCompositionHard,true_mcq_grec_hard,,
MMStar,LLaVA-NeXT-8B_Biased_Test,1029,both,both,A,D,0.0,1,1,0.0,0.9535699520551247,A,B,B,B,4,4,0,gray,gray,A,A,A,0,1,MCQ,grec_hard_composition_gate,GroundedResidualEnergyCompositionHard,true_mcq_grec_hard,,
MMStar,LLaVA-NeXT-8B_Biased_Test,1031,vcf_only,vcf_only,A,C,0.0,0,1,0.0,0.23672204624072013,D,D,D,D,4,4,1,gray,gray,A,A,A,1,0,MCQ,grec_hard_composition_gate,GroundedResidualEnergyCompositionHard,true_mcq_grec_hard,,
MMStar,LLaVA-NeXT-8B_Biased_Test,1032,tcf_only,tcf_only,A,B,0.0,1,0,0.0,0.0,A,A,A,A,1,4,1,gray,gray,A,A,A,1,0,MCQ,grec_hard_composition_gate,GroundedResidualEnergyCompositionHard,true_mcq_grec_hard,,
MMStar,LLaVA-NeXT-8B_Biased_Test,1033,vcf_only,vcf_only,D,D,1.0,0,1,0.0,1.0,D,D,B,A,4,4,0,strongblur,centermask,D,D,D,0,0,MCQ,grec_hard_composition_gate,GroundedResidualEnergyCompositionHard,true_mcq_grec_hard,,
MMStar,LLaVA-NeXT-8B_Biased_Test,1036,both,both,C,C,1.0,1,1,1.0,0.9742853133436894,C,A,A,B,1,4,1,centermask,gray,C,C,C,0,1,MCQ,grec_hard_composition_gate,GroundedResidualEnergyCompositionHard,true_mcq_grec_hard,,
MMStar,LLaVA-NeXT-8B_Biased_Test,1037,tcf_only,tcf_only,C,D,0.0,1,0,0.04970195670457178,0.0,C,C,A,C,1,4,0,centermask,gray,C,C,C,1,0,MCQ,grec_hard_composition_gate,GroundedResidualEnergyCompositionHard,true_mcq_grec_hard,,
MMStar,LLaVA-NeXT-8B_Biased_Test,1039,tcf_only,both,D,D,1.0,1,1,0.0,0.3925091226124584,D,D,D,D,1,4,0,strongblur,centermask,D,D,D,1,0,MCQ,grec_hard_composition_gate,GroundedResidualEnergyCompositionHard,true_mcq_grec_hard,,
MMStar,LLaVA-NeXT-8B_Biased_Test,1041,both,both,A,C,0.0,1,1,0.08169008696331659,1.0,A,D,D,D,3,4,1,strongblur,gray,C,A,A,0,1,MCQ,grec_hard_composition_gate,GroundedResidualEnergyCompositionHard,true_mcq_grec_hard,,
MMStar,LLaVA-NeXT-8B_Biased_Test,1042,vcf_only,vcf_only,B,C,0.0,0,1,0.0,0.23958805527959018,D,D,D,D,4,4,1,gray,gray,B,B,B,1,0,MCQ,grec_hard_composition_gate,GroundedResidualEnergyCompositionHard,true_mcq_grec_hard,,
MMStar,LLaVA-NeXT-8B_Biased_Test,1043,vcf_only,vcf_only,D,A,0.0,0,1,0.0,0.7658771007921663,D,B,B,B,4,4,0,gray,gray,D,D,D,0,0,MCQ,grec_hard_composition_gate,GroundedResidualEnergyCompositionHard,true_mcq_grec_hard,,
MMStar,LLaVA-NeXT-8B_Biased_Test,1044,vcf_only,vcf_only,A,A,1.0,0,1,0.0,0.9385654131804011,C,B,B,B,4,4,1,gray,gray,A,A,A,0,0,MCQ,grec_hard_composition_gate,GroundedResidualEnergyCompositionHard,true_mcq_grec_hard,,
MMStar,LLaVA-NeXT-8B_Biased_Test,1049,both,both,A,D,0.0,1,1,1.0,0.9944468866003056,A,B,A,C,2,4,1,centermask,gray,A,A,A,0,1,MCQ,grec_hard_composition_gate,GroundedResidualEnergyCompositionHard,true_mcq_grec_hard,,
MMStar,LLaVA-NeXT-8B_Biased_Test,1051,both,both,B,A,0.0,1,1,0.006630722576439041,1.0,B,B,B,B,2,4,0,strongblur,strongblur,B,B,B,1,0,MCQ,grec_hard_composition_gate,GroundedResidualEnergyCompositionHard,true_mcq_grec_hard,,
MMStar,LLaVA-NeXT-8B_Biased_Test,1052,both,both,D,D,1.0,1,1,0.0,0.8889193897157553,A,A,A,A,2,4,1,gray,gray,D,D,A,1,0,MCQ,grec_hard_composition_gate,GroundedResidualEnergyCompositionHard,true_mcq_grec_hard,,
MMStar,LLaVA-NeXT-8B_Biased_Test,1053,tcf_only,tcf_only,C,A,0.0,1,0,0.08252161450842599,0.0,C,C,C,A,1,4,1,gray,gray,C,C,C,0,0,MCQ,grec_hard_composition_gate,GroundedResidualEnergyCompositionHard,true_mcq_grec_hard,,
MMStar,LLaVA-NeXT-8B_Biased_Test,1056,vcf_only,vcf_only,A,A,1.0,0,1,0.0,0.024238728495884026,C,C,C,A,4,4,1,gray,gray,A,A,A,0,0,MCQ,grec_hard_composition_gate,GroundedResidualEnergyCompositionHard,true_mcq_grec_hard,,
MMStar,LLaVA-NeXT-8B_Biased_Test,1057,both,both,B,A,0.0,1,1,0.002716145623803401,0.7955583281255455,B,B,B,D,1,4,1,gray,gray,B,B,B,0,1,MCQ,grec_hard_composition_gate,GroundedResidualEnergyCompositionHard,true_mcq_grec_hard,,
MMStar,LLaVA-NeXT-8B_Biased_Test,1058,tcf_only,tcf_only,B,D,0.0,1,0,0.00852558312445817,0.0,B,A,A,D,1,4,1,strongblur,gray,B,B,B,0,0,MCQ,grec_hard_composition_gate,GroundedResidualEnergyCompositionHard,true_mcq_grec_hard,,
MMStar,LLaVA-NeXT-8B_Biased_Test,1059,both,both,A,C,0.0,1,1,0.0,0.841278975386135,A,B,B,D,1,4,1,centermask,centermask,B,A,A,0,1,MCQ,grec_hard_composition_gate,GroundedResidualEnergyCompositionHard,true_mcq_grec_hard,,
MMStar,LLaVA-NeXT-8B_Biased_Test,1061,both,both,B,D,0.0,1,1,0.09739687266247588,1.0,B,B,C,B,1,4,0,strongblur,strongblur,B,B,B,1,0,MCQ,grec_hard_composition_gate,GroundedResidualEnergyCompositionHard,true_mcq_grec_hard,,
MMStar,LLaVA-NeXT-8B_Biased_Test,1062,vcf_only,vcf_only,A,A,1.0,0,1,0.0,0.981885892284165,A,B,B,B,2,2,0,strongblur,gray,A,A,A,0,0,MCQ,grec_hard_composition_gate,GroundedResidualEnergyCompositionHard,true_mcq_grec_hard,,
MMStar,LLaVA-NeXT-8B_Biased_Test,1063,both,both,B,D,0.0,1,1,0.0015780058434118338,0.9568809116355684,B,B,B,D,1,4,1,centermask,centermask,C,B,B,0,1,MCQ,grec_hard_composition_gate,GroundedResidualEnergyCompositionHard,true_mcq_grec_hard,,
MMStar,LLaVA-NeXT-8B_Biased_Test,1066,both,both,B,A,0.0,1,1,0.0,1.0,B,B,B,B,1,4,1,strongblur,gray,B,B,B,1,0,MCQ,grec_hard_composition_gate,GroundedResidualEnergyCompositionHard,true_mcq_grec_hard,,
MMStar,LLaVA-NeXT-8B_Biased_Test,1068,vcf_only,vcf_only,C,C,1.0,0,1,0.0,0.7781556061278088,B,B,B,B,4,4,1,gray,gray,C,C,C,1,0,MCQ,grec_hard_composition_gate,GroundedResidualEnergyCompositionHard,true_mcq_grec_hard,,
MMStar,LLaVA-NeXT-8B_Biased_Test,1069,both,both,B,C,0.0,1,1,0.031467153244032264,1.0,B,A,A,A,1,4,1,strongblur,gray,B,B,B,0,1,MCQ,grec_hard_composition_gate,GroundedResidualEnergyCompositionHard,true_mcq_grec_hard,,
MMStar,LLaVA-NeXT-8B_Biased_Test,1073,tcf_only,tcf_only,C,B,0.0,1,0,0.0,0.0,C,C,C,D,1,4,1,strongblur,centermask,C,C,C,0,0,MCQ,grec_hard_composition_gate,GroundedResidualEnergyCompositionHard,true_mcq_grec_hard,,
MMStar,LLaVA-NeXT-8B_Biased_Test,1077,vcf_only,vcf_only,B,D,0.0,0,1,0.0,0.8066112389906667,B,A,A,B,4,4,0,strongblur,strongblur,B,B,B,1,0,MCQ,grec_hard_composition_gate,GroundedResidualEnergyCompositionHard,true_mcq_grec_hard,,
MMStar,LLaVA-NeXT-8B_Biased_Test,1078,vcf_only,vcf_only,C,A,0.0,0,1,0.0,0.24537470336662795,B,B,B,C,3,3,1,gray,gray,C,C,C,0,0,MCQ,grec_hard_composition_gate,GroundedResidualEnergyCompositionHard,true_mcq_grec_hard,,
MMStar,LLaVA-NeXT-8B_Biased_Test,1081,both,both,A,B,0.0,1,1,0.0935944996108069,0.3925091226124584,A,D,A,A,1,4,1,centermask,gray,A,A,A,1,0,MCQ,grec_hard_composition_gate,GroundedResidualEnergyCompositionHard,true_mcq_grec_hard,,
MMStar,LLaVA-NeXT-8B_Biased_Test,1082,vcf_only,vcf_only,C,D,0.0,0,1,0.0,0.8959102831918454,C,B,B,B,4,4,0,gray,gray,C,C,C,0,0,MCQ,grec_hard_composition_gate,GroundedResidualEnergyCompositionHard,true_mcq_grec_hard,,
MMStar,LLaVA-NeXT-8B_Biased_Test,1083,vcf_only,vcf_only,A,B,0.0,0,1,0.0,0.9943143888240887,B,C,C,C,4,4,1,strongblur,gray,A,A,A,0,0,MCQ,grec_hard_composition_gate,GroundedResidualEnergyCompositionHard,true_mcq_grec_hard,,
MMStar,LLaVA-NeXT-8B_Biased_Test,1084,both,both,B,C,0.0,1,1,1.0,1.0,B,B,B,C,1,4,1,strongblur,centermask,B,B,B,0,1,MCQ,grec_hard_composition_gate,GroundedResidualEnergyCompositionHard,true_mcq_grec_hard,,
MMStar,LLaVA-NeXT-8B_Biased_Test,1089,tcf_only,both,A,B,0.0,1,1,0.0,1.0,A,A,A,A,1,4,0,centermask,gray,A,A,A,1,0,MCQ,grec_hard_composition_gate,GroundedResidualEnergyCompositionHard,true_mcq_grec_hard,,
MMStar,LLaVA-NeXT-8B_Biased_Test,1091,vcf_only,vcf_only,D,B,0.0,0,1,0.0,0.3873283994048091,A,A,A,A,4,4,1,gray,gray,D,D,D,1,0,MCQ,grec_hard_composition_gate,GroundedResidualEnergyCompositionHard,true_mcq_grec_hard,,
MMStar,LLaVA-NeXT-8B_Biased_Test,1092,vcf_only,vcf_only,B,B,1.0,0,1,0.0,0.7837086734133237,B,C,C,B,4,4,0,strongblur,strongblur,B,B,B,1,0,MCQ,grec_hard_composition_gate,GroundedResidualEnergyCompositionHard,true_mcq_grec_hard,,
MMStar,LLaVA-NeXT-8B_Biased_Test,1093,tcf_only,tcf_only,D,C,0.0,1,0,0.11075967927662678,0.0,D,D,D,D,1,4,0,centermask,centermask,D,D,D,1,0,MCQ,grec_hard_composition_gate,GroundedResidualEnergyCompositionHard,true_mcq_grec_hard,,
MMStar,LLaVA-NeXT-8B_Biased_Test,1096,vcf_only,vcf_only,A,C,0.0,0,1,0.0,1.0,A,B,B,A,4,4,0,centermask,centermask,A,A,A,1,0,MCQ,grec_hard_composition_gate,GroundedResidualEnergyCompositionHard,true_mcq_grec_hard,,
MMStar,LLaVA-NeXT-8B_Biased_Test,1097,vcf_only,vcf_only,C,D,0.0,0,1,0.0,0.7360468204325147,B,B,B,C,4,4,1,gray,gray,C,C,C,0,0,MCQ,grec_hard_composition_gate,GroundedResidualEnergyCompositionHard,true_mcq_grec_hard,,
MMStar,LLaVA-NeXT-8B_Biased_Test,1098,vcf_only,vcf_only,A,C,0.0,0,1,0.0,0.982971649321909,C,B,B,B,4,4,1,gray,gray,A,A,A,0,0,MCQ,grec_hard_composition_gate,GroundedResidualEnergyCompositionHard,true_mcq_grec_hard,,
MMStar,LLaVA-NeXT-8B_Biased_Test,1101,tcf_only,tcf_only,A,A,1.0,1,0,0.051565283292139164,0.0,A,C,A,A,1,4,0,gray,gray,A,A,A,1,0,MCQ,grec_hard_composition_gate,GroundedResidualEnergyCompositionHard,true_mcq_grec_hard,,
MMStar,LLaVA-NeXT-8B_Biased_Test,1102,vcf_only,vcf_only,A,A,1.0,0,1,0.0,1.0,D,D,C,C,4,4,1,strongblur,gray,A,A,A,0,0,MCQ,grec_hard_composition_gate,GroundedResidualEnergyCompositionHard,true_mcq_grec_hard,,
MMStar,LLaVA-NeXT-8B_Biased_Test,1103,both,both,A,A,1.0,1,1,0.0,1.0,A,A,A,D,1,4,0,strongblur,centermask,A,A,A,0,1,MCQ,grec_hard_composition_gate,GroundedResidualEnergyCompositionHard,true_mcq_grec_hard,,
MMStar,LLaVA-NeXT-8B_Biased_Test,1104,both,both,B,B,1.0,1,1,0.05989326313257992,0.9486243293134505,B,C,C,C,1,4,1,gray,gray,B,B,B,0,1,MCQ,grec_hard_composition_gate,GroundedResidualEnergyCompositionHard,true_mcq_grec_hard,,
MMStar,LLaVA-NeXT-8B_Biased_Test,1106,vcf_only,vcf_only,A,A,1.0,0,1,0.0,1.0,A,B,B,A,2,2,0,centermask,gray,A,A,A,1,0,MCQ,grec_hard_composition_gate,GroundedResidualEnergyCompositionHard,true_mcq_grec_hard,,
MMStar,LLaVA-NeXT-8B_Biased_Test,1107,both,both,B,D,0.0,1,1,1.0,1.0,B,D,D,D,1,4,1,strongblur,gray,B,B,B,0,1,MCQ,grec_hard_composition_gate,GroundedResidualEnergyCompositionHard,true_mcq_grec_hard,,
MMStar,LLaVA-NeXT-8B_Biased_Test,1109,vcf_only,vcf_only,D,D,1.0,0,1,0.0,1.0,A,A,A,A,4,4,1,strongblur,gray,D,D,D,1,0,MCQ,grec_hard_composition_gate,GroundedResidualEnergyCompositionHard,true_mcq_grec_hard,,
MMStar,LLaVA-NeXT-8B_Biased_Test,1112,vcf_only,vcf_only,D,C,0.0,0,1,0.0,0.8200695394235545,C,C,C,B,4,4,1,strongblur,gray,D,D,D,0,0,MCQ,grec_hard_composition_gate,GroundedResidualEnergyCompositionHard,true_mcq_grec_hard,,
MMStar,LLaVA-NeXT-8B_Biased_Test,1113,both,both,C,C,1.0,1,1,0.06459024671408331,1.0,C,B,B,C,1,4,0,strongblur,centermask,C,C,C,1,0,MCQ,grec_hard_composition_gate,GroundedResidualEnergyCompositionHard,true_mcq_grec_hard,,
MMStar,LLaVA-NeXT-8B_Biased_Test,1114,tcf_only,tcf_only,A,C,0.0,1,0,0.0,0.0,A,C,C,A,1,3,0,strongblur,gray,A,A,A,1,0,MCQ,grec_hard_composition_gate,GroundedResidualEnergyCompositionHard,true_mcq_grec_hard,,
MMStar,LLaVA-NeXT-8B_Biased_Test,1117,tcf_only,both,C,D,0.0,1,1,0.0,0.3858830210407555,D,D,D,D,3,4,1,gray,gray,C,C,D,1,0,MCQ,grec_hard_composition_gate,GroundedResidualEnergyCompositionHard,true_mcq_grec_hard,,
MMStar,LLaVA-NeXT-8B_Biased_Test,1118,vcf_only,vcf_only,A,A,1.0,0,1,0.0,0.3925091226124584,C,C,B,B,4,4,1,strongblur,gray,A,A,A,0,0,MCQ,grec_hard_composition_gate,GroundedResidualEnergyCompositionHard,true_mcq_grec_hard,,
MMStar,LLaVA-NeXT-8B_Biased_Test,1119,vcf_only,vcf_only,C,A,0.0,0,1,0.0,0.49714780139865733,B,B,B,B,4,4,1,gray,gray,C,C,C,1,0,MCQ,grec_hard_composition_gate,GroundedResidualEnergyCompositionHard,true_mcq_grec_hard,,
MMStar,LLaVA-NeXT-8B_Biased_Test,1121,vcf_only,vcf_only,A,D,0.0,0,1,0.0,0.9832623095237384,A,B,B,B,4,4,0,strongblur,gray,A,A,A,0,0,MCQ,grec_hard_composition_gate,GroundedResidualEnergyCompositionHard,true_mcq_grec_hard,,
MMStar,LLaVA-NeXT-8B_Biased_Test,1122,both,both,A,A,1.0,1,1,0.04722639641487203,0.9642807961081201,A,D,D,D,1,4,1,gray,gray,A,A,A,0,1,MCQ,grec_hard_composition_gate,GroundedResidualEnergyCompositionHard,true_mcq_grec_hard,,
MMStar,LLaVA-NeXT-8B_Biased_Test,1123,vcf_only,vcf_only,D,C,0.0,0,1,0.0,0.769734334297994,D,A,A,A,4,4,0,gray,gray,D,D,D,0,0,MCQ,grec_hard_composition_gate,GroundedResidualEnergyCompositionHard,true_mcq_grec_hard,,
MMStar,LLaVA-NeXT-8B_Biased_Test,1124,vcf_only,vcf_only,B,B,1.0,0,1,0.0,0.9412060651233245,C,C,C,C,4,4,1,gray,gray,B,B,B,1,0,MCQ,grec_hard_composition_gate,GroundedResidualEnergyCompositionHard,true_mcq_grec_hard,,
MMStar,LLaVA-NeXT-8B_Biased_Test,1126,vcf_only,vcf_only,D,C,0.0,0,1,0.0,0.2204071533875018,A,B,B,B,4,4,1,gray,gray,D,D,D,0,0,MCQ,grec_hard_composition_gate,GroundedResidualEnergyCompositionHard,true_mcq_grec_hard,,
MMStar,LLaVA-NeXT-8B_Biased_Test,1129,tcf_only,tcf_only,C,A,0.0,1,0,1.0,0.0,C,A,A,B,1,4,1,strongblur,gray,C,C,C,0,0,MCQ,grec_hard_composition_gate,GroundedResidualEnergyCompositionHard,true_mcq_grec_hard,,
MMStar,LLaVA-NeXT-8B_Biased_Test,1131,both,both,C,B,0.0,1,1,0.11301770396066058,0.9979849303433818,C,A,A,A,1,4,1,strongblur,gray,C,C,C,0,1,MCQ,grec_hard_composition_gate,GroundedResidualEnergyCompositionHard,true_mcq_grec_hard,,
MMStar,LLaVA-NeXT-8B_Biased_Test,1132,both,both,B,A,0.0,1,1,0.0,1.0,B,B,B,B,1,4,0,strongblur,centermask,B,B,B,1,0,MCQ,grec_hard_composition_gate,GroundedResidualEnergyCompositionHard,true_mcq_grec_hard,,
MMStar,LLaVA-NeXT-8B_Biased_Test,1133,vcf_only,vcf_only,C,D,0.0,0,1,0.0,1.0,C,B,B,B,4,4,0,strongblur,gray,C,C,C,0,0,MCQ,grec_hard_composition_gate,GroundedResidualEnergyCompositionHard,true_mcq_grec_hard,,
MMStar,LLaVA-NeXT-8B_Biased_Test,1138,vcf_only,vcf_only,A,C,0.0,0,1,0.0,1.0,A,C,C,C,4,4,0,strongblur,gray,A,A,A,0,0,MCQ,grec_hard_composition_gate,GroundedResidualEnergyCompositionHard,true_mcq_grec_hard,,
MMStar,LLaVA-NeXT-8B_Biased_Test,1143,vcf_only,vcf_only,C,A,0.0,0,1,0.0,1.0,A,B,B,B,4,4,1,strongblur,gray,C,C,C,0,0,MCQ,grec_hard_composition_gate,GroundedResidualEnergyCompositionHard,true_mcq_grec_hard,,
MMStar,LLaVA-NeXT-8B_Biased_Test,1149,tcf_only,both,C,B,0.0,1,1,1.0,1.0,C,A,B,A,1,3,0,strongblur,gray,C,C,C,0,1,MCQ,grec_hard_composition_gate,GroundedResidualEnergyCompositionHard,true_mcq_grec_hard,,
MMStar,LLaVA-NeXT-8B_Biased_Test,1151,vcf_only,vcf_only,D,D,1.0,0,1,0.0,1.0,D,B,B,D,4,4,0,strongblur,centermask,D,D,D,1,0,MCQ,grec_hard_composition_gate,GroundedResidualEnergyCompositionHard,true_mcq_grec_hard,,
MMStar,LLaVA-NeXT-8B_Biased_Test,1153,tcf_only,tcf_only,A,C,0.0,1,0,0.10807925353706804,0.0,A,A,A,A,1,4,1,gray,gray,A,A,A,1,0,MCQ,grec_hard_composition_gate,GroundedResidualEnergyCompositionHard,true_mcq_grec_hard,,
MMStar,LLaVA-NeXT-8B_Biased_Test,1154,tcf_only,tcf_only,C,C,1.0,1,0,0.0851271568827543,0.0,C,C,C,C,2,3,1,gray,gray,C,C,C,1,0,MCQ,grec_hard_composition_gate,GroundedResidualEnergyCompositionHard,true_mcq_grec_hard,,
MMStar,LLaVA-NeXT-8B_Biased_Test,1157,vcf_only,vcf_only,C,C,1.0,0,1,0.0,1.0,A,A,A,A,4,4,1,strongblur,centermask,C,C,C,1,0,MCQ,grec_hard_composition_gate,GroundedResidualEnergyCompositionHard,true_mcq_grec_hard,,
MMStar,LLaVA-NeXT-8B_Biased_Test,1163,tcf_only,tcf_only,A,C,0.0,1,0,1.0,0.0,A,A,A,A,1,4,0,centermask,centermask,A,A,A,1,0,MCQ,grec_hard_composition_gate,GroundedResidualEnergyCompositionHard,true_mcq_grec_hard,,
MMStar,LLaVA-NeXT-8B_Biased_Test,1164,vcf_only,vcf_only,C,D,0.0,0,1,0.0,0.10626278704195277,B,B,B,B,4,4,1,gray,gray,C,C,C,1,0,MCQ,grec_hard_composition_gate,GroundedResidualEnergyCompositionHard,true_mcq_grec_hard,,
MMStar,LLaVA-NeXT-8B_Biased_Test,1166,vcf_only,vcf_only,C,C,1.0,0,1,0.0,1.0,D,B,B,B,4,4,1,strongblur,gray,C,C,C,0,0,MCQ,grec_hard_composition_gate,GroundedResidualEnergyCompositionHard,true_mcq_grec_hard,,
MMStar,LLaVA-NeXT-8B_Biased_Test,1167,tcf_only,both,A,A,1.0,1,1,0.056627687271680216,0.15460557840784947,A,A,A,A,1,4,0,gray,gray,A,A,A,1,0,MCQ,grec_hard_composition_gate,GroundedResidualEnergyCompositionHard,true_mcq_grec_hard,,
MMStar,LLaVA-NeXT-8B_Biased_Test,1169,tcf_only,both,B,A,0.0,1,1,0.08891463382516074,1.0,B,A,A,A,1,4,1,centermask,gray,B,B,B,0,1,MCQ,grec_hard_composition_gate,GroundedResidualEnergyCompositionHard,true_mcq_grec_hard,,
MMStar,LLaVA-NeXT-8B_Biased_Test,1171,tcf_only,both,A,C,0.0,1,1,0.2093331258000246,0.7958874004528461,A,C,C,C,1,4,1,gray,gray,A,A,A,0,1,MCQ,grec_hard_composition_gate,GroundedResidualEnergyCompositionHard,true_mcq_grec_hard,,
MMStar,LLaVA-NeXT-8B_Biased_Test,1172,vcf_only,vcf_only,D,A,0.0,0,1,0.0,0.9967965832580825,D,B,B,B,4,4,0,strongblur,gray,D,D,D,0,0,MCQ,grec_hard_composition_gate,GroundedResidualEnergyCompositionHard,true_mcq_grec_hard,,
MMStar,LLaVA-NeXT-8B_Biased_Test,1173,tcf_only,both,B,A,0.0,1,1,0.09289061433793955,0.33039277600776823,B,A,A,B,1,2,0,gray,gray,B,B,B,1,0,MCQ,grec_hard_composition_gate,GroundedResidualEnergyCompositionHard,true_mcq_grec_hard,,
MMStar,LLaVA-NeXT-8B_Biased_Test,1174,vcf_only,vcf_only,B,C,0.0,0,1,0.0,1.0,B,B,B,B,4,4,0,strongblur,strongblur,B,B,B,1,0,MCQ,grec_hard_composition_gate,GroundedResidualEnergyCompositionHard,true_mcq_grec_hard,,
MMStar,LLaVA-NeXT-8B_Biased_Test,1177,tcf_only,tcf_only,B,B,1.0,1,0,0.0,0.0,B,B,B,B,2,4,1,centermask,gray,B,B,B,1,0,MCQ,grec_hard_composition_gate,GroundedResidualEnergyCompositionHard,true_mcq_grec_hard,,
MMStar,LLaVA-NeXT-8B_Biased_Test,1178,vcf_only,vcf_only,B,A,0.0,0,1,0.0,1.0,A,A,A,B,2,2,1,strongblur,gray,B,B,B,0,0,MCQ,grec_hard_composition_gate,GroundedResidualEnergyCompositionHard,true_mcq_grec_hard,,
MMStar,LLaVA-NeXT-8B_Biased_Test,1179,tcf_only,both,A,C,0.0,1,1,0.05977484815376277,0.9488237799334827,A,C,C,C,1,4,0,centermask,centermask,A,A,A,0,1,MCQ,grec_hard_composition_gate,GroundedResidualEnergyCompositionHard,true_mcq_grec_hard,,
MMStar,LLaVA-NeXT-8B_Biased_Test,1182,vcf_only,vcf_only,C,A,0.0,0,1,0.0,0.7809403751056183,B,C,C,C,4,4,1,centermask,centermask,C,C,C,0,0,MCQ,grec_hard_composition_gate,GroundedResidualEnergyCompositionHard,true_mcq_grec_hard,,
MMStar,LLaVA-NeXT-8B_Biased_Test,1186,vcf_only,vcf_only,A,B,0.0,0,1,0.0,0.8793735604284575,C,C,C,C,4,4,1,gray,gray,A,A,A,1,0,MCQ,grec_hard_composition_gate,GroundedResidualEnergyCompositionHard,true_mcq_grec_hard,,
MMStar,LLaVA-NeXT-8B_Biased_Test,1187,vcf_only,vcf_only,A,A,1.0,0,1,0.0,1.0,A,A,B,A,2,2,0,strongblur,gray,A,A,A,1,0,MCQ,grec_hard_composition_gate,GroundedResidualEnergyCompositionHard,true_mcq_grec_hard,,
MMStar,LLaVA-NeXT-8B_Biased_Test,1189,tcf_only,both,C,A,0.0,1,1,0.10571999089997597,0.1820898730416475,C,A,A,C,1,4,1,gray,gray,C,C,C,1,0,MCQ,grec_hard_composition_gate,GroundedResidualEnergyCompositionHard,true_mcq_grec_hard,,
MMStar,LLaVA-NeXT-8B_Biased_Test,1193,tcf_only,tcf_only,C,A,0.0,1,0,0.006617463606283902,0.0,C,B,B,C,1,4,1,strongblur,gray,C,C,C,1,0,MCQ,grec_hard_composition_gate,GroundedResidualEnergyCompositionHard,true_mcq_grec_hard,,
MMStar,LLaVA-NeXT-8B_Biased_Test,1194,vcf_only,vcf_only,A,D,0.0,0,1,0.0,0.8195693953843695,B,B,B,B,4,4,1,gray,gray,A,A,A,1,0,MCQ,grec_hard_composition_gate,GroundedResidualEnergyCompositionHard,true_mcq_grec_hard,,
MMStar,LLaVA-NeXT-8B_Biased_Test,1197,tcf_only,tcf_only,D,D,1.0,1,0,0.0,0.0,D,D,A,C,1,4,1,strongblur,gray,D,D,D,0,0,MCQ,grec_hard_composition_gate,GroundedResidualEnergyCompositionHard,true_mcq_grec_hard,,
MMStar,LLaVA-NeXT-8B_Biased_Test,1198,vcf_only,vcf_only,C,D,0.0,0,1,0.0,0.8972659902028968,C,B,B,B,4,4,0,centermask,gray,C,C,C,0,0,MCQ,grec_hard_composition_gate,GroundedResidualEnergyCompositionHard,true_mcq_grec_hard,,
MMStar,LLaVA-NeXT-8B_Biased_Test,1199,vcf_only,vcf_only,B,A,0.0,0,1,0.0,1.0,A,A,A,A,3,3,1,strongblur,centermask,B,B,B,1,0,MCQ,grec_hard_composition_gate,GroundedResidualEnergyCompositionHard,true_mcq_grec_hard,,
MMStar,LLaVA-NeXT-8B_Biased_Test,1201,both,both,B,D,0.0,1,1,0.10097584885673827,0.9552117812828922,B,A,A,A,1,4,1,centermask,gray,B,B,B,0,1,MCQ,grec_hard_composition_gate,GroundedResidualEnergyCompositionHard,true_mcq_grec_hard,,
MMStar,LLaVA-NeXT-8B_Biased_Test,1206,both,both,D,B,0.0,1,1,0.001197107466401448,1.0,D,B,A,C,3,4,0,strongblur,strongblur,D,D,D,0,1,MCQ,grec_hard_composition_gate,GroundedResidualEnergyCompositionHard,true_mcq_grec_hard,,
MMStar,LLaVA-NeXT-8B_Biased_Test,1207,vcf_only,vcf_only,D,C,0.0,0,1,0.0,1.0,C,A,A,A,4,4,1,strongblur,gray,D,D,D,0,0,MCQ,grec_hard_composition_gate,GroundedResidualEnergyCompositionHard,true_mcq_grec_hard,,
MMStar,LLaVA-NeXT-8B_Biased_Test,1213,both,both,B,C,0.0,1,1,0.11597502355023792,0.28227930888449804,B,C,C,A,1,4,1,centermask,gray,B,B,B,0,1,MCQ,grec_hard_composition_gate,GroundedResidualEnergyCompositionHard,true_mcq_grec_hard,,
MMStar,LLaVA-NeXT-8B_Biased_Test,1214,both,both,C,D,0.0,1,1,0.05208430960118515,1.0,C,B,A,A,3,4,0,strongblur,gray,C,C,C,0,1,MCQ,grec_hard_composition_gate,GroundedResidualEnergyCompositionHard,true_mcq_grec_hard,,
MMStar,LLaVA-NeXT-8B_Biased_Test,1216,vcf_only,vcf_only,D,A,0.0,0,1,0.0,0.8296308975893334,C,C,C,C,4,4,1,gray,gray,D,D,D,1,0,MCQ,grec_hard_composition_gate,GroundedResidualEnergyCompositionHard,true_mcq_grec_hard,,
MMStar,LLaVA-NeXT-8B_Biased_Test,1218,both,both,B,C,0.0,1,1,0.0,1.0,B,B,D,D,2,4,1,strongblur,gray,B,B,B,0,1,MCQ,grec_hard_composition_gate,GroundedResidualEnergyCompositionHard,true_mcq_grec_hard,,
MMStar,LLaVA-NeXT-8B_Biased_Test,1219,vcf_only,vcf_only,D,B,0.0,0,1,0.0,0.592938832210764,A,A,A,A,4,4,1,gray,gray,D,D,D,1,0,MCQ,grec_hard_composition_gate,GroundedResidualEnergyCompositionHard,true_mcq_grec_hard,,
MMStar,LLaVA-NeXT-8B_Biased_Test,1222,vcf_only,vcf_only,A,D,0.0,0,1,0.0,0.25989826948683986,B,B,B,C,4,4,1,centermask,centermask,A,A,A,0,0,MCQ,grec_hard_composition_gate,GroundedResidualEnergyCompositionHard,true_mcq_grec_hard,,
MMStar,LLaVA-NeXT-8B_Biased_Test,1224,tcf_only,both,B,D,0.0,1,1,1.0,1.0,B,C,A,B,3,4,0,centermask,centermask,B,B,B,1,0,MCQ,grec_hard_composition_gate,GroundedResidualEnergyCompositionHard,true_mcq_grec_hard,,
MMStar,LLaVA-NeXT-8B_Biased_Test,1226,both,both,B,D,0.0,1,1,1.0,1.0,B,A,A,B,3,4,0,strongblur,gray,B,B,B,1,0,MCQ,grec_hard_composition_gate,GroundedResidualEnergyCompositionHard,true_mcq_grec_hard,,
MMStar,LLaVA-NeXT-8B_Biased_Test,1227,vcf_only,vcf_only,B,D,0.0,0,1,0.0,0.9428786356963156,C,A,A,B,4,4,1,centermask,centermask,B,B,B,0,0,MCQ,grec_hard_composition_gate,GroundedResidualEnergyCompositionHard,true_mcq_grec_hard,,
MMStar,LLaVA-NeXT-8B_Biased_Test,1228,vcf_only,vcf_only,D,D,1.0,0,1,0.0,1.0,D,D,B,D,4,4,0,strongblur,centermask,D,D,D,1,0,MCQ,grec_hard_composition_gate,GroundedResidualEnergyCompositionHard,true_mcq_grec_hard,,
MMStar,LLaVA-NeXT-8B_Biased_Test,1229,tcf_only,tcf_only,D,D,1.0,1,0,0.0,0.0,D,D,D,D,1,4,1,strongblur,gray,D,D,D,1,0,MCQ,grec_hard_composition_gate,GroundedResidualEnergyCompositionHard,true_mcq_grec_hard,,
MMStar,LLaVA-NeXT-8B_Biased_Test,1231,tcf_only,both,A,B,0.0,1,1,0.0,1.0,A,C,B,A,2,4,0,strongblur,centermask,A,A,A,1,0,MCQ,grec_hard_composition_gate,GroundedResidualEnergyCompositionHard,true_mcq_grec_hard,,
MMStar,LLaVA-NeXT-8B_Biased_Test,1234,tcf_only,tcf_only,A,D,0.0,1,0,0.08031578486834046,0.0,A,C,C,C,1,4,1,gray,gray,A,A,A,0,0,MCQ,grec_hard_composition_gate,GroundedResidualEnergyCompositionHard,true_mcq_grec_hard,,
MMStar,LLaVA-NeXT-8B_Biased_Test,1236,vcf_only,vcf_only,A,C,0.0,0,1,0.0,1.0,B,A,B,A,4,4,1,strongblur,strongblur,A,A,A,0,0,MCQ,grec_hard_composition_gate,GroundedResidualEnergyCompositionHard,true_mcq_grec_hard,,
MMStar,LLaVA-NeXT-8B_Biased_Test,1237,tcf_only,tcf_only,A,B,0.0,1,0,0.0,0.0,A,A,A,C,1,4,1,centermask,centermask,A,A,A,0,0,MCQ,grec_hard_composition_gate,GroundedResidualEnergyCompositionHard,true_mcq_grec_hard,,
MMStar,LLaVA-NeXT-8B_Biased_Test,1238,vcf_only,vcf_only,B,A,0.0,0,1,0.0,1.0,C,D,D,D,4,4,1,strongblur,gray,B,B,B,0,0,MCQ,grec_hard_composition_gate,GroundedResidualEnergyCompositionHard,true_mcq_grec_hard,,
MMStar,LLaVA-NeXT-8B_Biased_Test,1242,both,both,B,D,0.0,1,1,0.09458632803173783,1.0,B,A,A,C,1,4,0,strongblur,gray,B,B,B,0,1,MCQ,grec_hard_composition_gate,GroundedResidualEnergyCompositionHard,true_mcq_grec_hard,,
MMStar,LLaVA-NeXT-8B_Biased_Test,1243,tcf_only,tcf_only,A,D,0.0,1,0,0.02680996536354252,0.0,A,A,A,A,1,4,1,gray,gray,A,A,A,1,0,MCQ,grec_hard_composition_gate,GroundedResidualEnergyCompositionHard,true_mcq_grec_hard,,
MMStar,LLaVA-NeXT-8B_Biased_Test,1244,both,both,D,D,1.0,1,1,1.0,0.36285540057902627,D,D,D,C,1,4,1,centermask,gray,D,D,D,0,1,MCQ,grec_hard_composition_gate,GroundedResidualEnergyCompositionHard,true_mcq_grec_hard,,
MMStar,LLaVA-NeXT-8B_Biased_Test,1246,tcf_only,tcf_only,A,A,1.0,1,0,0.0,0.0,A,A,A,B,1,4,1,gray,gray,A,A,A,0,0,MCQ,grec_hard_composition_gate,GroundedResidualEnergyCompositionHard,true_mcq_grec_hard,,
MMStar,LLaVA-NeXT-8B_Biased_Test,1247,vcf_only,vcf_only,B,C,0.0,0,1,0.0,0.6183769407993621,A,B,B,B,4,4,1,gray,gray,B,B,B,0,0,MCQ,grec_hard_composition_gate,GroundedResidualEnergyCompositionHard,true_mcq_grec_hard,,
MMStar,LLaVA-NeXT-8B_Biased_Test,1248,both,both,A,D,0.0,1,1,0.055520491963281016,0.2563968896160679,A,C,C,B,1,4,1,gray,gray,A,A,A,0,1,MCQ,grec_hard_composition_gate,GroundedResidualEnergyCompositionHard,true_mcq_grec_hard,,
MMStar,LLaVA-NeXT-8B_Biased_Test,1249,vcf_only,vcf_only,B,B,1.0,0,1,0.0,0.3913167161940849,A,A,A,A,4,4,1,gray,gray,B,B,B,1,0,MCQ,grec_hard_composition_gate,GroundedResidualEnergyCompositionHard,true_mcq_grec_hard,,
MMStar,LLaVA-NeXT-8B_Biased_Test,1252,tcf_only,both,C,A,0.0,1,1,0.04031583370949532,0.2854715469004928,C,B,B,B,1,4,1,gray,gray,C,C,C,0,1,MCQ,grec_hard_composition_gate,GroundedResidualEnergyCompositionHard,true_mcq_grec_hard,,
MMStar,LLaVA-NeXT-8B_Biased_Test,1253,tcf_only,tcf_only,C,B,0.0,1,0,0.0,0.0,C,B,B,D,1,4,1,strongblur,gray,C,C,C,0,0,MCQ,grec_hard_composition_gate,GroundedResidualEnergyCompositionHard,true_mcq_grec_hard,,
MMStar,LLaVA-NeXT-8B_Biased_Test,1257,tcf_only,tcf_only,D,A,0.0,1,0,1.0,0.0,D,C,C,D,2,4,0,strongblur,strongblur,D,D,D,1,0,MCQ,grec_hard_composition_gate,GroundedResidualEnergyCompositionHard,true_mcq_grec_hard,,
MMStar,LLaVA-NeXT-8B_Biased_Test,1258,both,both,B,B,1.0,1,1,0.0,1.0,B,B,B,A,1,4,1,strongblur,gray,B,B,B,0,1,MCQ,grec_hard_composition_gate,GroundedResidualEnergyCompositionHard,true_mcq_grec_hard,,
MMStar,LLaVA-NeXT-8B_Biased_Test,1261,both,both,A,B,0.0,1,1,0.06240389912904254,0.31361335593998163,A,C,C,A,2,4,0,centermask,gray,A,A,A,1,0,MCQ,grec_hard_composition_gate,GroundedResidualEnergyCompositionHard,true_mcq_grec_hard,,
MMStar,LLaVA-NeXT-8B_Biased_Test,1262,tcf_only,tcf_only,C,D,0.0,1,0,0.061777718841177,0.0,C,C,C,B,1,4,1,centermask,centermask,C,C,C,0,0,MCQ,grec_hard_composition_gate,GroundedResidualEnergyCompositionHard,true_mcq_grec_hard,,
MMStar,LLaVA-NeXT-8B_Biased_Test,1263,vcf_only,vcf_only,B,B,1.0,0,1,0.0,1.0,D,C,C,C,4,4,1,gray,gray,B,B,B,0,0,MCQ,grec_hard_composition_gate,GroundedResidualEnergyCompositionHard,true_mcq_grec_hard,,
MMStar,LLaVA-NeXT-8B_Biased_Test,1264,both,both,B,C,0.0,1,1,0.02579222080148469,1.0,B,B,B,B,1,4,0,strongblur,gray,B,B,B,1,0,MCQ,grec_hard_composition_gate,GroundedResidualEnergyCompositionHard,true_mcq_grec_hard,,
MMStar,LLaVA-NeXT-8B_Biased_Test,1266,vcf_only,vcf_only,D,B,0.0,0,1,0.0,0.783594423646571,C,C,C,D,4,4,1,gray,gray,D,D,D,0,0,MCQ,grec_hard_composition_gate,GroundedResidualEnergyCompositionHard,true_mcq_grec_hard,,
MMStar,LLaVA-NeXT-8B_Biased_Test,1267,vcf_only,vcf_only,C,D,0.0,0,1,0.0,1.0,D,A,A,C,4,4,1,strongblur,gray,C,C,C,0,0,MCQ,grec_hard_composition_gate,GroundedResidualEnergyCompositionHard,true_mcq_grec_hard,,
MMStar,LLaVA-NeXT-8B_Biased_Test,1271,vcf_only,vcf_only,C,A,0.0,0,1,0.0,1.0,C,D,D,C,4,4,0,strongblur,gray,C,C,C,1,0,MCQ,grec_hard_composition_gate,GroundedResidualEnergyCompositionHard,true_mcq_grec_hard,,
MMStar,LLaVA-NeXT-8B_Biased_Test,1272,tcf_only,tcf_only,A,C,0.0,1,0,0.007386491565594344,0.0,A,A,A,A,1,4,0,strongblur,centermask,A,A,A,1,0,MCQ,grec_hard_composition_gate,GroundedResidualEnergyCompositionHard,true_mcq_grec_hard,,
MMStar,LLaVA-NeXT-8B_Biased_Test,1273,tcf_only,tcf_only,B,B,1.0,1,0,0.028847844539149126,0.0,B,D,D,D,1,4,1,strongblur,strongblur,B,B,B,0,0,MCQ,grec_hard_composition_gate,GroundedResidualEnergyCompositionHard,true_mcq_grec_hard,,
MMStar,LLaVA-NeXT-8B_Biased_Test,1274,both,both,D,C,0.0,1,1,0.0,1.0,D,D,D,A,1,4,1,strongblur,gray,D,D,D,0,1,MCQ,grec_hard_composition_gate,GroundedResidualEnergyCompositionHard,true_mcq_grec_hard,,
MMStar,LLaVA-NeXT-8B_Biased_Test,1278,tcf_only,both,A,A,1.0,1,1,0.0,0.9969498751235156,A,A,A,A,1,2,0,strongblur,gray,A,A,A,1,0,MCQ,grec_hard_composition_gate,GroundedResidualEnergyCompositionHard,true_mcq_grec_hard,,
MMStar,LLaVA-NeXT-8B_Biased_Test,1282,tcf_only,tcf_only,C,C,1.0,1,0,0.0,0.0,C,C,C,C,1,4,0,strongblur,strongblur,C,C,C,1,0,MCQ,grec_hard_composition_gate,GroundedResidualEnergyCompositionHard,true_mcq_grec_hard,,
MMStar,LLaVA-NeXT-8B_Biased_Test,1283,vcf_only,vcf_only,C,C,1.0,0,1,0.0,0.9944652662926894,D,D,D,D,4,4,1,centermask,centermask,C,C,C,1,0,MCQ,grec_hard_composition_gate,GroundedResidualEnergyCompositionHard,true_mcq_grec_hard,,
MMStar,LLaVA-NeXT-8B_Biased_Test,1287,vcf_only,vcf_only,A,A,1.0,0,1,0.0,1.0,A,B,B,A,2,2,0,strongblur,gray,A,A,A,1,0,MCQ,grec_hard_composition_gate,GroundedResidualEnergyCompositionHard,true_mcq_grec_hard,,
MMStar,LLaVA-NeXT-8B_Biased_Test,1291,vcf_only,vcf_only,D,D,1.0,0,1,0.0,1.0,C,B,B,B,4,4,1,strongblur,gray,D,D,D,0,0,MCQ,grec_hard_composition_gate,GroundedResidualEnergyCompositionHard,true_mcq_grec_hard,,
MMStar,LLaVA-NeXT-8B_Biased_Test,1293,vcf_only,vcf_only,B,B,1.0,0,1,0.0,1.0,B,A,A,A,3,3,0,strongblur,gray,B,B,B,0,0,MCQ,grec_hard_composition_gate,GroundedResidualEnergyCompositionHard,true_mcq_grec_hard,,
MMStar,LLaVA-NeXT-8B_Biased_Test,1294,vcf_only,vcf_only,C,D,0.0,0,1,0.0,1.0,B,A,A,C,4,4,1,centermask,centermask,C,C,C,0,0,MCQ,grec_hard_composition_gate,GroundedResidualEnergyCompositionHard,true_mcq_grec_hard,,
MMStar,LLaVA-NeXT-8B_Biased_Test,1296,both,both,C,B,0.0,1,1,0.0,0.8125407810220117,C,D,C,C,1,4,1,centermask,gray,C,C,C,1,0,MCQ,grec_hard_composition_gate,GroundedResidualEnergyCompositionHard,true_mcq_grec_hard,,
MMStar,LLaVA-NeXT-8B_Biased_Test,1297,both,both,B,C,0.0,1,1,0.01422773995207649,0.3925091226124584,B,D,A,B,1,4,0,strongblur,strongblur,B,B,B,1,0,MCQ,grec_hard_composition_gate,GroundedResidualEnergyCompositionHard,true_mcq_grec_hard,,
MMStar,LLaVA-NeXT-8B_Biased_Test,1299,tcf_only,tcf_only,B,D,0.0,1,0,0.028932961530423462,0.0,B,D,D,C,1,4,0,strongblur,gray,B,B,B,0,0,MCQ,grec_hard_composition_gate,GroundedResidualEnergyCompositionHard,true_mcq_grec_hard,,
MMStar,LLaVA-NeXT-8B_Biased_Test,1301,vcf_only,vcf_only,B,A,0.0,0,1,0.0,1.0,C,B,B,B,4,4,1,strongblur,gray,B,B,B,0,0,MCQ,grec_hard_composition_gate,GroundedResidualEnergyCompositionHard,true_mcq_grec_hard,,
MMStar,LLaVA-NeXT-8B_Biased_Test,1303,both,both,B,D,0.0,1,1,0.0,0.3227113135569562,A,A,A,A,2,4,1,gray,gray,B,B,A,1,0,MCQ,grec_hard_composition_gate,GroundedResidualEnergyCompositionHard,true_mcq_grec_hard,,
MMStar,LLaVA-NeXT-8B_Biased_Test,1306,tcf_only,tcf_only,B,C,0.0,1,0,0.0,0.0,B,C,C,B,1,4,0,centermask,centermask,B,B,B,1,0,MCQ,grec_hard_composition_gate,GroundedResidualEnergyCompositionHard,true_mcq_grec_hard,,
MMStar,LLaVA-NeXT-8B_Biased_Test,1307,both,both,A,A,1.0,1,1,0.06707045085588081,0.7237707543082034,A,C,C,C,1,4,0,gray,gray,A,A,A,0,1,MCQ,grec_hard_composition_gate,GroundedResidualEnergyCompositionHard,true_mcq_grec_hard,,
MMStar,LLaVA-NeXT-8B_Biased_Test,1308,tcf_only,tcf_only,A,B,0.0,1,0,0.0017836316965662569,0.0,A,B,B,C,2,4,1,gray,gray,A,A,A,0,0,MCQ,grec_hard_composition_gate,GroundedResidualEnergyCompositionHard,true_mcq_grec_hard,,
MMStar,LLaVA-NeXT-8B_Biased_Test,1309,vcf_only,vcf_only,B,B,1.0,0,1,0.0,0.07252556094907527,C,C,C,C,4,4,1,gray,gray,B,B,B,1,0,MCQ,grec_hard_composition_gate,GroundedResidualEnergyCompositionHard,true_mcq_grec_hard,,
MMStar,LLaVA-NeXT-8B_Biased_Test,1311,tcf_only,tcf_only,C,B,0.0,1,0,1.0,0.0,C,C,C,C,1,4,1,gray,gray,C,C,C,1,0,MCQ,grec_hard_composition_gate,GroundedResidualEnergyCompositionHard,true_mcq_grec_hard,,
MMStar,LLaVA-NeXT-8B_Biased_Test,1312,vcf_only,vcf_only,A,C,0.0,0,1,0.0,0.9707250473446132,B,B,B,B,4,4,1,gray,gray,A,A,A,1,0,MCQ,grec_hard_composition_gate,GroundedResidualEnergyCompositionHard,true_mcq_grec_hard,,
MMStar,LLaVA-NeXT-8B_Biased_Test,1319,vcf_only,vcf_only,C,A,0.0,0,1,0.0,0.7454220408915464,D,D,D,D,4,4,1,gray,gray,C,C,C,1,0,MCQ,grec_hard_composition_gate,GroundedResidualEnergyCompositionHard,true_mcq_grec_hard,,
MMStar,LLaVA-NeXT-8B_Biased_Test,1321,vcf_only,vcf_only,A,C,0.0,0,1,0.0,0.9982020284956741,C,A,A,A,4,4,1,strongblur,strongblur,A,A,A,0,0,MCQ,grec_hard_composition_gate,GroundedResidualEnergyCompositionHard,true_mcq_grec_hard,,
MMStar,LLaVA-NeXT-8B_Biased_Test,1322,vcf_only,vcf_only,B,C,0.0,0,1,0.0,0.3561658948809773,C,D,D,D,4,4,1,gray,gray,B,B,B,0,0,MCQ,grec_hard_composition_gate,GroundedResidualEnergyCompositionHard,true_mcq_grec_hard,,
MMStar,LLaVA-NeXT-8B_Biased_Test,1323,both,both,D,D,1.0,1,1,0.00917781369918269,0.6028511818020421,C,C,C,C,2,4,1,gray,gray,D,D,C,1,0,MCQ,grec_hard_composition_gate,GroundedResidualEnergyCompositionHard,true_mcq_grec_hard,,
MMStar,LLaVA-NeXT-8B_Biased_Test,1324,both,both,B,D,0.0,1,1,0.10098776821050448,1.0,B,A,A,B,1,4,0,strongblur,centermask,B,B,B,1,0,MCQ,grec_hard_composition_gate,GroundedResidualEnergyCompositionHard,true_mcq_grec_hard,,
MMStar,LLaVA-NeXT-8B_Biased_Test,1327,tcf_only,tcf_only,A,C,0.0,1,0,0.039825122473375885,0.0,A,C,C,C,2,4,1,centermask,gray,A,A,A,0,0,MCQ,grec_hard_composition_gate,GroundedResidualEnergyCompositionHard,true_mcq_grec_hard,,
MMStar,LLaVA-NeXT-8B_Biased_Test,1328,tcf_only,tcf_only,C,B,0.0,1,0,0.0,0.0,C,C,C,C,2,4,1,gray,gray,C,C,C,1,0,MCQ,grec_hard_composition_gate,GroundedResidualEnergyCompositionHard,true_mcq_grec_hard,,
MMStar,LLaVA-NeXT-8B_Biased_Test,1329,vcf_only,vcf_only,D,A,0.0,0,1,0.0,1.0,D,D,C,D,4,4,0,strongblur,strongblur,D,D,D,1,0,MCQ,grec_hard_composition_gate,GroundedResidualEnergyCompositionHard,true_mcq_grec_hard,,
MMStar,LLaVA-NeXT-8B_Biased_Test,1331,vcf_only,vcf_only,C,B,0.0,0,1,0.0,0.5776346001628588,A,A,A,A,3,3,1,gray,gray,C,C,C,1,0,MCQ,grec_hard_composition_gate,GroundedResidualEnergyCompositionHard,true_mcq_grec_hard,,
MMStar,LLaVA-NeXT-8B_Biased_Test,1332,both,both,B,A,0.0,1,1,0.0006959513136757245,0.912904775109032,B,C,C,C,1,3,0,gray,gray,B,B,B,0,1,MCQ,grec_hard_composition_gate,GroundedResidualEnergyCompositionHard,true_mcq_grec_hard,,
MMStar,LLaVA-NeXT-8B_Biased_Test,1334,vcf_only,vcf_only,B,B,1.0,0,1,0.0,1.0,B,B,B,B,3,3,0,centermask,gray,B,B,B,1,0,MCQ,grec_hard_composition_gate,GroundedResidualEnergyCompositionHard,true_mcq_grec_hard,,
MMStar,LLaVA-NeXT-8B_Biased_Test,1337,tcf_only,tcf_only,A,D,0.0,1,0,0.002636346554303337,0.0,A,C,C,C,2,4,0,strongblur,gray,A,A,A,0,0,MCQ,grec_hard_composition_gate,GroundedResidualEnergyCompositionHard,true_mcq_grec_hard,,
MMStar,LLaVA-NeXT-8B_Biased_Test,1338,tcf_only,tcf_only,D,D,1.0,1,0,0.08838795355912543,0.0,D,A,A,A,1,4,0,gray,gray,D,D,D,0,0,MCQ,grec_hard_composition_gate,GroundedResidualEnergyCompositionHard,true_mcq_grec_hard,,
MMStar,LLaVA-NeXT-8B_Biased_Test,1339,tcf_only,tcf_only,D,B,0.0,1,0,0.0,0.0,D,C,C,C,2,4,1,centermask,centermask,D,D,D,0,0,MCQ,grec_hard_composition_gate,GroundedResidualEnergyCompositionHard,true_mcq_grec_hard,,
MMStar,LLaVA-NeXT-8B_Biased_Test,1341,vcf_only,vcf_only,A,A,1.0,0,1,0.0,0.3255031250209367,C,C,C,C,4,4,1,gray,gray,A,A,A,1,0,MCQ,grec_hard_composition_gate,GroundedResidualEnergyCompositionHard,true_mcq_grec_hard,,
MMStar,LLaVA-NeXT-8B_Biased_Test,1342,vcf_only,vcf_only,D,C,0.0,0,1,0.0,0.9024419121305294,B,B,B,B,4,4,1,gray,gray,D,D,D,1,0,MCQ,grec_hard_composition_gate,GroundedResidualEnergyCompositionHard,true_mcq_grec_hard,,
MMStar,LLaVA-NeXT-8B_Biased_Test,1343,vcf_only,vcf_only,A,B,0.0,0,1,0.0,0.6585415285525785,A,A,C,A,3,3,0,centermask,centermask,A,A,A,1,0,MCQ,grec_hard_composition_gate,GroundedResidualEnergyCompositionHard,true_mcq_grec_hard,,
MMStar,LLaVA-NeXT-8B_Biased_Test,1344,both,both,A,B,0.0,1,1,0.0,0.2800119821202998,A,A,A,B,1,3,1,centermask,centermask,A,A,A,0,1,MCQ,grec_hard_composition_gate,GroundedResidualEnergyCompositionHard,true_mcq_grec_hard,,
MMStar,LLaVA-NeXT-8B_Biased_Test,1346,vcf_only,vcf_only,A,D,0.0,0,1,0.0,1.0,A,C,C,B,4,4,0,strongblur,gray,A,A,A,0,0,MCQ,grec_hard_composition_gate,GroundedResidualEnergyCompositionHard,true_mcq_grec_hard,,
MMStar,LLaVA-NeXT-8B_Biased_Test,1347,tcf_only,tcf_only,D,D,1.0,1,0,1.0,0.0,D,A,A,A,1,4,1,strongblur,gray,D,D,D,0,0,MCQ,grec_hard_composition_gate,GroundedResidualEnergyCompositionHard,true_mcq_grec_hard,,
MMStar,LLaVA-NeXT-8B_Biased_Test,1348,both,both,B,B,1.0,1,1,0.0,1.0,B,B,A,B,1,3,0,strongblur,gray,B,B,B,1,0,MCQ,grec_hard_composition_gate,GroundedResidualEnergyCompositionHard,true_mcq_grec_hard,,
MMStar,LLaVA-NeXT-8B_Biased_Test,1349,vcf_only,vcf_only,D,D,1.0,0,1,0.0,0.8539732538484839,D,B,A,B,4,4,0,gray,gray,D,D,D,0,0,MCQ,grec_hard_composition_gate,GroundedResidualEnergyCompositionHard,true_mcq_grec_hard,,
MMStar,LLaVA-NeXT-8B_Biased_Test,1351,vcf_only,vcf_only,C,D,0.0,0,1,0.0,1.0,A,B,B,B,4,4,1,strongblur,gray,C,C,C,0,0,MCQ,grec_hard_composition_gate,GroundedResidualEnergyCompositionHard,true_mcq_grec_hard,,
MMStar,LLaVA-NeXT-8B_Biased_Test,1352,both,both,A,A,1.0,1,1,1.0,0.3925091226124584,A,D,D,A,1,4,0,strongblur,strongblur,A,A,A,1,0,MCQ,grec_hard_composition_gate,GroundedResidualEnergyCompositionHard,true_mcq_grec_hard,,
MMStar,LLaVA-NeXT-8B_Biased_Test,1353,both,both,D,B,0.0,1,1,0.02751510687540959,0.34526846670393707,D,B,A,B,2,4,1,centermask,centermask,B,D,D,0,1,MCQ,grec_hard_composition_gate,GroundedResidualEnergyCompositionHard,true_mcq_grec_hard,,
MMStar,LLaVA-NeXT-8B_Biased_Test,1354,vcf_only,vcf_only,A,A,1.0,0,1,0.0,0.9208200308972151,A,C,C,A,4,4,0,strongblur,centermask,A,A,A,1,0,MCQ,grec_hard_composition_gate,GroundedResidualEnergyCompositionHard,true_mcq_grec_hard,,
MMStar,LLaVA-NeXT-8B_Biased_Test,1356,both,both,B,C,0.0,1,1,0.043201788484306114,0.9239630526797551,B,B,B,B,1,4,1,centermask,gray,B,B,B,1,0,MCQ,grec_hard_composition_gate,GroundedResidualEnergyCompositionHard,true_mcq_grec_hard,,
MMStar,LLaVA-NeXT-8B_Biased_Test,1359,vcf_only,vcf_only,C,C,1.0,0,1,0.0,1.0,C,C,C,C,4,4,0,strongblur,centermask,C,C,C,1,0,MCQ,grec_hard_composition_gate,GroundedResidualEnergyCompositionHard,true_mcq_grec_hard,,
MMStar,LLaVA-NeXT-8B_Biased_Test,1361,tcf_only,both,B,B,1.0,1,1,0.019051733107388946,0.37920453489719846,B,B,C,B,1,3,1,gray,gray,B,B,B,1,0,MCQ,grec_hard_composition_gate,GroundedResidualEnergyCompositionHard,true_mcq_grec_hard,,
MMStar,LLaVA-NeXT-8B_Biased_Test,1362,both,both,B,A,0.0,1,1,0.06665575136300683,0.785991273484541,B,B,C,B,2,4,0,gray,gray,B,B,B,1,0,MCQ,grec_hard_composition_gate,GroundedResidualEnergyCompositionHard,true_mcq_grec_hard,,
MMStar,LLaVA-NeXT-8B_Biased_Test,1363,tcf_only,tcf_only,D,A,0.0,1,0,1.0,0.0,D,B,D,B,1,4,1,gray,gray,D,D,D,0,0,MCQ,grec_hard_composition_gate,GroundedResidualEnergyCompositionHard,true_mcq_grec_hard,,
MMStar,LLaVA-NeXT-8B_Biased_Test,1366,both,both,A,B,0.0,1,1,0.0,0.9915304316758292,A,C,C,C,1,4,1,centermask,gray,A,A,A,0,1,MCQ,grec_hard_composition_gate,GroundedResidualEnergyCompositionHard,true_mcq_grec_hard,,
MMStar,LLaVA-NeXT-8B_Biased_Test,1367,vcf_only,vcf_only,C,B,0.0,0,1,0.0,1.0,C,C,C,C,4,4,0,centermask,centermask,C,C,C,1,0,MCQ,grec_hard_composition_gate,GroundedResidualEnergyCompositionHard,true_mcq_grec_hard,,
MMStar,LLaVA-NeXT-8B_Biased_Test,1371,tcf_only,tcf_only,A,A,1.0,1,0,1.0,0.0,A,C,D,C,1,4,1,gray,gray,A,A,A,0,0,MCQ,grec_hard_composition_gate,GroundedResidualEnergyCompositionHard,true_mcq_grec_hard,,
MMStar,LLaVA-NeXT-8B_Biased_Test,1372,tcf_only,both,B,C,0.0,1,1,0.10370154389910025,1.0,B,B,B,B,1,4,1,strongblur,gray,B,B,B,1,0,MCQ,grec_hard_composition_gate,GroundedResidualEnergyCompositionHard,true_mcq_grec_hard,,
MMStar,LLaVA-NeXT-8B_Biased_Test,1373,both,both,B,D,0.0,1,1,1.0,1.0,B,A,B,A,1,4,0,gray,gray,B,B,B,0,1,MCQ,grec_hard_composition_gate,GroundedResidualEnergyCompositionHard,true_mcq_grec_hard,,
MMStar,LLaVA-NeXT-8B_Biased_Test,1374,both,both,C,C,1.0,1,1,0.010790331088776473,1.0,C,C,C,A,1,4,0,strongblur,gray,C,C,C,0,1,MCQ,grec_hard_composition_gate,GroundedResidualEnergyCompositionHard,true_mcq_grec_hard,,
MMStar,LLaVA-NeXT-8B_Biased_Test,1377,both,both,B,D,0.0,1,1,0.009493296173326282,0.974183446890592,B,D,B,D,1,4,1,centermask,gray,A,B,B,0,1,MCQ,grec_hard_composition_gate,GroundedResidualEnergyCompositionHard,true_mcq_grec_hard,,
MMStar,LLaVA-NeXT-8B_Biased_Test,1378,vcf_only,vcf_only,B,C,0.0,0,1,0.0,0.19056600680687252,B,B,B,B,4,4,0,centermask,centermask,B,B,B,1,0,MCQ,grec_hard_composition_gate,GroundedResidualEnergyCompositionHard,true_mcq_grec_hard,,
MMStar,LLaVA-NeXT-8B_Biased_Test,1379,vcf_only,vcf_only,B,C,0.0,0,1,0.0,1.0,B,A,A,B,4,4,0,strongblur,centermask,B,B,B,1,0,MCQ,grec_hard_composition_gate,GroundedResidualEnergyCompositionHard,true_mcq_grec_hard,,
MMStar,LLaVA-NeXT-8B_Biased_Test,1382,vcf_only,vcf_only,D,A,0.0,0,1,0.0,0.9942907360590489,D,D,D,D,4,4,0,gray,gray,D,D,D,1,0,MCQ,grec_hard_composition_gate,GroundedResidualEnergyCompositionHard,true_mcq_grec_hard,,
MMStar,LLaVA-NeXT-8B_Biased_Test,1391,vcf_only,vcf_only,D,A,0.0,0,1,0.0,0.9696575843569971,D,D,D,D,4,4,0,centermask,centermask,D,D,D,1,0,MCQ,grec_hard_composition_gate,GroundedResidualEnergyCompositionHard,true_mcq_grec_hard,,
MMStar,LLaVA-NeXT-8B_Biased_Test,1392,tcf_only,both,C,B,0.0,1,1,0.0,0.3925091226124584,C,B,B,B,4,4,1,centermask,centermask,A,C,C,0,1,MCQ,grec_hard_composition_gate,GroundedResidualEnergyCompositionHard,true_mcq_grec_hard,,
MMStar,LLaVA-NeXT-8B_Biased_Test,1394,tcf_only,both,A,A,1.0,1,1,0.0,0.9927098235513696,A,A,A,A,1,2,0,gray,gray,A,A,A,1,0,MCQ,grec_hard_composition_gate,GroundedResidualEnergyCompositionHard,true_mcq_grec_hard,,
MMStar,LLaVA-NeXT-8B_Biased_Test,1397,both,both,A,D,0.0,1,1,0.0,1.0,A,B,B,A,1,4,0,strongblur,gray,A,A,A,1,0,MCQ,grec_hard_composition_gate,GroundedResidualEnergyCompositionHard,true_mcq_grec_hard,,
MMStar,LLaVA-NeXT-8B_Biased_Test,1398,tcf_only,tcf_only,C,B,0.0,1,0,0.016365072361350652,0.0,C,D,C,A,1,4,1,strongblur,gray,C,C,C,0,0,MCQ,grec_hard_composition_gate,GroundedResidualEnergyCompositionHard,true_mcq_grec_hard,,
MMStar,LLaVA-NeXT-8B_Biased_Test,1399,both,both,B,B,1.0,1,1,0.0,0.3925091226124584,B,D,B,D,2,4,1,centermask,gray,B,B,B,0,1,MCQ,grec_hard_composition_gate,GroundedResidualEnergyCompositionHard,true_mcq_grec_hard,,
MMStar,LLaVA-NeXT-8B_Biased_Test,1401,vcf_only,vcf_only,A,B,0.0,0,1,0.0,0.290210197729846,B,B,B,B,4,4,1,centermask,gray,A,A,A,1,0,MCQ,grec_hard_composition_gate,GroundedResidualEnergyCompositionHard,true_mcq_grec_hard,,
MMStar,LLaVA-NeXT-8B_Biased_Test,1402,tcf_only,tcf_only,D,C,0.0,1,0,1.0,0.0,D,C,C,B,1,4,1,centermask,gray,D,D,D,0,0,MCQ,grec_hard_composition_gate,GroundedResidualEnergyCompositionHard,true_mcq_grec_hard,,
MMStar,LLaVA-NeXT-8B_Biased_Test,1403,tcf_only,both,B,B,1.0,1,1,0.03447731728935555,1.0,B,D,D,C,3,4,1,strongblur,gray,B,B,B,0,1,MCQ,grec_hard_composition_gate,GroundedResidualEnergyCompositionHard,true_mcq_grec_hard,,
MMStar,LLaVA-NeXT-8B_Biased_Test,1406,tcf_only,both,B,D,0.0,1,1,0.029090438653339046,1.0,B,C,D,C,1,4,1,strongblur,centermask,B,B,B,0,1,MCQ,grec_hard_composition_gate,GroundedResidualEnergyCompositionHard,true_mcq_grec_hard,,
MMStar,LLaVA-NeXT-8B_Biased_Test,1409,tcf_only,tcf_only,A,B,0.0,1,0,0.0,0.0,A,A,A,C,2,3,1,gray,gray,A,A,A,0,0,MCQ,grec_hard_composition_gate,GroundedResidualEnergyCompositionHard,true_mcq_grec_hard,,
MMStar,LLaVA-NeXT-8B_Biased_Test,1412,tcf_only,tcf_only,B,B,1.0,1,0,1.0,0.0,B,C,B,B,1,4,0,centermask,gray,B,B,B,1,0,MCQ,grec_hard_composition_gate,GroundedResidualEnergyCompositionHard,true_mcq_grec_hard,,
MMStar,LLaVA-NeXT-8B_Biased_Test,1413,vcf_only,vcf_only,A,D,0.0,0,1,0.0,0.9906466946928464,A,B,B,A,4,4,0,centermask,centermask,A,A,A,1,0,MCQ,grec_hard_composition_gate,GroundedResidualEnergyCompositionHard,true_mcq_grec_hard,,
MMStar,LLaVA-NeXT-8B_Biased_Test,1416,tcf_only,tcf_only,A,A,1.0,1,0,0.045656873881835924,0.0,A,B,A,A,1,4,1,centermask,gray,A,A,A,1,0,MCQ,grec_hard_composition_gate,GroundedResidualEnergyCompositionHard,true_mcq_grec_hard,,
MMStar,LLaVA-NeXT-8B_Biased_Test,1419,vcf_only,vcf_only,A,A,1.0,0,1,0.0,0.9164957660485662,B,A,B,A,3,3,1,strongblur,centermask,A,A,A,0,0,MCQ,grec_hard_composition_gate,GroundedResidualEnergyCompositionHard,true_mcq_grec_hard,,
MMStar,LLaVA-NeXT-8B_Biased_Test,1421,vcf_only,vcf_only,A,A,1.0,0,1,0.0,0.8142833777175535,B,B,B,B,4,4,1,centermask,gray,A,A,A,1,0,MCQ,grec_hard_composition_gate,GroundedResidualEnergyCompositionHard,true_mcq_grec_hard,,
MMStar,LLaVA-NeXT-8B_Biased_Test,1422,both,both,A,A,1.0,1,1,0.085048597258782,0.9304257001077576,A,B,B,B,3,4,1,gray,gray,A,A,A,0,1,MCQ,grec_hard_composition_gate,GroundedResidualEnergyCompositionHard,true_mcq_grec_hard,,
MMStar,LLaVA-NeXT-8B_Biased_Test,1424,tcf_only,both,A,A,1.0,1,1,0.11050693602226058,0.30208200516345274,A,A,A,B,1,3,1,centermask,centermask,A,A,A,0,1,MCQ,grec_hard_composition_gate,GroundedResidualEnergyCompositionHard,true_mcq_grec_hard,,
MMStar,LLaVA-NeXT-8B_Biased_Test,1428,vcf_only,vcf_only,B,A,0.0,0,1,0.0,1.0,A,B,B,B,3,3,1,centermask,gray,B,B,B,0,0,MCQ,grec_hard_composition_gate,GroundedResidualEnergyCompositionHard,true_mcq_grec_hard,,
MMStar,LLaVA-NeXT-8B_Biased_Test,1429,tcf_only,tcf_only,B,B,1.0,1,0,0.0,0.0,B,A,A,D,2,4,1,strongblur,gray,B,B,B,0,0,MCQ,grec_hard_composition_gate,GroundedResidualEnergyCompositionHard,true_mcq_grec_hard,,
MMStar,LLaVA-NeXT-8B_Biased_Test,1434,tcf_only,tcf_only,D,D,1.0,1,0,0.03907766445644967,0.0,A,D,D,D,3,4,0,gray,gray,D,D,D,0,0,MCQ,grec_hard_composition_gate,GroundedResidualEnergyCompositionHard,true_mcq_grec_hard,,
MMStar,LLaVA-NeXT-8B_Biased_Test,1436,both,both,B,A,0.0,1,1,0.29159137117397727,1.0,B,C,C,B,1,3,0,strongblur,gray,B,B,B,1,0,MCQ,grec_hard_composition_gate,GroundedResidualEnergyCompositionHard,true_mcq_grec_hard,,
MMStar,LLaVA-NeXT-8B_Biased_Test,1438,tcf_only,tcf_only,A,A,1.0,1,0,0.0,0.0,A,A,A,D,1,4,1,gray,gray,A,A,A,0,0,MCQ,grec_hard_composition_gate,GroundedResidualEnergyCompositionHard,true_mcq_grec_hard,,
MMStar,LLaVA-NeXT-8B_Biased_Test,1441,tcf_only,tcf_only,B,B,1.0,1,0,0.0,0.0,B,B,B,B,1,3,1,centermask,centermask,B,B,B,1,0,MCQ,grec_hard_composition_gate,GroundedResidualEnergyCompositionHard,true_mcq_grec_hard,,
MMStar,LLaVA-NeXT-8B_Biased_Test,1444,tcf_only,tcf_only,D,D,1.0,1,0,1.0,0.0,D,D,D,C,1,4,0,centermask,gray,D,D,D,0,0,MCQ,grec_hard_composition_gate,GroundedResidualEnergyCompositionHard,true_mcq_grec_hard,,
MMStar,LLaVA-NeXT-8B_Biased_Test,1448,tcf_only,tcf_only,C,A,0.0,1,0,1.0,0.0,C,B,B,B,1,4,0,centermask,gray,C,C,C,0,0,MCQ,grec_hard_composition_gate,GroundedResidualEnergyCompositionHard,true_mcq_grec_hard,,
MMStar,LLaVA-NeXT-8B_Biased_Test,1449,both,both,A,A,1.0,1,1,0.10338694621919275,0.4501536409834669,A,D,D,D,1,4,1,gray,gray,A,A,A,0,1,MCQ,grec_hard_composition_gate,GroundedResidualEnergyCompositionHard,true_mcq_grec_hard,,
MMStar,LLaVA-NeXT-8B_Biased_Test,1452,vcf_only,vcf_only,C,D,0.0,0,1,0.0,1.0,C,C,C,C,4,4,0,centermask,gray,C,C,C,1,0,MCQ,grec_hard_composition_gate,GroundedResidualEnergyCompositionHard,true_mcq_grec_hard,,
MMStar,LLaVA-NeXT-8B_Biased_Test,1456,tcf_only,tcf_only,A,C,0.0,1,0,0.06768595093938412,0.0,A,C,C,C,1,4,1,gray,gray,A,A,A,0,0,MCQ,grec_hard_composition_gate,GroundedResidualEnergyCompositionHard,true_mcq_grec_hard,,
MMStar,LLaVA-NeXT-8B_Biased_Test,1457,tcf_only,tcf_only,A,B,0.0,1,0,0.0,0.0,A,A,A,A,1,3,0,strongblur,centermask,A,A,A,1,0,MCQ,grec_hard_composition_gate,GroundedResidualEnergyCompositionHard,true_mcq_grec_hard,,
MMStar,LLaVA-NeXT-8B_Biased_Test,1458,tcf_only,both,A,A,1.0,1,1,0.0,0.9965718654305249,A,A,A,A,1,2,0,gray,gray,A,A,A,1,0,MCQ,grec_hard_composition_gate,GroundedResidualEnergyCompositionHard,true_mcq_grec_hard,,
MMStar,LLaVA-NeXT-8B_Biased_Test,1459,tcf_only,both,B,A,0.0,1,1,0.18531684055261488,0.3925091226124584,B,A,A,B,1,4,0,gray,gray,B,B,B,1,0,MCQ,grec_hard_composition_gate,GroundedResidualEnergyCompositionHard,true_mcq_grec_hard,,
MMStar,LLaVA-NeXT-8B_Biased_Test,1464,both,both,C,C,1.0,1,1,0.0,0.21895882277393716,C,A,A,A,2,4,1,centermask,gray,A,C,C,0,1,MCQ,grec_hard_composition_gate,GroundedResidualEnergyCompositionHard,true_mcq_grec_hard,,
MMStar,LLaVA-NeXT-8B_Biased_Test,1468,vcf_only,vcf_only,C,C,1.0,0,1,0.0,0.7221285147974467,D,D,D,C,4,4,1,centermask,centermask,C,C,C,0,0,MCQ,grec_hard_composition_gate,GroundedResidualEnergyCompositionHard,true_mcq_grec_hard,,
MMStar,LLaVA-NeXT-8B_Biased_Test,1472,vcf_only,vcf_only,D,A,0.0,0,1,0.0,1.0,B,B,B,D,4,4,1,strongblur,centermask,D,D,D,0,0,MCQ,grec_hard_composition_gate,GroundedResidualEnergyCompositionHard,true_mcq_grec_hard,,
MMStar,LLaVA-NeXT-8B_Biased_Test,1473,both,both,A,A,1.0,1,1,0.0,1.0,A,A,A,B,1,3,1,strongblur,gray,A,A,A,0,1,MCQ,grec_hard_composition_gate,GroundedResidualEnergyCompositionHard,true_mcq_grec_hard,,
MMStar,LLaVA-NeXT-8B_Biased_Test,1474,both,both,B,B,1.0,1,1,1.0,1.0,B,A,C,A,1,3,1,gray,gray,A,B,B,0,1,MCQ,grec_hard_composition_gate,GroundedResidualEnergyCompositionHard,true_mcq_grec_hard,,
MMStar,LLaVA-NeXT-8B_Biased_Test,1481,tcf_only,tcf_only,A,B,0.0,1,0,0.06097027550230649,0.0,A,D,A,D,1,4,1,gray,gray,A,A,A,0,0,MCQ,grec_hard_composition_gate,GroundedResidualEnergyCompositionHard,true_mcq_grec_hard,,
MMStar,LLaVA-NeXT-8B_Biased_Test,1482,tcf_only,both,D,B,0.0,1,1,0.0,0.9220103933240534,D,D,D,D,1,4,1,gray,gray,D,D,D,1,0,MCQ,grec_hard_composition_gate,GroundedResidualEnergyCompositionHard,true_mcq_grec_hard,,
MMStar,LLaVA-NeXT-8B_Biased_Test,1486,both,both,B,D,0.0,1,1,0.036932754753463026,0.8423537527394122,B,C,C,B,2,4,1,gray,gray,B,B,B,1,0,MCQ,grec_hard_composition_gate,GroundedResidualEnergyCompositionHard,true_mcq_grec_hard,,
MMStar,LLaVA-NeXT-8B_Biased_Test,1487,vcf_only,vcf_only,C,C,1.0,0,1,0.0,0.556004602774408,C,D,D,C,4,4,0,centermask,centermask,C,C,C,1,0,MCQ,grec_hard_composition_gate,GroundedResidualEnergyCompositionHard,true_mcq_grec_hard,,
MMStar,LLaVA-NeXT-8B_Biased_Test,1489,vcf_only,vcf_only,A,A,1.0,0,1,0.0,0.5980944382817464,C,C,C,C,4,4,1,gray,gray,A,A,A,1,0,MCQ,grec_hard_composition_gate,GroundedResidualEnergyCompositionHard,true_mcq_grec_hard,,
MMStar,LLaVA-NeXT-8B_Biased_Test,1491,tcf_only,tcf_only,A,C,0.0,1,0,0.05826189047719077,0.0,A,C,C,C,1,4,1,strongblur,centermask,A,A,A,0,0,MCQ,grec_hard_composition_gate,GroundedResidualEnergyCompositionHard,true_mcq_grec_hard,,
MMStar,LLaVA-NeXT-8B_Biased_Test,1494,vcf_only,vcf_only,D,A,0.0,0,1,0.0,0.3046099327156849,A,B,B,B,4,4,1,gray,gray,D,D,D,0,0,MCQ,grec_hard_composition_gate,GroundedResidualEnergyCompositionHard,true_mcq_grec_hard,,
MMStar,LLaVA-NeXT-8B_Biased_Test,1496,tcf_only,both,A,C,0.0,1,1,0.07627596304765571,0.84159319080424,A,C,A,B,1,4,1,centermask,gray,A,A,A,0,1,MCQ,grec_hard_composition_gate,GroundedResidualEnergyCompositionHard,true_mcq_grec_hard,,
MMStar,LLaVA-NeXT-8B_Biased_Test,1497,vcf_only,vcf_only,C,C,1.0,0,1,0.0,0.3054974455783598,B,B,B,C,4,4,1,centermask,centermask,C,C,C,0,0,MCQ,grec_hard_composition_gate,GroundedResidualEnergyCompositionHard,true_mcq_grec_hard,,
CCBench,LLaVA-NeXT-8B_Biased_Test,4,vcf_only,vcf_only,D,D,1.0,0,1,0.0,0.3809580461575068,A,B,B,D,4,4,1,strongblur,centermask,D,D,D,0,0,MCQ,grec_hard_composition_gate,GroundedResidualEnergyCompositionHard,true_mcq_grec_hard,,
CCBench,LLaVA-NeXT-8B_Biased_Test,9,vcf_only,vcf_only,C,D,0.0,0,1,0.0,0.0514932713376932,C,C,C,C,4,4,0,gray,gray,C,C,C,1,0,MCQ,grec_hard_composition_gate,GroundedResidualEnergyCompositionHard,true_mcq_grec_hard,,
CCBench,LLaVA-NeXT-8B_Biased_Test,13,both,both,A,C,0.0,1,1,0.0,0.3925091226124584,A,A,A,A,1,4,0,gray,gray,A,A,A,1,0,MCQ,grec_hard_composition_gate,GroundedResidualEnergyCompositionHard,true_mcq_grec_hard,,
CCBench,LLaVA-NeXT-8B_Biased_Test,18,vcf_only,vcf_only,B,B,1.0,0,1,0.0,0.942304719957284,B,B,A,B,4,4,0,centermask,centermask,B,B,B,1,0,MCQ,grec_hard_composition_gate,GroundedResidualEnergyCompositionHard,true_mcq_grec_hard,,
CCBench,LLaVA-NeXT-8B_Biased_Test,20,both,both,B,B,1.0,1,1,0.06800418140238107,1.0,B,B,B,B,1,4,0,centermask,gray,B,B,B,1,0,MCQ,grec_hard_composition_gate,GroundedResidualEnergyCompositionHard,true_mcq_grec_hard,,
CCBench,LLaVA-NeXT-8B_Biased_Test,22,vcf_only,vcf_only,C,B,0.0,0,1,0.0,0.3518282005534533,D,A,A,B,4,4,1,strongblur,gray,C,C,C,0,0,MCQ,grec_hard_composition_gate,GroundedResidualEnergyCompositionHard,true_mcq_grec_hard,,
CCBench,LLaVA-NeXT-8B_Biased_Test,24,vcf_only,vcf_only,D,B,0.0,0,1,0.0,0.3925091226124584,D,A,A,D,4,4,0,gray,gray,D,D,D,1,0,MCQ,grec_hard_composition_gate,GroundedResidualEnergyCompositionHard,true_mcq_grec_hard,,
CCBench,LLaVA-NeXT-8B_Biased_Test,34,vcf_only,vcf_only,D,C,0.0,0,1,0.0,0.12692843639776055,A,A,A,A,4,4,1,centermask,centermask,D,D,D,1,0,MCQ,grec_hard_composition_gate,GroundedResidualEnergyCompositionHard,true_mcq_grec_hard,,
CCBench,LLaVA-NeXT-8B_Biased_Test,35,vcf_only,vcf_only,A,C,0.0,0,1,0.0,0.094112301429428,A,A,A,A,4,4,0,gray,gray,A,A,A,1,0,MCQ,grec_hard_composition_gate,GroundedResidualEnergyCompositionHard,true_mcq_grec_hard,,
CCBench,LLaVA-NeXT-8B_Biased_Test,39,vcf_only,vcf_only,A,B,0.0,0,1,0.0,0.5257184618964355,A,A,A,A,4,4,0,centermask,centermask,A,A,A,1,0,MCQ,grec_hard_composition_gate,GroundedResidualEnergyCompositionHard,true_mcq_grec_hard,,
CCBench,LLaVA-NeXT-8B_Biased_Test,40,vcf_only,vcf_only,C,C,1.0,0,1,0.0,0.8962624808114221,A,D,D,C,4,4,1,gray,gray,C,C,C,0,0,MCQ,grec_hard_composition_gate,GroundedResidualEnergyCompositionHard,true_mcq_grec_hard,,
CCBench,LLaVA-NeXT-8B_Biased_Test,41,vcf_only,vcf_only,A,A,1.0,0,1,0.0,0.7486572173294178,A,D,D,A,4,4,0,gray,gray,A,A,A,1,0,MCQ,grec_hard_composition_gate,GroundedResidualEnergyCompositionHard,true_mcq_grec_hard,,
CCBench,LLaVA-NeXT-8B_Biased_Test,43,vcf_only,vcf_only,A,B,0.0,0,1,0.0,1.0,B,D,A,A,4,4,1,strongblur,gray,A,A,A,0,0,MCQ,grec_hard_composition_gate,GroundedResidualEnergyCompositionHard,true_mcq_grec_hard,,
CCBench,LLaVA-NeXT-8B_Biased_Test,45,vcf_only,vcf_only,B,D,0.0,0,1,0.0,0.189583292946957,B,B,B,B,4,4,0,centermask,centermask,B,B,B,1,0,MCQ,grec_hard_composition_gate,GroundedResidualEnergyCompositionHard,true_mcq_grec_hard,,
CCBench,LLaVA-NeXT-8B_Biased_Test,50,both,both,C,B,0.0,1,1,1.0,0.2095886824435438,C,C,C,C,1,4,0,centermask,centermask,C,C,C,1,0,MCQ,grec_hard_composition_gate,GroundedResidualEnergyCompositionHard,true_mcq_grec_hard,,
CCBench,LLaVA-NeXT-8B_Biased_Test,54,vcf_only,vcf_only,A,B,0.0,0,1,0.0,0.9871329816658767,A,A,A,A,4,4,0,strongblur,strongblur,A,A,A,1,0,MCQ,grec_hard_composition_gate,GroundedResidualEnergyCompositionHard,true_mcq_grec_hard,,
CCBench,LLaVA-NeXT-8B_Biased_Test,56,vcf_only,vcf_only,A,D,0.0,0,1,0.0,1.0,A,B,A,A,4,4,0,centermask,gray,A,A,A,1,0,MCQ,grec_hard_composition_gate,GroundedResidualEnergyCompositionHard,true_mcq_grec_hard,,
CCBench,LLaVA-NeXT-8B_Biased_Test,57,vcf_only,vcf_only,B,B,1.0,0,1,0.0,0.5600897953048223,A,A,A,B,4,4,1,centermask,gray,B,B,B,0,0,MCQ,grec_hard_composition_gate,GroundedResidualEnergyCompositionHard,true_mcq_grec_hard,,
CCBench,LLaVA-NeXT-8B_Biased_Test,65,vcf_only,vcf_only,A,B,0.0,0,1,0.0,0.16352887406311573,A,A,A,A,4,4,0,centermask,centermask,A,A,A,1,0,MCQ,grec_hard_composition_gate,GroundedResidualEnergyCompositionHard,true_mcq_grec_hard,,
CCBench,LLaVA-NeXT-8B_Biased_Test,66,vcf_only,vcf_only,B,B,1.0,0,1,0.0,0.1868869233794331,C,C,C,B,4,4,1,gray,gray,B,B,B,0,0,MCQ,grec_hard_composition_gate,GroundedResidualEnergyCompositionHard,true_mcq_grec_hard,,
CCBench,LLaVA-NeXT-8B_Biased_Test,67,vcf_only,vcf_only,C,D,0.0,0,1,0.0,0.1496940991996243,C,C,C,C,4,4,0,gray,gray,C,C,C,1,0,MCQ,grec_hard_composition_gate,GroundedResidualEnergyCompositionHard,true_mcq_grec_hard,,
CCBench,LLaVA-NeXT-8B_Biased_Test,69,vcf_only,vcf_only,B,C,0.0,0,1,0.0,1.0,B,A,A,B,4,4,0,strongblur,strongblur,B,B,B,1,0,MCQ,grec_hard_composition_gate,GroundedResidualEnergyCompositionHard,true_mcq_grec_hard,,
CCBench,LLaVA-NeXT-8B_Biased_Test,71,vcf_only,vcf_only,B,D,0.0,0,1,0.0,0.7535087274717077,B,B,B,B,4,4,0,gray,gray,B,B,B,1,0,MCQ,grec_hard_composition_gate,GroundedResidualEnergyCompositionHard,true_mcq_grec_hard,,
CCBench,LLaVA-NeXT-8B_Biased_Test,77,vcf_only,vcf_only,A,C,0.0,0,1,0.0,0.13549085771119884,A,A,A,A,4,4,0,gray,gray,A,A,A,1,0,MCQ,grec_hard_composition_gate,GroundedResidualEnergyCompositionHard,true_mcq_grec_hard,,
CCBench,LLaVA-NeXT-8B_Biased_Test,85,vcf_only,vcf_only,A,D,0.0,0,1,0.0,0.2777897656336041,C,C,C,A,4,4,1,centermask,gray,A,A,A,0,0,MCQ,grec_hard_composition_gate,GroundedResidualEnergyCompositionHard,true_mcq_grec_hard,,
CCBench,LLaVA-NeXT-8B_Biased_Test,87,vcf_only,vcf_only,D,C,0.0,0,1,0.0,0.28819171447416225,D,D,D,D,4,4,0,centermask,centermask,D,D,D,1,0,MCQ,grec_hard_composition_gate,GroundedResidualEnergyCompositionHard,true_mcq_grec_hard,,
CCBench,LLaVA-NeXT-8B_Biased_Test,88,vcf_only,vcf_only,B,D,0.0,0,1,0.0,1.0,A,B,B,B,4,4,1,strongblur,gray,B,B,B,0,0,MCQ,grec_hard_composition_gate,GroundedResidualEnergyCompositionHard,true_mcq_grec_hard,,
CCBench,LLaVA-NeXT-8B_Biased_Test,92,vcf_only,vcf_only,B,D,0.0,0,1,0.0,0.6728881520563448,A,A,A,B,4,4,1,centermask,centermask,B,B,B,0,0,MCQ,grec_hard_composition_gate,GroundedResidualEnergyCompositionHard,true_mcq_grec_hard,,
CCBench,LLaVA-NeXT-8B_Biased_Test,97,vcf_only,vcf_only,C,B,0.0,0,1,0.0,0.8406422239486216,C,C,C,C,4,4,0,gray,gray,C,C,C,1,0,MCQ,grec_hard_composition_gate,GroundedResidualEnergyCompositionHard,true_mcq_grec_hard,,
CCBench,LLaVA-NeXT-8B_Biased_Test,103,tcf_only,tcf_only,D,A,0.0,1,0,1.0,0.0,D,A,A,A,1,4,1,gray,gray,D,D,D,0,0,MCQ,grec_hard_composition_gate,GroundedResidualEnergyCompositionHard,true_mcq_grec_hard,,
CCBench,LLaVA-NeXT-8B_Biased_Test,123,vcf_only,vcf_only,A,D,0.0,0,1,0.0,0.843109360227461,A,A,A,A,4,4,0,gray,gray,A,A,A,1,0,MCQ,grec_hard_composition_gate,GroundedResidualEnergyCompositionHard,true_mcq_grec_hard,,
CCBench,LLaVA-NeXT-8B_Biased_Test,125,vcf_only,vcf_only,C,B,0.0,0,1,0.0,0.6898156945382404,A,A,A,A,4,4,1,gray,gray,C,C,C,1,0,MCQ,grec_hard_composition_gate,GroundedResidualEnergyCompositionHard,true_mcq_grec_hard,,
CCBench,LLaVA-NeXT-8B_Biased_Test,127,vcf_only,vcf_only,D,D,1.0,0,1,0.0,1.0,A,A,A,D,4,4,1,strongblur,centermask,D,D,D,0,0,MCQ,grec_hard_composition_gate,GroundedResidualEnergyCompositionHard,true_mcq_grec_hard,,
CCBench,LLaVA-NeXT-8B_Biased_Test,128,vcf_only,vcf_only,A,A,1.0,0,1,0.0,0.5972237651921168,C,C,C,A,4,4,1,centermask,centermask,A,A,A,0,0,MCQ,grec_hard_composition_gate,GroundedResidualEnergyCompositionHard,true_mcq_grec_hard,,
CCBench,LLaVA-NeXT-8B_Biased_Test,129,vcf_only,vcf_only,C,B,0.0,0,1,0.0,0.6716051408164848,C,C,C,C,4,4,0,centermask,centermask,C,C,C,1,0,MCQ,grec_hard_composition_gate,GroundedResidualEnergyCompositionHard,true_mcq_grec_hard,,
CCBench,LLaVA-NeXT-8B_Biased_Test,140,tcf_only,tcf_only,A,B,0.0,1,0,1.0,0.0,A,A,A,A,1,4,0,centermask,gray,A,A,A,1,0,MCQ,grec_hard_composition_gate,GroundedResidualEnergyCompositionHard,true_mcq_grec_hard,,
CCBench,LLaVA-NeXT-8B_Biased_Test,142,tcf_only,tcf_only,B,C,0.0,1,0,1.0,0.0,B,B,B,A,1,4,1,strongblur,gray,B,B,B,0,0,MCQ,grec_hard_composition_gate,GroundedResidualEnergyCompositionHard,true_mcq_grec_hard,,
CCBench,LLaVA-NeXT-8B_Biased_Test,144,tcf_only,tcf_only,B,A,0.0,1,0,1.0,0.0,B,D,D,A,1,4,1,strongblur,gray,B,B,B,0,0,MCQ,grec_hard_composition_gate,GroundedResidualEnergyCompositionHard,true_mcq_grec_hard,,
CCBench,LLaVA-NeXT-8B_Biased_Test,148,vcf_only,vcf_only,C,A,0.0,0,1,0.0,0.9279393560132787,A,B,B,C,4,4,1,centermask,centermask,C,C,C,0,0,MCQ,grec_hard_composition_gate,GroundedResidualEnergyCompositionHard,true_mcq_grec_hard,,
CCBench,LLaVA-NeXT-8B_Biased_Test,149,vcf_only,vcf_only,C,A,0.0,0,1,0.0,0.3925091226124584,A,A,A,C,4,4,1,centermask,centermask,C,C,C,0,0,MCQ,grec_hard_composition_gate,GroundedResidualEnergyCompositionHard,true_mcq_grec_hard,,
CCBench,LLaVA-NeXT-8B_Biased_Test,157,vcf_only,vcf_only,D,B,0.0,0,1,0.0,0.8706939649793572,A,A,A,D,4,4,1,centermask,centermask,D,D,D,0,0,MCQ,grec_hard_composition_gate,GroundedResidualEnergyCompositionHard,true_mcq_grec_hard,,
CCBench,LLaVA-NeXT-8B_Biased_Test,164,vcf_only,vcf_only,D,A,0.0,0,1,0.0,0.9039157716683621,D,B,B,D,4,4,0,strongblur,strongblur,D,D,D,1,0,MCQ,grec_hard_composition_gate,GroundedResidualEnergyCompositionHard,true_mcq_grec_hard,,
CCBench,LLaVA-NeXT-8B_Biased_Test,167,vcf_only,vcf_only,D,D,1.0,0,1,0.0,0.6120538595792893,D,B,B,B,4,4,0,gray,gray,D,D,D,0,0,MCQ,grec_hard_composition_gate,GroundedResidualEnergyCompositionHard,true_mcq_grec_hard,,
CCBench,LLaVA-NeXT-8B_Biased_Test,170,vcf_only,vcf_only,A,A,1.0,0,1,0.0,0.3925091226124584,C,B,B,C,4,4,1,strongblur,centermask,A,A,A,1,0,MCQ,grec_hard_composition_gate,GroundedResidualEnergyCompositionHard,true_mcq_grec_hard,,
CCBench,LLaVA-NeXT-8B_Biased_Test,175,vcf_only,vcf_only,C,B,0.0,0,1,0.0,0.8154954980132084,A,A,A,A,4,4,1,gray,gray,C,C,C,1,0,MCQ,grec_hard_composition_gate,GroundedResidualEnergyCompositionHard,true_mcq_grec_hard,,
CCBench,LLaVA-NeXT-8B_Biased_Test,183,vcf_only,vcf_only,B,A,0.0,0,1,0.0,0.4743567863554426,B,B,B,B,4,4,0,gray,gray,B,B,B,1,0,MCQ,grec_hard_composition_gate,GroundedResidualEnergyCompositionHard,true_mcq_grec_hard,,
CCBench,LLaVA-NeXT-8B_Biased_Test,186,vcf_only,vcf_only,D,B,0.0,0,1,0.0,0.25281066776859146,A,A,A,A,4,4,1,centermask,centermask,D,D,D,1,0,MCQ,grec_hard_composition_gate,GroundedResidualEnergyCompositionHard,true_mcq_grec_hard,,
CCBench,LLaVA-NeXT-8B_Biased_Test,188,both,both,A,D,0.0,1,1,0.08818092327592764,0.12909517578615548,A,B,B,B,1,4,0,centermask,centermask,A,A,A,0,1,MCQ,grec_hard_composition_gate,GroundedResidualEnergyCompositionHard,true_mcq_grec_hard,,
CCBench,LLaVA-NeXT-8B_Biased_Test,189,vcf_only,vcf_only,D,D,1.0,0,1,0.0,1.0,B,B,B,B,4,4,1,strongblur,gray,D,D,D,1,0,MCQ,grec_hard_composition_gate,GroundedResidualEnergyCompositionHard,true_mcq_grec_hard,,
CCBench,LLaVA-NeXT-8B_Biased_Test,193,vcf_only,vcf_only,D,A,0.0,0,1,0.0,0.9227836703789648,A,B,B,B,4,4,1,centermask,centermask,D,D,D,0,0,MCQ,grec_hard_composition_gate,GroundedResidualEnergyCompositionHard,true_mcq_grec_hard,,
CCBench,LLaVA-NeXT-8B_Biased_Test,194,both,both,B,A,0.0,1,1,0.07005864773683079,1.0,B,B,B,B,1,4,0,strongblur,strongblur,B,B,B,1,0,MCQ,grec_hard_composition_gate,GroundedResidualEnergyCompositionHard,true_mcq_grec_hard,,
CCBench,LLaVA-NeXT-8B_Biased_Test,198,vcf_only,vcf_only,B,A,0.0,0,1,0.0,0.5145921049565882,D,D,D,B,4,4,1,gray,gray,B,B,B,0,0,MCQ,grec_hard_composition_gate,GroundedResidualEnergyCompositionHard,true_mcq_grec_hard,,
CCBench,LLaVA-NeXT-8B_Biased_Test,200,vcf_only,vcf_only,A,A,1.0,0,1,0.0,0.016276262100072183,C,C,C,A,4,4,1,gray,gray,A,A,A,0,0,MCQ,grec_hard_composition_gate,GroundedResidualEnergyCompositionHard,true_mcq_grec_hard,,
CCBench,LLaVA-NeXT-8B_Biased_Test,201,vcf_only,vcf_only,C,B,0.0,0,1,0.0,0.829103821652178,A,A,A,C,4,4,1,gray,gray,C,C,C,0,0,MCQ,grec_hard_composition_gate,GroundedResidualEnergyCompositionHard,true_mcq_grec_hard,,
CCBench,LLaVA-NeXT-8B_Biased_Test,204,tcf_only,tcf_only,D,C,0.0,1,0,0.07350567574174316,0.0,D,D,D,B,1,4,1,centermask,gray,D,D,D,0,0,MCQ,grec_hard_composition_gate,GroundedResidualEnergyCompositionHard,true_mcq_grec_hard,,
CCBench,LLaVA-NeXT-8B_Biased_Test,209,vcf_only,vcf_only,D,D,1.0,0,1,0.0,0.932114130211824,B,A,A,D,4,4,1,centermask,centermask,D,D,D,0,0,MCQ,grec_hard_composition_gate,GroundedResidualEnergyCompositionHard,true_mcq_grec_hard,,
CCBench,LLaVA-NeXT-8B_Biased_Test,210,vcf_only,vcf_only,A,A,1.0,0,1,0.0,0.845134905867531,B,A,A,A,4,4,1,gray,gray,A,A,A,0,0,MCQ,grec_hard_composition_gate,GroundedResidualEnergyCompositionHard,true_mcq_grec_hard,,
CCBench,LLaVA-NeXT-8B_Biased_Test,213,vcf_only,vcf_only,B,D,0.0,0,1,0.0,0.540933041840305,B,B,B,B,4,4,0,gray,gray,B,B,B,1,0,MCQ,grec_hard_composition_gate,GroundedResidualEnergyCompositionHard,true_mcq_grec_hard,,
CCBench,LLaVA-NeXT-8B_Biased_Test,218,vcf_only,vcf_only,C,A,0.0,0,1,0.0,0.6441493060998142,C,C,C,C,4,4,0,gray,gray,C,C,C,1,0,MCQ,grec_hard_composition_gate,GroundedResidualEnergyCompositionHard,true_mcq_grec_hard,,
CCBench,LLaVA-NeXT-8B_Biased_Test,219,vcf_only,vcf_only,C,B,0.0,0,1,0.0,0.6468421337170529,C,C,C,C,4,4,0,gray,gray,C,C,C,1,0,MCQ,grec_hard_composition_gate,GroundedResidualEnergyCompositionHard,true_mcq_grec_hard,,
CCBench,LLaVA-NeXT-8B_Biased_Test,221,vcf_only,vcf_only,C,D,0.0,0,1,0.0,0.6522422692497177,C,C,C,C,4,4,0,centermask,centermask,C,C,C,1,0,MCQ,grec_hard_composition_gate,GroundedResidualEnergyCompositionHard,true_mcq_grec_hard,,
CCBench,LLaVA-NeXT-8B_Biased_Test,223,vcf_only,vcf_only,A,B,0.0,0,1,0.0,0.4482609947780408,A,A,A,A,4,4,0,gray,gray,A,A,A,1,0,MCQ,grec_hard_composition_gate,GroundedResidualEnergyCompositionHard,true_mcq_grec_hard,,
CCBench,LLaVA-NeXT-8B_Biased_Test,224,vcf_only,vcf_only,A,C,0.0,0,1,0.0,0.46449408537957537,A,A,A,A,4,4,0,gray,gray,A,A,A,1,0,MCQ,grec_hard_composition_gate,GroundedResidualEnergyCompositionHard,true_mcq_grec_hard,,
CCBench,LLaVA-NeXT-8B_Biased_Test,225,vcf_only,vcf_only,D,D,1.0,0,1,0.0,0.47566781409439823,A,A,A,D,4,4,1,gray,gray,D,D,D,0,0,MCQ,grec_hard_composition_gate,GroundedResidualEnergyCompositionHard,true_mcq_grec_hard,,
CCBench,LLaVA-NeXT-8B_Biased_Test,226,vcf_only,vcf_only,D,C,0.0,0,1,0.0,1.0,D,D,D,D,4,4,0,centermask,gray,D,D,D,1,0,MCQ,grec_hard_composition_gate,GroundedResidualEnergyCompositionHard,true_mcq_grec_hard,,
CCBench,LLaVA-NeXT-8B_Biased_Test,228,vcf_only,vcf_only,D,A,0.0,0,1,0.0,0.8775623243483163,D,B,B,D,4,4,0,gray,gray,D,D,D,1,0,MCQ,grec_hard_composition_gate,GroundedResidualEnergyCompositionHard,true_mcq_grec_hard,,
CCBench,LLaVA-NeXT-8B_Biased_Test,229,vcf_only,vcf_only,A,D,0.0,0,1,0.0,0.6553375696174822,C,A,C,A,4,4,1,centermask,centermask,A,A,A,0,0,MCQ,grec_hard_composition_gate,GroundedResidualEnergyCompositionHard,true_mcq_grec_hard,,
CCBench,LLaVA-NeXT-8B_Biased_Test,230,both,both,A,D,0.0,1,1,0.24736432244763717,0.25803877640252876,A,A,A,B,1,4,0,centermask,centermask,A,A,A,0,1,MCQ,grec_hard_composition_gate,GroundedResidualEnergyCompositionHard,true_mcq_grec_hard,,
CCBench,LLaVA-NeXT-8B_Biased_Test,233,vcf_only,vcf_only,C,B,0.0,0,1,0.0,0.5126538753920478,A,C,A,C,4,4,1,gray,gray,C,C,C,0,0,MCQ,grec_hard_composition_gate,GroundedResidualEnergyCompositionHard,true_mcq_grec_hard,,
CCBench,LLaVA-NeXT-8B_Biased_Test,241,vcf_only,vcf_only,D,B,0.0,0,1,0.0,0.9864676240389003,D,D,A,D,4,4,0,centermask,centermask,D,D,D,1,0,MCQ,grec_hard_composition_gate,GroundedResidualEnergyCompositionHard,true_mcq_grec_hard,,
CCBench,LLaVA-NeXT-8B_Biased_Test,243,vcf_only,vcf_only,A,B,0.0,0,1,0.0,0.7816103662970955,A,A,A,A,4,4,0,centermask,centermask,A,A,A,1,0,MCQ,grec_hard_composition_gate,GroundedResidualEnergyCompositionHard,true_mcq_grec_hard,,
CCBench,LLaVA-NeXT-8B_Biased_Test,244,vcf_only,vcf_only,A,D,0.0,0,1,0.0,0.6972110154092628,A,A,A,A,4,4,0,centermask,centermask,A,A,A,1,0,MCQ,grec_hard_composition_gate,GroundedResidualEnergyCompositionHard,true_mcq_grec_hard,,
CCBench,LLaVA-NeXT-8B_Biased_Test,253,vcf_only,vcf_only,C,C,1.0,0,1,0.0,0.5077168539744737,A,C,A,C,4,4,1,gray,gray,C,C,C,0,0,MCQ,grec_hard_composition_gate,GroundedResidualEnergyCompositionHard,true_mcq_grec_hard,,
CCBench,LLaVA-NeXT-8B_Biased_Test,259,vcf_only,vcf_only,B,D,0.0,0,1,0.0,0.3777714284633572,B,B,B,B,4,4,0,gray,gray,B,B,B,1,0,MCQ,grec_hard_composition_gate,GroundedResidualEnergyCompositionHard,true_mcq_grec_hard,,
CCBench,LLaVA-NeXT-8B_Biased_Test,263,vcf_only,vcf_only,A,A,1.0,0,1,0.0,1.0,A,B,A,A,4,4,0,gray,gray,A,A,A,1,0,MCQ,grec_hard_composition_gate,GroundedResidualEnergyCompositionHard,true_mcq_grec_hard,,
CCBench,LLaVA-NeXT-8B_Biased_Test,264,vcf_only,vcf_only,C,D,0.0,0,1,0.0,0.3925091226124584,B,C,B,C,4,4,1,gray,gray,C,C,C,0,0,MCQ,grec_hard_composition_gate,GroundedResidualEnergyCompositionHard,true_mcq_grec_hard,,
CCBench,LLaVA-NeXT-8B_Biased_Test,266,vcf_only,vcf_only,A,A,1.0,0,1,0.0,0.06461478836008545,B,B,B,A,4,4,1,gray,gray,A,A,A,0,0,MCQ,grec_hard_composition_gate,GroundedResidualEnergyCompositionHard,true_mcq_grec_hard,,
CCBench,LLaVA-NeXT-8B_Biased_Test,273,vcf_only,vcf_only,A,C,0.0,0,1,0.0,0.38794486819051155,C,B,C,A,4,4,1,centermask,gray,A,A,A,0,0,MCQ,grec_hard_composition_gate,GroundedResidualEnergyCompositionHard,true_mcq_grec_hard,,
CCBench,LLaVA-NeXT-8B_Biased_Test,276,vcf_only,vcf_only,D,C,0.0,0,1,0.0,0.4292058492930563,B,B,B,D,4,4,1,gray,gray,D,D,D,0,0,MCQ,grec_hard_composition_gate,GroundedResidualEnergyCompositionHard,true_mcq_grec_hard,,
CCBench,LLaVA-NeXT-8B_Biased_Test,279,vcf_only,vcf_only,A,B,0.0,0,1,0.0,0.9872584518464723,C,A,A,A,4,4,1,centermask,centermask,A,A,A,0,0,MCQ,grec_hard_composition_gate,GroundedResidualEnergyCompositionHard,true_mcq_grec_hard,,
CCBench,LLaVA-NeXT-8B_Biased_Test,281,tcf_only,tcf_only,C,B,0.0,1,0,1.0,0.0,C,C,C,B,1,4,1,strongblur,gray,C,C,C,0,0,MCQ,grec_hard_composition_gate,GroundedResidualEnergyCompositionHard,true_mcq_grec_hard,,
CCBench,LLaVA-NeXT-8B_Biased_Test,285,vcf_only,vcf_only,B,B,1.0,0,1,0.0,0.7030840023800177,C,C,C,B,4,4,1,centermask,centermask,B,B,B,0,0,MCQ,grec_hard_composition_gate,GroundedResidualEnergyCompositionHard,true_mcq_grec_hard,,
CCBench,LLaVA-NeXT-8B_Biased_Test,289,vcf_only,vcf_only,B,B,1.0,0,1,0.0,0.5801324656542042,A,B,A,B,4,4,1,centermask,centermask,B,B,B,0,0,MCQ,grec_hard_composition_gate,GroundedResidualEnergyCompositionHard,true_mcq_grec_hard,,
CCBench,LLaVA-NeXT-8B_Biased_Test,296,vcf_only,vcf_only,D,A,0.0,0,1,0.0,0.9804610503986498,B,C,C,C,4,4,1,strongblur,gray,D,D,D,0,0,MCQ,grec_hard_composition_gate,GroundedResidualEnergyCompositionHard,true_mcq_grec_hard,,
CCBench,LLaVA-NeXT-8B_Biased_Test,299,vcf_only,vcf_only,B,D,0.0,0,1,0.0,0.7187134908860051,C,C,C,C,4,4,1,gray,gray,B,B,B,1,0,MCQ,grec_hard_composition_gate,GroundedResidualEnergyCompositionHard,true_mcq_grec_hard,,
CCBench,LLaVA-NeXT-8B_Biased_Test,300,tcf_only,tcf_only,A,A,1.0,1,0,1.0,0.0,A,C,C,A,1,4,0,strongblur,gray,A,A,A,1,0,MCQ,grec_hard_composition_gate,GroundedResidualEnergyCompositionHard,true_mcq_grec_hard,,
CCBench,LLaVA-NeXT-8B_Biased_Test,303,tcf_only,tcf_only,C,D,0.0,1,0,1.0,0.0,C,C,C,C,1,4,1,strongblur,gray,C,C,C,1,0,MCQ,grec_hard_composition_gate,GroundedResidualEnergyCompositionHard,true_mcq_grec_hard,,
CCBench,LLaVA-NeXT-8B_Biased_Test,308,vcf_only,vcf_only,C,D,0.0,0,1,0.0,1.0,C,C,C,C,4,4,0,strongblur,gray,C,C,C,1,0,MCQ,grec_hard_composition_gate,GroundedResidualEnergyCompositionHard,true_mcq_grec_hard,,
CCBench,LLaVA-NeXT-8B_Biased_Test,311,vcf_only,vcf_only,C,A,0.0,0,1,0.0,1.0,C,B,B,C,4,4,0,strongblur,centermask,C,C,C,1,0,MCQ,grec_hard_composition_gate,GroundedResidualEnergyCompositionHard,true_mcq_grec_hard,,
CCBench,LLaVA-NeXT-8B_Biased_Test,313,vcf_only,vcf_only,C,B,0.0,0,1,0.0,1.0,C,A,A,C,4,4,0,strongblur,gray,C,C,C,1,0,MCQ,grec_hard_composition_gate,GroundedResidualEnergyCompositionHard,true_mcq_grec_hard,,
CCBench,LLaVA-NeXT-8B_Biased_Test,314,vcf_only,vcf_only,C,C,1.0,0,1,0.0,0.9837165520413734,C,A,A,C,4,4,0,strongblur,gray,C,C,C,1,0,MCQ,grec_hard_composition_gate,GroundedResidualEnergyCompositionHard,true_mcq_grec_hard,,
CCBench,LLaVA-NeXT-8B_Biased_Test,315,vcf_only,vcf_only,C,D,0.0,0,1,0.0,1.0,C,C,C,C,4,4,0,strongblur,gray,C,C,C,1,0,MCQ,grec_hard_composition_gate,GroundedResidualEnergyCompositionHard,true_mcq_grec_hard,,
CCBench,LLaVA-NeXT-8B_Biased_Test,319,vcf_only,vcf_only,D,C,0.0,0,1,0.0,0.7095040498976225,A,A,A,D,4,4,1,centermask,gray,D,D,D,0,0,MCQ,grec_hard_composition_gate,GroundedResidualEnergyCompositionHard,true_mcq_grec_hard,,
CCBench,LLaVA-NeXT-8B_Biased_Test,321,vcf_only,vcf_only,B,B,1.0,0,1,0.0,0.26390585427302804,A,B,A,B,4,4,1,centermask,centermask,B,B,B,0,0,MCQ,grec_hard_composition_gate,GroundedResidualEnergyCompositionHard,true_mcq_grec_hard,,
CCBench,LLaVA-NeXT-8B_Biased_Test,325,tcf_only,tcf_only,A,D,0.0,1,0,1.0,0.0,A,A,A,A,1,4,0,strongblur,strongblur,A,A,A,1,0,MCQ,grec_hard_composition_gate,GroundedResidualEnergyCompositionHard,true_mcq_grec_hard,,
CCBench,LLaVA-NeXT-8B_Biased_Test,329,vcf_only,vcf_only,C,D,0.0,0,1,0.0,1.0,A,B,B,C,4,4,1,strongblur,gray,C,C,C,0,0,MCQ,grec_hard_composition_gate,GroundedResidualEnergyCompositionHard,true_mcq_grec_hard,,
CCBench,LLaVA-NeXT-8B_Biased_Test,340,both,both,D,D,1.0,1,1,1.0,1.0,D,D,D,A,1,4,1,strongblur,gray,D,D,D,0,1,MCQ,grec_hard_composition_gate,GroundedResidualEnergyCompositionHard,true_mcq_grec_hard,,
CCBench,LLaVA-NeXT-8B_Biased_Test,343,vcf_only,vcf_only,D,D,1.0,0,1,0.0,1.0,D,B,B,D,4,4,0,centermask,centermask,D,D,D,1,0,MCQ,grec_hard_composition_gate,GroundedResidualEnergyCompositionHard,true_mcq_grec_hard,,
CCBench,LLaVA-NeXT-8B_Biased_Test,346,vcf_only,vcf_only,A,D,0.0,0,1,0.0,0.9769224105736137,A,B,B,B,4,4,0,gray,gray,A,A,A,0,0,MCQ,grec_hard_composition_gate,GroundedResidualEnergyCompositionHard,true_mcq_grec_hard,,
CCBench,LLaVA-NeXT-8B_Biased_Test,354,vcf_only,vcf_only,C,C,1.0,0,1,0.0,1.0,A,C,C,C,4,4,1,strongblur,centermask,C,C,C,0,0,MCQ,grec_hard_composition_gate,GroundedResidualEnergyCompositionHard,true_mcq_grec_hard,,
CCBench,LLaVA-NeXT-8B_Biased_Test,356,vcf_only,both,A,D,0.0,1,1,0.026202841437672042,1.0,A,B,B,B,2,4,0,centermask,gray,A,A,A,0,1,MCQ,grec_hard_composition_gate,GroundedResidualEnergyCompositionHard,true_mcq_grec_hard,,
CCBench,LLaVA-NeXT-8B_Biased_Test,360,tcf_only,tcf_only,A,D,0.0,1,0,1.0,0.0,A,A,A,A,1,4,1,strongblur,gray,A,A,A,1,0,MCQ,grec_hard_composition_gate,GroundedResidualEnergyCompositionHard,true_mcq_grec_hard,,
CCBench,LLaVA-NeXT-8B_Biased_Test,362,tcf_only,both,C,B,0.0,1,1,0.11215953018174796,1.0,C,D,B,D,1,4,0,strongblur,gray,C,C,C,0,1,MCQ,grec_hard_composition_gate,GroundedResidualEnergyCompositionHard,true_mcq_grec_hard,,
CCBench,LLaVA-NeXT-8B_Biased_Test,364,tcf_only,both,A,B,0.0,1,1,0.0,1.0,A,A,A,A,1,4,0,strongblur,centermask,A,A,A,1,0,MCQ,grec_hard_composition_gate,GroundedResidualEnergyCompositionHard,true_mcq_grec_hard,,
CCBench,LLaVA-NeXT-8B_Biased_Test,365,both,both,A,D,0.0,1,1,0.1472983586903136,1.0,A,A,A,A,1,4,0,strongblur,gray,A,A,A,1,0,MCQ,grec_hard_composition_gate,GroundedResidualEnergyCompositionHard,true_mcq_grec_hard,,
CCBench,LLaVA-NeXT-8B_Biased_Test,368,tcf_only,both,A,A,1.0,1,1,0.2802475064953023,0.5916383702053745,A,A,A,A,1,4,0,gray,gray,A,A,A,1,0,MCQ,grec_hard_composition_gate,GroundedResidualEnergyCompositionHard,true_mcq_grec_hard,,
CCBench,LLaVA-NeXT-8B_Biased_Test,370,tcf_only,both,A,D,0.0,1,1,0.15122195841388741,0.8935602976691037,A,D,D,D,1,4,0,centermask,centermask,A,A,A,0,1,MCQ,grec_hard_composition_gate,GroundedResidualEnergyCompositionHard,true_mcq_grec_hard,,
CCBench,LLaVA-NeXT-8B_Biased_Test,377,tcf_only,tcf_only,C,A,0.0,1,0,1.0,0.0,C,C,C,C,1,4,1,strongblur,gray,C,C,C,1,0,MCQ,grec_hard_composition_gate,GroundedResidualEnergyCompositionHard,true_mcq_grec_hard,,
CCBench,LLaVA-NeXT-8B_Biased_Test,378,vcf_only,vcf_only,D,B,0.0,0,1,0.0,0.013149081659723182,A,A,A,A,4,4,1,gray,gray,D,D,D,1,0,MCQ,grec_hard_composition_gate,GroundedResidualEnergyCompositionHard,true_mcq_grec_hard,,
CCBench,LLaVA-NeXT-8B_Biased_Test,379,vcf_only,vcf_only,A,B,0.0,0,1,0.0,1.0,A,D,D,D,4,4,0,strongblur,gray,A,A,A,0,0,MCQ,grec_hard_composition_gate,GroundedResidualEnergyCompositionHard,true_mcq_grec_hard,,
CCBench,LLaVA-NeXT-8B_Biased_Test,384,vcf_only,vcf_only,A,C,0.0,0,1,0.0,0.713211486622965,B,B,B,B,4,4,1,gray,gray,A,A,A,1,0,MCQ,grec_hard_composition_gate,GroundedResidualEnergyCompositionHard,true_mcq_grec_hard,,
CCBench,LLaVA-NeXT-8B_Biased_Test,387,tcf_only,tcf_only,D,D,1.0,1,0,0.33759022707051645,0.0,D,D,D,D,1,4,1,strongblur,gray,D,D,D,1,0,MCQ,grec_hard_composition_gate,GroundedResidualEnergyCompositionHard,true_mcq_grec_hard,,
CCBench,LLaVA-NeXT-8B_Biased_Test,392,vcf_only,vcf_only,C,C,1.0,0,1,0.0,0.06061204028138118,D,D,D,D,4,4,1,centermask,gray,C,C,C,1,0,MCQ,grec_hard_composition_gate,GroundedResidualEnergyCompositionHard,true_mcq_grec_hard,,
CCBench,LLaVA-NeXT-8B_Biased_Test,393,vcf_only,vcf_only,C,C,1.0,0,1,0.0,0.7304181713352392,A,B,B,B,4,4,1,gray,gray,C,C,C,0,0,MCQ,grec_hard_composition_gate,GroundedResidualEnergyCompositionHard,true_mcq_grec_hard,,
CCBench,LLaVA-NeXT-8B_Biased_Test,397,tcf_only,tcf_only,A,A,1.0,1,0,0.3420327668133982,0.0,A,A,A,A,1,4,0,strongblur,strongblur,A,A,A,1,0,MCQ,grec_hard_composition_gate,GroundedResidualEnergyCompositionHard,true_mcq_grec_hard,,
CCBench,LLaVA-NeXT-8B_Biased_Test,406,tcf_only,tcf_only,A,B,0.0,1,0,1.0,0.0,A,B,A,B,1,4,1,gray,gray,A,A,A,0,0,MCQ,grec_hard_composition_gate,GroundedResidualEnergyCompositionHard,true_mcq_grec_hard,,
CCBench,LLaVA-NeXT-8B_Biased_Test,417,tcf_only,both,C,A,0.0,1,1,1.0,1.0,C,A,A,B,1,4,0,centermask,centermask,C,C,C,0,1,MCQ,grec_hard_composition_gate,GroundedResidualEnergyCompositionHard,true_mcq_grec_hard,,
CCBench,LLaVA-NeXT-8B_Biased_Test,422,vcf_only,vcf_only,D,B,0.0,0,1,0.0,0.6224500954898149,A,A,A,D,4,4,1,gray,gray,D,D,D,0,0,MCQ,grec_hard_composition_gate,GroundedResidualEnergyCompositionHard,true_mcq_grec_hard,,
CCBench,LLaVA-NeXT-8B_Biased_Test,429,vcf_only,vcf_only,C,D,0.0,0,1,0.0,0.26874010974593976,C,C,C,C,4,4,0,strongblur,strongblur,C,C,C,1,0,MCQ,grec_hard_composition_gate,GroundedResidualEnergyCompositionHard,true_mcq_grec_hard,,
CCBench,LLaVA-NeXT-8B_Biased_Test,437,tcf_only,both,A,A,1.0,1,1,1.0,1.0,A,C,C,C,1,4,0,gray,gray,A,A,A,0,1,MCQ,grec_hard_composition_gate,GroundedResidualEnergyCompositionHard,true_mcq_grec_hard,,
CCBench,LLaVA-NeXT-8B_Biased_Test,438,both,both,B,C,0.0,1,1,1.0,1.0,B,B,B,B,1,4,0,strongblur,gray,B,B,B,1,0,MCQ,grec_hard_composition_gate,GroundedResidualEnergyCompositionHard,true_mcq_grec_hard,,
CCBench,LLaVA-NeXT-8B_Biased_Test,451,vcf_only,vcf_only,A,C,0.0,0,1,0.0,0.18158277273558798,A,A,A,A,4,4,0,centermask,centermask,A,A,A,1,0,MCQ,grec_hard_composition_gate,GroundedResidualEnergyCompositionHard,true_mcq_grec_hard,,
CCBench,LLaVA-NeXT-8B_Biased_Test,452,vcf_only,vcf_only,D,A,0.0,0,1,0.0,0.7606250883395771,D,D,D,D,4,4,0,gray,gray,D,D,D,1,0,MCQ,grec_hard_composition_gate,GroundedResidualEnergyCompositionHard,true_mcq_grec_hard,,
CCBench,LLaVA-NeXT-8B_Biased_Test,458,both,both,A,A,1.0,1,1,1.0,1.0,A,A,A,B,1,4,1,strongblur,gray,B,A,A,0,1,MCQ,grec_hard_composition_gate,GroundedResidualEnergyCompositionHard,true_mcq_grec_hard,,
CCBench,LLaVA-NeXT-8B_Biased_Test,466,vcf_only,neither,C,A,0.0,0,0,0.0,0.0,C,C,C,C,4,4,1,centermask,centermask,C,C,C,1,0,MCQ,grec_hard_composition_gate,GroundedResidualEnergyCompositionHard,true_mcq_grec_hard,,
CCBench,LLaVA-NeXT-8B_Biased_Test,467,vcf_only,vcf_only,A,B,0.0,0,1,0.0,0.011097630629674032,C,C,C,C,4,4,1,centermask,centermask,A,A,A,1,0,MCQ,grec_hard_composition_gate,GroundedResidualEnergyCompositionHard,true_mcq_grec_hard,,
CCBench,LLaVA-NeXT-8B_Biased_Test,470,vcf_only,vcf_only,D,A,0.0,0,1,0.0,0.10260251806643665,B,B,B,D,4,4,1,centermask,centermask,D,D,D,0,0,MCQ,grec_hard_composition_gate,GroundedResidualEnergyCompositionHard,true_mcq_grec_hard,,
CCBench,LLaVA-NeXT-8B_Biased_Test,473,vcf_only,vcf_only,B,D,0.0,0,1,0.0,0.8980953874326665,B,B,B,B,4,4,0,gray,gray,B,B,B,1,0,MCQ,grec_hard_composition_gate,GroundedResidualEnergyCompositionHard,true_mcq_grec_hard,,
CCBench,LLaVA-NeXT-8B_Biased_Test,475,vcf_only,vcf_only,C,B,0.0,0,1,0.0,0.5801439425108673,B,A,A,C,4,4,1,gray,gray,C,C,C,0,0,MCQ,grec_hard_composition_gate,GroundedResidualEnergyCompositionHard,true_mcq_grec_hard,,
CCBench,LLaVA-NeXT-8B_Biased_Test,481,tcf_only,tcf_only,B,D,0.0,1,0,0.22253499894934636,0.0,B,B,B,B,1,4,0,centermask,centermask,B,B,B,1,0,MCQ,grec_hard_composition_gate,GroundedResidualEnergyCompositionHard,true_mcq_grec_hard,,
CCBench,LLaVA-NeXT-8B_Biased_Test,495,vcf_only,vcf_only,A,B,0.0,0,1,0.0,0.10925818228701026,A,A,A,A,4,4,0,gray,gray,A,A,A,1,0,MCQ,grec_hard_composition_gate,GroundedResidualEnergyCompositionHard,true_mcq_grec_hard,,
CCBench,LLaVA-NeXT-8B_Biased_Test,496,vcf_only,vcf_only,C,C,1.0,0,1,0.0,0.13803693826435065,A,A,A,C,4,4,1,centermask,gray,C,C,C,0,0,MCQ,grec_hard_composition_gate,GroundedResidualEnergyCompositionHard,true_mcq_grec_hard,,
CCBench,LLaVA-NeXT-8B_Biased_Test,506,vcf_only,vcf_only,C,A,0.0,0,1,0.0,0.9732134098115334,B,B,B,C,4,4,1,centermask,centermask,C,C,C,0,0,MCQ,grec_hard_composition_gate,GroundedResidualEnergyCompositionHard,true_mcq_grec_hard,,
CCBench,LLaVA-NeXT-8B_Biased_Test,508,vcf_only,vcf_only,A,C,0.0,0,1,0.0,0.9707420771086999,B,B,B,A,4,4,1,centermask,centermask,A,A,A,0,0,MCQ,grec_hard_composition_gate,GroundedResidualEnergyCompositionHard,true_mcq_grec_hard,,
CCBench,LLaVA-NeXT-8B_Biased_Test,511,vcf_only,vcf_only,C,D,0.0,0,1,0.0,0.9057007627121335,B,B,B,C,4,4,1,centermask,centermask,C,C,C,0,0,MCQ,grec_hard_composition_gate,GroundedResidualEnergyCompositionHard,true_mcq_grec_hard,,
CCBench,LLaVA-NeXT-8B_Biased_Test,515,tcf_only,tcf_only,D,B,0.0,1,0,1.0,0.0,D,D,D,D,1,4,0,gray,gray,D,D,D,1,0,MCQ,grec_hard_composition_gate,GroundedResidualEnergyCompositionHard,true_mcq_grec_hard,,
CCBench,LLaVA-NeXT-8B_Biased_Test,516,vcf_only,vcf_only,A,B,0.0,0,1,0.0,0.1427409087374808,A,A,A,A,4,4,0,gray,gray,A,A,A,1,0,MCQ,grec_hard_composition_gate,GroundedResidualEnergyCompositionHard,true_mcq_grec_hard,,
CCBench,LLaVA-NeXT-8B_Biased_Test,517,vcf_only,vcf_only,A,B,0.0,0,1,0.0,0.15130368090290253,A,A,A,A,4,4,0,gray,gray,A,A,A,1,0,MCQ,grec_hard_composition_gate,GroundedResidualEnergyCompositionHard,true_mcq_grec_hard,,
CCBench,LLaVA-NeXT-8B_Biased_Test,518,both,both,D,B,0.0,1,1,1.0,0.3925091226124584,D,A,D,A,1,4,1,strongblur,centermask,D,D,D,0,1,MCQ,grec_hard_composition_gate,GroundedResidualEnergyCompositionHard,true_mcq_grec_hard,,
CCBench,LLaVA-NeXT-8B_Biased_Test,521,vcf_only,vcf_only,A,B,0.0,0,1,0.0,0.1416427020371266,A,A,A,A,4,4,0,centermask,centermask,A,A,A,1,0,MCQ,grec_hard_composition_gate,GroundedResidualEnergyCompositionHard,true_mcq_grec_hard,,
CCBench,LLaVA-NeXT-8B_Biased_Test,528,vcf_only,vcf_only,A,C,0.0,0,1,0.0,0.15368816146502778,A,A,A,A,4,4,0,gray,gray,A,A,A,1,0,MCQ,grec_hard_composition_gate,GroundedResidualEnergyCompositionHard,true_mcq_grec_hard,,
CCBench,LLaVA-NeXT-8B_Biased_Test,531,vcf_only,vcf_only,C,C,1.0,0,1,0.0,0.3506284034222895,C,C,A,C,4,4,0,gray,gray,C,C,C,1,0,MCQ,grec_hard_composition_gate,GroundedResidualEnergyCompositionHard,true_mcq_grec_hard,,
CCBench,LLaVA-NeXT-8B_Biased_Test,532,vcf_only,vcf_only,C,C,1.0,0,1,0.0,0.29067003892332016,C,C,A,C,4,4,0,gray,gray,C,C,C,1,0,MCQ,grec_hard_composition_gate,GroundedResidualEnergyCompositionHard,true_mcq_grec_hard,,
CCBench,LLaVA-NeXT-8B_Biased_Test,533,vcf_only,vcf_only,C,C,1.0,0,1,0.0,0.37015767665470356,C,C,A,C,4,4,0,gray,gray,C,C,C,1,0,MCQ,grec_hard_composition_gate,GroundedResidualEnergyCompositionHard,true_mcq_grec_hard,,
CCBench,LLaVA-NeXT-8B_Biased_Test,535,vcf_only,vcf_only,A,C,0.0,0,1,0.0,0.14487534716264178,A,A,A,A,4,4,0,gray,gray,A,A,A,1,0,MCQ,grec_hard_composition_gate,GroundedResidualEnergyCompositionHard,true_mcq_grec_hard,,
CCBench,LLaVA-NeXT-8B_Biased_Test,536,vcf_only,vcf_only,A,C,0.0,0,1,0.0,0.1452571808364099,A,A,A,A,4,4,0,gray,gray,A,A,A,1,0,MCQ,grec_hard_composition_gate,GroundedResidualEnergyCompositionHard,true_mcq_grec_hard,,
CCBench,LLaVA-NeXT-8B_Biased_Test,538,vcf_only,vcf_only,D,C,0.0,0,1,0.0,0.3205026268889795,D,D,A,D,4,4,0,gray,gray,D,D,D,1,0,MCQ,grec_hard_composition_gate,GroundedResidualEnergyCompositionHard,true_mcq_grec_hard,,
CCBench,LLaVA-NeXT-8B_Biased_Test,540,both,both,D,C,0.0,1,1,0.12552901319456167,0.3925091226124584,D,D,A,D,1,4,0,gray,gray,D,D,D,1,0,MCQ,grec_hard_composition_gate,GroundedResidualEnergyCompositionHard,true_mcq_grec_hard,,
CCBench,LLaVA-NeXT-8B_Biased_Test,541,vcf_only,vcf_only,C,C,1.0,0,1,0.0,0.2205558266944469,A,C,A,C,4,4,1,gray,gray,C,C,C,0,0,MCQ,grec_hard_composition_gate,GroundedResidualEnergyCompositionHard,true_mcq_grec_hard,,
CCBench,LLaVA-NeXT-8B_Biased_Test,1000004,vcf_only,vcf_only,A,A,1.0,0,1,0.0,0.28495543832038106,C,C,C,A,4,4,1,strongblur,centermask,A,A,A,0,0,MCQ,grec_hard_composition_gate,GroundedResidualEnergyCompositionHard,true_mcq_grec_hard,,
CCBench,LLaVA-NeXT-8B_Biased_Test,1000013,tcf_only,tcf_only,A,D,0.0,1,0,1.0,0.0,A,A,A,A,1,4,0,strongblur,gray,A,A,A,1,0,MCQ,grec_hard_composition_gate,GroundedResidualEnergyCompositionHard,true_mcq_grec_hard,,
CCBench,LLaVA-NeXT-8B_Biased_Test,1000017,vcf_only,vcf_only,A,C,0.0,0,1,0.0,0.3955410240461013,A,A,A,A,4,4,0,gray,gray,A,A,A,1,0,MCQ,grec_hard_composition_gate,GroundedResidualEnergyCompositionHard,true_mcq_grec_hard,,
CCBench,LLaVA-NeXT-8B_Biased_Test,1000018,tcf_only,tcf_only,A,C,0.0,1,0,1.0,0.0,A,A,C,A,1,4,0,strongblur,gray,A,A,A,1,0,MCQ,grec_hard_composition_gate,GroundedResidualEnergyCompositionHard,true_mcq_grec_hard,,
CCBench,LLaVA-NeXT-8B_Biased_Test,1000020,vcf_only,vcf_only,A,C,0.0,0,1,0.0,0.15908054950307943,B,C,B,C,4,4,1,centermask,gray,A,A,A,0,0,MCQ,grec_hard_composition_gate,GroundedResidualEnergyCompositionHard,true_mcq_grec_hard,,
CCBench,LLaVA-NeXT-8B_Biased_Test,1000022,vcf_only,vcf_only,A,C,0.0,0,1,0.0,0.24341289639233746,A,A,A,A,4,4,0,gray,gray,A,A,A,1,0,MCQ,grec_hard_composition_gate,GroundedResidualEnergyCompositionHard,true_mcq_grec_hard,,
CCBench,LLaVA-NeXT-8B_Biased_Test,1000034,vcf_only,vcf_only,B,D,0.0,0,1,0.0,0.2054105692699723,B,B,B,B,4,4,0,gray,gray,B,B,B,1,0,MCQ,grec_hard_composition_gate,GroundedResidualEnergyCompositionHard,true_mcq_grec_hard,,
CCBench,LLaVA-NeXT-8B_Biased_Test,1000035,vcf_only,vcf_only,B,D,0.0,0,1,0.0,0.16573941460293504,B,B,B,B,4,4,0,gray,gray,B,B,B,1,0,MCQ,grec_hard_composition_gate,GroundedResidualEnergyCompositionHard,true_mcq_grec_hard,,
CCBench,LLaVA-NeXT-8B_Biased_Test,1000039,vcf_only,vcf_only,D,C,0.0,0,1,0.0,0.3328678760803594,A,B,B,A,4,4,1,centermask,centermask,D,D,D,1,0,MCQ,grec_hard_composition_gate,GroundedResidualEnergyCompositionHard,true_mcq_grec_hard,,
CCBench,LLaVA-NeXT-8B_Biased_Test,1000040,vcf_only,vcf_only,D,D,1.0,0,1,0.0,0.6622966064472666,A,A,A,D,4,4,1,centermask,gray,D,D,D,0,0,MCQ,grec_hard_composition_gate,GroundedResidualEnergyCompositionHard,true_mcq_grec_hard,,
CCBench,LLaVA-NeXT-8B_Biased_Test,1000041,vcf_only,vcf_only,C,B,0.0,0,1,0.0,0.7621074765859875,C,C,C,C,4,4,0,strongblur,strongblur,C,C,C,1,0,MCQ,grec_hard_composition_gate,GroundedResidualEnergyCompositionHard,true_mcq_grec_hard,,
CCBench,LLaVA-NeXT-8B_Biased_Test,1000045,vcf_only,vcf_only,C,A,0.0,0,1,0.0,0.21861381679890146,C,C,C,C,4,4,0,centermask,centermask,C,C,C,1,0,MCQ,grec_hard_composition_gate,GroundedResidualEnergyCompositionHard,true_mcq_grec_hard,,
CCBench,LLaVA-NeXT-8B_Biased_Test,1000048,vcf_only,vcf_only,B,D,0.0,0,1,0.0,0.6924401349823298,B,A,A,B,4,4,0,centermask,centermask,B,B,B,1,0,MCQ,grec_hard_composition_gate,GroundedResidualEnergyCompositionHard,true_mcq_grec_hard,,
CCBench,LLaVA-NeXT-8B_Biased_Test,1000050,vcf_only,vcf_only,D,C,0.0,0,1,0.0,0.9202491983888983,A,D,A,D,4,4,1,centermask,gray,D,D,D,0,0,MCQ,grec_hard_composition_gate,GroundedResidualEnergyCompositionHard,true_mcq_grec_hard,,
CCBench,LLaVA-NeXT-8B_Biased_Test,1000054,vcf_only,vcf_only,B,C,0.0,0,1,0.0,0.6471341644783266,A,A,A,A,4,4,1,strongblur,strongblur,B,B,B,1,0,MCQ,grec_hard_composition_gate,GroundedResidualEnergyCompositionHard,true_mcq_grec_hard,,
CCBench,LLaVA-NeXT-8B_Biased_Test,1000056,vcf_only,vcf_only,B,A,0.0,0,1,0.0,1.0,A,C,C,B,4,4,1,strongblur,gray,B,B,B,0,0,MCQ,grec_hard_composition_gate,GroundedResidualEnergyCompositionHard,true_mcq_grec_hard,,
CCBench,LLaVA-NeXT-8B_Biased_Test,1000057,vcf_only,vcf_only,C,C,1.0,0,1,0.0,0.10194417422615294,B,B,B,C,4,4,1,centermask,gray,C,C,C,0,0,MCQ,grec_hard_composition_gate,GroundedResidualEnergyCompositionHard,true_mcq_grec_hard,,
CCBench,LLaVA-NeXT-8B_Biased_Test,1000060,vcf_only,vcf_only,D,A,0.0,0,1,0.0,0.05043009763630877,A,D,D,D,4,4,1,gray,gray,D,D,D,0,0,MCQ,grec_hard_composition_gate,GroundedResidualEnergyCompositionHard,true_mcq_grec_hard,,
CCBench,LLaVA-NeXT-8B_Biased_Test,1000065,vcf_only,vcf_only,A,C,0.0,0,1,0.0,0.0483701536424447,B,B,B,A,4,4,1,centermask,centermask,A,A,A,0,0,MCQ,grec_hard_composition_gate,GroundedResidualEnergyCompositionHard,true_mcq_grec_hard,,
CCBench,LLaVA-NeXT-8B_Biased_Test,1000066,vcf_only,vcf_only,C,C,1.0,0,1,0.0,0.2943910368559419,A,D,D,C,4,4,1,gray,gray,C,C,C,0,0,MCQ,grec_hard_composition_gate,GroundedResidualEnergyCompositionHard,true_mcq_grec_hard,,
CCBench,LLaVA-NeXT-8B_Biased_Test,1000067,vcf_only,vcf_only,C,A,0.0,0,1,0.0,0.20025219612405096,D,D,D,C,4,4,1,gray,gray,C,C,C,0,0,MCQ,grec_hard_composition_gate,GroundedResidualEnergyCompositionHard,true_mcq_grec_hard,,
CCBench,LLaVA-NeXT-8B_Biased_Test,1000071,vcf_only,vcf_only,C,A,0.0,0,1,0.0,0.7878189769197382,C,C,C,C,4,4,0,gray,gray,C,C,C,1,0,MCQ,grec_hard_composition_gate,GroundedResidualEnergyCompositionHard,true_mcq_grec_hard,,
CCBench,LLaVA-NeXT-8B_Biased_Test,1000073,vcf_only,vcf_only,C,C,1.0,0,1,0.0,0.9207303273303824,C,A,A,C,4,4,0,centermask,centermask,C,C,C,1,0,MCQ,grec_hard_composition_gate,GroundedResidualEnergyCompositionHard,true_mcq_grec_hard,,
CCBench,LLaVA-NeXT-8B_Biased_Test,1000077,tcf_only,tcf_only,B,D,0.0,1,0,0.06531608860119764,0.0,B,B,B,D,1,4,1,centermask,centermask,B,B,B,0,0,MCQ,grec_hard_composition_gate,GroundedResidualEnergyCompositionHard,true_mcq_grec_hard,,
CCBench,LLaVA-NeXT-8B_Biased_Test,1000083,vcf_only,vcf_only,C,C,1.0,0,1,0.0,0.305054138556331,C,C,C,C,4,4,0,centermask,gray,C,C,C,1,0,MCQ,grec_hard_composition_gate,GroundedResidualEnergyCompositionHard,true_mcq_grec_hard,,
CCBench,LLaVA-NeXT-8B_Biased_Test,1000087,vcf_only,vcf_only,C,D,0.0,0,1,0.0,0.9046981816872633,A,A,A,C,4,4,1,strongblur,strongblur,C,C,C,0,0,MCQ,grec_hard_composition_gate,GroundedResidualEnergyCompositionHard,true_mcq_grec_hard,,
CCBench,LLaVA-NeXT-8B_Biased_Test,1000088,vcf_only,vcf_only,C,A,0.0,0,1,0.0,0.9014692049205651,B,C,B,C,4,4,1,gray,gray,C,C,C,0,0,MCQ,grec_hard_composition_gate,GroundedResidualEnergyCompositionHard,true_mcq_grec_hard,,
CCBench,LLaVA-NeXT-8B_Biased_Test,1000096,tcf_only,tcf_only,B,A,0.0,1,0,1.0,0.0,B,B,B,C,1,4,0,centermask,centermask,B,B,B,0,0,MCQ,grec_hard_composition_gate,GroundedResidualEnergyCompositionHard,true_mcq_grec_hard,,
CCBench,LLaVA-NeXT-8B_Biased_Test,1000097,vcf_only,vcf_only,D,C,0.0,0,1,0.0,0.5972306457047158,B,D,B,D,4,4,1,gray,gray,D,D,D,0,0,MCQ,grec_hard_composition_gate,GroundedResidualEnergyCompositionHard,true_mcq_grec_hard,,
CCBench,LLaVA-NeXT-8B_Biased_Test,1000103,vcf_only,vcf_only,B,B,1.0,0,1,0.0,0.3925091226124584,A,B,A,B,4,4,1,gray,gray,B,B,B,0,0,MCQ,grec_hard_composition_gate,GroundedResidualEnergyCompositionHard,true_mcq_grec_hard,,
CCBench,LLaVA-NeXT-8B_Biased_Test,1000107,vcf_only,vcf_only,B,B,1.0,0,1,0.0,0.17946753173410218,D,D,D,B,4,4,1,centermask,centermask,B,B,B,0,0,MCQ,grec_hard_composition_gate,GroundedResidualEnergyCompositionHard,true_mcq_grec_hard,,
CCBench,LLaVA-NeXT-8B_Biased_Test,1000112,vcf_only,vcf_only,D,C,0.0,0,1,0.0,1.0,C,D,A,D,4,4,1,gray,gray,D,D,D,0,0,MCQ,grec_hard_composition_gate,GroundedResidualEnergyCompositionHard,true_mcq_grec_hard,,
CCBench,LLaVA-NeXT-8B_Biased_Test,1000113,vcf_only,vcf_only,A,D,0.0,0,1,0.0,0.9140498700473484,A,A,D,A,4,4,0,gray,gray,A,A,A,1,0,MCQ,grec_hard_composition_gate,GroundedResidualEnergyCompositionHard,true_mcq_grec_hard,,
CCBench,LLaVA-NeXT-8B_Biased_Test,1000123,vcf_only,vcf_only,B,A,0.0,0,1,0.0,0.9008311978163429,B,B,B,B,4,4,0,gray,gray,B,B,B,1,0,MCQ,grec_hard_composition_gate,GroundedResidualEnergyCompositionHard,true_mcq_grec_hard,,
CCBench,LLaVA-NeXT-8B_Biased_Test,1000124,vcf_only,vcf_only,D,B,0.0,0,1,0.0,0.9635184374722171,A,D,A,D,4,4,1,gray,gray,D,D,D,0,0,MCQ,grec_hard_composition_gate,GroundedResidualEnergyCompositionHard,true_mcq_grec_hard,,
CCBench,LLaVA-NeXT-8B_Biased_Test,1000128,vcf_only,vcf_only,D,B,0.0,0,1,0.0,0.41465090824927325,D,D,D,D,4,4,0,centermask,centermask,D,D,D,1,0,MCQ,grec_hard_composition_gate,GroundedResidualEnergyCompositionHard,true_mcq_grec_hard,,
CCBench,LLaVA-NeXT-8B_Biased_Test,1000129,vcf_only,vcf_only,D,C,0.0,0,1,0.0,0.4596608992345591,D,D,D,D,4,4,0,centermask,centermask,D,D,D,1,0,MCQ,grec_hard_composition_gate,GroundedResidualEnergyCompositionHard,true_mcq_grec_hard,,
CCBench,LLaVA-NeXT-8B_Biased_Test,1000135,tcf_only,tcf_only,C,A,0.0,1,0,1.0,0.0,C,B,A,B,1,4,1,gray,gray,C,C,C,0,0,MCQ,grec_hard_composition_gate,GroundedResidualEnergyCompositionHard,true_mcq_grec_hard,,
CCBench,LLaVA-NeXT-8B_Biased_Test,1000142,vcf_only,vcf_only,A,D,0.0,0,1,0.0,0.36817307970261615,A,A,A,A,4,4,0,gray,gray,A,A,A,1,0,MCQ,grec_hard_composition_gate,GroundedResidualEnergyCompositionHard,true_mcq_grec_hard,,
CCBench,LLaVA-NeXT-8B_Biased_Test,1000144,vcf_only,vcf_only,B,B,1.0,0,1,0.0,0.3626483382988154,A,A,A,A,4,4,1,gray,gray,B,B,B,1,0,MCQ,grec_hard_composition_gate,GroundedResidualEnergyCompositionHard,true_mcq_grec_hard,,
CCBench,LLaVA-NeXT-8B_Biased_Test,1000145,vcf_only,vcf_only,A,C,0.0,0,1,0.0,0.09762636981935535,A,A,A,A,4,4,0,centermask,centermask,A,A,A,1,0,MCQ,grec_hard_composition_gate,GroundedResidualEnergyCompositionHard,true_mcq_grec_hard,,
CCBench,LLaVA-NeXT-8B_Biased_Test,1000147,vcf_only,vcf_only,D,D,1.0,0,1,0.0,0.15063987135334492,A,A,A,D,4,4,1,gray,gray,D,D,D,0,0,MCQ,grec_hard_composition_gate,GroundedResidualEnergyCompositionHard,true_mcq_grec_hard,,
CCBench,LLaVA-NeXT-8B_Biased_Test,1000149,vcf_only,vcf_only,C,B,0.0,0,1,0.0,0.06031889542074487,A,A,A,C,4,4,1,gray,gray,C,C,C,0,0,MCQ,grec_hard_composition_gate,GroundedResidualEnergyCompositionHard,true_mcq_grec_hard,,
CCBench,LLaVA-NeXT-8B_Biased_Test,1000150,vcf_only,neither,A,C,0.0,0,0,0.0,0.0,A,A,A,C,4,4,1,gray,gray,A,A,A,0,0,MCQ,grec_hard_composition_gate,GroundedResidualEnergyCompositionHard,true_mcq_grec_hard,,
CCBench,LLaVA-NeXT-8B_Biased_Test,1000162,vcf_only,vcf_only,B,D,0.0,0,1,0.0,0.48779072533816004,A,A,A,A,4,4,1,centermask,centermask,B,B,B,1,0,MCQ,grec_hard_composition_gate,GroundedResidualEnergyCompositionHard,true_mcq_grec_hard,,
CCBench,LLaVA-NeXT-8B_Biased_Test,1000163,vcf_only,vcf_only,C,B,0.0,0,1,0.0,0.4461737778982188,A,A,A,A,4,4,1,centermask,centermask,C,C,C,1,0,MCQ,grec_hard_composition_gate,GroundedResidualEnergyCompositionHard,true_mcq_grec_hard,,
CCBench,LLaVA-NeXT-8B_Biased_Test,1000164,tcf_only,tcf_only,C,B,0.0,1,0,1.0,0.0,A,C,C,C,2,4,0,gray,gray,C,C,C,0,0,MCQ,grec_hard_composition_gate,GroundedResidualEnergyCompositionHard,true_mcq_grec_hard,,
CCBench,LLaVA-NeXT-8B_Biased_Test,1000175,vcf_only,vcf_only,B,C,0.0,0,1,0.0,0.47469677879554545,B,B,B,B,4,4,0,strongblur,strongblur,B,B,B,1,0,MCQ,grec_hard_composition_gate,GroundedResidualEnergyCompositionHard,true_mcq_grec_hard,,
CCBench,LLaVA-NeXT-8B_Biased_Test,1000176,vcf_only,vcf_only,C,B,0.0,0,1,0.0,1.0,A,C,C,C,4,4,1,strongblur,gray,C,C,C,0,0,MCQ,grec_hard_composition_gate,GroundedResidualEnergyCompositionHard,true_mcq_grec_hard,,
CCBench,LLaVA-NeXT-8B_Biased_Test,1000178,vcf_only,vcf_only,B,B,1.0,0,1,0.0,0.3089038931014539,B,A,A,A,4,4,0,strongblur,strongblur,B,B,B,0,0,MCQ,grec_hard_composition_gate,GroundedResidualEnergyCompositionHard,true_mcq_grec_hard,,
CCBench,LLaVA-NeXT-8B_Biased_Test,1000183,tcf_only,tcf_only,B,B,1.0,1,0,1.0,0.0,B,C,C,B,2,4,0,gray,gray,B,B,B,1,0,MCQ,grec_hard_composition_gate,GroundedResidualEnergyCompositionHard,true_mcq_grec_hard,,
CCBench,LLaVA-NeXT-8B_Biased_Test,1000185,vcf_only,vcf_only,B,B,1.0,0,1,0.0,1.0,B,A,A,B,4,4,0,strongblur,gray,B,B,B,1,0,MCQ,grec_hard_composition_gate,GroundedResidualEnergyCompositionHard,true_mcq_grec_hard,,
CCBench,LLaVA-NeXT-8B_Biased_Test,1000186,vcf_only,vcf_only,C,C,1.0,0,1,0.0,0.6283426212951152,A,A,A,C,4,4,1,gray,gray,C,C,C,0,0,MCQ,grec_hard_composition_gate,GroundedResidualEnergyCompositionHard,true_mcq_grec_hard,,
CCBench,LLaVA-NeXT-8B_Biased_Test,1000188,vcf_only,vcf_only,C,A,0.0,0,1,0.0,0.44676490273082886,B,B,B,C,4,4,1,centermask,centermask,C,C,C,0,0,MCQ,grec_hard_composition_gate,GroundedResidualEnergyCompositionHard,true_mcq_grec_hard,,
CCBench,LLaVA-NeXT-8B_Biased_Test,1000189,tcf_only,tcf_only,C,A,0.0,1,0,0.19504775620837167,0.0,C,C,C,C,1,4,0,strongblur,strongblur,C,C,C,1,0,MCQ,grec_hard_composition_gate,GroundedResidualEnergyCompositionHard,true_mcq_grec_hard,,
CCBench,LLaVA-NeXT-8B_Biased_Test,1000193,vcf_only,vcf_only,A,B,0.0,0,1,0.0,0.7786185892384044,A,C,C,A,4,4,0,gray,gray,A,A,A,1,0,MCQ,grec_hard_composition_gate,GroundedResidualEnergyCompositionHard,true_mcq_grec_hard,,
CCBench,LLaVA-NeXT-8B_Biased_Test,1000198,vcf_only,vcf_only,D,B,0.0,0,1,0.0,0.6512739083361748,A,A,A,D,4,4,1,centermask,centermask,D,D,D,0,0,MCQ,grec_hard_composition_gate,GroundedResidualEnergyCompositionHard,true_mcq_grec_hard,,
CCBench,LLaVA-NeXT-8B_Biased_Test,1000200,vcf_only,vcf_only,B,B,1.0,0,1,0.0,0.5245767685172615,D,D,D,B,4,4,1,gray,gray,B,B,B,0,0,MCQ,grec_hard_composition_gate,GroundedResidualEnergyCompositionHard,true_mcq_grec_hard,,
CCBench,LLaVA-NeXT-8B_Biased_Test,1000201,vcf_only,vcf_only,D,C,0.0,0,1,0.0,0.947208990322011,A,B,B,D,4,4,1,gray,gray,D,D,D,0,0,MCQ,grec_hard_composition_gate,GroundedResidualEnergyCompositionHard,true_mcq_grec_hard,,
CCBench,LLaVA-NeXT-8B_Biased_Test,1000204,vcf_only,vcf_only,A,D,0.0,0,1,0.0,0.3925091226124584,C,A,C,C,4,4,1,centermask,gray,A,A,A,1,0,MCQ,grec_hard_composition_gate,GroundedResidualEnergyCompositionHard,true_mcq_grec_hard,,
CCBench,LLaVA-NeXT-8B_Biased_Test,1000210,vcf_only,vcf_only,B,B,1.0,0,1,0.0,1.0,D,D,D,B,4,4,1,centermask,gray,B,B,B,0,0,MCQ,grec_hard_composition_gate,GroundedResidualEnergyCompositionHard,true_mcq_grec_hard,,
CCBench,LLaVA-NeXT-8B_Biased_Test,1000211,both,both,B,C,0.0,1,1,1.0,1.0,B,B,B,B,1,4,0,gray,gray,B,B,B,1,0,MCQ,grec_hard_composition_gate,GroundedResidualEnergyCompositionHard,true_mcq_grec_hard,,
CCBench,LLaVA-NeXT-8B_Biased_Test,1000213,tcf_only,both,C,A,0.0,1,1,1.0,1.0,C,C,A,C,1,4,0,strongblur,strongblur,C,C,C,1,0,MCQ,grec_hard_composition_gate,GroundedResidualEnergyCompositionHard,true_mcq_grec_hard,,
CCBench,LLaVA-NeXT-8B_Biased_Test,1000214,both,both,B,B,1.0,1,1,1.0,0.3925091226124584,B,B,B,C,1,4,1,centermask,gray,B,B,B,0,1,MCQ,grec_hard_composition_gate,GroundedResidualEnergyCompositionHard,true_mcq_grec_hard,,
CCBench,LLaVA-NeXT-8B_Biased_Test,1000223,vcf_only,vcf_only,B,C,0.0,0,1,0.0,0.5283632813892921,B,B,B,B,4,4,0,gray,gray,B,B,B,1,0,MCQ,grec_hard_composition_gate,GroundedResidualEnergyCompositionHard,true_mcq_grec_hard,,
CCBench,LLaVA-NeXT-8B_Biased_Test,1000224,tcf_only,tcf_only,A,D,0.0,1,0,0.06986707180511686,0.0,A,A,A,A,1,4,0,gray,gray,A,A,A,1,0,MCQ,grec_hard_composition_gate,GroundedResidualEnergyCompositionHard,true_mcq_grec_hard,,
CCBench,LLaVA-NeXT-8B_Biased_Test,1000225,vcf_only,vcf_only,C,A,0.0,0,1,0.0,0.5521567370246574,B,B,B,A,4,4,1,gray,gray,C,C,C,0,0,MCQ,grec_hard_composition_gate,GroundedResidualEnergyCompositionHard,true_mcq_grec_hard,,
CCBench,LLaVA-NeXT-8B_Biased_Test,1000226,tcf_only,tcf_only,A,D,0.0,1,0,0.07011894401943053,0.0,A,A,A,A,1,4,0,centermask,centermask,A,A,A,1,0,MCQ,grec_hard_composition_gate,GroundedResidualEnergyCompositionHard,true_mcq_grec_hard,,
CCBench,LLaVA-NeXT-8B_Biased_Test,1000228,both,both,A,B,0.0,1,1,0.23299262301012935,0.34417957185517467,A,C,C,A,1,4,0,gray,gray,A,A,A,1,0,MCQ,grec_hard_composition_gate,GroundedResidualEnergyCompositionHard,true_mcq_grec_hard,,
CCBench,LLaVA-NeXT-8B_Biased_Test,1000229,tcf_only,tcf_only,A,A,1.0,1,0,1.0,0.0,A,A,A,A,1,4,0,centermask,gray,A,A,A,1,0,MCQ,grec_hard_composition_gate,GroundedResidualEnergyCompositionHard,true_mcq_grec_hard,,
CCBench,LLaVA-NeXT-8B_Biased_Test,1000230,tcf_only,tcf_only,A,A,1.0,1,0,1.0,0.0,A,A,A,C,1,4,1,centermask,centermask,A,A,A,0,0,MCQ,grec_hard_composition_gate,GroundedResidualEnergyCompositionHard,true_mcq_grec_hard,,
CCBench,LLaVA-NeXT-8B_Biased_Test,1000233,vcf_only,vcf_only,D,C,0.0,0,1,0.0,0.6100922170386731,B,B,B,D,4,4,1,gray,gray,D,D,D,0,0,MCQ,grec_hard_composition_gate,GroundedResidualEnergyCompositionHard,true_mcq_grec_hard,,
CCBench,LLaVA-NeXT-8B_Biased_Test,1000236,vcf_only,vcf_only,B,C,0.0,0,1,0.0,0.4510104374288375,B,B,B,B,4,4,0,gray,gray,B,B,B,1,0,MCQ,grec_hard_composition_gate,GroundedResidualEnergyCompositionHard,true_mcq_grec_hard,,
CCBench,LLaVA-NeXT-8B_Biased_Test,1000239,vcf_only,vcf_only,A,D,0.0,0,1,0.0,1.0,A,A,A,A,4,4,0,centermask,gray,A,A,A,1,0,MCQ,grec_hard_composition_gate,GroundedResidualEnergyCompositionHard,true_mcq_grec_hard,,
CCBench,LLaVA-NeXT-8B_Biased_Test,1000240,vcf_only,vcf_only,A,A,1.0,0,1,0.0,0.9489977603786477,A,A,A,A,4,4,0,gray,gray,A,A,A,1,0,MCQ,grec_hard_composition_gate,GroundedResidualEnergyCompositionHard,true_mcq_grec_hard,,
CCBench,LLaVA-NeXT-8B_Biased_Test,1000241,vcf_only,vcf_only,A,C,0.0,0,1,0.0,1.0,A,A,A,A,4,4,0,centermask,centermask,A,A,A,1,0,MCQ,grec_hard_composition_gate,GroundedResidualEnergyCompositionHard,true_mcq_grec_hard,,
CCBench,LLaVA-NeXT-8B_Biased_Test,1000243,vcf_only,vcf_only,B,C,0.0,0,1,0.0,0.8378618287070939,B,B,B,B,4,4,0,centermask,centermask,B,B,B,1,0,MCQ,grec_hard_composition_gate,GroundedResidualEnergyCompositionHard,true_mcq_grec_hard,,
CCBench,LLaVA-NeXT-8B_Biased_Test,1000244,vcf_only,vcf_only,B,A,0.0,0,1,0.0,0.8781721506983017,B,B,B,B,4,4,0,centermask,centermask,B,B,B,1,0,MCQ,grec_hard_composition_gate,GroundedResidualEnergyCompositionHard,true_mcq_grec_hard,,
CCBench,LLaVA-NeXT-8B_Biased_Test,1000248,tcf_only,both,A,B,0.0,1,1,0.054107087503804996,0.903253677393736,A,A,B,A,1,4,0,gray,gray,A,A,A,1,0,MCQ,grec_hard_composition_gate,GroundedResidualEnergyCompositionHard,true_mcq_grec_hard,,
CCBench,LLaVA-NeXT-8B_Biased_Test,1000250,vcf_only,vcf_only,C,C,1.0,0,1,0.0,0.9943545768030763,C,C,B,C,4,4,0,gray,gray,C,C,C,1,0,MCQ,grec_hard_composition_gate,GroundedResidualEnergyCompositionHard,true_mcq_grec_hard,,
CCBench,LLaVA-NeXT-8B_Biased_Test,1000251,vcf_only,vcf_only,A,A,1.0,0,1,0.0,0.8930618566212439,B,B,B,A,4,4,1,centermask,gray,A,A,A,0,0,MCQ,grec_hard_composition_gate,GroundedResidualEnergyCompositionHard,true_mcq_grec_hard,,
CCBench,LLaVA-NeXT-8B_Biased_Test,1000253,vcf_only,vcf_only,D,D,1.0,0,1,0.0,0.7019191998657404,B,D,B,D,4,4,1,gray,gray,D,D,D,0,0,MCQ,grec_hard_composition_gate,GroundedResidualEnergyCompositionHard,true_mcq_grec_hard,,
CCBench,LLaVA-NeXT-8B_Biased_Test,1000259,vcf_only,vcf_only,C,A,0.0,0,1,0.0,0.3027678917109731,C,C,C,C,4,4,0,gray,gray,C,C,C,1,0,MCQ,grec_hard_composition_gate,GroundedResidualEnergyCompositionHard,true_mcq_grec_hard,,
CCBench,LLaVA-NeXT-8B_Biased_Test,1000263,vcf_only,vcf_only,B,B,1.0,0,1,0.0,0.9670986675129292,B,C,C,A,4,4,0,gray,gray,B,B,B,0,0,MCQ,grec_hard_composition_gate,GroundedResidualEnergyCompositionHard,true_mcq_grec_hard,,
CCBench,LLaVA-NeXT-8B_Biased_Test,1000264,vcf_only,vcf_only,D,A,0.0,0,1,0.0,0.3925091226124584,C,D,C,D,4,4,1,gray,gray,D,D,D,0,0,MCQ,grec_hard_composition_gate,GroundedResidualEnergyCompositionHard,true_mcq_grec_hard,,
CCBench,LLaVA-NeXT-8B_Biased_Test,1000279,vcf_only,vcf_only,A,C,0.0,0,1,0.0,1.0,A,A,B,A,4,4,0,centermask,centermask,A,A,A,1,0,MCQ,grec_hard_composition_gate,GroundedResidualEnergyCompositionHard,true_mcq_grec_hard,,
CCBench,LLaVA-NeXT-8B_Biased_Test,1000285,vcf_only,vcf_only,A,C,0.0,0,1,0.0,0.5430739671833908,D,D,D,A,4,4,1,centermask,centermask,A,A,A,0,0,MCQ,grec_hard_composition_gate,GroundedResidualEnergyCompositionHard,true_mcq_grec_hard,,
CCBench,LLaVA-NeXT-8B_Biased_Test,1000289,vcf_only,vcf_only,C,C,1.0,0,1,0.0,0.6807533354183483,B,C,B,C,4,4,1,centermask,centermask,C,C,C,0,0,MCQ,grec_hard_composition_gate,GroundedResidualEnergyCompositionHard,true_mcq_grec_hard,,
CCBench,LLaVA-NeXT-8B_Biased_Test,1000296,both,both,B,B,1.0,1,1,1.0,0.3925091226124584,B,D,D,A,2,4,1,strongblur,centermask,C,B,B,0,1,MCQ,grec_hard_composition_gate,GroundedResidualEnergyCompositionHard,true_mcq_grec_hard,,
CCBench,LLaVA-NeXT-8B_Biased_Test,1000299,vcf_only,vcf_only,A,A,1.0,0,1,0.0,0.1851926826796063,D,D,D,D,4,4,1,centermask,centermask,A,A,A,1,0,MCQ,grec_hard_composition_gate,GroundedResidualEnergyCompositionHard,true_mcq_grec_hard,,
CCBench,LLaVA-NeXT-8B_Biased_Test,1000300,both,both,B,B,1.0,1,1,0.2598196262128063,0.31162688511678743,B,D,D,B,1,4,0,gray,gray,B,B,B,1,0,MCQ,grec_hard_composition_gate,GroundedResidualEnergyCompositionHard,true_mcq_grec_hard,,
CCBench,LLaVA-NeXT-8B_Biased_Test,1000303,both,both,B,A,0.0,1,1,0.30216837810897546,0.17959692926093485,B,D,D,C,1,4,0,gray,gray,B,B,B,0,1,MCQ,grec_hard_composition_gate,GroundedResidualEnergyCompositionHard,true_mcq_grec_hard,,
CCBench,LLaVA-NeXT-8B_Biased_Test,1000308,vcf_only,vcf_only,D,A,0.0,0,1,0.0,0.36615802167136924,A,D,D,D,4,4,1,centermask,centermask,D,D,D,0,0,MCQ,grec_hard_composition_gate,GroundedResidualEnergyCompositionHard,true_mcq_grec_hard,,
CCBench,LLaVA-NeXT-8B_Biased_Test,1000311,vcf_only,vcf_only,C,B,0.0,0,1,0.0,0.9260749665435231,C,C,D,C,4,4,0,gray,gray,C,C,C,1,0,MCQ,grec_hard_composition_gate,GroundedResidualEnergyCompositionHard,true_mcq_grec_hard,,
CCBench,LLaVA-NeXT-8B_Biased_Test,1000313,vcf_only,vcf_only,C,C,1.0,0,1,0.0,0.7974813917168336,D,B,B,D,4,4,1,gray,gray,C,C,C,1,0,MCQ,grec_hard_composition_gate,GroundedResidualEnergyCompositionHard,true_mcq_grec_hard,,
CCBench,LLaVA-NeXT-8B_Biased_Test,1000314,vcf_only,vcf_only,A,D,0.0,0,1,0.0,0.9113531203358103,A,A,B,A,4,4,0,strongblur,strongblur,A,A,A,1,0,MCQ,grec_hard_composition_gate,GroundedResidualEnergyCompositionHard,true_mcq_grec_hard,,
CCBench,LLaVA-NeXT-8B_Biased_Test,1000315,vcf_only,vcf_only,D,A,0.0,0,1,0.0,1.0,D,B,B,D,4,4,0,centermask,centermask,D,D,D,1,0,MCQ,grec_hard_composition_gate,GroundedResidualEnergyCompositionHard,true_mcq_grec_hard,,
CCBench,LLaVA-NeXT-8B_Biased_Test,1000318,tcf_only,vcf_only,A,D,0.0,0,1,0.0,1.0,B,B,D,A,4,4,1,strongblur,gray,A,A,A,0,0,MCQ,grec_hard_composition_gate,GroundedResidualEnergyCompositionHard,true_mcq_grec_hard,,
CCBench,LLaVA-NeXT-8B_Biased_Test,1000319,vcf_only,vcf_only,D,D,1.0,0,1,0.0,0.977825994425028,A,A,A,C,4,4,1,gray,gray,D,D,D,0,0,MCQ,grec_hard_composition_gate,GroundedResidualEnergyCompositionHard,true_mcq_grec_hard,,
CCBench,LLaVA-NeXT-8B_Biased_Test,1000320,both,both,D,B,0.0,1,1,1.0,0.22032576676179677,D,B,D,B,2,4,1,gray,gray,B,D,D,0,1,MCQ,grec_hard_composition_gate,GroundedResidualEnergyCompositionHard,true_mcq_grec_hard,,
CCBench,LLaVA-NeXT-8B_Biased_Test,1000321,vcf_only,vcf_only,C,C,1.0,0,1,0.0,0.3925091226124584,D,C,B,C,4,4,1,centermask,centermask,C,C,C,0,0,MCQ,grec_hard_composition_gate,GroundedResidualEnergyCompositionHard,true_mcq_grec_hard,,
CCBench,LLaVA-NeXT-8B_Biased_Test,1000323,tcf_only,tcf_only,A,A,1.0,1,0,0.06819964051646199,0.0,A,A,A,A,1,4,1,gray,gray,A,A,A,1,0,MCQ,grec_hard_composition_gate,GroundedResidualEnergyCompositionHard,true_mcq_grec_hard,,
CCBench,LLaVA-NeXT-8B_Biased_Test,1000324,vcf_only,vcf_only,A,C,0.0,0,1,0.0,0.7328767507772438,A,D,D,D,4,4,0,gray,gray,A,A,A,0,0,MCQ,grec_hard_composition_gate,GroundedResidualEnergyCompositionHard,true_mcq_grec_hard,,
CCBench,LLaVA-NeXT-8B_Biased_Test,1000325,vcf_only,vcf_only,C,A,0.0,0,1,0.0,0.8964344473369571,A,D,D,B,4,4,1,centermask,gray,C,C,C,0,0,MCQ,grec_hard_composition_gate,GroundedResidualEnergyCompositionHard,true_mcq_grec_hard,,
CCBench,LLaVA-NeXT-8B_Biased_Test,1000327,tcf_only,both,D,A,0.0,1,1,1.0,0.8107540096891851,D,A,A,D,1,4,0,gray,gray,D,D,D,1,0,MCQ,grec_hard_composition_gate,GroundedResidualEnergyCompositionHard,true_mcq_grec_hard,,
CCBench,LLaVA-NeXT-8B_Biased_Test,1000329,vcf_only,vcf_only,A,A,1.0,0,1,0.0,1.0,A,B,B,A,4,4,0,gray,gray,A,A,A,1,0,MCQ,grec_hard_composition_gate,GroundedResidualEnergyCompositionHard,true_mcq_grec_hard,,
CCBench,LLaVA-NeXT-8B_Biased_Test,1000331,vcf_only,vcf_only,C,A,0.0,0,1,0.0,0.8622749431761529,B,B,B,A,4,4,1,gray,gray,C,C,C,0,0,MCQ,grec_hard_composition_gate,GroundedResidualEnergyCompositionHard,true_mcq_grec_hard,,
CCBench,LLaVA-NeXT-8B_Biased_Test,1000336,tcf_only,tcf_only,A,A,1.0,1,0,0.36194164493464576,0.0,A,A,A,A,1,4,0,gray,gray,A,A,A,1,0,MCQ,grec_hard_composition_gate,GroundedResidualEnergyCompositionHard,true_mcq_grec_hard,,
CCBench,LLaVA-NeXT-8B_Biased_Test,1000340,both,both,D,A,0.0,1,1,0.0,1.0,D,D,D,D,2,4,1,strongblur,gray,D,D,D,1,0,MCQ,grec_hard_composition_gate,GroundedResidualEnergyCompositionHard,true_mcq_grec_hard,,
CCBench,LLaVA-NeXT-8B_Biased_Test,1000343,vcf_only,vcf_only,B,A,0.0,0,1,0.0,0.9873598693858625,D,C,C,C,4,4,1,gray,gray,B,B,B,0,0,MCQ,grec_hard_composition_gate,GroundedResidualEnergyCompositionHard,true_mcq_grec_hard,,
CCBench,LLaVA-NeXT-8B_Biased_Test,1000345,tcf_only,both,A,A,1.0,1,1,1.0,0.998321048409026,A,A,A,C,3,4,1,strongblur,gray,B,A,A,0,1,MCQ,grec_hard_composition_gate,GroundedResidualEnergyCompositionHard,true_mcq_grec_hard,,
CCBench,LLaVA-NeXT-8B_Biased_Test,1000346,vcf_only,vcf_only,A,A,1.0,0,1,0.0,0.8065750885995141,C,C,C,D,4,4,1,gray,gray,A,A,A,0,0,MCQ,grec_hard_composition_gate,GroundedResidualEnergyCompositionHard,true_mcq_grec_hard,,
CCBench,LLaVA-NeXT-8B_Biased_Test,1000350,vcf_only,vcf_only,B,C,0.0,0,1,0.0,0.859669563493632,B,D,D,D,4,4,0,centermask,centermask,B,B,B,0,0,MCQ,grec_hard_composition_gate,GroundedResidualEnergyCompositionHard,true_mcq_grec_hard,,
CCBench,LLaVA-NeXT-8B_Biased_Test,1000352,both,both,A,A,1.0,1,1,0.0,0.9117325417690996,A,B,B,A,2,4,0,centermask,centermask,A,A,A,1,0,MCQ,grec_hard_composition_gate,GroundedResidualEnergyCompositionHard,true_mcq_grec_hard,,
CCBench,LLaVA-NeXT-8B_Biased_Test,1000354,tcf_only,tcf_only,D,D,1.0,1,0,0.20372742795912147,0.0,A,D,D,D,2,4,0,gray,gray,D,D,D,0,0,MCQ,grec_hard_composition_gate,GroundedResidualEnergyCompositionHard,true_mcq_grec_hard,,
CCBench,LLaVA-NeXT-8B_Biased_Test,1000356,both,both,A,A,1.0,1,1,0.3093755600311159,0.8506889906255901,A,B,B,B,1,4,0,gray,gray,A,A,A,0,1,MCQ,grec_hard_composition_gate,GroundedResidualEnergyCompositionHard,true_mcq_grec_hard,,
CCBench,LLaVA-NeXT-8B_Biased_Test,1000360,vcf_only,vcf_only,D,A,0.0,0,1,0.0,1.0,A,A,A,A,4,4,1,strongblur,centermask,D,D,D,1,0,MCQ,grec_hard_composition_gate,GroundedResidualEnergyCompositionHard,true_mcq_grec_hard,,
CCBench,LLaVA-NeXT-8B_Biased_Test,1000362,tcf_only,tcf_only,A,C,0.0,1,0,1.0,0.0,A,A,A,D,1,4,1,strongblur,gray,A,A,A,0,0,MCQ,grec_hard_composition_gate,GroundedResidualEnergyCompositionHard,true_mcq_grec_hard,,
CCBench,LLaVA-NeXT-8B_Biased_Test,1000364,vcf_only,vcf_only,A,C,0.0,0,1,0.0,0.8297206231693174,A,B,B,C,4,4,0,gray,gray,A,A,A,0,0,MCQ,grec_hard_composition_gate,GroundedResidualEnergyCompositionHard,true_mcq_grec_hard,,
CCBench,LLaVA-NeXT-8B_Biased_Test,1000365,vcf_only,vcf_only,C,A,0.0,0,1,0.0,0.8366952032177795,B,B,B,B,4,4,1,gray,gray,C,C,C,1,0,MCQ,grec_hard_composition_gate,GroundedResidualEnergyCompositionHard,true_mcq_grec_hard,,
CCBench,LLaVA-NeXT-8B_Biased_Test,1000367,vcf_only,vcf_only,A,C,0.0,0,1,0.0,1.0,A,B,B,C,4,4,0,strongblur,gray,A,A,A,0,0,MCQ,grec_hard_composition_gate,GroundedResidualEnergyCompositionHard,true_mcq_grec_hard,,
CCBench,LLaVA-NeXT-8B_Biased_Test,1000369,vcf_only,vcf_only,A,A,1.0,0,1,0.0,0.8563450038507098,A,B,B,B,4,4,0,gray,gray,A,A,A,0,0,MCQ,grec_hard_composition_gate,GroundedResidualEnergyCompositionHard,true_mcq_grec_hard,,
CCBench,LLaVA-NeXT-8B_Biased_Test,1000370,tcf_only,neither,B,A,0.0,0,0,0.0,0.0,B,B,B,B,4,4,1,strongblur,gray,B,B,B,1,0,MCQ,grec_hard_composition_gate,GroundedResidualEnergyCompositionHard,true_mcq_grec_hard,,
CCBench,LLaVA-NeXT-8B_Biased_Test,1000376,vcf_only,vcf_only,C,B,0.0,0,1,0.0,0.06147494711246688,A,A,A,A,4,4,1,gray,gray,C,C,C,1,0,MCQ,grec_hard_composition_gate,GroundedResidualEnergyCompositionHard,true_mcq_grec_hard,,
CCBench,LLaVA-NeXT-8B_Biased_Test,1000379,tcf_only,tcf_only,A,C,0.0,1,0,1.0,0.0,A,A,A,B,1,4,1,gray,gray,A,A,A,0,0,MCQ,grec_hard_composition_gate,GroundedResidualEnergyCompositionHard,true_mcq_grec_hard,,
CCBench,LLaVA-NeXT-8B_Biased_Test,1000382,vcf_only,vcf_only,C,C,1.0,0,1,0.0,0.37030498803477085,D,D,B,B,4,4,1,centermask,gray,C,C,C,0,0,MCQ,grec_hard_composition_gate,GroundedResidualEnergyCompositionHard,true_mcq_grec_hard,,
CCBench,LLaVA-NeXT-8B_Biased_Test,1000384,tcf_only,tcf_only,C,D,0.0,1,0,1.0,0.0,C,C,C,C,1,4,1,strongblur,gray,C,C,C,1,0,MCQ,grec_hard_composition_gate,GroundedResidualEnergyCompositionHard,true_mcq_grec_hard,,
CCBench,LLaVA-NeXT-8B_Biased_Test,1000386,vcf_only,vcf_only,A,C,0.0,0,1,0.0,1.0,A,A,D,A,4,4,0,strongblur,gray,A,A,A,1,0,MCQ,grec_hard_composition_gate,GroundedResidualEnergyCompositionHard,true_mcq_grec_hard,,
CCBench,LLaVA-NeXT-8B_Biased_Test,1000387,tcf_only,both,A,A,1.0,1,1,0.21883371782364947,0.27290515282620004,A,A,A,A,1,4,1,gray,gray,A,A,A,1,0,MCQ,grec_hard_composition_gate,GroundedResidualEnergyCompositionHard,true_mcq_grec_hard,,
CCBench,LLaVA-NeXT-8B_Biased_Test,1000391,both,both,A,C,0.0,1,1,1.0,0.2726455911057171,A,D,A,C,2,4,1,gray,gray,C,A,A,0,1,MCQ,grec_hard_composition_gate,GroundedResidualEnergyCompositionHard,true_mcq_grec_hard,,
CCBench,LLaVA-NeXT-8B_Biased_Test,1000402,tcf_only,tcf_only,C,C,1.0,1,0,1.0,0.0,C,C,C,C,1,4,0,strongblur,gray,C,C,C,1,0,MCQ,grec_hard_composition_gate,GroundedResidualEnergyCompositionHard,true_mcq_grec_hard,,
CCBench,LLaVA-NeXT-8B_Biased_Test,1000406,vcf_only,vcf_only,C,C,1.0,0,1,0.0,0.13148637274636255,B,B,B,B,4,4,1,gray,gray,C,C,C,1,0,MCQ,grec_hard_composition_gate,GroundedResidualEnergyCompositionHard,true_mcq_grec_hard,,
CCBench,LLaVA-NeXT-8B_Biased_Test,1000422,vcf_only,vcf_only,C,C,1.0,0,1,0.0,0.9371466371429524,B,B,B,B,4,4,1,gray,gray,C,C,C,1,0,MCQ,grec_hard_composition_gate,GroundedResidualEnergyCompositionHard,true_mcq_grec_hard,,
CCBench,LLaVA-NeXT-8B_Biased_Test,1000429,vcf_only,vcf_only,D,A,0.0,0,1,0.0,0.09020080594596945,D,D,D,D,4,4,0,gray,gray,D,D,D,1,0,MCQ,grec_hard_composition_gate,GroundedResidualEnergyCompositionHard,true_mcq_grec_hard,,
CCBench,LLaVA-NeXT-8B_Biased_Test,1000433,tcf_only,tcf_only,D,D,1.0,1,0,1.0,0.0,D,D,D,B,1,4,0,centermask,gray,D,D,D,0,0,MCQ,grec_hard_composition_gate,GroundedResidualEnergyCompositionHard,true_mcq_grec_hard,,
CCBench,LLaVA-NeXT-8B_Biased_Test,1000437,both,tcf_only,D,B,0.0,1,0,1.0,0.0,D,D,D,D,1,4,0,gray,gray,D,D,D,1,0,MCQ,grec_hard_composition_gate,GroundedResidualEnergyCompositionHard,true_mcq_grec_hard,,
CCBench,LLaVA-NeXT-8B_Biased_Test,1000438,vcf_only,vcf_only,B,D,0.0,0,1,0.0,1.0,B,A,A,B,4,4,0,gray,gray,B,B,B,1,0,MCQ,grec_hard_composition_gate,GroundedResidualEnergyCompositionHard,true_mcq_grec_hard,,
CCBench,LLaVA-NeXT-8B_Biased_Test,1000452,vcf_only,vcf_only,A,B,0.0,0,1,0.0,0.9763257492454936,A,A,A,A,4,4,0,gray,gray,A,A,A,1,0,MCQ,grec_hard_composition_gate,GroundedResidualEnergyCompositionHard,true_mcq_grec_hard,,
CCBench,LLaVA-NeXT-8B_Biased_Test,1000458,vcf_only,vcf_only,B,B,1.0,0,1,0.0,0.3456383206849309,C,B,B,B,4,4,1,strongblur,centermask,B,B,B,0,0,MCQ,grec_hard_composition_gate,GroundedResidualEnergyCompositionHard,true_mcq_grec_hard,,
CCBench,LLaVA-NeXT-8B_Biased_Test,1000459,tcf_only,both,C,C,1.0,1,1,0.1755123457318155,0.33160601847017707,C,B,B,B,1,4,1,centermask,gray,B,C,C,0,1,MCQ,grec_hard_composition_gate,GroundedResidualEnergyCompositionHard,true_mcq_grec_hard,,
CCBench,LLaVA-NeXT-8B_Biased_Test,1000461,vcf_only,vcf_only,A,A,1.0,0,1,0.0,0.3925091226124584,A,B,B,A,4,4,0,gray,gray,A,A,A,1,0,MCQ,grec_hard_composition_gate,GroundedResidualEnergyCompositionHard,true_mcq_grec_hard,,
CCBench,LLaVA-NeXT-8B_Biased_Test,1000462,vcf_only,vcf_only,B,B,1.0,0,1,0.0,0.1692190598379871,A,B,A,B,4,4,1,gray,gray,B,B,B,0,0,MCQ,grec_hard_composition_gate,GroundedResidualEnergyCompositionHard,true_mcq_grec_hard,,
CCBench,LLaVA-NeXT-8B_Biased_Test,1000474,tcf_only,tcf_only,A,B,0.0,1,0,0.0,0.0,A,B,B,C,1,4,0,strongblur,gray,A,A,A,0,0,MCQ,grec_hard_composition_gate,GroundedResidualEnergyCompositionHard,true_mcq_grec_hard,,
CCBench,LLaVA-NeXT-8B_Biased_Test,1000483,vcf_only,vcf_only,B,C,0.0,0,1,0.0,0.9305700825448848,A,A,A,C,4,4,1,gray,gray,B,B,B,0,0,MCQ,grec_hard_composition_gate,GroundedResidualEnergyCompositionHard,true_mcq_grec_hard,,
CCBench,LLaVA-NeXT-8B_Biased_Test,1000484,vcf_only,vcf_only,B,D,0.0,0,1,0.0,0.8325635833679784,A,A,A,B,4,4,1,gray,gray,B,B,B,0,0,MCQ,grec_hard_composition_gate,GroundedResidualEnergyCompositionHard,true_mcq_grec_hard,,
CCBench,LLaVA-NeXT-8B_Biased_Test,1000488,tcf_only,tcf_only,A,D,0.0,1,0,0.02381500507819423,0.0,A,A,A,A,1,4,0,gray,gray,A,A,A,1,0,MCQ,grec_hard_composition_gate,GroundedResidualEnergyCompositionHard,true_mcq_grec_hard,,
CCBench,LLaVA-NeXT-8B_Biased_Test,1000489,vcf_only,vcf_only,C,A,0.0,0,1,0.0,0.054724404718484373,B,B,B,B,4,4,1,gray,gray,C,C,C,1,0,MCQ,grec_hard_composition_gate,GroundedResidualEnergyCompositionHard,true_mcq_grec_hard,,
CCBench,LLaVA-NeXT-8B_Biased_Test,1000491,tcf_only,both,B,C,0.0,1,1,1.0,0.3925091226124584,B,C,C,C,1,4,1,gray,gray,B,B,B,0,1,MCQ,grec_hard_composition_gate,GroundedResidualEnergyCompositionHard,true_mcq_grec_hard,,
CCBench,LLaVA-NeXT-8B_Biased_Test,1000493,vcf_only,vcf_only,B,A,0.0,0,1,0.0,0.03743543639344441,D,D,D,B,4,4,1,gray,gray,B,B,B,0,0,MCQ,grec_hard_composition_gate,GroundedResidualEnergyCompositionHard,true_mcq_grec_hard,,
CCBench,LLaVA-NeXT-8B_Biased_Test,1000495,vcf_only,vcf_only,A,C,0.0,0,1,0.0,0.038551484360639106,B,B,B,A,4,4,1,gray,gray,A,A,A,0,0,MCQ,grec_hard_composition_gate,GroundedResidualEnergyCompositionHard,true_mcq_grec_hard,,
CCBench,LLaVA-NeXT-8B_Biased_Test,1000496,vcf_only,vcf_only,D,D,1.0,0,1,0.0,0.09692239800910944,B,B,B,D,4,4,1,centermask,gray,D,D,D,0,0,MCQ,grec_hard_composition_gate,GroundedResidualEnergyCompositionHard,true_mcq_grec_hard,,
CCBench,LLaVA-NeXT-8B_Biased_Test,1000497,tcf_only,both,A,A,1.0,1,1,0.00521438281542852,0.21907799094137403,A,B,B,A,1,4,0,centermask,gray,A,A,A,1,0,MCQ,grec_hard_composition_gate,GroundedResidualEnergyCompositionHard,true_mcq_grec_hard,,
CCBench,LLaVA-NeXT-8B_Biased_Test,1000506,vcf_only,vcf_only,D,B,0.0,0,1,0.0,1.0,A,D,C,D,4,4,1,centermask,centermask,D,D,D,0,0,MCQ,grec_hard_composition_gate,GroundedResidualEnergyCompositionHard,true_mcq_grec_hard,,
CCBench,LLaVA-NeXT-8B_Biased_Test,1000508,vcf_only,vcf_only,B,D,0.0,0,1,0.0,0.9223468421456956,C,C,C,B,4,4,1,centermask,centermask,B,B,B,0,0,MCQ,grec_hard_composition_gate,GroundedResidualEnergyCompositionHard,true_mcq_grec_hard,,
CCBench,LLaVA-NeXT-8B_Biased_Test,1000511,vcf_only,vcf_only,A,A,1.0,0,1,0.0,0.7998849321914137,A,C,C,A,4,4,0,gray,gray,A,A,A,1,0,MCQ,grec_hard_composition_gate,GroundedResidualEnergyCompositionHard,true_mcq_grec_hard,,
CCBench,LLaVA-NeXT-8B_Biased_Test,1000512,vcf_only,vcf_only,B,B,1.0,0,1,0.0,0.045973581807658495,A,A,A,B,4,4,1,centermask,centermask,B,B,B,0,0,MCQ,grec_hard_composition_gate,GroundedResidualEnergyCompositionHard,true_mcq_grec_hard,,
CCBench,LLaVA-NeXT-8B_Biased_Test,1000516,vcf_only,vcf_only,B,C,0.0,0,1,0.0,0.015012469003561672,B,B,B,B,4,4,0,gray,gray,B,B,B,1,0,MCQ,grec_hard_composition_gate,GroundedResidualEnergyCompositionHard,true_mcq_grec_hard,,
CCBench,LLaVA-NeXT-8B_Biased_Test,1000517,vcf_only,vcf_only,C,C,1.0,0,1,0.0,0.04583327097514398,B,B,B,C,4,4,1,gray,gray,C,C,C,0,0,MCQ,grec_hard_composition_gate,GroundedResidualEnergyCompositionHard,true_mcq_grec_hard,,
CCBench,LLaVA-NeXT-8B_Biased_Test,1000518,tcf_only,tcf_only,A,C,0.0,1,0,0.07837018909140103,0.0,A,C,A,A,1,4,0,strongblur,gray,A,A,A,1,0,MCQ,grec_hard_composition_gate,GroundedResidualEnergyCompositionHard,true_mcq_grec_hard,,
CCBench,LLaVA-NeXT-8B_Biased_Test,1000521,vcf_only,vcf_only,A,C,0.0,0,1,0.0,0.23446100279336263,A,A,B,A,4,4,0,gray,gray,A,A,A,1,0,MCQ,grec_hard_composition_gate,GroundedResidualEnergyCompositionHard,true_mcq_grec_hard,,
CCBench,LLaVA-NeXT-8B_Biased_Test,1000527,tcf_only,tcf_only,A,D,0.0,1,0,0.08365501019096055,0.0,A,A,A,A,1,4,0,gray,gray,A,A,A,1,0,MCQ,grec_hard_composition_gate,GroundedResidualEnergyCompositionHard,true_mcq_grec_hard,,
CCBench,LLaVA-NeXT-8B_Biased_Test,1000528,vcf_only,vcf_only,A,D,0.0,0,1,0.0,0.055158923785758096,B,B,B,A,4,4,1,gray,gray,A,A,A,0,0,MCQ,grec_hard_composition_gate,GroundedResidualEnergyCompositionHard,true_mcq_grec_hard,,
CCBench,LLaVA-NeXT-8B_Biased_Test,1000530,both,both,A,D,0.0,1,1,1.0,0.2247334996506075,A,A,A,A,1,4,0,gray,gray,A,A,A,1,0,MCQ,grec_hard_composition_gate,GroundedResidualEnergyCompositionHard,true_mcq_grec_hard,,
CCBench,LLaVA-NeXT-8B_Biased_Test,1000532,vcf_only,vcf_only,A,D,0.0,0,1,0.0,0.19272835033285254,B,D,B,D,4,4,1,gray,gray,A,A,A,0,0,MCQ,grec_hard_composition_gate,GroundedResidualEnergyCompositionHard,true_mcq_grec_hard,,
CCBench,LLaVA-NeXT-8B_Biased_Test,1000535,vcf_only,vcf_only,B,D,0.0,0,1,0.0,0.03516079884224087,B,B,B,B,4,4,0,strongblur,strongblur,B,B,B,1,0,MCQ,grec_hard_composition_gate,GroundedResidualEnergyCompositionHard,true_mcq_grec_hard,,
CCBench,LLaVA-NeXT-8B_Biased_Test,1000536,vcf_only,vcf_only,A,D,0.0,0,1,0.0,0.024925952143213508,B,B,B,A,4,4,1,gray,gray,A,A,A,0,0,MCQ,grec_hard_composition_gate,GroundedResidualEnergyCompositionHard,true_mcq_grec_hard,,
CCBench,LLaVA-NeXT-8B_Biased_Test,1000540,vcf_only,vcf_only,C,D,0.0,0,1,0.0,0.04599350829478067,A,A,A,B,4,4,1,centermask,centermask,C,C,C,0,0,MCQ,grec_hard_composition_gate,GroundedResidualEnergyCompositionHard,true_mcq_grec_hard,,
CCBench,LLaVA-NeXT-8B_Biased_Test,2000009,vcf_only,vcf_only,A,B,0.0,0,1,0.0,0.2659471047251969,A,A,A,A,4,4,0,gray,gray,A,A,A,1,0,MCQ,grec_hard_composition_gate,GroundedResidualEnergyCompositionHard,true_mcq_grec_hard,,
CCBench,LLaVA-NeXT-8B_Biased_Test,2000017,vcf_only,vcf_only,C,D,0.0,0,1,0.0,0.9022854331368125,B,A,A,B,4,4,1,gray,gray,C,C,C,1,0,MCQ,grec_hard_composition_gate,GroundedResidualEnergyCompositionHard,true_mcq_grec_hard,,
CCBench,LLaVA-NeXT-8B_Biased_Test,2000018,vcf_only,vcf_only,D,D,1.0,0,1,0.0,0.38705541902496743,A,D,C,D,4,4,1,centermask,centermask,D,D,D,0,0,MCQ,grec_hard_composition_gate,GroundedResidualEnergyCompositionHard,true_mcq_grec_hard,,
CCBench,LLaVA-NeXT-8B_Biased_Test,2000020,vcf_only,vcf_only,D,D,1.0,0,1,0.0,0.07212608517467864,C,D,C,D,4,4,1,centermask,gray,D,D,D,0,0,MCQ,grec_hard_composition_gate,GroundedResidualEnergyCompositionHard,true_mcq_grec_hard,,
CCBench,LLaVA-NeXT-8B_Biased_Test,2000033,tcf_only,tcf_only,A,B,0.0,1,0,0.0,0.0,A,A,A,A,2,4,0,gray,gray,A,A,A,1,0,MCQ,grec_hard_composition_gate,GroundedResidualEnergyCompositionHard,true_mcq_grec_hard,,
CCBench,LLaVA-NeXT-8B_Biased_Test,2000034,vcf_only,vcf_only,B,A,0.0,0,1,0.0,0.1615091916145228,C,C,C,B,4,4,1,gray,gray,B,B,B,0,0,MCQ,grec_hard_composition_gate,GroundedResidualEnergyCompositionHard,true_mcq_grec_hard,,
CCBench,LLaVA-NeXT-8B_Biased_Test,2000035,vcf_only,vcf_only,C,A,0.0,0,1,0.0,0.13900516822191689,C,C,C,C,4,4,0,gray,gray,C,C,C,1,0,MCQ,grec_hard_composition_gate,GroundedResidualEnergyCompositionHard,true_mcq_grec_hard,,
CCBench,LLaVA-NeXT-8B_Biased_Test,2000039,vcf_only,vcf_only,A,D,0.0,0,1,0.0,0.2505818289524541,C,C,C,A,4,4,1,centermask,centermask,A,A,A,0,0,MCQ,grec_hard_composition_gate,GroundedResidualEnergyCompositionHard,true_mcq_grec_hard,,
CCBench,LLaVA-NeXT-8B_Biased_Test,2000040,vcf_only,vcf_only,A,A,1.0,0,1,0.0,0.8217677479843525,B,B,B,A,4,4,1,gray,gray,A,A,A,0,0,MCQ,grec_hard_composition_gate,GroundedResidualEnergyCompositionHard,true_mcq_grec_hard,,
CCBench,LLaVA-NeXT-8B_Biased_Test,2000041,vcf_only,vcf_only,A,C,0.0,0,1,0.0,0.7537198040404443,B,B,B,A,4,4,1,gray,gray,A,A,A,0,0,MCQ,grec_hard_composition_gate,GroundedResidualEnergyCompositionHard,true_mcq_grec_hard,,
CCBench,LLaVA-NeXT-8B_Biased_Test,2000043,vcf_only,vcf_only,C,D,0.0,0,1,0.0,0.30430280472645915,A,B,B,C,4,4,1,gray,gray,C,C,C,0,0,MCQ,grec_hard_composition_gate,GroundedResidualEnergyCompositionHard,true_mcq_grec_hard,,
CCBench,LLaVA-NeXT-8B_Biased_Test,2000044,vcf_only,vcf_only,D,D,1.0,0,1,0.0,0.6454681649785484,A,A,A,A,4,4,1,centermask,gray,D,D,D,1,0,MCQ,grec_hard_composition_gate,GroundedResidualEnergyCompositionHard,true_mcq_grec_hard,,
CCBench,LLaVA-NeXT-8B_Biased_Test,2000045,vcf_only,vcf_only,A,B,0.0,0,1,0.0,0.7313026825112259,D,D,D,A,4,4,1,strongblur,strongblur,A,A,A,0,0,MCQ,grec_hard_composition_gate,GroundedResidualEnergyCompositionHard,true_mcq_grec_hard,,
CCBench,LLaVA-NeXT-8B_Biased_Test,2000054,vcf_only,vcf_only,B,D,0.0,0,1,0.0,0.8179419132940606,A,B,B,B,4,4,1,gray,gray,B,B,B,0,0,MCQ,grec_hard_composition_gate,GroundedResidualEnergyCompositionHard,true_mcq_grec_hard,,
CCBench,LLaVA-NeXT-8B_Biased_Test,2000060,vcf_only,vcf_only,C,B,0.0,0,1,0.0,0.35578483891131146,A,A,A,C,4,4,1,centermask,centermask,C,C,C,0,0,MCQ,grec_hard_composition_gate,GroundedResidualEnergyCompositionHard,true_mcq_grec_hard,,
CCBench,LLaVA-NeXT-8B_Biased_Test,2000066,vcf_only,vcf_only,D,D,1.0,0,1,0.0,0.9524901403683658,B,A,A,D,4,4,1,gray,gray,D,D,D,0,0,MCQ,grec_hard_composition_gate,GroundedResidualEnergyCompositionHard,true_mcq_grec_hard,,
CCBench,LLaVA-NeXT-8B_Biased_Test,2000067,vcf_only,vcf_only,A,B,0.0,0,1,0.0,0.8693628543707238,A,A,A,A,4,4,0,gray,gray,A,A,A,1,0,MCQ,grec_hard_composition_gate,GroundedResidualEnergyCompositionHard,true_mcq_grec_hard,,
CCBench,LLaVA-NeXT-8B_Biased_Test,2000070,vcf_only,vcf_only,B,B,1.0,0,1,0.0,0.06981137953372936,D,D,D,B,4,4,1,centermask,centermask,B,B,B,0,0,MCQ,grec_hard_composition_gate,GroundedResidualEnergyCompositionHard,true_mcq_grec_hard,,
CCBench,LLaVA-NeXT-8B_Biased_Test,2000071,vcf_only,vcf_only,D,B,0.0,0,1,0.0,0.6313547483944659,D,D,D,D,4,4,0,gray,gray,D,D,D,1,0,MCQ,grec_hard_composition_gate,GroundedResidualEnergyCompositionHard,true_mcq_grec_hard,,
CCBench,LLaVA-NeXT-8B_Biased_Test,2000073,vcf_only,vcf_only,D,D,1.0,0,1,0.0,0.9241386013302028,D,A,A,D,4,4,0,centermask,centermask,D,D,D,1,0,MCQ,grec_hard_composition_gate,GroundedResidualEnergyCompositionHard,true_mcq_grec_hard,,
CCBench,LLaVA-NeXT-8B_Biased_Test,2000083,vcf_only,vcf_only,D,D,1.0,0,1,0.0,0.5850774582990098,C,D,C,D,4,4,1,centermask,gray,D,D,D,0,0,MCQ,grec_hard_composition_gate,GroundedResidualEnergyCompositionHard,true_mcq_grec_hard,,
CCBench,LLaVA-NeXT-8B_Biased_Test,2000085,vcf_only,vcf_only,B,B,1.0,0,1,0.0,1.0,B,B,B,B,4,4,0,strongblur,gray,B,B,B,1,0,MCQ,grec_hard_composition_gate,GroundedResidualEnergyCompositionHard,true_mcq_grec_hard,,
CCBench,LLaVA-NeXT-8B_Biased_Test,2000087,vcf_only,vcf_only,D,A,0.0,0,1,0.0,0.5375283810125974,B,B,B,B,4,4,1,centermask,centermask,D,D,D,1,0,MCQ,grec_hard_composition_gate,GroundedResidualEnergyCompositionHard,true_mcq_grec_hard,,
CCBench,LLaVA-NeXT-8B_Biased_Test,2000088,vcf_only,vcf_only,D,B,0.0,0,1,0.0,0.3333131550803465,C,D,C,D,4,4,1,gray,gray,D,D,D,0,0,MCQ,grec_hard_composition_gate,GroundedResidualEnergyCompositionHard,true_mcq_grec_hard,,
CCBench,LLaVA-NeXT-8B_Biased_Test,2000092,vcf_only,vcf_only,D,B,0.0,0,1,0.0,0.15765919207759455,A,D,A,D,4,4,1,centermask,gray,D,D,D,0,0,MCQ,grec_hard_composition_gate,GroundedResidualEnergyCompositionHard,true_mcq_grec_hard,,
CCBench,LLaVA-NeXT-8B_Biased_Test,2000097,vcf_only,vcf_only,A,D,0.0,0,1,0.0,0.48870125444114443,C,A,C,A,4,4,1,gray,gray,A,A,A,0,0,MCQ,grec_hard_composition_gate,GroundedResidualEnergyCompositionHard,true_mcq_grec_hard,,
CCBench,LLaVA-NeXT-8B_Biased_Test,2000103,vcf_only,vcf_only,C,C,1.0,0,1,0.0,0.1838698418591494,B,B,B,C,4,4,1,gray,gray,C,C,C,0,0,MCQ,grec_hard_composition_gate,GroundedResidualEnergyCompositionHard,true_mcq_grec_hard,,
CCBench,LLaVA-NeXT-8B_Biased_Test,2000104,vcf_only,vcf_only,D,C,0.0,0,1,0.0,0.3925091226124584,A,A,A,C,4,4,1,gray,gray,D,D,D,0,0,MCQ,grec_hard_composition_gate,GroundedResidualEnergyCompositionHard,true_mcq_grec_hard,,
CCBench,LLaVA-NeXT-8B_Biased_Test,2000107,vcf_only,vcf_only,C,C,1.0,0,1,0.0,0.13191749598395291,A,A,A,C,4,4,1,centermask,gray,C,C,C,0,0,MCQ,grec_hard_composition_gate,GroundedResidualEnergyCompositionHard,true_mcq_grec_hard,,
CCBench,LLaVA-NeXT-8B_Biased_Test,2000112,vcf_only,vcf_only,D,D,1.0,0,1,0.0,1.0,D,A,B,D,4,4,0,gray,gray,D,D,D,1,0,MCQ,grec_hard_composition_gate,GroundedResidualEnergyCompositionHard,true_mcq_grec_hard,,
CCBench,LLaVA-NeXT-8B_Biased_Test,2000119,tcf_only,tcf_only,C,C,1.0,1,0,0.25481638795991746,0.0,C,C,C,C,1,4,0,strongblur,strongblur,C,C,C,1,0,MCQ,grec_hard_composition_gate,GroundedResidualEnergyCompositionHard,true_mcq_grec_hard,,
CCBench,LLaVA-NeXT-8B_Biased_Test,2000123,vcf_only,vcf_only,C,B,0.0,0,1,0.0,0.90190617434356,A,C,C,C,4,4,1,gray,gray,C,C,C,0,0,MCQ,grec_hard_composition_gate,GroundedResidualEnergyCompositionHard,true_mcq_grec_hard,,
CCBench,LLaVA-NeXT-8B_Biased_Test,2000124,both,vcf_only,A,C,0.0,0,1,0.0,1.0,B,A,A,A,4,4,1,centermask,centermask,A,A,A,0,0,MCQ,grec_hard_composition_gate,GroundedResidualEnergyCompositionHard,true_mcq_grec_hard,,
CCBench,LLaVA-NeXT-8B_Biased_Test,2000125,vcf_only,vcf_only,D,D,1.0,0,1,0.0,0.8791876980886786,C,A,A,C,4,4,1,centermask,gray,D,D,D,1,0,MCQ,grec_hard_composition_gate,GroundedResidualEnergyCompositionHard,true_mcq_grec_hard,,
CCBench,LLaVA-NeXT-8B_Biased_Test,2000127,vcf_only,vcf_only,C,B,0.0,0,1,0.0,0.9655173744674579,A,A,A,C,4,4,1,strongblur,strongblur,C,C,C,0,0,MCQ,grec_hard_composition_gate,GroundedResidualEnergyCompositionHard,true_mcq_grec_hard,,
CCBench,LLaVA-NeXT-8B_Biased_Test,2000128,vcf_only,vcf_only,A,C,0.0,0,1,0.0,0.7786219115617333,A,A,A,A,4,4,0,gray,gray,A,A,A,1,0,MCQ,grec_hard_composition_gate,GroundedResidualEnergyCompositionHard,true_mcq_grec_hard,,
CCBench,LLaVA-NeXT-8B_Biased_Test,2000129,vcf_only,vcf_only,A,D,0.0,0,1,0.0,0.7481579229821888,A,A,A,A,4,4,0,centermask,centermask,A,A,A,1,0,MCQ,grec_hard_composition_gate,GroundedResidualEnergyCompositionHard,true_mcq_grec_hard,,
CCBench,LLaVA-NeXT-8B_Biased_Test,2000133,tcf_only,tcf_only,D,D,1.0,1,0,1.0,0.0,D,D,D,D,1,4,0,centermask,centermask,D,D,D,1,0,MCQ,grec_hard_composition_gate,GroundedResidualEnergyCompositionHard,true_mcq_grec_hard,,
CCBench,LLaVA-NeXT-8B_Biased_Test,2000135,tcf_only,tcf_only,B,B,1.0,1,0,0.1287854462085236,0.0,B,D,D,C,1,4,1,centermask,gray,B,B,B,0,0,MCQ,grec_hard_composition_gate,GroundedResidualEnergyCompositionHard,true_mcq_grec_hard,,
CCBench,LLaVA-NeXT-8B_Biased_Test,2000137,vcf_only,vcf_only,A,A,1.0,0,1,0.0,0.07094128462372853,D,D,D,A,4,4,1,gray,gray,A,A,A,0,0,MCQ,grec_hard_composition_gate,GroundedResidualEnergyCompositionHard,true_mcq_grec_hard,,
CCBench,LLaVA-NeXT-8B_Biased_Test,2000138,vcf_only,vcf_only,A,B,0.0,0,1,0.0,0.10625482213021169,D,D,D,A,4,4,1,gray,gray,A,A,A,0,0,MCQ,grec_hard_composition_gate,GroundedResidualEnergyCompositionHard,true_mcq_grec_hard,,
CCBench,LLaVA-NeXT-8B_Biased_Test,2000139,vcf_only,vcf_only,D,C,0.0,0,1,0.0,0.23340695568729444,B,D,D,D,4,4,1,centermask,centermask,D,D,D,0,0,MCQ,grec_hard_composition_gate,GroundedResidualEnergyCompositionHard,true_mcq_grec_hard,,
CCBench,LLaVA-NeXT-8B_Biased_Test,2000140,tcf_only,both,A,D,0.0,1,1,0.07754892801816382,1.0,A,A,A,A,1,4,0,strongblur,gray,A,A,A,1,0,MCQ,grec_hard_composition_gate,GroundedResidualEnergyCompositionHard,true_mcq_grec_hard,,
CCBench,LLaVA-NeXT-8B_Biased_Test,2000148,vcf_only,vcf_only,D,C,0.0,0,1,0.0,0.5086183957691961,A,A,A,D,4,4,1,gray,gray,D,D,D,0,0,MCQ,grec_hard_composition_gate,GroundedResidualEnergyCompositionHard,true_mcq_grec_hard,,
CCBench,LLaVA-NeXT-8B_Biased_Test,2000162,vcf_only,vcf_only,C,A,0.0,0,1,0.0,0.4392971383694382,B,B,B,B,4,4,1,centermask,centermask,C,C,C,1,0,MCQ,grec_hard_composition_gate,GroundedResidualEnergyCompositionHard,true_mcq_grec_hard,,
CCBench,LLaVA-NeXT-8B_Biased_Test,2000163,vcf_only,vcf_only,A,C,0.0,0,1,0.0,0.07656782549061784,B,B,B,B,4,4,1,centermask,centermask,A,A,A,1,0,MCQ,grec_hard_composition_gate,GroundedResidualEnergyCompositionHard,true_mcq_grec_hard,,
CCBench,LLaVA-NeXT-8B_Biased_Test,2000164,both,both,B,C,0.0,1,1,1.0,0.9225793281068927,B,B,B,B,1,4,0,strongblur,strongblur,B,B,B,1,0,MCQ,grec_hard_composition_gate,GroundedResidualEnergyCompositionHard,true_mcq_grec_hard,,
CCBench,LLaVA-NeXT-8B_Biased_Test,2000167,both,both,B,B,1.0,1,1,0.22259577939940334,0.5854963217287629,B,D,D,B,1,4,0,centermask,centermask,B,B,B,1,0,MCQ,grec_hard_composition_gate,GroundedResidualEnergyCompositionHard,true_mcq_grec_hard,,
CCBench,LLaVA-NeXT-8B_Biased_Test,2000175,vcf_only,vcf_only,A,D,0.0,0,1,0.0,0.18363484176807196,D,C,C,C,4,4,1,gray,gray,A,A,A,0,0,MCQ,grec_hard_composition_gate,GroundedResidualEnergyCompositionHard,true_mcq_grec_hard,,
CCBench,LLaVA-NeXT-8B_Biased_Test,2000176,vcf_only,vcf_only,D,C,0.0,0,1,0.0,1.0,D,D,D,D,4,4,0,strongblur,gray,D,D,D,1,0,MCQ,grec_hard_composition_gate,GroundedResidualEnergyCompositionHard,true_mcq_grec_hard,,
CCBench,LLaVA-NeXT-8B_Biased_Test,2000181,vcf_only,vcf_only,D,C,0.0,0,1,0.0,0.724393612216041,A,A,A,A,4,4,1,centermask,centermask,D,D,D,1,0,MCQ,grec_hard_composition_gate,GroundedResidualEnergyCompositionHard,true_mcq_grec_hard,,
CCBench,LLaVA-NeXT-8B_Biased_Test,2000186,both,both,B,D,0.0,1,1,0.10891754235538542,0.25419388981333163,B,B,A,B,2,4,0,centermask,centermask,B,B,B,1,0,MCQ,grec_hard_composition_gate,GroundedResidualEnergyCompositionHard,true_mcq_grec_hard,,
CCBench,LLaVA-NeXT-8B_Biased_Test,2000191,vcf_only,vcf_only,C,C,1.0,0,1,0.0,1.0,C,C,C,C,4,4,0,strongblur,centermask,C,C,C,1,0,MCQ,grec_hard_composition_gate,GroundedResidualEnergyCompositionHard,true_mcq_grec_hard,,
CCBench,LLaVA-NeXT-8B_Biased_Test,2000193,vcf_only,vcf_only,B,C,0.0,0,1,0.0,0.8851947256045345,A,D,D,D,4,4,1,gray,gray,B,B,B,0,0,MCQ,grec_hard_composition_gate,GroundedResidualEnergyCompositionHard,true_mcq_grec_hard,,
CCBench,LLaVA-NeXT-8B_Biased_Test,2000194,vcf_only,vcf_only,B,C,0.0,0,1,0.0,1.0,D,D,D,B,4,4,1,centermask,gray,B,B,B,0,0,MCQ,grec_hard_composition_gate,GroundedResidualEnergyCompositionHard,true_mcq_grec_hard,,
CCBench,LLaVA-NeXT-8B_Biased_Test,2000195,vcf_only,vcf_only,C,C,1.0,0,1,0.0,0.685169300904663,A,A,A,C,4,4,1,gray,gray,C,C,C,0,0,MCQ,grec_hard_composition_gate,GroundedResidualEnergyCompositionHard,true_mcq_grec_hard,,
CCBench,LLaVA-NeXT-8B_Biased_Test,2000196,vcf_only,vcf_only,D,C,0.0,0,1,0.0,0.949544672937142,D,D,D,D,4,4,0,centermask,centermask,D,D,D,1,0,MCQ,grec_hard_composition_gate,GroundedResidualEnergyCompositionHard,true_mcq_grec_hard,,
CCBench,LLaVA-NeXT-8B_Biased_Test,2000198,vcf_only,vcf_only,D,C,0.0,0,1,0.0,0.6731773120821447,B,B,B,B,4,4,1,centermask,gray,D,D,D,1,0,MCQ,grec_hard_composition_gate,GroundedResidualEnergyCompositionHard,true_mcq_grec_hard,,
CCBench,LLaVA-NeXT-8B_Biased_Test,2000201,vcf_only,vcf_only,A,D,0.0,0,1,0.0,0.9731381373668351,A,A,A,A,4,4,0,gray,gray,A,A,A,1,0,MCQ,grec_hard_composition_gate,GroundedResidualEnergyCompositionHard,true_mcq_grec_hard,,
CCBench,LLaVA-NeXT-8B_Biased_Test,2000206,vcf_only,vcf_only,C,C,1.0,0,1,0.0,0.7742267769065209,B,A,A,C,4,4,1,gray,gray,C,C,C,0,0,MCQ,grec_hard_composition_gate,GroundedResidualEnergyCompositionHard,true_mcq_grec_hard,,
CCBench,LLaVA-NeXT-8B_Biased_Test,2000210,vcf_only,vcf_only,C,C,1.0,0,1,0.0,0.04794654715440045,A,A,A,A,4,4,1,gray,gray,C,C,C,1,0,MCQ,grec_hard_composition_gate,GroundedResidualEnergyCompositionHard,true_mcq_grec_hard,,
CCBench,LLaVA-NeXT-8B_Biased_Test,2000211,vcf_only,vcf_only,D,D,1.0,0,1,0.0,0.017248246481084698,A,A,A,A,4,4,1,gray,gray,D,D,D,1,0,MCQ,grec_hard_composition_gate,GroundedResidualEnergyCompositionHard,true_mcq_grec_hard,,
CCBench,LLaVA-NeXT-8B_Biased_Test,2000213,vcf_only,vcf_only,D,B,0.0,0,1,0.0,0.00791800446626193,A,A,A,A,4,4,1,gray,gray,D,D,D,1,0,MCQ,grec_hard_composition_gate,GroundedResidualEnergyCompositionHard,true_mcq_grec_hard,,
CCBench,LLaVA-NeXT-8B_Biased_Test,2000215,vcf_only,vcf_only,D,D,1.0,0,1,0.0,0.12206253448083634,A,D,A,D,4,4,1,gray,gray,D,D,D,0,0,MCQ,grec_hard_composition_gate,GroundedResidualEnergyCompositionHard,true_mcq_grec_hard,,
CCBench,LLaVA-NeXT-8B_Biased_Test,2000218,vcf_only,vcf_only,A,C,0.0,0,1,0.0,0.2319835662738513,A,A,A,A,4,4,0,gray,gray,A,A,A,1,0,MCQ,grec_hard_composition_gate,GroundedResidualEnergyCompositionHard,true_mcq_grec_hard,,
CCBench,LLaVA-NeXT-8B_Biased_Test,2000219,vcf_only,vcf_only,A,D,0.0,0,1,0.0,0.10190730520831039,A,A,A,A,4,4,0,gray,gray,A,A,A,1,0,MCQ,grec_hard_composition_gate,GroundedResidualEnergyCompositionHard,true_mcq_grec_hard,,
CCBench,LLaVA-NeXT-8B_Biased_Test,2000221,vcf_only,vcf_only,A,B,0.0,0,1,0.0,0.158199759378231,A,A,A,A,4,4,0,centermask,centermask,A,A,A,1,0,MCQ,grec_hard_composition_gate,GroundedResidualEnergyCompositionHard,true_mcq_grec_hard,,
CCBench,LLaVA-NeXT-8B_Biased_Test,2000223,vcf_only,vcf_only,C,D,0.0,0,1,0.0,0.12484470887998704,B,B,B,C,4,4,1,centermask,gray,C,C,C,0,0,MCQ,grec_hard_composition_gate,GroundedResidualEnergyCompositionHard,true_mcq_grec_hard,,
CCBench,LLaVA-NeXT-8B_Biased_Test,2000224,vcf_only,vcf_only,B,A,0.0,0,1,0.0,0.08532158953878037,B,B,B,B,4,4,0,centermask,centermask,B,B,B,1,0,MCQ,grec_hard_composition_gate,GroundedResidualEnergyCompositionHard,true_mcq_grec_hard,,
CCBench,LLaVA-NeXT-8B_Biased_Test,2000228,vcf_only,vcf_only,B,C,0.0,0,1,0.0,0.9786437910116306,B,B,B,B,4,4,0,gray,gray,B,B,B,1,0,MCQ,grec_hard_composition_gate,GroundedResidualEnergyCompositionHard,true_mcq_grec_hard,,
CCBench,LLaVA-NeXT-8B_Biased_Test,2000229,vcf_only,vcf_only,C,B,0.0,0,1,0.0,0.863111768723841,A,A,A,C,4,4,1,centermask,centermask,C,C,C,0,0,MCQ,grec_hard_composition_gate,GroundedResidualEnergyCompositionHard,true_mcq_grec_hard,,
CCBench,LLaVA-NeXT-8B_Biased_Test,2000233,vcf_only,vcf_only,A,D,0.0,0,1,0.0,0.06515821451352839,C,A,C,A,4,4,1,gray,gray,A,A,A,0,0,MCQ,grec_hard_composition_gate,GroundedResidualEnergyCompositionHard,true_mcq_grec_hard,,
CCBench,LLaVA-NeXT-8B_Biased_Test,2000236,vcf_only,neither,C,D,0.0,0,0,0.0,0.0,C,C,C,A,4,4,1,gray,gray,C,C,C,0,0,MCQ,grec_hard_composition_gate,GroundedResidualEnergyCompositionHard,true_mcq_grec_hard,,
CCBench,LLaVA-NeXT-8B_Biased_Test,2000240,both,both,B,B,1.0,1,1,0.1274184576648647,1.0,B,C,B,B,1,4,0,gray,gray,B,B,B,1,0,MCQ,grec_hard_composition_gate,GroundedResidualEnergyCompositionHard,true_mcq_grec_hard,,
CCBench,LLaVA-NeXT-8B_Biased_Test,2000241,both,both,B,D,0.0,1,1,0.08750767001174697,1.0,B,B,B,B,1,4,0,centermask,centermask,B,B,B,1,0,MCQ,grec_hard_composition_gate,GroundedResidualEnergyCompositionHard,true_mcq_grec_hard,,
CCBench,LLaVA-NeXT-8B_Biased_Test,2000243,vcf_only,vcf_only,C,D,0.0,0,1,0.0,0.8392028252199404,C,C,C,C,4,4,0,centermask,centermask,C,C,C,1,0,MCQ,grec_hard_composition_gate,GroundedResidualEnergyCompositionHard,true_mcq_grec_hard,,
CCBench,LLaVA-NeXT-8B_Biased_Test,2000244,vcf_only,vcf_only,C,B,0.0,0,1,0.0,0.8107242339047012,C,C,C,C,4,4,0,centermask,centermask,C,C,C,1,0,MCQ,grec_hard_composition_gate,GroundedResidualEnergyCompositionHard,true_mcq_grec_hard,,
CCBench,LLaVA-NeXT-8B_Biased_Test,2000250,vcf_only,vcf_only,D,D,1.0,0,1,0.0,1.0,D,D,D,D,4,4,0,gray,gray,D,D,D,1,0,MCQ,grec_hard_composition_gate,GroundedResidualEnergyCompositionHard,true_mcq_grec_hard,,
CCBench,LLaVA-NeXT-8B_Biased_Test,2000251,both,both,C,B,0.0,1,1,1.0,1.0,C,B,B,A,2,4,1,centermask,gray,B,C,C,0,1,MCQ,grec_hard_composition_gate,GroundedResidualEnergyCompositionHard,true_mcq_grec_hard,,
CCBench,LLaVA-NeXT-8B_Biased_Test,2000259,vcf_only,vcf_only,D,B,0.0,0,1,0.0,0.27745531890754693,D,D,D,D,4,4,0,centermask,centermask,D,D,D,1,0,MCQ,grec_hard_composition_gate,GroundedResidualEnergyCompositionHard,true_mcq_grec_hard,,
CCBench,LLaVA-NeXT-8B_Biased_Test,2000263,vcf_only,vcf_only,B,C,0.0,0,1,0.0,0.3925091226124584,B,D,D,B,4,4,0,gray,gray,B,B,B,1,0,MCQ,grec_hard_composition_gate,GroundedResidualEnergyCompositionHard,true_mcq_grec_hard,,
CCBench,LLaVA-NeXT-8B_Biased_Test,2000265,tcf_only,tcf_only,A,C,0.0,1,0,1.0,0.0,A,A,A,A,1,4,0,strongblur,strongblur,A,A,A,1,0,MCQ,grec_hard_composition_gate,GroundedResidualEnergyCompositionHard,true_mcq_grec_hard,,
CCBench,LLaVA-NeXT-8B_Biased_Test,2000266,vcf_only,vcf_only,B,C,0.0,0,1,0.0,0.06837498026773761,A,D,D,A,4,4,1,gray,gray,B,B,B,1,0,MCQ,grec_hard_composition_gate,GroundedResidualEnergyCompositionHard,true_mcq_grec_hard,,
CCBench,LLaVA-NeXT-8B_Biased_Test,2000271,tcf_only,tcf_only,A,D,0.0,1,0,1.0,0.0,A,D,A,D,1,4,1,gray,gray,A,A,A,0,0,MCQ,grec_hard_composition_gate,GroundedResidualEnergyCompositionHard,true_mcq_grec_hard,,
CCBench,LLaVA-NeXT-8B_Biased_Test,2000278,tcf_only,tcf_only,A,A,1.0,1,0,1.0,0.0,A,D,A,C,1,4,1,gray,gray,A,A,A,0,0,MCQ,grec_hard_composition_gate,GroundedResidualEnergyCompositionHard,true_mcq_grec_hard,,
CCBench,LLaVA-NeXT-8B_Biased_Test,2000279,vcf_only,vcf_only,B,D,0.0,0,1,0.0,1.0,B,C,C,B,4,4,0,centermask,gray,B,B,B,1,0,MCQ,grec_hard_composition_gate,GroundedResidualEnergyCompositionHard,true_mcq_grec_hard,,
CCBench,LLaVA-NeXT-8B_Biased_Test,2000280,vcf_only,vcf_only,C,C,1.0,0,1,0.0,0.36198869681401635,C,C,C,C,4,4,0,centermask,centermask,C,C,C,1,0,MCQ,grec_hard_composition_gate,GroundedResidualEnergyCompositionHard,true_mcq_grec_hard,,
CCBench,LLaVA-NeXT-8B_Biased_Test,2000281,vcf_only,vcf_only,D,D,1.0,0,1,0.0,0.07005374785860227,A,A,A,D,4,4,1,gray,gray,D,D,D,0,0,MCQ,grec_hard_composition_gate,GroundedResidualEnergyCompositionHard,true_mcq_grec_hard,,
CCBench,LLaVA-NeXT-8B_Biased_Test,2000285,vcf_only,vcf_only,D,D,1.0,0,1,0.0,0.8477997216151987,A,A,A,D,4,4,1,centermask,centermask,D,D,D,0,0,MCQ,grec_hard_composition_gate,GroundedResidualEnergyCompositionHard,true_mcq_grec_hard,,
CCBench,LLaVA-NeXT-8B_Biased_Test,2000289,vcf_only,vcf_only,D,D,1.0,0,1,0.0,0.4689799034352463,C,D,C,D,4,4,1,centermask,centermask,D,D,D,0,0,MCQ,grec_hard_composition_gate,GroundedResidualEnergyCompositionHard,true_mcq_grec_hard,,
CCBench,LLaVA-NeXT-8B_Biased_Test,2000293,vcf_only,vcf_only,B,D,0.0,0,1,0.0,0.5220465019600901,B,B,B,B,4,4,0,centermask,centermask,B,B,B,1,0,MCQ,grec_hard_composition_gate,GroundedResidualEnergyCompositionHard,true_mcq_grec_hard,,
CCBench,LLaVA-NeXT-8B_Biased_Test,2000294,vcf_only,vcf_only,D,A,0.0,0,1,0.0,0.541560635284715,B,B,B,B,4,4,1,centermask,centermask,D,D,D,1,0,MCQ,grec_hard_composition_gate,GroundedResidualEnergyCompositionHard,true_mcq_grec_hard,,
CCBench,LLaVA-NeXT-8B_Biased_Test,2000296,tcf_only,tcf_only,A,C,0.0,1,0,1.0,0.0,A,A,A,A,1,4,0,strongblur,strongblur,A,A,A,1,0,MCQ,grec_hard_composition_gate,GroundedResidualEnergyCompositionHard,true_mcq_grec_hard,,
CCBench,LLaVA-NeXT-8B_Biased_Test,2000298,tcf_only,tcf_only,A,A,1.0,1,0,0.37059496399338787,0.0,A,A,A,A,1,4,1,gray,gray,A,A,A,1,0,MCQ,grec_hard_composition_gate,GroundedResidualEnergyCompositionHard,true_mcq_grec_hard,,
CCBench,LLaVA-NeXT-8B_Biased_Test,2000299,tcf_only,tcf_only,A,B,0.0,1,0,1.0,0.0,A,A,A,A,1,4,1,gray,gray,A,A,A,1,0,MCQ,grec_hard_composition_gate,GroundedResidualEnergyCompositionHard,true_mcq_grec_hard,,
CCBench,LLaVA-NeXT-8B_Biased_Test,2000308,vcf_only,vcf_only,C,B,0.0,0,1,0.0,0.18488064890649847,A,A,A,D,4,4,1,centermask,centermask,C,C,C,0,0,MCQ,grec_hard_composition_gate,GroundedResidualEnergyCompositionHard,true_mcq_grec_hard,,
CCBench,LLaVA-NeXT-8B_Biased_Test,2000310,vcf_only,vcf_only,D,D,1.0,0,1,0.0,0.21158793678903118,A,D,A,D,4,4,1,centermask,gray,D,D,D,0,0,MCQ,grec_hard_composition_gate,GroundedResidualEnergyCompositionHard,true_mcq_grec_hard,,
CCBench,LLaVA-NeXT-8B_Biased_Test,2000311,vcf_only,vcf_only,D,C,0.0,0,1,0.0,0.10811177029685991,A,A,A,D,4,4,1,gray,gray,D,D,D,0,0,MCQ,grec_hard_composition_gate,GroundedResidualEnergyCompositionHard,true_mcq_grec_hard,,
CCBench,LLaVA-NeXT-8B_Biased_Test,2000320,vcf_only,vcf_only,C,C,1.0,0,1,0.0,0.23234262955716892,A,A,A,C,4,4,1,gray,gray,C,C,C,0,0,MCQ,grec_hard_composition_gate,GroundedResidualEnergyCompositionHard,true_mcq_grec_hard,,
CCBench,LLaVA-NeXT-8B_Biased_Test,2000321,vcf_only,vcf_only,A,D,0.0,0,1,0.0,0.3925091226124584,A,D,D,A,4,4,0,centermask,gray,A,A,A,1,0,MCQ,grec_hard_composition_gate,GroundedResidualEnergyCompositionHard,true_mcq_grec_hard,,
CCBench,LLaVA-NeXT-8B_Biased_Test,2000324,both,both,B,D,0.0,1,1,1.0,0.9760313551329468,B,A,A,A,2,4,1,strongblur,gray,B,B,B,0,1,MCQ,grec_hard_composition_gate,GroundedResidualEnergyCompositionHard,true_mcq_grec_hard,,
CCBench,LLaVA-NeXT-8B_Biased_Test,2000343,vcf_only,vcf_only,A,B,0.0,0,1,0.0,1.0,A,D,D,A,4,4,0,strongblur,strongblur,A,A,A,1,0,MCQ,grec_hard_composition_gate,GroundedResidualEnergyCompositionHard,true_mcq_grec_hard,,
CCBench,LLaVA-NeXT-8B_Biased_Test,2000346,vcf_only,vcf_only,B,B,1.0,0,1,0.0,0.7201518310113795,D,D,D,B,4,4,1,gray,gray,B,B,B,0,0,MCQ,grec_hard_composition_gate,GroundedResidualEnergyCompositionHard,true_mcq_grec_hard,,
CCBench,LLaVA-NeXT-8B_Biased_Test,2000350,both,both,C,D,0.0,1,1,0.2584743338884432,0.33633545368656564,C,A,A,B,1,4,0,gray,gray,C,C,C,0,1,MCQ,grec_hard_composition_gate,GroundedResidualEnergyCompositionHard,true_mcq_grec_hard,,
CCBench,LLaVA-NeXT-8B_Biased_Test,2000354,tcf_only,tcf_only,A,A,1.0,1,0,1.0,0.0,A,A,A,A,2,4,1,strongblur,centermask,A,A,A,1,0,MCQ,grec_hard_composition_gate,GroundedResidualEnergyCompositionHard,true_mcq_grec_hard,,
CCBench,LLaVA-NeXT-8B_Biased_Test,2000362,tcf_only,both,A,D,0.0,1,1,1.0,1.0,A,A,D,A,1,4,0,strongblur,centermask,A,A,A,1,0,MCQ,grec_hard_composition_gate,GroundedResidualEnergyCompositionHard,true_mcq_grec_hard,,
CCBench,LLaVA-NeXT-8B_Biased_Test,2000364,tcf_only,tcf_only,D,D,1.0,1,0,1.0,0.0,D,D,D,D,1,4,0,strongblur,strongblur,D,D,D,1,0,MCQ,grec_hard_composition_gate,GroundedResidualEnergyCompositionHard,true_mcq_grec_hard,,
CCBench,LLaVA-NeXT-8B_Biased_Test,2000365,both,both,C,B,0.0,1,1,1.0,0.3925091226124584,C,C,C,D,1,4,1,strongblur,gray,C,C,C,0,1,MCQ,grec_hard_composition_gate,GroundedResidualEnergyCompositionHard,true_mcq_grec_hard,,
CCBench,LLaVA-NeXT-8B_Biased_Test,2000369,tcf_only,both,D,B,0.0,1,1,0.07422281584687873,1.0,D,D,D,B,1,4,1,strongblur,gray,D,D,D,0,1,MCQ,grec_hard_composition_gate,GroundedResidualEnergyCompositionHard,true_mcq_grec_hard,,
CCBench,LLaVA-NeXT-8B_Biased_Test,2000376,vcf_only,vcf_only,C,C,1.0,0,1,0.0,0.15191409208476686,A,B,B,B,4,4,1,gray,gray,C,C,C,0,0,MCQ,grec_hard_composition_gate,GroundedResidualEnergyCompositionHard,true_mcq_grec_hard,,
CCBench,LLaVA-NeXT-8B_Biased_Test,2000378,vcf_only,vcf_only,A,D,0.0,0,1,0.0,0.36027273971427987,A,A,A,A,4,4,0,gray,gray,A,A,A,1,0,MCQ,grec_hard_composition_gate,GroundedResidualEnergyCompositionHard,true_mcq_grec_hard,,
CCBench,LLaVA-NeXT-8B_Biased_Test,2000382,vcf_only,vcf_only,D,D,1.0,0,1,0.0,0.8248955604031617,A,A,A,A,4,4,1,gray,gray,D,D,D,1,0,MCQ,grec_hard_composition_gate,GroundedResidualEnergyCompositionHard,true_mcq_grec_hard,,
CCBench,LLaVA-NeXT-8B_Biased_Test,2000384,both,both,D,A,0.0,1,1,1.0,0.315327070041098,D,D,D,D,1,4,1,gray,gray,D,D,D,1,0,MCQ,grec_hard_composition_gate,GroundedResidualEnergyCompositionHard,true_mcq_grec_hard,,
CCBench,LLaVA-NeXT-8B_Biased_Test,2000386,tcf_only,tcf_only,B,D,0.0,1,0,1.0,0.0,B,B,B,B,1,4,0,strongblur,gray,B,B,B,1,0,MCQ,grec_hard_composition_gate,GroundedResidualEnergyCompositionHard,true_mcq_grec_hard,,
CCBench,LLaVA-NeXT-8B_Biased_Test,2000391,vcf_only,vcf_only,A,D,0.0,0,1,0.0,0.7474972971868675,B,B,B,A,4,4,1,gray,gray,A,A,A,0,0,MCQ,grec_hard_composition_gate,GroundedResidualEnergyCompositionHard,true_mcq_grec_hard,,
CCBench,LLaVA-NeXT-8B_Biased_Test,2000393,tcf_only,tcf_only,C,A,0.0,1,0,1.0,0.0,C,D,D,D,2,4,1,centermask,gray,C,C,C,0,0,MCQ,grec_hard_composition_gate,GroundedResidualEnergyCompositionHard,true_mcq_grec_hard,,
CCBench,LLaVA-NeXT-8B_Biased_Test,2000399,tcf_only,tcf_only,A,A,1.0,1,0,0.2683802338540029,0.0,A,A,A,A,1,4,1,gray,gray,A,A,A,1,0,MCQ,grec_hard_composition_gate,GroundedResidualEnergyCompositionHard,true_mcq_grec_hard,,
CCBench,LLaVA-NeXT-8B_Biased_Test,2000417,tcf_only,tcf_only,C,C,1.0,1,0,1.0,0.0,C,C,C,C,2,4,0,centermask,centermask,C,C,C,1,0,MCQ,grec_hard_composition_gate,GroundedResidualEnergyCompositionHard,true_mcq_grec_hard,,
CCBench,LLaVA-NeXT-8B_Biased_Test,2000422,vcf_only,vcf_only,C,D,0.0,0,1,0.0,1.0,C,C,C,C,4,4,0,centermask,centermask,C,C,C,1,0,MCQ,grec_hard_composition_gate,GroundedResidualEnergyCompositionHard,true_mcq_grec_hard,,
CCBench,LLaVA-NeXT-8B_Biased_Test,2000429,vcf_only,vcf_only,A,B,0.0,0,1,0.0,0.38713926703535856,A,A,A,A,4,4,0,gray,gray,A,A,A,1,0,MCQ,grec_hard_composition_gate,GroundedResidualEnergyCompositionHard,true_mcq_grec_hard,,
CCBench,LLaVA-NeXT-8B_Biased_Test,2000437,vcf_only,vcf_only,A,C,0.0,0,1,0.0,0.68037341194201,A,A,A,A,4,4,0,centermask,centermask,A,A,A,1,0,MCQ,grec_hard_composition_gate,GroundedResidualEnergyCompositionHard,true_mcq_grec_hard,,
CCBench,LLaVA-NeXT-8B_Biased_Test,2000438,vcf_only,vcf_only,B,A,0.0,0,1,0.0,1.0,C,B,B,B,4,4,1,gray,gray,B,B,B,0,0,MCQ,grec_hard_composition_gate,GroundedResidualEnergyCompositionHard,true_mcq_grec_hard,,
CCBench,LLaVA-NeXT-8B_Biased_Test,2000452,vcf_only,vcf_only,B,C,0.0,0,1,0.0,0.9506379792952061,B,B,B,B,4,4,0,gray,gray,B,B,B,1,0,MCQ,grec_hard_composition_gate,GroundedResidualEnergyCompositionHard,true_mcq_grec_hard,,
CCBench,LLaVA-NeXT-8B_Biased_Test,2000462,vcf_only,vcf_only,C,C,1.0,0,1,0.0,1.0,A,A,A,C,4,4,1,centermask,gray,C,C,C,0,0,MCQ,grec_hard_composition_gate,GroundedResidualEnergyCompositionHard,true_mcq_grec_hard,,
CCBench,LLaVA-NeXT-8B_Biased_Test,2000466,vcf_only,vcf_only,C,C,1.0,0,1,0.0,0.2887770249206018,A,A,A,C,4,4,1,centermask,centermask,C,C,C,0,0,MCQ,grec_hard_composition_gate,GroundedResidualEnergyCompositionHard,true_mcq_grec_hard,,
CCBench,LLaVA-NeXT-8B_Biased_Test,2000467,vcf_only,vcf_only,C,D,0.0,0,1,0.0,0.2844619676836008,A,A,A,A,4,4,1,centermask,centermask,C,C,C,1,0,MCQ,grec_hard_composition_gate,GroundedResidualEnergyCompositionHard,true_mcq_grec_hard,,
CCBench,LLaVA-NeXT-8B_Biased_Test,2000470,both,both,D,C,0.0,1,1,0.22153786850459856,0.3615992459811508,D,D,D,D,1,4,0,gray,gray,D,D,D,1,0,MCQ,grec_hard_composition_gate,GroundedResidualEnergyCompositionHard,true_mcq_grec_hard,,
CCBench,LLaVA-NeXT-8B_Biased_Test,2000474,vcf_only,vcf_only,C,C,1.0,0,1,0.0,0.8964759937570855,C,C,C,C,4,4,0,centermask,centermask,C,C,C,1,0,MCQ,grec_hard_composition_gate,GroundedResidualEnergyCompositionHard,true_mcq_grec_hard,,
CCBench,LLaVA-NeXT-8B_Biased_Test,2000475,tcf_only,tcf_only,C,D,0.0,1,0,0.1827676227707009,0.0,C,C,C,A,1,4,1,strongblur,gray,C,C,C,0,0,MCQ,grec_hard_composition_gate,GroundedResidualEnergyCompositionHard,true_mcq_grec_hard,,
CCBench,LLaVA-NeXT-8B_Biased_Test,2000478,vcf_only,vcf_only,C,C,1.0,0,1,0.0,0.09163203336358537,A,A,A,C,4,4,1,centermask,gray,C,C,C,0,0,MCQ,grec_hard_composition_gate,GroundedResidualEnergyCompositionHard,true_mcq_grec_hard,,
CCBench,LLaVA-NeXT-8B_Biased_Test,2000481,vcf_only,vcf_only,D,B,0.0,0,1,0.0,0.10939611529170176,A,A,A,D,4,4,1,centermask,centermask,D,D,D,0,0,MCQ,grec_hard_composition_gate,GroundedResidualEnergyCompositionHard,true_mcq_grec_hard,,
CCBench,LLaVA-NeXT-8B_Biased_Test,2000483,vcf_only,vcf_only,A,D,0.0,0,1,0.0,1.0,A,A,B,A,4,4,0,strongblur,strongblur,A,A,A,1,0,MCQ,grec_hard_composition_gate,GroundedResidualEnergyCompositionHard,true_mcq_grec_hard,,
CCBench,LLaVA-NeXT-8B_Biased_Test,2000484,vcf_only,vcf_only,C,A,0.0,0,1,0.0,1.0,A,A,A,A,4,4,1,strongblur,gray,C,C,C,1,0,MCQ,grec_hard_composition_gate,GroundedResidualEnergyCompositionHard,true_mcq_grec_hard,,
CCBench,LLaVA-NeXT-8B_Biased_Test,2000488,tcf_only,both,B,A,0.0,1,1,1.0,1.0,B,B,B,B,1,4,0,gray,gray,B,B,B,1,0,MCQ,grec_hard_composition_gate,GroundedResidualEnergyCompositionHard,true_mcq_grec_hard,,
CCBench,LLaVA-NeXT-8B_Biased_Test,2000491,tcf_only,both,B,D,0.0,1,1,1.0,1.0,B,D,D,D,1,4,0,gray,gray,B,B,B,0,1,MCQ,grec_hard_composition_gate,GroundedResidualEnergyCompositionHard,true_mcq_grec_hard,,
CCBench,LLaVA-NeXT-8B_Biased_Test,2000495,vcf_only,vcf_only,D,D,1.0,0,1,0.0,0.05656043013528389,C,C,C,C,4,4,1,gray,gray,D,D,D,1,0,MCQ,grec_hard_composition_gate,GroundedResidualEnergyCompositionHard,true_mcq_grec_hard,,
CCBench,LLaVA-NeXT-8B_Biased_Test,2000496,vcf_only,vcf_only,A,A,1.0,0,1,0.0,0.09884748978171522,C,C,C,A,4,4,1,centermask,gray,A,A,A,0,0,MCQ,grec_hard_composition_gate,GroundedResidualEnergyCompositionHard,true_mcq_grec_hard,,
CCBench,LLaVA-NeXT-8B_Biased_Test,2000508,vcf_only,vcf_only,C,A,0.0,0,1,0.0,1.0,A,A,D,C,4,4,1,centermask,centermask,C,C,C,0,0,MCQ,grec_hard_composition_gate,GroundedResidualEnergyCompositionHard,true_mcq_grec_hard,,
CCBench,LLaVA-NeXT-8B_Biased_Test,2000511,vcf_only,vcf_only,B,B,1.0,0,1,0.0,0.9579865918520035,A,D,D,B,4,4,1,gray,gray,B,B,B,0,0,MCQ,grec_hard_composition_gate,GroundedResidualEnergyCompositionHard,true_mcq_grec_hard,,
CCBench,LLaVA-NeXT-8B_Biased_Test,2000515,tcf_only,tcf_only,D,D,1.0,1,0,0.04623183445185308,0.0,B,A,D,B,2,4,0,centermask,centermask,D,D,D,1,0,MCQ,grec_hard_composition_gate,GroundedResidualEnergyCompositionHard,true_mcq_grec_hard,,
CCBench,LLaVA-NeXT-8B_Biased_Test,2000520,vcf_only,vcf_only,A,D,0.0,0,1,0.0,0.38730861815187884,A,A,A,A,4,4,0,centermask,centermask,A,A,A,1,0,MCQ,grec_hard_composition_gate,GroundedResidualEnergyCompositionHard,true_mcq_grec_hard,,
CCBench,LLaVA-NeXT-8B_Biased_Test,2000535,tcf_only,tcf_only,C,A,0.0,1,0,0.09776000899899318,0.0,C,C,C,C,1,4,0,gray,gray,C,C,C,1,0,MCQ,grec_hard_composition_gate,GroundedResidualEnergyCompositionHard,true_mcq_grec_hard,,
CCBench,LLaVA-NeXT-8B_Biased_Test,2000541,tcf_only,tcf_only,C,A,0.0,1,0,0.09180340423820832,0.0,C,A,C,A,1,4,1,gray,gray,C,C,C,0,0,MCQ,grec_hard_composition_gate,GroundedResidualEnergyCompositionHard,true_mcq_grec_hard,,
CCBench,LLaVA-NeXT-8B_Biased_Test,3000004,vcf_only,vcf_only,C,C,1.0,0,1,0.0,0.7757881646140724,D,A,A,C,4,4,1,strongblur,centermask,C,C,C,0,0,MCQ,grec_hard_composition_gate,GroundedResidualEnergyCompositionHard,true_mcq_grec_hard,,
CCBench,LLaVA-NeXT-8B_Biased_Test,3000006,tcf_only,tcf_only,B,B,1.0,1,0,1.0,0.0,B,D,D,D,1,4,1,gray,gray,B,B,B,0,0,MCQ,grec_hard_composition_gate,GroundedResidualEnergyCompositionHard,true_mcq_grec_hard,,
CCBench,LLaVA-NeXT-8B_Biased_Test,3000009,vcf_only,vcf_only,B,C,0.0,0,1,0.0,0.1370324179732327,B,B,B,B,4,4,0,gray,gray,B,B,B,1,0,MCQ,grec_hard_composition_gate,GroundedResidualEnergyCompositionHard,true_mcq_grec_hard,,
CCBench,LLaVA-NeXT-8B_Biased_Test,3000020,vcf_only,vcf_only,A,A,1.0,0,1,0.0,0.16132112986822067,A,A,D,A,4,4,0,centermask,centermask,A,A,A,1,0,MCQ,grec_hard_composition_gate,GroundedResidualEnergyCompositionHard,true_mcq_grec_hard,,
CCBench,LLaVA-NeXT-8B_Biased_Test,3000027,vcf_only,vcf_only,B,C,0.0,0,1,0.0,0.5045383365091045,A,B,A,B,4,4,1,strongblur,gray,B,B,B,0,0,MCQ,grec_hard_composition_gate,GroundedResidualEnergyCompositionHard,true_mcq_grec_hard,,
CCBench,LLaVA-NeXT-8B_Biased_Test,3000034,vcf_only,vcf_only,C,B,0.0,0,1,0.0,0.07327341589161024,D,D,D,C,4,4,1,gray,gray,C,C,C,0,0,MCQ,grec_hard_composition_gate,GroundedResidualEnergyCompositionHard,true_mcq_grec_hard,,
CCBench,LLaVA-NeXT-8B_Biased_Test,3000035,vcf_only,vcf_only,D,B,0.0,0,1,0.0,0.05384975657003954,D,D,D,D,4,4,0,gray,gray,D,D,D,1,0,MCQ,grec_hard_composition_gate,GroundedResidualEnergyCompositionHard,true_mcq_grec_hard,,
CCBench,LLaVA-NeXT-8B_Biased_Test,3000039,vcf_only,vcf_only,A,A,1.0,0,1,0.0,0.08259895168648744,D,D,D,A,4,4,1,centermask,centermask,A,A,A,0,0,MCQ,grec_hard_composition_gate,GroundedResidualEnergyCompositionHard,true_mcq_grec_hard,,
CCBench,LLaVA-NeXT-8B_Biased_Test,3000040,vcf_only,vcf_only,B,B,1.0,0,1,0.0,0.17379090730355432,C,C,C,B,4,4,1,gray,gray,B,B,B,0,0,MCQ,grec_hard_composition_gate,GroundedResidualEnergyCompositionHard,true_mcq_grec_hard,,
CCBench,LLaVA-NeXT-8B_Biased_Test,3000041,vcf_only,vcf_only,D,D,1.0,0,1,0.0,0.7250245899212492,A,C,C,C,4,4,1,gray,gray,D,D,D,0,0,MCQ,grec_hard_composition_gate,GroundedResidualEnergyCompositionHard,true_mcq_grec_hard,,
CCBench,LLaVA-NeXT-8B_Biased_Test,3000043,vcf_only,vcf_only,D,A,0.0,0,1,0.0,0.3925091226124584,A,A,C,A,4,4,1,gray,gray,D,D,D,1,0,MCQ,grec_hard_composition_gate,GroundedResidualEnergyCompositionHard,true_mcq_grec_hard,,
CCBench,LLaVA-NeXT-8B_Biased_Test,3000048,tcf_only,tcf_only,D,B,0.0,1,0,0.04501409711953164,0.0,D,C,C,C,1,4,1,strongblur,gray,D,D,D,0,0,MCQ,grec_hard_composition_gate,GroundedResidualEnergyCompositionHard,true_mcq_grec_hard,,
CCBench,LLaVA-NeXT-8B_Biased_Test,3000054,both,both,A,A,1.0,1,1,0.02560080564124445,0.9932478517552105,A,A,A,A,1,4,0,strongblur,strongblur,A,A,A,1,0,MCQ,grec_hard_composition_gate,GroundedResidualEnergyCompositionHard,true_mcq_grec_hard,,
CCBench,LLaVA-NeXT-8B_Biased_Test,3000056,vcf_only,vcf_only,D,C,0.0,0,1,0.0,0.2598176579251989,A,A,A,A,4,4,1,gray,gray,D,D,D,1,0,MCQ,grec_hard_composition_gate,GroundedResidualEnergyCompositionHard,true_mcq_grec_hard,,
CCBench,LLaVA-NeXT-8B_Biased_Test,3000060,vcf_only,vcf_only,B,C,0.0,0,1,0.0,0.10538349738302415,B,B,B,B,4,4,0,strongblur,strongblur,B,B,B,1,0,MCQ,grec_hard_composition_gate,GroundedResidualEnergyCompositionHard,true_mcq_grec_hard,,
CCBench,LLaVA-NeXT-8B_Biased_Test,3000066,vcf_only,vcf_only,A,A,1.0,0,1,0.0,0.2915107695840634,B,A,B,A,4,4,1,gray,gray,A,A,A,0,0,MCQ,grec_hard_composition_gate,GroundedResidualEnergyCompositionHard,true_mcq_grec_hard,,
CCBench,LLaVA-NeXT-8B_Biased_Test,3000067,vcf_only,vcf_only,B,C,0.0,0,1,0.0,0.24863941646437188,B,B,B,B,4,4,0,gray,gray,B,B,B,1,0,MCQ,grec_hard_composition_gate,GroundedResidualEnergyCompositionHard,true_mcq_grec_hard,,
CCBench,LLaVA-NeXT-8B_Biased_Test,3000069,vcf_only,vcf_only,A,B,0.0,0,1,0.0,0.21765632821055442,A,A,A,A,4,4,0,centermask,centermask,A,A,A,1,0,MCQ,grec_hard_composition_gate,GroundedResidualEnergyCompositionHard,true_mcq_grec_hard,,
CCBench,LLaVA-NeXT-8B_Biased_Test,3000070,vcf_only,vcf_only,A,C,0.0,0,1,0.0,0.19504448229985216,A,A,A,A,4,4,0,centermask,centermask,A,A,A,1,0,MCQ,grec_hard_composition_gate,GroundedResidualEnergyCompositionHard,true_mcq_grec_hard,,
CCBench,LLaVA-NeXT-8B_Biased_Test,3000071,vcf_only,vcf_only,A,C,0.0,0,1,0.0,0.9210038684605247,A,A,A,A,4,4,0,gray,gray,A,A,A,1,0,MCQ,grec_hard_composition_gate,GroundedResidualEnergyCompositionHard,true_mcq_grec_hard,,
CCBench,LLaVA-NeXT-8B_Biased_Test,3000083,vcf_only,vcf_only,A,A,1.0,0,1,0.0,0.21843106370223098,D,D,D,A,4,4,1,centermask,gray,A,A,A,0,0,MCQ,grec_hard_composition_gate,GroundedResidualEnergyCompositionHard,true_mcq_grec_hard,,
CCBench,LLaVA-NeXT-8B_Biased_Test,3000087,vcf_only,vcf_only,C,B,0.0,0,1,0.0,0.7204618147294424,C,C,C,C,4,4,0,gray,gray,C,C,C,1,0,MCQ,grec_hard_composition_gate,GroundedResidualEnergyCompositionHard,true_mcq_grec_hard,,
CCBench,LLaVA-NeXT-8B_Biased_Test,3000088,both,both,A,C,0.0,1,1,1.0,1.0,A,D,D,A,1,4,0,strongblur,gray,A,A,A,1,0,MCQ,grec_hard_composition_gate,GroundedResidualEnergyCompositionHard,true_mcq_grec_hard,,
CCBench,LLaVA-NeXT-8B_Biased_Test,3000091,tcf_only,tcf_only,D,D,1.0,1,0,0.12108950016075126,0.0,D,D,D,D,1,4,0,gray,gray,D,D,D,1,0,MCQ,grec_hard_composition_gate,GroundedResidualEnergyCompositionHard,true_mcq_grec_hard,,
CCBench,LLaVA-NeXT-8B_Biased_Test,3000092,vcf_only,vcf_only,C,C,1.0,0,1,0.0,0.7032834184946412,A,A,A,A,4,4,1,centermask,centermask,C,C,C,1,0,MCQ,grec_hard_composition_gate,GroundedResidualEnergyCompositionHard,true_mcq_grec_hard,,
CCBench,LLaVA-NeXT-8B_Biased_Test,3000096,vcf_only,vcf_only,C,C,1.0,0,1,0.0,1.0,D,A,A,C,4,4,1,gray,gray,C,C,C,0,0,MCQ,grec_hard_composition_gate,GroundedResidualEnergyCompositionHard,true_mcq_grec_hard,,
CCBench,LLaVA-NeXT-8B_Biased_Test,3000103,vcf_only,vcf_only,A,D,0.0,0,1,0.0,0.3925091226124584,C,B,C,B,4,4,1,gray,gray,A,A,A,0,0,MCQ,grec_hard_composition_gate,GroundedResidualEnergyCompositionHard,true_mcq_grec_hard,,
CCBench,LLaVA-NeXT-8B_Biased_Test,3000107,vcf_only,vcf_only,D,D,1.0,0,1,0.0,0.5795128927929963,B,B,B,D,4,4,1,centermask,gray,D,D,D,0,0,MCQ,grec_hard_composition_gate,GroundedResidualEnergyCompositionHard,true_mcq_grec_hard,,
CCBench,LLaVA-NeXT-8B_Biased_Test,3000112,tcf_only,tcf_only,B,A,0.0,1,0,1.0,0.0,B,C,A,B,2,4,0,centermask,gray,B,B,B,1,0,MCQ,grec_hard_composition_gate,GroundedResidualEnergyCompositionHard,true_mcq_grec_hard,,
CCBench,LLaVA-NeXT-8B_Biased_Test,3000119,tcf_only,tcf_only,D,D,1.0,1,0,1.0,0.0,A,D,D,D,2,4,0,centermask,gray,D,D,D,0,0,MCQ,grec_hard_composition_gate,GroundedResidualEnergyCompositionHard,true_mcq_grec_hard,,
CCBench,LLaVA-NeXT-8B_Biased_Test,3000123,vcf_only,vcf_only,B,C,0.0,0,1,0.0,0.7260435952981715,B,D,D,B,4,4,0,gray,gray,B,B,B,1,0,MCQ,grec_hard_composition_gate,GroundedResidualEnergyCompositionHard,true_mcq_grec_hard,,
CCBench,LLaVA-NeXT-8B_Biased_Test,3000124,vcf_only,vcf_only,B,D,0.0,0,1,0.0,0.519974630234099,B,B,B,B,4,4,0,centermask,centermask,B,B,B,1,0,MCQ,grec_hard_composition_gate,GroundedResidualEnergyCompositionHard,true_mcq_grec_hard,,
CCBench,LLaVA-NeXT-8B_Biased_Test,3000125,both,both,D,A,0.0,1,1,0.0,1.0,D,D,D,B,1,4,1,centermask,gray,D,D,D,0,1,MCQ,grec_hard_composition_gate,GroundedResidualEnergyCompositionHard,true_mcq_grec_hard,,
CCBench,LLaVA-NeXT-8B_Biased_Test,3000127,vcf_only,vcf_only,B,C,0.0,0,1,0.0,0.6230235220087516,B,B,B,B,4,4,0,centermask,centermask,B,B,B,1,0,MCQ,grec_hard_composition_gate,GroundedResidualEnergyCompositionHard,true_mcq_grec_hard,,
CCBench,LLaVA-NeXT-8B_Biased_Test,3000128,vcf_only,vcf_only,B,D,0.0,0,1,0.0,0.853963547429383,B,B,B,B,4,4,0,centermask,centermask,B,B,B,1,0,MCQ,grec_hard_composition_gate,GroundedResidualEnergyCompositionHard,true_mcq_grec_hard,,
CCBench,LLaVA-NeXT-8B_Biased_Test,3000129,vcf_only,vcf_only,B,A,0.0,0,1,0.0,0.8427479653291623,B,B,B,B,4,4,0,centermask,centermask,B,B,B,1,0,MCQ,grec_hard_composition_gate,GroundedResidualEnergyCompositionHard,true_mcq_grec_hard,,
CCBench,LLaVA-NeXT-8B_Biased_Test,3000133,vcf_only,vcf_only,A,A,1.0,0,1,0.0,0.6460176949539006,B,A,B,A,4,4,1,centermask,centermask,A,A,A,0,0,MCQ,grec_hard_composition_gate,GroundedResidualEnergyCompositionHard,true_mcq_grec_hard,,
CCBench,LLaVA-NeXT-8B_Biased_Test,3000137,vcf_only,vcf_only,B,B,1.0,0,1,0.0,0.09087445523873955,A,A,A,C,4,4,1,gray,gray,B,B,B,0,0,MCQ,grec_hard_composition_gate,GroundedResidualEnergyCompositionHard,true_mcq_grec_hard,,
CCBench,LLaVA-NeXT-8B_Biased_Test,3000138,vcf_only,vcf_only,A,C,0.0,0,1,0.0,0.09796402487956919,A,A,A,A,4,4,0,gray,gray,A,A,A,1,0,MCQ,grec_hard_composition_gate,GroundedResidualEnergyCompositionHard,true_mcq_grec_hard,,
CCBench,LLaVA-NeXT-8B_Biased_Test,3000139,vcf_only,vcf_only,C,D,0.0,0,1,0.0,0.21697362323332278,A,A,A,C,4,4,1,gray,gray,C,C,C,0,0,MCQ,grec_hard_composition_gate,GroundedResidualEnergyCompositionHard,true_mcq_grec_hard,,
CCBench,LLaVA-NeXT-8B_Biased_Test,3000148,vcf_only,vcf_only,D,D,1.0,0,1,0.0,0.531780862266215,B,B,B,D,4,4,1,gray,gray,D,D,D,0,0,MCQ,grec_hard_composition_gate,GroundedResidualEnergyCompositionHard,true_mcq_grec_hard,,
CCBench,LLaVA-NeXT-8B_Biased_Test,3000155,vcf_only,vcf_only,D,B,0.0,0,1,0.0,0.17658081043982862,A,A,A,D,4,4,1,strongblur,gray,D,D,D,0,0,MCQ,grec_hard_composition_gate,GroundedResidualEnergyCompositionHard,true_mcq_grec_hard,,
CCBench,LLaVA-NeXT-8B_Biased_Test,3000159,tcf_only,tcf_only,B,C,0.0,1,0,0.0,0.0,B,B,B,B,1,4,0,strongblur,gray,B,B,B,1,0,MCQ,grec_hard_composition_gate,GroundedResidualEnergyCompositionHard,true_mcq_grec_hard,,
CCBench,LLaVA-NeXT-8B_Biased_Test,3000164,vcf_only,vcf_only,B,D,0.0,0,1,0.0,0.7011798461350932,C,A,A,A,4,4,1,gray,gray,B,B,B,0,0,MCQ,grec_hard_composition_gate,GroundedResidualEnergyCompositionHard,true_mcq_grec_hard,,
CCBench,LLaVA-NeXT-8B_Biased_Test,3000167,vcf_only,vcf_only,C,C,1.0,0,1,0.0,0.5736274556798577,C,A,A,C,4,4,0,gray,gray,C,C,C,1,0,MCQ,grec_hard_composition_gate,GroundedResidualEnergyCompositionHard,true_mcq_grec_hard,,
CCBench,LLaVA-NeXT-8B_Biased_Test,3000176,tcf_only,tcf_only,A,D,0.0,1,0,1.0,0.0,A,A,A,A,1,4,0,strongblur,centermask,A,A,A,1,0,MCQ,grec_hard_composition_gate,GroundedResidualEnergyCompositionHard,true_mcq_grec_hard,,
CCBench,LLaVA-NeXT-8B_Biased_Test,3000181,vcf_only,vcf_only,B,D,0.0,0,1,0.0,0.47397930347185124,A,A,A,B,4,4,1,centermask,gray,B,B,B,0,0,MCQ,grec_hard_composition_gate,GroundedResidualEnergyCompositionHard,true_mcq_grec_hard,,
CCBench,LLaVA-NeXT-8B_Biased_Test,3000183,vcf_only,vcf_only,A,D,0.0,0,1,0.0,0.6212259740020899,A,A,A,A,4,4,0,gray,gray,A,A,A,1,0,MCQ,grec_hard_composition_gate,GroundedResidualEnergyCompositionHard,true_mcq_grec_hard,,
CCBench,LLaVA-NeXT-8B_Biased_Test,3000185,vcf_only,vcf_only,B,D,0.0,0,1,0.0,0.6724736915698507,A,B,A,B,4,4,1,centermask,gray,B,B,B,0,0,MCQ,grec_hard_composition_gate,GroundedResidualEnergyCompositionHard,true_mcq_grec_hard,,
CCBench,LLaVA-NeXT-8B_Biased_Test,3000188,vcf_only,vcf_only,A,C,0.0,0,1,0.0,0.38134678873879235,A,D,D,D,4,4,0,centermask,centermask,A,A,A,0,0,MCQ,grec_hard_composition_gate,GroundedResidualEnergyCompositionHard,true_mcq_grec_hard,,
CCBench,LLaVA-NeXT-8B_Biased_Test,3000189,vcf_only,vcf_only,C,C,1.0,0,1,0.0,0.734919341085189,B,A,A,B,4,4,1,centermask,centermask,C,C,C,1,0,MCQ,grec_hard_composition_gate,GroundedResidualEnergyCompositionHard,true_mcq_grec_hard,,
CCBench,LLaVA-NeXT-8B_Biased_Test,3000190,tcf_only,both,A,D,0.0,1,1,1.0,0.31886177717137554,A,A,A,A,1,4,0,gray,gray,A,A,A,1,0,MCQ,grec_hard_composition_gate,GroundedResidualEnergyCompositionHard,true_mcq_grec_hard,,
CCBench,LLaVA-NeXT-8B_Biased_Test,3000191,tcf_only,tcf_only,D,D,1.0,1,0,1.0,0.0,D,D,D,A,1,4,1,strongblur,gray,D,D,D,0,0,MCQ,grec_hard_composition_gate,GroundedResidualEnergyCompositionHard,true_mcq_grec_hard,,
CCBench,LLaVA-NeXT-8B_Biased_Test,3000193,vcf_only,vcf_only,C,D,0.0,0,1,0.0,0.777921033466739,A,A,A,A,4,4,1,gray,gray,C,C,C,1,0,MCQ,grec_hard_composition_gate,GroundedResidualEnergyCompositionHard,true_mcq_grec_hard,,
CCBench,LLaVA-NeXT-8B_Biased_Test,3000194,vcf_only,vcf_only,A,D,0.0,0,1,0.0,1.0,A,C,C,A,4,4,0,strongblur,strongblur,A,A,A,1,0,MCQ,grec_hard_composition_gate,GroundedResidualEnergyCompositionHard,true_mcq_grec_hard,,
CCBench,LLaVA-NeXT-8B_Biased_Test,3000195,vcf_only,vcf_only,D,D,1.0,0,1,0.0,0.8657064874244838,A,B,B,D,4,4,1,centermask,gray,D,D,D,0,0,MCQ,grec_hard_composition_gate,GroundedResidualEnergyCompositionHard,true_mcq_grec_hard,,
CCBench,LLaVA-NeXT-8B_Biased_Test,3000198,vcf_only,vcf_only,A,D,0.0,0,1,0.0,0.2447665689772414,C,B,C,A,4,4,1,centermask,gray,A,A,A,0,0,MCQ,grec_hard_composition_gate,GroundedResidualEnergyCompositionHard,true_mcq_grec_hard,,
CCBench,LLaVA-NeXT-8B_Biased_Test,3000200,vcf_only,vcf_only,D,D,1.0,0,1,0.0,0.325428252098019,B,B,B,D,4,4,1,gray,gray,D,D,D,0,0,MCQ,grec_hard_composition_gate,GroundedResidualEnergyCompositionHard,true_mcq_grec_hard,,
CCBench,LLaVA-NeXT-8B_Biased_Test,3000201,vcf_only,vcf_only,B,A,0.0,0,1,0.0,0.3925091226124584,A,A,B,B,4,4,1,strongblur,gray,B,B,B,0,0,MCQ,grec_hard_composition_gate,GroundedResidualEnergyCompositionHard,true_mcq_grec_hard,,
CCBench,LLaVA-NeXT-8B_Biased_Test,3000210,vcf_only,vcf_only,B,D,0.0,0,1,0.0,0.7940597891085106,A,B,B,B,4,4,1,centermask,centermask,B,B,B,0,0,MCQ,grec_hard_composition_gate,GroundedResidualEnergyCompositionHard,true_mcq_grec_hard,,
CCBench,LLaVA-NeXT-8B_Biased_Test,3000213,tcf_only,tcf_only,B,C,0.0,1,0,0.0,0.0,B,A,B,A,1,4,1,gray,gray,B,B,B,0,0,MCQ,grec_hard_composition_gate,GroundedResidualEnergyCompositionHard,true_mcq_grec_hard,,
CCBench,LLaVA-NeXT-8B_Biased_Test,3000214,both,both,D,D,1.0,1,1,1.0,1.0,D,D,D,D,1,4,0,centermask,gray,D,D,D,1,0,MCQ,grec_hard_composition_gate,GroundedResidualEnergyCompositionHard,true_mcq_grec_hard,,
CCBench,LLaVA-NeXT-8B_Biased_Test,3000218,vcf_only,vcf_only,B,D,0.0,0,1,0.0,0.700887593423744,B,B,B,B,4,4,0,gray,gray,B,B,B,1,0,MCQ,grec_hard_composition_gate,GroundedResidualEnergyCompositionHard,true_mcq_grec_hard,,
CCBench,LLaVA-NeXT-8B_Biased_Test,3000219,vcf_only,vcf_only,B,A,0.0,0,1,0.0,0.6918799580836705,B,B,B,B,4,4,0,gray,gray,B,B,B,1,0,MCQ,grec_hard_composition_gate,GroundedResidualEnergyCompositionHard,true_mcq_grec_hard,,
CCBench,LLaVA-NeXT-8B_Biased_Test,3000221,vcf_only,vcf_only,B,C,0.0,0,1,0.0,0.6978444851160249,B,B,B,B,4,4,0,centermask,centermask,B,B,B,1,0,MCQ,grec_hard_composition_gate,GroundedResidualEnergyCompositionHard,true_mcq_grec_hard,,
CCBench,LLaVA-NeXT-8B_Biased_Test,3000228,vcf_only,vcf_only,C,D,0.0,0,1,0.0,0.91523501458564,C,C,C,C,4,4,0,gray,gray,C,C,C,1,0,MCQ,grec_hard_composition_gate,GroundedResidualEnergyCompositionHard,true_mcq_grec_hard,,
CCBench,LLaVA-NeXT-8B_Biased_Test,3000229,vcf_only,vcf_only,C,C,1.0,0,1,0.0,0.8770293103617723,B,B,B,C,4,4,1,centermask,centermask,C,C,C,0,0,MCQ,grec_hard_composition_gate,GroundedResidualEnergyCompositionHard,true_mcq_grec_hard,,
CCBench,LLaVA-NeXT-8B_Biased_Test,3000230,tcf_only,tcf_only,A,C,0.0,1,0,1.0,0.0,A,A,A,A,2,4,0,centermask,centermask,A,A,A,1,0,MCQ,grec_hard_composition_gate,GroundedResidualEnergyCompositionHard,true_mcq_grec_hard,,
CCBench,LLaVA-NeXT-8B_Biased_Test,3000233,vcf_only,vcf_only,B,A,0.0,0,1,0.0,0.600807836632977,D,D,D,B,4,4,1,gray,gray,B,B,B,0,0,MCQ,grec_hard_composition_gate,GroundedResidualEnergyCompositionHard,true_mcq_grec_hard,,
CCBench,LLaVA-NeXT-8B_Biased_Test,3000236,vcf_only,vcf_only,B,A,0.0,0,1,0.0,0.10025010993539304,D,D,D,B,4,4,1,gray,gray,B,B,B,0,0,MCQ,grec_hard_composition_gate,GroundedResidualEnergyCompositionHard,true_mcq_grec_hard,,
CCBench,LLaVA-NeXT-8B_Biased_Test,3000240,vcf_only,vcf_only,C,C,1.0,0,1,0.0,0.8446327419822282,C,D,D,C,4,4,0,gray,gray,C,C,C,1,0,MCQ,grec_hard_composition_gate,GroundedResidualEnergyCompositionHard,true_mcq_grec_hard,,
CCBench,LLaVA-NeXT-8B_Biased_Test,3000243,vcf_only,vcf_only,D,A,0.0,0,1,0.0,0.6285051088941743,D,D,D,D,4,4,0,centermask,centermask,D,D,D,1,0,MCQ,grec_hard_composition_gate,GroundedResidualEnergyCompositionHard,true_mcq_grec_hard,,
CCBench,LLaVA-NeXT-8B_Biased_Test,3000244,vcf_only,vcf_only,D,C,0.0,0,1,0.0,0.573473458615876,D,D,D,D,4,4,0,centermask,centermask,D,D,D,1,0,MCQ,grec_hard_composition_gate,GroundedResidualEnergyCompositionHard,true_mcq_grec_hard,,
CCBench,LLaVA-NeXT-8B_Biased_Test,3000250,vcf_only,vcf_only,A,A,1.0,0,1,0.0,0.9108447184488621,D,D,D,A,4,4,1,gray,gray,A,A,A,0,0,MCQ,grec_hard_composition_gate,GroundedResidualEnergyCompositionHard,true_mcq_grec_hard,,
CCBench,LLaVA-NeXT-8B_Biased_Test,3000259,vcf_only,vcf_only,A,C,0.0,0,1,0.0,0.3925091226124584,A,A,A,A,4,4,0,centermask,centermask,A,A,A,1,0,MCQ,grec_hard_composition_gate,GroundedResidualEnergyCompositionHard,true_mcq_grec_hard,,
CCBench,LLaVA-NeXT-8B_Biased_Test,3000261,vcf_only,vcf_only,A,C,0.0,0,1,0.0,0.3925091226124584,C,A,C,A,4,4,1,gray,gray,A,A,A,0,0,MCQ,grec_hard_composition_gate,GroundedResidualEnergyCompositionHard,true_mcq_grec_hard,,
CCBench,LLaVA-NeXT-8B_Biased_Test,3000263,vcf_only,vcf_only,C,D,0.0,0,1,0.0,0.3925091226124584,C,A,A,C,4,4,0,gray,gray,C,C,C,1,0,MCQ,grec_hard_composition_gate,GroundedResidualEnergyCompositionHard,true_mcq_grec_hard,,
CCBench,LLaVA-NeXT-8B_Biased_Test,3000264,both,both,B,C,0.0,1,1,0.07377593718794007,0.3925091226124584,B,B,A,B,1,4,0,gray,gray,B,B,B,1,0,MCQ,grec_hard_composition_gate,GroundedResidualEnergyCompositionHard,true_mcq_grec_hard,,
CCBench,LLaVA-NeXT-8B_Biased_Test,3000265,vcf_only,vcf_only,B,D,0.0,0,1,0.0,0.9109238045343019,B,B,B,B,4,4,0,strongblur,gray,B,B,B,1,0,MCQ,grec_hard_composition_gate,GroundedResidualEnergyCompositionHard,true_mcq_grec_hard,,
CCBench,LLaVA-NeXT-8B_Biased_Test,3000266,vcf_only,vcf_only,C,D,0.0,0,1,0.0,0.7772063258465701,A,A,A,C,4,4,1,centermask,centermask,C,C,C,0,0,MCQ,grec_hard_composition_gate,GroundedResidualEnergyCompositionHard,true_mcq_grec_hard,,
CCBench,LLaVA-NeXT-8B_Biased_Test,3000274,vcf_only,vcf_only,B,B,1.0,0,1,0.0,0.7728231356128114,B,A,B,B,4,4,0,gray,gray,B,B,B,1,0,MCQ,grec_hard_composition_gate,GroundedResidualEnergyCompositionHard,true_mcq_grec_hard,,
CCBench,LLaVA-NeXT-8B_Biased_Test,3000276,vcf_only,vcf_only,B,B,1.0,0,1,0.0,0.7744726023114054,B,A,A,B,4,4,0,gray,gray,B,B,B,1,0,MCQ,grec_hard_composition_gate,GroundedResidualEnergyCompositionHard,true_mcq_grec_hard,,
CCBench,LLaVA-NeXT-8B_Biased_Test,3000278,vcf_only,vcf_only,D,B,0.0,0,1,0.0,0.7832435840407769,B,A,A,D,4,4,1,gray,gray,D,D,D,0,0,MCQ,grec_hard_composition_gate,GroundedResidualEnergyCompositionHard,true_mcq_grec_hard,,
CCBench,LLaVA-NeXT-8B_Biased_Test,3000279,vcf_only,vcf_only,C,A,0.0,0,1,0.0,1.0,B,A,D,D,4,4,1,strongblur,gray,C,C,C,0,0,MCQ,grec_hard_composition_gate,GroundedResidualEnergyCompositionHard,true_mcq_grec_hard,,
CCBench,LLaVA-NeXT-8B_Biased_Test,3000280,vcf_only,vcf_only,A,D,0.0,0,1,0.0,0.3925091226124584,D,A,D,A,4,4,1,gray,gray,A,A,A,0,0,MCQ,grec_hard_composition_gate,GroundedResidualEnergyCompositionHard,true_mcq_grec_hard,,
CCBench,LLaVA-NeXT-8B_Biased_Test,3000285,vcf_only,vcf_only,A,A,1.0,0,1,0.0,0.7192198518335803,B,B,B,A,4,4,1,centermask,centermask,A,A,A,0,0,MCQ,grec_hard_composition_gate,GroundedResidualEnergyCompositionHard,true_mcq_grec_hard,,
CCBench,LLaVA-NeXT-8B_Biased_Test,3000289,vcf_only,vcf_only,A,A,1.0,0,1,0.0,0.4535752225890276,D,D,D,A,4,4,1,centermask,centermask,A,A,A,0,0,MCQ,grec_hard_composition_gate,GroundedResidualEnergyCompositionHard,true_mcq_grec_hard,,
CCBench,LLaVA-NeXT-8B_Biased_Test,3000296,vcf_only,vcf_only,D,D,1.0,0,1,0.0,0.9060017444736224,A,B,B,B,4,4,1,centermask,gray,D,D,D,0,0,MCQ,grec_hard_composition_gate,GroundedResidualEnergyCompositionHard,true_mcq_grec_hard,,
CCBench,LLaVA-NeXT-8B_Biased_Test,3000299,vcf_only,vcf_only,A,C,0.0,0,1,0.0,0.8267810571295918,B,B,B,B,4,4,1,centermask,gray,A,A,A,1,0,MCQ,grec_hard_composition_gate,GroundedResidualEnergyCompositionHard,true_mcq_grec_hard,,
CCBench,LLaVA-NeXT-8B_Biased_Test,3000311,both,both,B,D,0.0,1,1,1.0,1.0,B,B,B,B,1,4,0,strongblur,strongblur,B,B,B,1,0,MCQ,grec_hard_composition_gate,GroundedResidualEnergyCompositionHard,true_mcq_grec_hard,,
CCBench,LLaVA-NeXT-8B_Biased_Test,3000313,vcf_only,vcf_only,D,A,0.0,0,1,0.0,0.27855641289072086,B,B,B,D,4,4,1,gray,gray,D,D,D,0,0,MCQ,grec_hard_composition_gate,GroundedResidualEnergyCompositionHard,true_mcq_grec_hard,,
CCBench,LLaVA-NeXT-8B_Biased_Test,3000315,vcf_only,vcf_only,C,C,1.0,0,1,0.0,0.14891866223542707,B,B,B,B,4,4,1,centermask,centermask,C,C,C,1,0,MCQ,grec_hard_composition_gate,GroundedResidualEnergyCompositionHard,true_mcq_grec_hard,,
CCBench,LLaVA-NeXT-8B_Biased_Test,3000319,vcf_only,vcf_only,D,B,0.0,0,1,0.0,0.9806427564487106,C,C,C,C,4,4,1,gray,gray,D,D,D,1,0,MCQ,grec_hard_composition_gate,GroundedResidualEnergyCompositionHard,true_mcq_grec_hard,,
CCBench,LLaVA-NeXT-8B_Biased_Test,3000320,both,both,B,D,0.0,1,1,1.0,1.0,B,B,B,B,1,4,1,strongblur,gray,B,B,B,1,0,MCQ,grec_hard_composition_gate,GroundedResidualEnergyCompositionHard,true_mcq_grec_hard,,
CCBench,LLaVA-NeXT-8B_Biased_Test,3000323,tcf_only,both,A,C,0.0,1,1,1.0,0.981376849224766,A,D,C,A,1,4,0,centermask,centermask,A,A,A,1,0,MCQ,grec_hard_composition_gate,GroundedResidualEnergyCompositionHard,true_mcq_grec_hard,,
CCBench,LLaVA-NeXT-8B_Biased_Test,3000324,vcf_only,vcf_only,C,A,0.0,0,1,0.0,0.6344672041349974,B,B,B,B,4,4,1,gray,gray,C,C,C,1,0,MCQ,grec_hard_composition_gate,GroundedResidualEnergyCompositionHard,true_mcq_grec_hard,,
CCBench,LLaVA-NeXT-8B_Biased_Test,3000325,tcf_only,tcf_only,C,C,1.0,1,0,1.0,0.0,C,C,C,D,2,4,1,strongblur,gray,C,C,C,0,0,MCQ,grec_hard_composition_gate,GroundedResidualEnergyCompositionHard,true_mcq_grec_hard,,
CCBench,LLaVA-NeXT-8B_Biased_Test,3000329,vcf_only,vcf_only,A,C,0.0,0,1,0.0,1.0,D,B,B,A,4,4,1,centermask,centermask,A,A,A,0,0,MCQ,grec_hard_composition_gate,GroundedResidualEnergyCompositionHard,true_mcq_grec_hard,,
CCBench,LLaVA-NeXT-8B_Biased_Test,3000331,tcf_only,tcf_only,D,C,0.0,1,0,0.31332127397134135,0.0,D,D,D,C,1,4,1,gray,gray,D,D,D,0,0,MCQ,grec_hard_composition_gate,GroundedResidualEnergyCompositionHard,true_mcq_grec_hard,,
CCBench,LLaVA-NeXT-8B_Biased_Test,3000340,both,both,B,C,0.0,1,1,1.0,1.0,B,D,D,B,3,4,0,strongblur,gray,B,B,B,1,0,MCQ,grec_hard_composition_gate,GroundedResidualEnergyCompositionHard,true_mcq_grec_hard,,
CCBench,LLaVA-NeXT-8B_Biased_Test,3000343,both,both,D,C,0.0,1,1,1.0,0.9759245348883911,D,A,A,B,3,4,1,centermask,centermask,B,D,D,0,1,MCQ,grec_hard_composition_gate,GroundedResidualEnergyCompositionHard,true_mcq_grec_hard,,
CCBench,LLaVA-NeXT-8B_Biased_Test,3000345,tcf_only,both,D,C,0.0,1,1,0.11452884613721337,0.8637849684163461,D,D,D,D,1,4,0,centermask,gray,D,D,D,1,0,MCQ,grec_hard_composition_gate,GroundedResidualEnergyCompositionHard,true_mcq_grec_hard,,
CCBench,LLaVA-NeXT-8B_Biased_Test,3000346,tcf_only,tcf_only,A,C,0.0,1,0,1.0,0.0,A,A,A,A,2,4,1,gray,gray,A,A,A,1,0,MCQ,grec_hard_composition_gate,GroundedResidualEnergyCompositionHard,true_mcq_grec_hard,,
CCBench,LLaVA-NeXT-8B_Biased_Test,3000350,vcf_only,vcf_only,A,A,1.0,0,1,0.0,0.7244897867403416,A,B,B,B,4,4,0,gray,gray,A,A,A,0,0,MCQ,grec_hard_composition_gate,GroundedResidualEnergyCompositionHard,true_mcq_grec_hard,,
CCBench,LLaVA-NeXT-8B_Biased_Test,3000352,vcf_only,vcf_only,D,C,0.0,0,1,0.0,0.9009707705680546,B,B,B,B,4,4,1,gray,gray,D,D,D,1,0,MCQ,grec_hard_composition_gate,GroundedResidualEnergyCompositionHard,true_mcq_grec_hard,,
CCBench,LLaVA-NeXT-8B_Biased_Test,3000355,tcf_only,tcf_only,D,C,0.0,1,0,1.0,0.0,D,D,D,D,1,4,1,strongblur,gray,D,D,D,1,0,MCQ,grec_hard_composition_gate,GroundedResidualEnergyCompositionHard,true_mcq_grec_hard,,
CCBench,LLaVA-NeXT-8B_Biased_Test,3000356,vcf_only,vcf_only,C,C,1.0,0,1,0.0,0.7961810956539387,D,B,B,B,4,4,1,centermask,gray,C,C,C,0,0,MCQ,grec_hard_composition_gate,GroundedResidualEnergyCompositionHard,true_mcq_grec_hard,,
CCBench,LLaVA-NeXT-8B_Biased_Test,3000360,vcf_only,vcf_only,A,C,0.0,0,1,0.0,1.0,A,D,D,D,4,4,0,strongblur,centermask,A,A,A,0,0,MCQ,grec_hard_composition_gate,GroundedResidualEnergyCompositionHard,true_mcq_grec_hard,,
CCBench,LLaVA-NeXT-8B_Biased_Test,3000364,vcf_only,vcf_only,A,A,1.0,0,1,0.0,0.9804229428165414,B,D,D,B,4,4,1,strongblur,gray,A,A,A,1,0,MCQ,grec_hard_composition_gate,GroundedResidualEnergyCompositionHard,true_mcq_grec_hard,,
CCBench,LLaVA-NeXT-8B_Biased_Test,3000365,tcf_only,tcf_only,D,C,0.0,1,0,0.0,0.0,D,B,B,A,1,4,1,gray,gray,D,D,D,0,0,MCQ,grec_hard_composition_gate,GroundedResidualEnergyCompositionHard,true_mcq_grec_hard,,
CCBench,LLaVA-NeXT-8B_Biased_Test,3000367,vcf_only,vcf_only,D,A,0.0,0,1,0.0,1.0,A,D,D,D,4,4,1,centermask,centermask,D,D,D,0,0,MCQ,grec_hard_composition_gate,GroundedResidualEnergyCompositionHard,true_mcq_grec_hard,,
CCBench,LLaVA-NeXT-8B_Biased_Test,3000368,tcf_only,both,C,D,0.0,1,1,0.3444341258713086,0.8632065729558831,C,D,D,D,3,4,0,gray,gray,C,C,C,0,1,MCQ,grec_hard_composition_gate,GroundedResidualEnergyCompositionHard,true_mcq_grec_hard,,
CCBench,LLaVA-NeXT-8B_Biased_Test,3000369,tcf_only,both,A,C,0.0,1,1,1.0,1.0,A,D,D,D,2,4,0,strongblur,centermask,A,A,A,0,1,MCQ,grec_hard_composition_gate,GroundedResidualEnergyCompositionHard,true_mcq_grec_hard,,
CCBench,LLaVA-NeXT-8B_Biased_Test,3000370,vcf_only,vcf_only,C,C,1.0,0,1,0.0,1.0,D,D,D,C,4,4,1,strongblur,gray,C,C,C,0,0,MCQ,grec_hard_composition_gate,GroundedResidualEnergyCompositionHard,true_mcq_grec_hard,,
CCBench,LLaVA-NeXT-8B_Biased_Test,3000376,tcf_only,tcf_only,B,D,0.0,1,0,0.08887811712440996,0.0,B,C,C,A,1,4,1,strongblur,gray,B,B,B,0,0,MCQ,grec_hard_composition_gate,GroundedResidualEnergyCompositionHard,true_mcq_grec_hard,,
CCBench,LLaVA-NeXT-8B_Biased_Test,3000384,both,both,A,B,0.0,1,1,1.0,0.3925091226124584,A,A,A,A,1,4,1,gray,gray,A,A,A,1,0,MCQ,grec_hard_composition_gate,GroundedResidualEnergyCompositionHard,true_mcq_grec_hard,,
CCBench,LLaVA-NeXT-8B_Biased_Test,3000386,vcf_only,vcf_only,C,A,0.0,0,1,0.0,1.0,C,B,B,C,4,4,0,strongblur,gray,C,C,C,1,0,MCQ,grec_hard_composition_gate,GroundedResidualEnergyCompositionHard,true_mcq_grec_hard,,
CCBench,LLaVA-NeXT-8B_Biased_Test,3000387,tcf_only,tcf_only,C,C,1.0,1,0,0.10517905733565769,0.0,C,C,C,C,1,4,1,strongblur,gray,C,C,C,1,0,MCQ,grec_hard_composition_gate,GroundedResidualEnergyCompositionHard,true_mcq_grec_hard,,
CCBench,LLaVA-NeXT-8B_Biased_Test,3000391,tcf_only,tcf_only,C,A,0.0,1,0,1.0,0.0,C,A,B,A,2,4,1,centermask,gray,C,C,C,0,0,MCQ,grec_hard_composition_gate,GroundedResidualEnergyCompositionHard,true_mcq_grec_hard,,
CCBench,LLaVA-NeXT-8B_Biased_Test,3000393,tcf_only,tcf_only,B,B,1.0,1,0,1.0,0.0,B,D,D,D,3,4,1,gray,gray,B,B,B,0,0,MCQ,grec_hard_composition_gate,GroundedResidualEnergyCompositionHard,true_mcq_grec_hard,,
CCBench,LLaVA-NeXT-8B_Biased_Test,3000397,tcf_only,tcf_only,C,D,0.0,1,0,1.0,0.0,C,D,D,D,1,4,0,strongblur,gray,C,C,C,0,0,MCQ,grec_hard_composition_gate,GroundedResidualEnergyCompositionHard,true_mcq_grec_hard,,
CCBench,LLaVA-NeXT-8B_Biased_Test,3000404,vcf_only,vcf_only,C,C,1.0,0,1,0.0,0.26288209131332374,B,B,B,C,4,4,1,gray,gray,C,C,C,0,0,MCQ,grec_hard_composition_gate,GroundedResidualEnergyCompositionHard,true_mcq_grec_hard,,
CCBench,LLaVA-NeXT-8B_Biased_Test,3000406,vcf_only,vcf_only,C,A,0.0,0,1,0.0,0.5245730266955124,A,D,D,D,4,4,1,centermask,gray,C,C,C,0,0,MCQ,grec_hard_composition_gate,GroundedResidualEnergyCompositionHard,true_mcq_grec_hard,,
CCBench,LLaVA-NeXT-8B_Biased_Test,3000417,tcf_only,tcf_only,D,D,1.0,1,0,1.0,0.0,B,A,A,A,2,4,1,gray,gray,D,D,D,0,0,MCQ,grec_hard_composition_gate,GroundedResidualEnergyCompositionHard,true_mcq_grec_hard,,
CCBench,LLaVA-NeXT-8B_Biased_Test,3000429,vcf_only,vcf_only,B,C,0.0,0,1,0.0,0.316867785134372,B,B,B,B,4,4,0,gray,gray,B,B,B,1,0,MCQ,grec_hard_composition_gate,GroundedResidualEnergyCompositionHard,true_mcq_grec_hard,,
CCBench,LLaVA-NeXT-8B_Biased_Test,3000436,vcf_only,vcf_only,B,B,1.0,0,1,0.0,0.23072872828889462,D,A,D,A,4,4,1,gray,gray,B,B,B,0,0,MCQ,grec_hard_composition_gate,GroundedResidualEnergyCompositionHard,true_mcq_grec_hard,,
CCBench,LLaVA-NeXT-8B_Biased_Test,3000437,vcf_only,vcf_only,B,D,0.0,0,1,0.0,0.05473982558778386,B,B,B,B,4,4,0,centermask,centermask,B,B,B,1,0,MCQ,grec_hard_composition_gate,GroundedResidualEnergyCompositionHard,true_mcq_grec_hard,,
CCBench,LLaVA-NeXT-8B_Biased_Test,3000438,both,both,A,B,0.0,1,1,0.2762484203571436,1.0,A,A,C,A,1,4,0,strongblur,gray,A,A,A,1,0,MCQ,grec_hard_composition_gate,GroundedResidualEnergyCompositionHard,true_mcq_grec_hard,,
CCBench,LLaVA-NeXT-8B_Biased_Test,3000452,vcf_only,vcf_only,C,D,0.0,0,1,0.0,0.43732212728783126,C,C,C,C,4,4,0,gray,gray,C,C,C,1,0,MCQ,grec_hard_composition_gate,GroundedResidualEnergyCompositionHard,true_mcq_grec_hard,,
CCBench,LLaVA-NeXT-8B_Biased_Test,3000458,vcf_only,vcf_only,D,D,1.0,0,1,0.0,0.7160632662912174,A,A,A,D,4,4,1,strongblur,strongblur,D,D,D,0,0,MCQ,grec_hard_composition_gate,GroundedResidualEnergyCompositionHard,true_mcq_grec_hard,,
CCBench,LLaVA-NeXT-8B_Biased_Test,3000461,vcf_only,vcf_only,C,C,1.0,0,1,0.0,1.0,C,D,D,C,4,4,0,centermask,gray,C,C,C,1,0,MCQ,grec_hard_composition_gate,GroundedResidualEnergyCompositionHard,true_mcq_grec_hard,,
CCBench,LLaVA-NeXT-8B_Biased_Test,3000462,both,both,C,D,0.0,1,1,1.0,0.3449245104857409,C,B,B,D,1,4,1,centermask,gray,B,C,C,0,1,MCQ,grec_hard_composition_gate,GroundedResidualEnergyCompositionHard,true_mcq_grec_hard,,
CCBench,LLaVA-NeXT-8B_Biased_Test,3000466,vcf_only,vcf_only,C,D,0.0,0,1,0.0,0.3954076123920866,B,B,B,B,4,4,1,centermask,centermask,C,C,C,1,0,MCQ,grec_hard_composition_gate,GroundedResidualEnergyCompositionHard,true_mcq_grec_hard,,
CCBench,LLaVA-NeXT-8B_Biased_Test,3000467,vcf_only,vcf_only,D,A,0.0,0,1,0.0,0.4282182321589758,B,B,B,B,4,4,1,centermask,centermask,D,D,D,1,0,MCQ,grec_hard_composition_gate,GroundedResidualEnergyCompositionHard,true_mcq_grec_hard,,
CCBench,LLaVA-NeXT-8B_Biased_Test,3000473,tcf_only,tcf_only,A,C,0.0,1,0,0.0681196801622248,0.0,A,A,C,A,2,4,0,gray,gray,A,A,A,1,0,MCQ,grec_hard_composition_gate,GroundedResidualEnergyCompositionHard,true_mcq_grec_hard,,
CCBench,LLaVA-NeXT-8B_Biased_Test,3000478,vcf_only,vcf_only,D,D,1.0,0,1,0.0,0.17616801647353975,B,B,B,B,4,4,1,gray,gray,D,D,D,1,0,MCQ,grec_hard_composition_gate,GroundedResidualEnergyCompositionHard,true_mcq_grec_hard,,
CCBench,LLaVA-NeXT-8B_Biased_Test,3000481,vcf_only,vcf_only,D,C,0.0,0,1,0.0,0.26010668107029894,A,A,B,A,4,4,1,centermask,gray,D,D,D,1,0,MCQ,grec_hard_composition_gate,GroundedResidualEnergyCompositionHard,true_mcq_grec_hard,,
CCBench,LLaVA-NeXT-8B_Biased_Test,3000484,tcf_only,tcf_only,A,B,0.0,1,0,0.0,0.0,A,A,A,A,1,4,0,strongblur,gray,A,A,A,1,0,MCQ,grec_hard_composition_gate,GroundedResidualEnergyCompositionHard,true_mcq_grec_hard,,
CCBench,LLaVA-NeXT-8B_Biased_Test,3000485,tcf_only,both,A,C,0.0,1,1,1.0,1.0,A,B,B,B,1,4,1,strongblur,centermask,B,A,A,0,1,MCQ,grec_hard_composition_gate,GroundedResidualEnergyCompositionHard,true_mcq_grec_hard,,
CCBench,LLaVA-NeXT-8B_Biased_Test,3000488,both,both,A,B,0.0,1,1,1.0,0.3925091226124584,A,C,C,C,1,4,0,gray,gray,A,A,A,0,1,MCQ,grec_hard_composition_gate,GroundedResidualEnergyCompositionHard,true_mcq_grec_hard,,
CCBench,LLaVA-NeXT-8B_Biased_Test,3000493,vcf_only,vcf_only,C,C,1.0,0,1,0.0,0.06316746765219884,B,B,B,C,4,4,1,gray,gray,C,C,C,0,0,MCQ,grec_hard_composition_gate,GroundedResidualEnergyCompositionHard,true_mcq_grec_hard,,
CCBench,LLaVA-NeXT-8B_Biased_Test,3000495,vcf_only,vcf_only,D,A,0.0,0,1,0.0,0.025175474819509523,D,D,D,D,4,4,0,gray,gray,D,D,D,1,0,MCQ,grec_hard_composition_gate,GroundedResidualEnergyCompositionHard,true_mcq_grec_hard,,
CCBench,LLaVA-NeXT-8B_Biased_Test,3000496,vcf_only,vcf_only,B,B,1.0,0,1,0.0,0.07150137271181528,D,D,D,B,4,4,1,gray,gray,B,B,B,0,0,MCQ,grec_hard_composition_gate,GroundedResidualEnergyCompositionHard,true_mcq_grec_hard,,
CCBench,LLaVA-NeXT-8B_Biased_Test,3000498,vcf_only,vcf_only,B,D,0.0,0,1,0.0,0.4913452546677675,B,B,B,B,4,4,0,gray,gray,B,B,B,1,0,MCQ,grec_hard_composition_gate,GroundedResidualEnergyCompositionHard,true_mcq_grec_hard,,
CCBench,LLaVA-NeXT-8B_Biased_Test,3000506,vcf_only,vcf_only,B,D,0.0,0,1,0.0,0.9001845510353081,A,B,A,B,4,4,1,centermask,centermask,B,B,B,0,0,MCQ,grec_hard_composition_gate,GroundedResidualEnergyCompositionHard,true_mcq_grec_hard,,
CCBench,LLaVA-NeXT-8B_Biased_Test,3000507,tcf_only,both,C,A,0.0,1,1,0.052416865718040606,1.0,C,A,C,A,1,4,1,centermask,centermask,A,C,C,0,1,MCQ,grec_hard_composition_gate,GroundedResidualEnergyCompositionHard,true_mcq_grec_hard,,
CCBench,LLaVA-NeXT-8B_Biased_Test,3000508,vcf_only,vcf_only,C,B,0.0,0,1,0.0,0.8585489112807922,A,A,A,C,4,4,1,centermask,centermask,C,C,C,0,0,MCQ,grec_hard_composition_gate,GroundedResidualEnergyCompositionHard,true_mcq_grec_hard,,
CCBench,LLaVA-NeXT-8B_Biased_Test,3000511,vcf_only,vcf_only,C,C,1.0,0,1,0.0,0.8267063521478569,A,A,A,C,4,4,1,gray,gray,C,C,C,0,0,MCQ,grec_hard_composition_gate,GroundedResidualEnergyCompositionHard,true_mcq_grec_hard,,
CCBench,LLaVA-NeXT-8B_Biased_Test,3000512,tcf_only,tcf_only,C,D,0.0,1,0,1.0,0.0,C,C,C,C,1,4,0,gray,gray,C,C,C,1,0,MCQ,grec_hard_composition_gate,GroundedResidualEnergyCompositionHard,true_mcq_grec_hard,,
CCBench,LLaVA-NeXT-8B_Biased_Test,3000515,tcf_only,both,C,A,0.0,1,1,0.06357986348175038,0.940627335343615,C,B,B,B,1,4,0,gray,gray,C,C,C,0,1,MCQ,grec_hard_composition_gate,GroundedResidualEnergyCompositionHard,true_mcq_grec_hard,,
CCBench,LLaVA-NeXT-8B_Biased_Test,3000530,vcf_only,vcf_only,C,B,0.0,0,1,0.0,0.6641749330729748,C,C,A,C,4,4,0,gray,gray,C,C,C,1,0,MCQ,grec_hard_composition_gate,GroundedResidualEnergyCompositionHard,true_mcq_grec_hard,,
MMBench_DEV_EN_V11,LLaVA-NeXT-8B_Biased_Test,308,tcf_only,both,B,A,0.0,1,1,0.02838821467179553,1.0,B,B,A,B,2,2,0,strongblur,gray,B,B,B,1,0,MCQ,grec_hard_composition_gate,GroundedResidualEnergyCompositionHard,true_mcq_grec_hard,,
MMBench_DEV_EN_V11,LLaVA-NeXT-8B_Biased_Test,313,tcf_only,both,B,A,0.0,1,1,0.028595797994715788,1.0,B,B,A,B,1,2,0,strongblur,gray,B,B,B,1,0,MCQ,grec_hard_composition_gate,GroundedResidualEnergyCompositionHard,true_mcq_grec_hard,,
MMBench_DEV_EN_V11,LLaVA-NeXT-8B_Biased_Test,407,both,both,B,B,1.0,1,1,0.0,0.8330967633464783,B,A,A,A,1,2,1,centermask,centermask,A,B,B,0,1,MCQ,grec_hard_composition_gate,GroundedResidualEnergyCompositionHard,true_mcq_grec_hard,,
MMBench_DEV_EN_V11,LLaVA-NeXT-8B_Biased_Test,419,tcf_only,tcf_only,B,B,1.0,1,0,0.02677101444227481,0.0,B,A,A,A,1,2,1,gray,gray,B,B,B,0,0,MCQ,grec_hard_composition_gate,GroundedResidualEnergyCompositionHard,true_mcq_grec_hard,,
MMBench_DEV_EN_V11,LLaVA-NeXT-8B_Biased_Test,452,vcf_only,vcf_only,A,A,1.0,0,1,0.0,0.8690476162996814,B,B,B,B,2,2,1,gray,gray,A,A,A,1,0,MCQ,grec_hard_composition_gate,GroundedResidualEnergyCompositionHard,true_mcq_grec_hard,,
MMBench_DEV_EN_V11,LLaVA-NeXT-8B_Biased_Test,481,vcf_only,vcf_only,A,A,1.0,0,1,0.0,1.0,A,A,A,A,2,2,0,strongblur,gray,A,A,A,1,0,MCQ,grec_hard_composition_gate,GroundedResidualEnergyCompositionHard,true_mcq_grec_hard,,
MMBench_DEV_EN_V11,LLaVA-NeXT-8B_Biased_Test,482,vcf_only,vcf_only,A,A,1.0,0,1,0.0,0.34407507997785836,A,A,B,A,2,2,0,strongblur,strongblur,A,A,A,1,0,MCQ,grec_hard_composition_gate,GroundedResidualEnergyCompositionHard,true_mcq_grec_hard,,
MMBench_DEV_EN_V11,LLaVA-NeXT-8B_Biased_Test,484,vcf_only,vcf_only,B,A,0.0,0,1,0.0,0.9171850239514214,B,B,B,B,2,2,0,strongblur,strongblur,B,B,B,1,0,MCQ,grec_hard_composition_gate,GroundedResidualEnergyCompositionHard,true_mcq_grec_hard,,
MMBench_DEV_EN_V11,LLaVA-NeXT-8B_Biased_Test,1262,tcf_only,both,A,A,1.0,1,1,1.0,0.35582721786035376,A,B,A,B,1,2,1,gray,gray,B,A,A,0,1,MCQ,grec_hard_composition_gate,GroundedResidualEnergyCompositionHard,true_mcq_grec_hard,,
MMBench_DEV_EN_V11,LLaVA-NeXT-8B_Biased_Test,3113,vcf_only,vcf_only,A,B,0.0,0,1,0.0,0.9991903377388908,A,A,A,A,2,2,0,centermask,centermask,A,A,A,1,0,MCQ,grec_hard_composition_gate,GroundedResidualEnergyCompositionHard,true_mcq_grec_hard,,
MMBench_DEV_EN_V11,LLaVA-NeXT-8B_Biased_Test,282,tcf_only,both,B,A,0.0,1,1,0.10161341218596243,1.0,B,A,A,B,1,3,0,gray,gray,B,B,B,1,0,MCQ,grec_hard_composition_gate,GroundedResidualEnergyCompositionHard,true_mcq_grec_hard,,
MMBench_DEV_EN_V11,LLaVA-NeXT-8B_Biased_Test,285,tcf_only,both,C,A,0.0,1,1,0.0,1.0,C,C,A,C,1,3,0,strongblur,gray,C,C,C,1,0,MCQ,grec_hard_composition_gate,GroundedResidualEnergyCompositionHard,true_mcq_grec_hard,,
MMBench_DEV_EN_V11,LLaVA-NeXT-8B_Biased_Test,288,both,both,C,C,1.0,1,1,0.0,1.0,C,C,C,C,1,3,0,strongblur,gray,C,C,C,1,0,MCQ,grec_hard_composition_gate,GroundedResidualEnergyCompositionHard,true_mcq_grec_hard,,
MMBench_DEV_EN_V11,LLaVA-NeXT-8B_Biased_Test,290,both,both,A,C,0.0,1,1,1.0,1.0,A,A,A,A,1,3,0,strongblur,gray,A,A,A,1,0,MCQ,grec_hard_composition_gate,GroundedResidualEnergyCompositionHard,true_mcq_grec_hard,,
MMBench_DEV_EN_V11,LLaVA-NeXT-8B_Biased_Test,294,both,both,B,A,0.0,1,1,0.15529829540982032,1.0,B,C,C,C,1,3,0,strongblur,gray,B,B,B,0,1,MCQ,grec_hard_composition_gate,GroundedResidualEnergyCompositionHard,true_mcq_grec_hard,,
MMBench_DEV_EN_V11,LLaVA-NeXT-8B_Biased_Test,300,tcf_only,tcf_only,A,A,1.0,1,0,0.0,0.0,A,A,A,C,1,3,1,centermask,gray,A,A,A,0,0,MCQ,grec_hard_composition_gate,GroundedResidualEnergyCompositionHard,true_mcq_grec_hard,,
MMBench_DEV_EN_V11,LLaVA-NeXT-8B_Biased_Test,306,both,both,B,C,0.0,1,1,0.0,0.36090137327978766,B,B,B,B,1,3,0,centermask,gray,B,B,B,1,0,MCQ,grec_hard_composition_gate,GroundedResidualEnergyCompositionHard,true_mcq_grec_hard,,
MMBench_DEV_EN_V11,LLaVA-NeXT-8B_Biased_Test,311,tcf_only,both,C,C,1.0,1,1,0.040475073507848514,0.7047758782121616,C,B,C,B,1,3,0,gray,gray,C,C,C,0,1,MCQ,grec_hard_composition_gate,GroundedResidualEnergyCompositionHard,true_mcq_grec_hard,,
MMBench_DEV_EN_V11,LLaVA-NeXT-8B_Biased_Test,408,vcf_only,vcf_only,B,A,0.0,0,1,0.0,0.8558552851784011,B,B,B,B,3,3,0,gray,gray,B,B,B,1,0,MCQ,grec_hard_composition_gate,GroundedResidualEnergyCompositionHard,true_mcq_grec_hard,,
MMBench_DEV_EN_V11,LLaVA-NeXT-8B_Biased_Test,414,vcf_only,vcf_only,B,C,0.0,0,1,0.0,0.9218710879936292,C,B,B,B,3,3,1,centermask,gray,B,B,B,0,0,MCQ,grec_hard_composition_gate,GroundedResidualEnergyCompositionHard,true_mcq_grec_hard,,
MMBench_DEV_EN_V11,LLaVA-NeXT-8B_Biased_Test,415,vcf_only,vcf_only,B,A,0.0,0,1,0.0,1.0,A,A,A,B,3,3,1,strongblur,gray,B,B,B,0,0,MCQ,grec_hard_composition_gate,GroundedResidualEnergyCompositionHard,true_mcq_grec_hard,,
MMBench_DEV_EN_V11,LLaVA-NeXT-8B_Biased_Test,607,vcf_only,vcf_only,A,A,1.0,0,1,0.0,0.9153326364507693,A,A,A,A,3,3,0,centermask,gray,A,A,A,1,0,MCQ,grec_hard_composition_gate,GroundedResidualEnergyCompositionHard,true_mcq_grec_hard,,
MMBench_DEV_EN_V11,LLaVA-NeXT-8B_Biased_Test,610,vcf_only,vcf_only,C,C,1.0,0,1,0.0,1.0,C,C,B,C,3,3,0,gray,gray,C,C,C,1,0,MCQ,grec_hard_composition_gate,GroundedResidualEnergyCompositionHard,true_mcq_grec_hard,,
MMBench_DEV_EN_V11,LLaVA-NeXT-8B_Biased_Test,840,vcf_only,vcf_only,B,B,1.0,0,1,0.0,1.0,B,B,B,A,3,3,0,centermask,gray,B,B,B,0,0,MCQ,grec_hard_composition_gate,GroundedResidualEnergyCompositionHard,true_mcq_grec_hard,,
MMBench_DEV_EN_V11,LLaVA-NeXT-8B_Biased_Test,846,tcf_only,tcf_only,C,C,1.0,1,0,0.0,0.0,C,B,C,B,1,3,1,gray,gray,C,C,C,0,0,MCQ,grec_hard_composition_gate,GroundedResidualEnergyCompositionHard,true_mcq_grec_hard,,
MMBench_DEV_EN_V11,LLaVA-NeXT-8B_Biased_Test,1105,vcf_only,vcf_only,B,A,0.0,0,1,0.0,0.9825423975659164,A,B,B,B,3,3,1,centermask,centermask,B,B,B,0,0,MCQ,grec_hard_composition_gate,GroundedResidualEnergyCompositionHard,true_mcq_grec_hard,,
MMBench_DEV_EN_V11,LLaVA-NeXT-8B_Biased_Test,1113,vcf_only,vcf_only,A,A,1.0,0,1,0.0,0.9240829061896189,B,B,B,B,3,3,1,gray,gray,A,A,A,1,0,MCQ,grec_hard_composition_gate,GroundedResidualEnergyCompositionHard,true_mcq_grec_hard,,
MMBench_DEV_EN_V11,LLaVA-NeXT-8B_Biased_Test,1116,vcf_only,vcf_only,B,A,0.0,0,1,0.0,0.9286577487556344,B,B,B,B,3,3,0,gray,gray,B,B,B,1,0,MCQ,grec_hard_composition_gate,GroundedResidualEnergyCompositionHard,true_mcq_grec_hard,,
MMBench_DEV_EN_V11,LLaVA-NeXT-8B_Biased_Test,1122,vcf_only,vcf_only,A,A,1.0,0,1,0.0,1.0,A,A,A,A,3,3,0,centermask,gray,A,A,A,1,0,MCQ,grec_hard_composition_gate,GroundedResidualEnergyCompositionHard,true_mcq_grec_hard,,
MMBench_DEV_EN_V11,LLaVA-NeXT-8B_Biased_Test,1123,vcf_only,vcf_only,A,A,1.0,0,1,0.0,1.0,A,A,B,A,3,3,0,centermask,gray,A,A,A,1,0,MCQ,grec_hard_composition_gate,GroundedResidualEnergyCompositionHard,true_mcq_grec_hard,,
MMBench_DEV_EN_V11,LLaVA-NeXT-8B_Biased_Test,1124,vcf_only,vcf_only,B,A,0.0,0,1,0.0,0.925188630905821,B,B,B,B,3,3,0,gray,gray,B,B,B,1,0,MCQ,grec_hard_composition_gate,GroundedResidualEnergyCompositionHard,true_mcq_grec_hard,,
MMBench_DEV_EN_V11,LLaVA-NeXT-8B_Biased_Test,2124,vcf_only,vcf_only,B,A,0.0,0,1,0.0,0.9869934725174321,C,A,A,B,3,3,1,centermask,gray,B,B,B,0,0,MCQ,grec_hard_composition_gate,GroundedResidualEnergyCompositionHard,true_mcq_grec_hard,,
MMBench_DEV_EN_V11,LLaVA-NeXT-8B_Biased_Test,3086,vcf_only,neither,A,B,0.0,0,0,0.0,0.0,A,B,A,A,3,3,0,strongblur,gray,A,A,A,1,0,MCQ,grec_hard_composition_gate,GroundedResidualEnergyCompositionHard,true_mcq_grec_hard,,
MMBench_DEV_EN_V11,LLaVA-NeXT-8B_Biased_Test,3087,vcf_only,neither,B,C,0.0,0,0,0.0,0.0,B,B,B,B,3,3,0,centermask,centermask,B,B,B,1,0,MCQ,grec_hard_composition_gate,GroundedResidualEnergyCompositionHard,true_mcq_grec_hard,,
MMBench_DEV_EN_V11,LLaVA-NeXT-8B_Biased_Test,3508,vcf_only,vcf_only,B,C,0.0,0,1,0.0,0.25538470851927547,B,B,B,B,3,3,0,centermask,centermask,B,B,B,1,0,MCQ,grec_hard_composition_gate,GroundedResidualEnergyCompositionHard,true_mcq_grec_hard,,
MMBench_DEV_EN_V11,LLaVA-NeXT-8B_Biased_Test,3509,vcf_only,vcf_only,A,B,0.0,0,1,0.0,1.0,B,B,B,A,3,3,1,strongblur,gray,A,A,A,0,0,MCQ,grec_hard_composition_gate,GroundedResidualEnergyCompositionHard,true_mcq_grec_hard,,
MMBench_DEV_EN_V11,LLaVA-NeXT-8B_Biased_Test,1014,tcf_only,tcf_only,C,A,0.0,1,0,0.06020887164595856,0.0,C,C,C,B,1,4,1,gray,gray,C,C,C,0,0,MCQ,grec_hard_composition_gate,GroundedResidualEnergyCompositionHard,true_mcq_grec_hard,,
MMBench_DEV_EN_V11,LLaVA-NeXT-8B_Biased_Test,1195,vcf_only,vcf_only,A,A,1.0,0,1,0.0,1.0,A,A,A,A,4,4,0,strongblur,centermask,A,A,A,1,0,MCQ,grec_hard_composition_gate,GroundedResidualEnergyCompositionHard,true_mcq_grec_hard,,
MMBench_DEV_EN_V11,LLaVA-NeXT-8B_Biased_Test,1210,vcf_only,vcf_only,B,A,0.0,0,1,0.0,1.0,A,A,A,B,4,4,1,strongblur,gray,B,B,B,0,0,MCQ,grec_hard_composition_gate,GroundedResidualEnergyCompositionHard,true_mcq_grec_hard,,
MMBench_DEV_EN_V11,LLaVA-NeXT-8B_Biased_Test,1212,vcf_only,vcf_only,B,B,1.0,0,1,0.0,1.0,B,C,C,B,4,4,0,gray,gray,B,B,B,1,0,MCQ,grec_hard_composition_gate,GroundedResidualEnergyCompositionHard,true_mcq_grec_hard,,
MMBench_DEV_EN_V11,LLaVA-NeXT-8B_Biased_Test,1219,both,both,A,A,1.0,1,1,0.09085878844273498,1.0,A,A,A,C,1,4,1,strongblur,gray,B,A,A,0,1,MCQ,grec_hard_composition_gate,GroundedResidualEnergyCompositionHard,true_mcq_grec_hard,,
MMBench_DEV_EN_V11,LLaVA-NeXT-8B_Biased_Test,1553,vcf_only,vcf_only,D,A,0.0,0,1,0.0,1.0,A,A,A,C,4,4,1,strongblur,gray,D,D,D,0,0,MCQ,grec_hard_composition_gate,GroundedResidualEnergyCompositionHard,true_mcq_grec_hard,,
MMBench_DEV_EN_V11,LLaVA-NeXT-8B_Biased_Test,2540,vcf_only,vcf_only,C,C,1.0,0,1,0.0,0.3925091226124584,C,C,A,C,4,4,0,gray,gray,C,C,C,1,0,MCQ,grec_hard_composition_gate,GroundedResidualEnergyCompositionHard,true_mcq_grec_hard,,
MMBench_DEV_EN_V11,LLaVA-NeXT-8B_Biased_Test,2558,tcf_only,tcf_only,C,C,1.0,1,0,0.002326199580435784,0.0,C,A,B,A,1,4,1,gray,gray,C,C,C,0,0,MCQ,grec_hard_composition_gate,GroundedResidualEnergyCompositionHard,true_mcq_grec_hard,,
MMBench_DEV_EN_V11,LLaVA-NeXT-8B_Biased_Test,1,tcf_only,both,D,D,1.0,1,1,0.0,0.7443377131325745,D,D,D,D,1,4,0,gray,gray,D,D,D,1,0,MCQ,grec_hard_composition_gate,GroundedResidualEnergyCompositionHard,true_mcq_grec_hard,,
MMBench_DEV_EN_V11,LLaVA-NeXT-8B_Biased_Test,8,tcf_only,tcf_only,A,A,1.0,1,0,0.014680740076868037,0.0,A,A,A,A,1,4,0,centermask,centermask,A,A,A,1,0,MCQ,grec_hard_composition_gate,GroundedResidualEnergyCompositionHard,true_mcq_grec_hard,,
MMBench_DEV_EN_V11,LLaVA-NeXT-8B_Biased_Test,9,tcf_only,tcf_only,A,B,0.0,1,0,0.23695714923860267,0.0,A,A,A,A,1,4,1,centermask,centermask,A,A,A,1,0,MCQ,grec_hard_composition_gate,GroundedResidualEnergyCompositionHard,true_mcq_grec_hard,,
MMBench_DEV_EN_V11,LLaVA-NeXT-8B_Biased_Test,11,tcf_only,both,A,A,1.0,1,1,0.0,0.5567876386920155,A,A,A,A,1,4,1,centermask,centermask,A,A,A,1,0,MCQ,grec_hard_composition_gate,GroundedResidualEnergyCompositionHard,true_mcq_grec_hard,,
MMBench_DEV_EN_V11,LLaVA-NeXT-8B_Biased_Test,16,tcf_only,both,A,A,1.0,1,1,0.007181999694730212,0.1674103449314299,A,A,A,A,1,4,0,centermask,gray,A,A,A,1,0,MCQ,grec_hard_composition_gate,GroundedResidualEnergyCompositionHard,true_mcq_grec_hard,,
MMBench_DEV_EN_V11,LLaVA-NeXT-8B_Biased_Test,18,both,both,B,B,1.0,1,1,0.012952105489511201,1.0,B,D,D,B,1,4,0,strongblur,strongblur,B,B,B,1,0,MCQ,grec_hard_composition_gate,GroundedResidualEnergyCompositionHard,true_mcq_grec_hard,,
MMBench_DEV_EN_V11,LLaVA-NeXT-8B_Biased_Test,239,both,both,C,A,0.0,1,1,0.011442942223390595,0.3925091226124584,C,D,D,B,1,4,1,strongblur,centermask,D,C,C,0,1,MCQ,grec_hard_composition_gate,GroundedResidualEnergyCompositionHard,true_mcq_grec_hard,,
MMBench_DEV_EN_V11,LLaVA-NeXT-8B_Biased_Test,322,tcf_only,both,A,D,0.0,1,1,0.06296700137678668,1.0,A,A,A,A,2,4,1,centermask,gray,A,A,A,1,0,MCQ,grec_hard_composition_gate,GroundedResidualEnergyCompositionHard,true_mcq_grec_hard,,
MMBench_DEV_EN_V11,LLaVA-NeXT-8B_Biased_Test,338,both,both,B,A,0.0,1,1,0.29889313393275896,0.9790945213248033,B,B,B,B,1,4,0,centermask,centermask,B,B,B,1,0,MCQ,grec_hard_composition_gate,GroundedResidualEnergyCompositionHard,true_mcq_grec_hard,,
MMBench_DEV_EN_V11,LLaVA-NeXT-8B_Biased_Test,352,vcf_only,vcf_only,B,A,0.0,0,1,0.0,1.0,B,B,B,B,4,4,0,strongblur,strongblur,B,B,B,1,0,MCQ,grec_hard_composition_gate,GroundedResidualEnergyCompositionHard,true_mcq_grec_hard,,
MMBench_DEV_EN_V11,LLaVA-NeXT-8B_Biased_Test,456,tcf_only,both,D,A,0.0,1,1,0.0,1.0,D,D,D,D,1,4,0,centermask,centermask,D,D,D,1,0,MCQ,grec_hard_composition_gate,GroundedResidualEnergyCompositionHard,true_mcq_grec_hard,,
MMBench_DEV_EN_V11,LLaVA-NeXT-8B_Biased_Test,462,tcf_only,tcf_only,A,D,0.0,1,0,0.016201878807001524,0.0,A,D,D,A,2,4,0,centermask,gray,A,A,A,1,0,MCQ,grec_hard_composition_gate,GroundedResidualEnergyCompositionHard,true_mcq_grec_hard,,
MMBench_DEV_EN_V11,LLaVA-NeXT-8B_Biased_Test,465,vcf_only,vcf_only,A,B,0.0,0,1,0.0,1.0,A,A,A,A,4,4,0,strongblur,strongblur,A,A,A,1,0,MCQ,grec_hard_composition_gate,GroundedResidualEnergyCompositionHard,true_mcq_grec_hard,,
MMBench_DEV_EN_V11,LLaVA-NeXT-8B_Biased_Test,587,vcf_only,vcf_only,C,B,0.0,0,1,0.0,0.999339890150705,A,C,C,C,4,4,1,strongblur,strongblur,C,C,C,0,0,MCQ,grec_hard_composition_gate,GroundedResidualEnergyCompositionHard,true_mcq_grec_hard,,
MMBench_DEV_EN_V11,LLaVA-NeXT-8B_Biased_Test,589,both,both,C,D,0.0,1,1,1.0,0.2835423444181343,C,A,A,A,2,4,1,gray,gray,A,C,C,0,1,MCQ,grec_hard_composition_gate,GroundedResidualEnergyCompositionHard,true_mcq_grec_hard,,
MMBench_DEV_EN_V11,LLaVA-NeXT-8B_Biased_Test,592,vcf_only,vcf_only,B,C,0.0,0,1,0.0,0.09084411675819046,B,B,B,B,4,4,0,gray,gray,B,B,B,1,0,MCQ,grec_hard_composition_gate,GroundedResidualEnergyCompositionHard,true_mcq_grec_hard,,
MMBench_DEV_EN_V11,LLaVA-NeXT-8B_Biased_Test,605,tcf_only,both,C,A,0.0,1,1,0.04190519379381197,0.9795433426285475,C,C,C,C,1,4,0,gray,gray,C,C,C,1,0,MCQ,grec_hard_composition_gate,GroundedResidualEnergyCompositionHard,true_mcq_grec_hard,,
MMBench_DEV_EN_V11,LLaVA-NeXT-8B_Biased_Test,629,tcf_only,both,A,D,0.0,1,1,1.0,0.8301886670985373,A,A,A,A,1,4,0,centermask,centermask,A,A,A,1,0,MCQ,grec_hard_composition_gate,GroundedResidualEnergyCompositionHard,true_mcq_grec_hard,,
MMBench_DEV_EN_V11,LLaVA-NeXT-8B_Biased_Test,634,vcf_only,vcf_only,B,B,1.0,0,1,0.0,0.3054271927497659,B,B,B,B,4,4,0,strongblur,strongblur,B,B,B,1,0,MCQ,grec_hard_composition_gate,GroundedResidualEnergyCompositionHard,true_mcq_grec_hard,,
MMBench_DEV_EN_V11,LLaVA-NeXT-8B_Biased_Test,635,tcf_only,tcf_only,A,B,0.0,1,0,1.0,0.0,A,C,C,C,1,4,1,strongblur,gray,A,A,A,0,0,MCQ,grec_hard_composition_gate,GroundedResidualEnergyCompositionHard,true_mcq_grec_hard,,
MMBench_DEV_EN_V11,LLaVA-NeXT-8B_Biased_Test,638,tcf_only,tcf_only,A,A,1.0,1,0,1.0,0.0,A,C,C,C,1,4,0,strongblur,gray,A,A,A,0,0,MCQ,grec_hard_composition_gate,GroundedResidualEnergyCompositionHard,true_mcq_grec_hard,,
MMBench_DEV_EN_V11,LLaVA-NeXT-8B_Biased_Test,647,vcf_only,vcf_only,C,C,1.0,0,1,0.0,0.3925091226124584,C,C,C,C,4,4,0,gray,gray,C,C,C,1,0,MCQ,grec_hard_composition_gate,GroundedResidualEnergyCompositionHard,true_mcq_grec_hard,,
MMBench_DEV_EN_V11,LLaVA-NeXT-8B_Biased_Test,651,vcf_only,vcf_only,C,B,0.0,0,1,0.0,0.9049036072482691,B,A,D,A,4,4,1,centermask,gray,C,C,C,0,0,MCQ,grec_hard_composition_gate,GroundedResidualEnergyCompositionHard,true_mcq_grec_hard,,
MMBench_DEV_EN_V11,LLaVA-NeXT-8B_Biased_Test,656,both,both,A,A,1.0,1,1,0.04755710839736116,1.0,A,A,A,A,1,4,0,strongblur,gray,A,A,A,1,0,MCQ,grec_hard_composition_gate,GroundedResidualEnergyCompositionHard,true_mcq_grec_hard,,
MMBench_DEV_EN_V11,LLaVA-NeXT-8B_Biased_Test,670,vcf_only,vcf_only,D,D,1.0,0,1,0.0,1.0,C,C,C,C,4,4,1,strongblur,gray,D,D,D,1,0,MCQ,grec_hard_composition_gate,GroundedResidualEnergyCompositionHard,true_mcq_grec_hard,,
MMBench_DEV_EN_V11,LLaVA-NeXT-8B_Biased_Test,768,vcf_only,vcf_only,D,C,0.0,0,1,0.0,0.19326993432353068,A,A,A,D,4,4,1,gray,gray,D,D,D,0,0,MCQ,grec_hard_composition_gate,GroundedResidualEnergyCompositionHard,true_mcq_grec_hard,,
MMBench_DEV_EN_V11,LLaVA-NeXT-8B_Biased_Test,776,vcf_only,vcf_only,A,C,0.0,0,1,0.0,0.06063359801880536,A,A,A,A,4,4,0,strongblur,strongblur,A,A,A,1,0,MCQ,grec_hard_composition_gate,GroundedResidualEnergyCompositionHard,true_mcq_grec_hard,,
MMBench_DEV_EN_V11,LLaVA-NeXT-8B_Biased_Test,778,vcf_only,vcf_only,C,C,1.0,0,1,0.0,0.3925091226124584,B,B,B,C,4,4,1,strongblur,gray,C,C,C,0,0,MCQ,grec_hard_composition_gate,GroundedResidualEnergyCompositionHard,true_mcq_grec_hard,,
MMBench_DEV_EN_V11,LLaVA-NeXT-8B_Biased_Test,782,vcf_only,vcf_only,B,A,0.0,0,1,0.0,0.0985226476170103,B,B,B,B,4,4,0,centermask,centermask,B,B,B,1,0,MCQ,grec_hard_composition_gate,GroundedResidualEnergyCompositionHard,true_mcq_grec_hard,,
MMBench_DEV_EN_V11,LLaVA-NeXT-8B_Biased_Test,783,vcf_only,vcf_only,C,C,1.0,0,1,0.0,0.3701643350748291,B,C,B,C,4,4,1,centermask,gray,C,C,C,0,0,MCQ,grec_hard_composition_gate,GroundedResidualEnergyCompositionHard,true_mcq_grec_hard,,
MMBench_DEV_EN_V11,LLaVA-NeXT-8B_Biased_Test,788,vcf_only,vcf_only,D,C,0.0,0,1,0.0,0.22183202212666103,B,D,B,D,4,4,1,gray,gray,D,D,D,0,0,MCQ,grec_hard_composition_gate,GroundedResidualEnergyCompositionHard,true_mcq_grec_hard,,
MMBench_DEV_EN_V11,LLaVA-NeXT-8B_Biased_Test,799,vcf_only,vcf_only,D,B,0.0,0,1,0.0,0.19753193857761964,D,D,A,D,4,4,0,strongblur,strongblur,D,D,D,1,0,MCQ,grec_hard_composition_gate,GroundedResidualEnergyCompositionHard,true_mcq_grec_hard,,
MMBench_DEV_EN_V11,LLaVA-NeXT-8B_Biased_Test,803,vcf_only,vcf_only,A,C,0.0,0,1,0.0,0.3925091226124584,B,B,B,A,4,4,1,gray,gray,A,A,A,0,0,MCQ,grec_hard_composition_gate,GroundedResidualEnergyCompositionHard,true_mcq_grec_hard,,
MMBench_DEV_EN_V11,LLaVA-NeXT-8B_Biased_Test,805,vcf_only,vcf_only,C,B,0.0,0,1,0.0,0.4927894974134254,C,C,C,C,4,4,0,gray,gray,C,C,C,1,0,MCQ,grec_hard_composition_gate,GroundedResidualEnergyCompositionHard,true_mcq_grec_hard,,
MMBench_DEV_EN_V11,LLaVA-NeXT-8B_Biased_Test,865,tcf_only,tcf_only,D,D,1.0,1,0,0.028925617386592162,0.0,D,D,D,D,1,4,0,strongblur,gray,D,D,D,1,0,MCQ,grec_hard_composition_gate,GroundedResidualEnergyCompositionHard,true_mcq_grec_hard,,
MMBench_DEV_EN_V11,LLaVA-NeXT-8B_Biased_Test,866,vcf_only,vcf_only,A,A,1.0,0,1,0.0,0.8341062069855001,A,C,C,A,4,4,0,gray,gray,A,A,A,1,0,MCQ,grec_hard_composition_gate,GroundedResidualEnergyCompositionHard,true_mcq_grec_hard,,
MMBench_DEV_EN_V11,LLaVA-NeXT-8B_Biased_Test,902,vcf_only,vcf_only,A,A,1.0,0,1,0.0,0.1209291646057651,D,D,D,D,4,4,1,gray,gray,A,A,A,1,0,MCQ,grec_hard_composition_gate,GroundedResidualEnergyCompositionHard,true_mcq_grec_hard,,
MMBench_DEV_EN_V11,LLaVA-NeXT-8B_Biased_Test,918,both,both,B,B,1.0,1,1,0.02729804910998679,1.0,B,B,D,B,1,4,0,gray,gray,B,B,B,1,0,MCQ,grec_hard_composition_gate,GroundedResidualEnergyCompositionHard,true_mcq_grec_hard,,
MMBench_DEV_EN_V11,LLaVA-NeXT-8B_Biased_Test,965,vcf_only,vcf_only,B,B,1.0,0,1,0.0,0.049555754790711476,D,D,D,B,4,4,1,gray,gray,B,B,B,0,0,MCQ,grec_hard_composition_gate,GroundedResidualEnergyCompositionHard,true_mcq_grec_hard,,
MMBench_DEV_EN_V11,LLaVA-NeXT-8B_Biased_Test,967,vcf_only,vcf_only,A,A,1.0,0,1,0.0,0.1797746208567277,C,A,C,A,4,4,1,centermask,centermask,A,A,A,0,0,MCQ,grec_hard_composition_gate,GroundedResidualEnergyCompositionHard,true_mcq_grec_hard,,
MMBench_DEV_EN_V11,LLaVA-NeXT-8B_Biased_Test,975,vcf_only,vcf_only,A,B,0.0,0,1,0.0,0.9340577208943754,A,A,C,A,4,4,0,centermask,centermask,A,A,A,1,0,MCQ,grec_hard_composition_gate,GroundedResidualEnergyCompositionHard,true_mcq_grec_hard,,
MMBench_DEV_EN_V11,LLaVA-NeXT-8B_Biased_Test,984,vcf_only,vcf_only,D,A,0.0,0,1,0.0,0.9573021329355081,D,D,D,D,4,4,0,strongblur,gray,D,D,D,1,0,MCQ,grec_hard_composition_gate,GroundedResidualEnergyCompositionHard,true_mcq_grec_hard,,
MMBench_DEV_EN_V11,LLaVA-NeXT-8B_Biased_Test,1000,tcf_only,tcf_only,D,A,0.0,1,0,1.0,0.0,D,D,D,D,1,4,0,centermask,centermask,D,D,D,1,0,MCQ,grec_hard_composition_gate,GroundedResidualEnergyCompositionHard,true_mcq_grec_hard,,
MMBench_DEV_EN_V11,LLaVA-NeXT-8B_Biased_Test,1001,tcf_only,tcf_only,D,A,0.0,1,0,0.13697715639770203,0.0,D,A,A,D,1,4,0,strongblur,centermask,D,D,D,1,0,MCQ,grec_hard_composition_gate,GroundedResidualEnergyCompositionHard,true_mcq_grec_hard,,
MMBench_DEV_EN_V11,LLaVA-NeXT-8B_Biased_Test,1003,vcf_only,vcf_only,B,C,0.0,0,1,0.0,0.4552976261938227,A,A,A,A,4,4,1,gray,gray,B,B,B,1,0,MCQ,grec_hard_composition_gate,GroundedResidualEnergyCompositionHard,true_mcq_grec_hard,,
MMBench_DEV_EN_V11,LLaVA-NeXT-8B_Biased_Test,1083,tcf_only,tcf_only,C,C,1.0,1,0,0.0,0.0,C,A,A,A,1,4,1,centermask,centermask,C,C,C,0,0,MCQ,grec_hard_composition_gate,GroundedResidualEnergyCompositionHard,true_mcq_grec_hard,,
MMBench_DEV_EN_V11,LLaVA-NeXT-8B_Biased_Test,1300,vcf_only,vcf_only,D,D,1.0,0,1,0.0,0.5242787542959242,A,A,A,D,4,4,1,gray,gray,D,D,D,0,0,MCQ,grec_hard_composition_gate,GroundedResidualEnergyCompositionHard,true_mcq_grec_hard,,
MMBench_DEV_EN_V11,LLaVA-NeXT-8B_Biased_Test,1327,vcf_only,vcf_only,B,D,0.0,0,1,0.0,0.24510696626546405,B,B,B,B,4,4,0,gray,gray,B,B,B,1,0,MCQ,grec_hard_composition_gate,GroundedResidualEnergyCompositionHard,true_mcq_grec_hard,,
MMBench_DEV_EN_V11,LLaVA-NeXT-8B_Biased_Test,1338,vcf_only,vcf_only,C,A,0.0,0,1,0.0,0.18015197116750756,C,C,C,C,4,4,0,gray,gray,C,C,C,1,0,MCQ,grec_hard_composition_gate,GroundedResidualEnergyCompositionHard,true_mcq_grec_hard,,
MMBench_DEV_EN_V11,LLaVA-NeXT-8B_Biased_Test,1402,vcf_only,vcf_only,C,D,0.0,0,1,0.0,1.0,D,D,D,C,4,4,1,strongblur,gray,C,C,C,0,0,MCQ,grec_hard_composition_gate,GroundedResidualEnergyCompositionHard,true_mcq_grec_hard,,
MMBench_DEV_EN_V11,LLaVA-NeXT-8B_Biased_Test,1425,both,both,B,A,0.0,1,1,0.0,0.9979190483619235,B,B,B,B,1,4,0,gray,gray,B,B,B,1,0,MCQ,grec_hard_composition_gate,GroundedResidualEnergyCompositionHard,true_mcq_grec_hard,,
MMBench_DEV_EN_V11,LLaVA-NeXT-8B_Biased_Test,1428,vcf_only,vcf_only,D,D,1.0,0,1,0.0,0.7039382285961912,C,C,C,C,4,4,1,gray,gray,D,D,D,1,0,MCQ,grec_hard_composition_gate,GroundedResidualEnergyCompositionHard,true_mcq_grec_hard,,
MMBench_DEV_EN_V11,LLaVA-NeXT-8B_Biased_Test,1444,tcf_only,tcf_only,C,D,0.0,1,0,0.0,0.0,C,C,C,A,1,4,1,centermask,gray,C,C,C,0,0,MCQ,grec_hard_composition_gate,GroundedResidualEnergyCompositionHard,true_mcq_grec_hard,,
MMBench_DEV_EN_V11,LLaVA-NeXT-8B_Biased_Test,1469,vcf_only,vcf_only,C,A,0.0,0,1,0.0,0.7446063386999492,C,C,C,C,4,4,0,centermask,centermask,C,C,C,1,0,MCQ,grec_hard_composition_gate,GroundedResidualEnergyCompositionHard,true_mcq_grec_hard,,
MMBench_DEV_EN_V11,LLaVA-NeXT-8B_Biased_Test,1485,both,both,B,A,0.0,1,1,0.10666273090266642,0.21038791785359343,B,A,C,A,1,4,1,centermask,centermask,A,B,B,0,1,MCQ,grec_hard_composition_gate,GroundedResidualEnergyCompositionHard,true_mcq_grec_hard,,
MMBench_DEV_EN_V11,LLaVA-NeXT-8B_Biased_Test,1487,tcf_only,tcf_only,B,C,0.0,1,0,0.040107090124613,0.0,B,D,D,C,2,4,1,strongblur,centermask,B,B,B,0,0,MCQ,grec_hard_composition_gate,GroundedResidualEnergyCompositionHard,true_mcq_grec_hard,,
MMBench_DEV_EN_V11,LLaVA-NeXT-8B_Biased_Test,1493,vcf_only,vcf_only,D,D,1.0,0,1,0.0,0.12526953041819391,B,B,B,D,4,4,1,gray,gray,D,D,D,0,0,MCQ,grec_hard_composition_gate,GroundedResidualEnergyCompositionHard,true_mcq_grec_hard,,
MMBench_DEV_EN_V11,LLaVA-NeXT-8B_Biased_Test,1500,vcf_only,vcf_only,C,B,0.0,0,1,0.0,0.2508341075879771,A,A,A,A,4,4,1,gray,gray,C,C,C,1,0,MCQ,grec_hard_composition_gate,GroundedResidualEnergyCompositionHard,true_mcq_grec_hard,,
MMBench_DEV_EN_V11,LLaVA-NeXT-8B_Biased_Test,1505,tcf_only,tcf_only,D,C,0.0,1,0,0.03599537687701715,0.0,D,D,D,C,1,4,0,strongblur,gray,D,D,D,0,0,MCQ,grec_hard_composition_gate,GroundedResidualEnergyCompositionHard,true_mcq_grec_hard,,
MMBench_DEV_EN_V11,LLaVA-NeXT-8B_Biased_Test,1507,tcf_only,tcf_only,C,D,0.0,1,0,0.17857004352725991,0.0,C,C,C,B,1,4,1,gray,gray,C,C,C,0,0,MCQ,grec_hard_composition_gate,GroundedResidualEnergyCompositionHard,true_mcq_grec_hard,,
MMBench_DEV_EN_V11,LLaVA-NeXT-8B_Biased_Test,1511,tcf_only,tcf_only,B,D,0.0,1,0,0.0,0.0,C,D,B,B,2,4,1,strongblur,centermask,B,B,B,0,0,MCQ,grec_hard_composition_gate,GroundedResidualEnergyCompositionHard,true_mcq_grec_hard,,
MMBench_DEV_EN_V11,LLaVA-NeXT-8B_Biased_Test,1517,vcf_only,vcf_only,C,C,1.0,0,1,0.0,0.5213804505638994,A,C,A,C,4,4,1,gray,gray,C,C,C,0,0,MCQ,grec_hard_composition_gate,GroundedResidualEnergyCompositionHard,true_mcq_grec_hard,,
MMBench_DEV_EN_V11,LLaVA-NeXT-8B_Biased_Test,1632,both,both,A,A,1.0,1,1,1.0,1.0,A,D,D,B,2,4,1,strongblur,centermask,A,A,A,0,1,MCQ,grec_hard_composition_gate,GroundedResidualEnergyCompositionHard,true_mcq_grec_hard,,
MMBench_DEV_EN_V11,LLaVA-NeXT-8B_Biased_Test,1637,tcf_only,both,C,C,1.0,1,1,0.009682217184084019,0.44239888736137134,C,C,C,C,1,4,0,gray,gray,C,C,C,1,0,MCQ,grec_hard_composition_gate,GroundedResidualEnergyCompositionHard,true_mcq_grec_hard,,
MMBench_DEV_EN_V11,LLaVA-NeXT-8B_Biased_Test,1639,both,both,A,A,1.0,1,1,0.21721998373630935,0.3925091226124584,A,A,A,B,1,4,1,strongblur,gray,B,A,A,0,1,MCQ,grec_hard_composition_gate,GroundedResidualEnergyCompositionHard,true_mcq_grec_hard,,
MMBench_DEV_EN_V11,LLaVA-NeXT-8B_Biased_Test,1642,both,both,B,D,0.0,1,1,0.34909269125348086,0.6240289065750375,B,B,B,B,1,4,1,gray,gray,B,B,B,1,0,MCQ,grec_hard_composition_gate,GroundedResidualEnergyCompositionHard,true_mcq_grec_hard,,
MMBench_DEV_EN_V11,LLaVA-NeXT-8B_Biased_Test,1655,tcf_only,both,D,D,1.0,1,1,0.01062998941586546,0.8436647137418635,D,D,D,D,1,4,0,gray,gray,D,D,D,1,0,MCQ,grec_hard_composition_gate,GroundedResidualEnergyCompositionHard,true_mcq_grec_hard,,
MMBench_DEV_EN_V11,LLaVA-NeXT-8B_Biased_Test,1657,both,both,C,A,0.0,1,1,0.0718890543136268,0.5247282830837982,C,C,C,C,1,4,1,gray,gray,C,C,C,1,0,MCQ,grec_hard_composition_gate,GroundedResidualEnergyCompositionHard,true_mcq_grec_hard,,
MMBench_DEV_EN_V11,LLaVA-NeXT-8B_Biased_Test,1658,tcf_only,tcf_only,A,C,0.0,1,0,0.0,0.0,A,A,A,A,1,4,1,centermask,gray,A,A,A,1,0,MCQ,grec_hard_composition_gate,GroundedResidualEnergyCompositionHard,true_mcq_grec_hard,,
MMBench_DEV_EN_V11,LLaVA-NeXT-8B_Biased_Test,1659,tcf_only,tcf_only,A,B,0.0,1,0,0.0,0.0,A,A,A,C,1,4,1,centermask,centermask,A,A,A,0,0,MCQ,grec_hard_composition_gate,GroundedResidualEnergyCompositionHard,true_mcq_grec_hard,,
MMBench_DEV_EN_V11,LLaVA-NeXT-8B_Biased_Test,1660,tcf_only,both,B,B,1.0,1,1,0.0,0.26458778646928927,B,B,B,B,1,4,1,gray,gray,B,B,B,1,0,MCQ,grec_hard_composition_gate,GroundedResidualEnergyCompositionHard,true_mcq_grec_hard,,
MMBench_DEV_EN_V11,LLaVA-NeXT-8B_Biased_Test,1663,tcf_only,tcf_only,C,C,1.0,1,0,0.08869388060985717,0.0,C,C,C,C,1,4,1,gray,gray,C,C,C,1,0,MCQ,grec_hard_composition_gate,GroundedResidualEnergyCompositionHard,true_mcq_grec_hard,,
MMBench_DEV_EN_V11,LLaVA-NeXT-8B_Biased_Test,1665,tcf_only,both,C,C,1.0,1,1,0.0,0.8136849196718281,C,C,C,C,1,4,0,gray,gray,C,C,C,1,0,MCQ,grec_hard_composition_gate,GroundedResidualEnergyCompositionHard,true_mcq_grec_hard,,
MMBench_DEV_EN_V11,LLaVA-NeXT-8B_Biased_Test,1666,both,both,B,A,0.0,1,1,0.0,1.0,B,D,D,D,1,4,1,strongblur,gray,B,B,B,0,1,MCQ,grec_hard_composition_gate,GroundedResidualEnergyCompositionHard,true_mcq_grec_hard,,
MMBench_DEV_EN_V11,LLaVA-NeXT-8B_Biased_Test,1667,both,both,A,D,0.0,1,1,0.021921433360305942,0.45098272467385214,A,A,A,B,1,4,1,centermask,centermask,D,A,A,0,1,MCQ,grec_hard_composition_gate,GroundedResidualEnergyCompositionHard,true_mcq_grec_hard,,
MMBench_DEV_EN_V11,LLaVA-NeXT-8B_Biased_Test,1669,both,both,C,A,0.0,1,1,0.03574720866103043,1.0,C,D,D,C,2,4,1,strongblur,gray,C,C,C,1,0,MCQ,grec_hard_composition_gate,GroundedResidualEnergyCompositionHard,true_mcq_grec_hard,,
MMBench_DEV_EN_V11,LLaVA-NeXT-8B_Biased_Test,1671,tcf_only,both,A,A,1.0,1,1,0.0,0.4877380542948297,A,A,A,A,1,4,1,gray,gray,A,A,A,1,0,MCQ,grec_hard_composition_gate,GroundedResidualEnergyCompositionHard,true_mcq_grec_hard,,
MMBench_DEV_EN_V11,LLaVA-NeXT-8B_Biased_Test,1675,tcf_only,both,D,D,1.0,1,1,0.0,0.6279926173612327,D,D,D,D,1,4,1,gray,gray,D,D,D,1,0,MCQ,grec_hard_composition_gate,GroundedResidualEnergyCompositionHard,true_mcq_grec_hard,,
MMBench_DEV_EN_V11,LLaVA-NeXT-8B_Biased_Test,1676,tcf_only,tcf_only,A,A,1.0,1,0,0.02230750616076982,0.0,A,A,A,A,1,4,0,gray,gray,A,A,A,1,0,MCQ,grec_hard_composition_gate,GroundedResidualEnergyCompositionHard,true_mcq_grec_hard,,
MMBench_DEV_EN_V11,LLaVA-NeXT-8B_Biased_Test,1679,both,both,A,B,0.0,1,1,0.06663969803132819,0.8737925990039518,A,C,C,C,1,4,0,gray,gray,A,A,A,0,1,MCQ,grec_hard_composition_gate,GroundedResidualEnergyCompositionHard,true_mcq_grec_hard,,
MMBench_DEV_EN_V11,LLaVA-NeXT-8B_Biased_Test,1684,vcf_only,vcf_only,C,D,0.0,0,1,0.0,0.8122148241037491,C,C,C,C,4,4,0,gray,gray,C,C,C,1,0,MCQ,grec_hard_composition_gate,GroundedResidualEnergyCompositionHard,true_mcq_grec_hard,,
MMBench_DEV_EN_V11,LLaVA-NeXT-8B_Biased_Test,1693,both,both,B,A,0.0,1,1,0.0,0.3925091226124584,B,A,A,A,1,4,1,centermask,gray,A,B,B,0,1,MCQ,grec_hard_composition_gate,GroundedResidualEnergyCompositionHard,true_mcq_grec_hard,,
MMBench_DEV_EN_V11,LLaVA-NeXT-8B_Biased_Test,1715,vcf_only,vcf_only,C,C,1.0,0,1,0.0,0.8846390954765564,A,C,C,C,4,4,1,gray,gray,C,C,C,0,0,MCQ,grec_hard_composition_gate,GroundedResidualEnergyCompositionHard,true_mcq_grec_hard,,
MMBench_DEV_EN_V11,LLaVA-NeXT-8B_Biased_Test,1729,vcf_only,vcf_only,B,C,0.0,0,1,0.0,1.0,C,C,C,B,4,4,1,strongblur,gray,B,B,B,0,0,MCQ,grec_hard_composition_gate,GroundedResidualEnergyCompositionHard,true_mcq_grec_hard,,
MMBench_DEV_EN_V11,LLaVA-NeXT-8B_Biased_Test,1740,tcf_only,tcf_only,A,A,1.0,1,0,0.059748000887518415,0.0,A,C,A,C,1,4,0,gray,gray,A,A,A,0,0,MCQ,grec_hard_composition_gate,GroundedResidualEnergyCompositionHard,true_mcq_grec_hard,,
MMBench_DEV_EN_V11,LLaVA-NeXT-8B_Biased_Test,1757,tcf_only,tcf_only,C,D,0.0,1,0,0.05511869202493824,0.0,C,D,C,D,1,4,1,gray,gray,C,C,C,0,0,MCQ,grec_hard_composition_gate,GroundedResidualEnergyCompositionHard,true_mcq_grec_hard,,
MMBench_DEV_EN_V11,LLaVA-NeXT-8B_Biased_Test,1758,tcf_only,tcf_only,C,C,1.0,1,0,0.182608667731889,0.0,C,B,C,B,1,4,1,gray,gray,C,C,C,0,0,MCQ,grec_hard_composition_gate,GroundedResidualEnergyCompositionHard,true_mcq_grec_hard,,
MMBench_DEV_EN_V11,LLaVA-NeXT-8B_Biased_Test,1760,both,both,A,A,1.0,1,1,0.0,1.0,A,A,A,D,1,4,0,strongblur,centermask,A,A,A,0,1,MCQ,grec_hard_composition_gate,GroundedResidualEnergyCompositionHard,true_mcq_grec_hard,,
MMBench_DEV_EN_V11,LLaVA-NeXT-8B_Biased_Test,1765,vcf_only,vcf_only,B,C,0.0,0,1,0.0,0.6210548485942334,A,B,B,B,4,4,1,gray,gray,B,B,B,0,0,MCQ,grec_hard_composition_gate,GroundedResidualEnergyCompositionHard,true_mcq_grec_hard,,
MMBench_DEV_EN_V11,LLaVA-NeXT-8B_Biased_Test,1769,tcf_only,both,D,D,1.0,1,1,0.0,0.3224549477680714,D,D,D,D,1,4,0,strongblur,strongblur,D,D,D,1,0,MCQ,grec_hard_composition_gate,GroundedResidualEnergyCompositionHard,true_mcq_grec_hard,,
MMBench_DEV_EN_V11,LLaVA-NeXT-8B_Biased_Test,1773,both,both,A,C,0.0,1,1,0.0843537425764751,0.9613205028277654,A,D,D,D,1,4,1,gray,gray,A,A,A,0,1,MCQ,grec_hard_composition_gate,GroundedResidualEnergyCompositionHard,true_mcq_grec_hard,,
MMBench_DEV_EN_V11,LLaVA-NeXT-8B_Biased_Test,1774,tcf_only,tcf_only,A,D,0.0,1,0,0.0,0.0,A,A,A,D,1,4,1,gray,gray,A,A,A,0,0,MCQ,grec_hard_composition_gate,GroundedResidualEnergyCompositionHard,true_mcq_grec_hard,,
MMBench_DEV_EN_V11,LLaVA-NeXT-8B_Biased_Test,1843,vcf_only,vcf_only,D,D,1.0,0,1,0.0,1.0,C,C,C,D,4,4,1,strongblur,gray,D,D,D,0,0,MCQ,grec_hard_composition_gate,GroundedResidualEnergyCompositionHard,true_mcq_grec_hard,,
MMBench_DEV_EN_V11,LLaVA-NeXT-8B_Biased_Test,1846,vcf_only,vcf_only,B,D,0.0,0,1,0.0,0.9888855965198635,A,A,A,B,4,4,1,strongblur,strongblur,B,B,B,0,0,MCQ,grec_hard_composition_gate,GroundedResidualEnergyCompositionHard,true_mcq_grec_hard,,
MMBench_DEV_EN_V11,LLaVA-NeXT-8B_Biased_Test,1847,vcf_only,vcf_only,A,D,0.0,0,1,0.0,0.7843352505955518,B,B,B,B,4,4,1,gray,gray,A,A,A,1,0,MCQ,grec_hard_composition_gate,GroundedResidualEnergyCompositionHard,true_mcq_grec_hard,,
MMBench_DEV_EN_V11,LLaVA-NeXT-8B_Biased_Test,1854,vcf_only,vcf_only,B,C,0.0,0,1,0.0,0.8485620527598223,D,D,D,D,4,4,1,gray,gray,B,B,B,1,0,MCQ,grec_hard_composition_gate,GroundedResidualEnergyCompositionHard,true_mcq_grec_hard,,
MMBench_DEV_EN_V11,LLaVA-NeXT-8B_Biased_Test,1860,vcf_only,vcf_only,C,D,0.0,0,1,0.0,1.0,B,D,A,C,4,4,1,strongblur,centermask,C,C,C,0,0,MCQ,grec_hard_composition_gate,GroundedResidualEnergyCompositionHard,true_mcq_grec_hard,,
MMBench_DEV_EN_V11,LLaVA-NeXT-8B_Biased_Test,1865,vcf_only,vcf_only,C,C,1.0,0,1,0.0,1.0,C,C,C,C,4,4,0,strongblur,gray,C,C,C,1,0,MCQ,grec_hard_composition_gate,GroundedResidualEnergyCompositionHard,true_mcq_grec_hard,,
MMBench_DEV_EN_V11,LLaVA-NeXT-8B_Biased_Test,1868,vcf_only,vcf_only,C,B,0.0,0,1,0.0,1.0,D,C,A,C,4,4,1,strongblur,gray,C,C,C,0,0,MCQ,grec_hard_composition_gate,GroundedResidualEnergyCompositionHard,true_mcq_grec_hard,,
MMBench_DEV_EN_V11,LLaVA-NeXT-8B_Biased_Test,1870,vcf_only,vcf_only,D,D,1.0,0,1,0.0,1.0,D,D,A,D,4,4,0,strongblur,gray,D,D,D,1,0,MCQ,grec_hard_composition_gate,GroundedResidualEnergyCompositionHard,true_mcq_grec_hard,,
MMBench_DEV_EN_V11,LLaVA-NeXT-8B_Biased_Test,1871,vcf_only,vcf_only,A,B,0.0,0,1,0.0,1.0,A,A,A,A,4,4,0,gray,gray,A,A,A,1,0,MCQ,grec_hard_composition_gate,GroundedResidualEnergyCompositionHard,true_mcq_grec_hard,,
MMBench_DEV_EN_V11,LLaVA-NeXT-8B_Biased_Test,1878,vcf_only,vcf_only,B,D,0.0,0,1,0.0,1.0,A,A,A,B,4,4,1,strongblur,gray,B,B,B,0,0,MCQ,grec_hard_composition_gate,GroundedResidualEnergyCompositionHard,true_mcq_grec_hard,,
MMBench_DEV_EN_V11,LLaVA-NeXT-8B_Biased_Test,1879,vcf_only,vcf_only,B,D,0.0,0,1,0.0,1.0,B,B,B,B,4,4,0,strongblur,centermask,B,B,B,1,0,MCQ,grec_hard_composition_gate,GroundedResidualEnergyCompositionHard,true_mcq_grec_hard,,
MMBench_DEV_EN_V11,LLaVA-NeXT-8B_Biased_Test,1888,vcf_only,vcf_only,B,D,0.0,0,1,0.0,0.9687163724975382,B,C,C,B,4,4,0,centermask,centermask,B,B,B,1,0,MCQ,grec_hard_composition_gate,GroundedResidualEnergyCompositionHard,true_mcq_grec_hard,,
MMBench_DEV_EN_V11,LLaVA-NeXT-8B_Biased_Test,1940,vcf_only,vcf_only,C,A,0.0,0,1,0.0,0.9621586825189214,C,D,D,C,4,4,0,strongblur,strongblur,C,C,C,1,0,MCQ,grec_hard_composition_gate,GroundedResidualEnergyCompositionHard,true_mcq_grec_hard,,
MMBench_DEV_EN_V11,LLaVA-NeXT-8B_Biased_Test,1945,vcf_only,vcf_only,C,A,0.0,0,1,0.0,1.0,C,A,D,C,4,4,0,strongblur,strongblur,C,C,C,1,0,MCQ,grec_hard_composition_gate,GroundedResidualEnergyCompositionHard,true_mcq_grec_hard,,
MMBench_DEV_EN_V11,LLaVA-NeXT-8B_Biased_Test,1946,both,both,A,A,1.0,1,1,1.0,1.0,A,A,A,C,1,4,0,strongblur,centermask,A,A,A,0,1,MCQ,grec_hard_composition_gate,GroundedResidualEnergyCompositionHard,true_mcq_grec_hard,,
MMBench_DEV_EN_V11,LLaVA-NeXT-8B_Biased_Test,1952,vcf_only,vcf_only,A,A,1.0,0,1,0.0,0.8949718275791401,A,D,D,A,4,4,0,strongblur,strongblur,A,A,A,1,0,MCQ,grec_hard_composition_gate,GroundedResidualEnergyCompositionHard,true_mcq_grec_hard,,
MMBench_DEV_EN_V11,LLaVA-NeXT-8B_Biased_Test,1953,vcf_only,vcf_only,D,B,0.0,0,1,0.0,0.8806883885492636,D,D,D,D,4,4,0,gray,gray,D,D,D,1,0,MCQ,grec_hard_composition_gate,GroundedResidualEnergyCompositionHard,true_mcq_grec_hard,,
MMBench_DEV_EN_V11,LLaVA-NeXT-8B_Biased_Test,1976,tcf_only,tcf_only,B,B,1.0,1,0,0.054909563075280055,0.0,B,B,B,A,1,4,0,centermask,gray,B,B,B,0,0,MCQ,grec_hard_composition_gate,GroundedResidualEnergyCompositionHard,true_mcq_grec_hard,,
MMBench_DEV_EN_V11,LLaVA-NeXT-8B_Biased_Test,1977,tcf_only,tcf_only,B,B,1.0,1,0,1.0,0.0,B,B,B,A,1,4,0,strongblur,gray,B,B,B,0,0,MCQ,grec_hard_composition_gate,GroundedResidualEnergyCompositionHard,true_mcq_grec_hard,,
MMBench_DEV_EN_V11,LLaVA-NeXT-8B_Biased_Test,1987,vcf_only,vcf_only,A,A,1.0,0,1,0.0,0.9283153381279549,D,D,D,A,4,4,1,strongblur,strongblur,A,A,A,0,0,MCQ,grec_hard_composition_gate,GroundedResidualEnergyCompositionHard,true_mcq_grec_hard,,
MMBench_DEV_EN_V11,LLaVA-NeXT-8B_Biased_Test,2624,both,both,C,C,1.0,1,1,0.0,0.980221131687538,C,A,C,A,1,4,0,centermask,gray,C,C,C,0,1,MCQ,grec_hard_composition_gate,GroundedResidualEnergyCompositionHard,true_mcq_grec_hard,,
MMBench_DEV_EN_V11,LLaVA-NeXT-8B_Biased_Test,2946,tcf_only,tcf_only,D,B,0.0,1,0,1.0,0.0,D,D,D,D,1,4,0,gray,gray,D,D,D,1,0,MCQ,grec_hard_composition_gate,GroundedResidualEnergyCompositionHard,true_mcq_grec_hard,,
MMBench_DEV_EN_V11,LLaVA-NeXT-8B_Biased_Test,3071,vcf_only,vcf_only,C,C,1.0,0,1,0.0,0.6810434695672727,D,D,D,D,4,4,1,gray,gray,C,C,C,1,0,MCQ,grec_hard_composition_gate,GroundedResidualEnergyCompositionHard,true_mcq_grec_hard,,
MMBench_DEV_EN_V11,LLaVA-NeXT-8B_Biased_Test,3125,vcf_only,vcf_only,B,B,1.0,0,1,0.0,0.23650416600233237,B,A,A,B,4,4,0,centermask,centermask,B,B,B,1,0,MCQ,grec_hard_composition_gate,GroundedResidualEnergyCompositionHard,true_mcq_grec_hard,,
MMBench_DEV_EN_V11,LLaVA-NeXT-8B_Biased_Test,3166,vcf_only,vcf_only,A,B,0.0,0,1,0.0,1.0,A,A,A,A,4,4,0,centermask,centermask,A,A,A,1,0,MCQ,grec_hard_composition_gate,GroundedResidualEnergyCompositionHard,true_mcq_grec_hard,,
MMBench_DEV_EN_V11,LLaVA-NeXT-8B_Biased_Test,3211,tcf_only,tcf_only,B,B,1.0,1,0,0.08207187585553877,0.0,B,B,B,B,1,4,0,gray,gray,B,B,B,1,0,MCQ,grec_hard_composition_gate,GroundedResidualEnergyCompositionHard,true_mcq_grec_hard,,
MMBench_DEV_EN_V11,LLaVA-NeXT-8B_Biased_Test,3225,vcf_only,vcf_only,B,B,1.0,0,1,0.0,0.08712493349906467,D,D,D,B,4,4,1,strongblur,strongblur,B,B,B,0,0,MCQ,grec_hard_composition_gate,GroundedResidualEnergyCompositionHard,true_mcq_grec_hard,,
MMBench_DEV_EN_V11,LLaVA-NeXT-8B_Biased_Test,3229,vcf_only,vcf_only,A,B,0.0,0,1,0.0,0.6407126435942112,A,A,A,A,4,4,0,gray,gray,A,A,A,1,0,MCQ,grec_hard_composition_gate,GroundedResidualEnergyCompositionHard,true_mcq_grec_hard,,
MMBench_DEV_EN_V11,LLaVA-NeXT-8B_Biased_Test,3354,vcf_only,vcf_only,A,A,1.0,0,1,0.0,1.0,B,B,B,A,4,4,1,strongblur,strongblur,A,A,A,0,0,MCQ,grec_hard_composition_gate,GroundedResidualEnergyCompositionHard,true_mcq_grec_hard,,
MMBench_DEV_EN_V11,LLaVA-NeXT-8B_Biased_Test,3359,vcf_only,vcf_only,A,D,0.0,0,1,0.0,0.03404398622505278,A,A,A,A,4,4,0,gray,gray,A,A,A,1,0,MCQ,grec_hard_composition_gate,GroundedResidualEnergyCompositionHard,true_mcq_grec_hard,,
MMBench_DEV_EN_V11,LLaVA-NeXT-8B_Biased_Test,3366,vcf_only,vcf_only,A,A,1.0,0,1,0.0,0.9241831600245063,A,D,D,A,4,4,0,centermask,centermask,A,A,A,1,0,MCQ,grec_hard_composition_gate,GroundedResidualEnergyCompositionHard,true_mcq_grec_hard,,
MMBench_DEV_EN_V11,LLaVA-NeXT-8B_Biased_Test,3379,vcf_only,vcf_only,B,B,1.0,0,1,0.0,0.999880644074795,B,C,C,B,4,4,0,centermask,centermask,B,B,B,1,0,MCQ,grec_hard_composition_gate,GroundedResidualEnergyCompositionHard,true_mcq_grec_hard,,
MMBench_DEV_EN_V11,LLaVA-NeXT-8B_Biased_Test,3390,both,both,B,B,1.0,1,1,0.0,0.3231082972545172,B,B,B,B,3,4,0,strongblur,centermask,B,B,B,1,0,MCQ,grec_hard_composition_gate,GroundedResidualEnergyCompositionHard,true_mcq_grec_hard,,
MMBench_DEV_EN_V11,LLaVA-NeXT-8B_Biased_Test,3396,tcf_only,tcf_only,C,A,0.0,1,0,0.08417740417500408,0.0,C,C,C,C,1,4,1,gray,gray,C,C,C,1,0,MCQ,grec_hard_composition_gate,GroundedResidualEnergyCompositionHard,true_mcq_grec_hard,,
MMBench_DEV_EN_V11,LLaVA-NeXT-8B_Biased_Test,3474,vcf_only,vcf_only,B,D,0.0,0,1,0.0,1.0,B,B,B,B,4,4,0,strongblur,gray,B,B,B,1,0,MCQ,grec_hard_composition_gate,GroundedResidualEnergyCompositionHard,true_mcq_grec_hard,,
MMBench_DEV_EN_V11,LLaVA-NeXT-8B_Biased_Test,3512,vcf_only,vcf_only,C,C,1.0,0,1,0.0,0.786676178702012,D,A,A,C,4,4,1,strongblur,strongblur,C,C,C,0,0,MCQ,grec_hard_composition_gate,GroundedResidualEnergyCompositionHard,true_mcq_grec_hard,,
MMBench_DEV_EN_V11,LLaVA-NeXT-8B_Biased_Test,3520,vcf_only,vcf_only,B,D,0.0,0,1,0.0,0.139491622251266,B,A,A,B,4,4,0,gray,gray,B,B,B,1,0,MCQ,grec_hard_composition_gate,GroundedResidualEnergyCompositionHard,true_mcq_grec_hard,,
MMBench_DEV_EN_V11,LLaVA-NeXT-8B_Biased_Test,3554,tcf_only,tcf_only,D,B,0.0,1,0,0.014524743825230502,0.0,D,D,D,C,1,4,1,strongblur,gray,D,D,D,0,0,MCQ,grec_hard_composition_gate,GroundedResidualEnergyCompositionHard,true_mcq_grec_hard,,
MMBench_DEV_EN_V11,LLaVA-NeXT-8B_Biased_Test,3557,tcf_only,tcf_only,C,B,0.0,1,0,1.0,0.0,C,C,C,B,2,4,1,strongblur,gray,C,C,C,0,0,MCQ,grec_hard_composition_gate,GroundedResidualEnergyCompositionHard,true_mcq_grec_hard,,
MMBench_DEV_EN_V11,LLaVA-NeXT-8B_Biased_Test,3564,vcf_only,vcf_only,C,C,1.0,0,1,0.0,1.0,B,B,B,C,4,4,1,centermask,gray,C,C,C,0,0,MCQ,grec_hard_composition_gate,GroundedResidualEnergyCompositionHard,true_mcq_grec_hard,,
MMBench_DEV_EN_V11,LLaVA-NeXT-8B_Biased_Test,3599,vcf_only,vcf_only,D,C,0.0,0,1,0.0,0.9778901149418658,B,C,A,B,4,4,1,strongblur,centermask,D,D,D,1,0,MCQ,grec_hard_composition_gate,GroundedResidualEnergyCompositionHard,true_mcq_grec_hard,,
MMBench_DEV_EN_V11,LLaVA-NeXT-8B_Biased_Test,3609,vcf_only,vcf_only,A,D,0.0,0,1,0.0,0.23565156056387795,D,A,A,A,4,4,1,centermask,centermask,A,A,A,0,0,MCQ,grec_hard_composition_gate,GroundedResidualEnergyCompositionHard,true_mcq_grec_hard,,
MMBench_DEV_EN_V11,LLaVA-NeXT-8B_Biased_Test,3611,both,both,B,D,0.0,1,1,1.0,1.0,B,C,C,B,1,4,0,strongblur,gray,B,B,B,1,0,MCQ,grec_hard_composition_gate,GroundedResidualEnergyCompositionHard,true_mcq_grec_hard,,
MMBench_DEV_EN_V11,LLaVA-NeXT-8B_Biased_Test,3614,vcf_only,vcf_only,D,D,1.0,0,1,0.0,0.3263509899589164,B,B,B,D,4,4,1,strongblur,strongblur,D,D,D,0,0,MCQ,grec_hard_composition_gate,GroundedResidualEnergyCompositionHard,true_mcq_grec_hard,,
MMBench_DEV_EN_V11,LLaVA-NeXT-8B_Biased_Test,3629,tcf_only,both,B,A,0.0,1,1,0.033965257897853984,1.0,B,C,C,B,1,4,0,strongblur,gray,B,B,B,1,0,MCQ,grec_hard_composition_gate,GroundedResidualEnergyCompositionHard,true_mcq_grec_hard,,
MMBench_DEV_EN_V11,LLaVA-NeXT-8B_Biased_Test,3632,both,vcf_only,D,C,0.0,0,1,0.0,0.3925091226124584,D,C,A,D,4,4,0,strongblur,gray,D,D,D,1,0,MCQ,grec_hard_composition_gate,GroundedResidualEnergyCompositionHard,true_mcq_grec_hard,,
MMBench_DEV_EN_V11,LLaVA-NeXT-8B_Biased_Test,3639,tcf_only,tcf_only,A,A,1.0,1,0,0.0,0.0,D,C,C,D,2,4,0,gray,gray,A,A,A,1,0,MCQ,grec_hard_composition_gate,GroundedResidualEnergyCompositionHard,true_mcq_grec_hard,,
MMBench_DEV_EN_V11,LLaVA-NeXT-8B_Biased_Test,3650,vcf_only,vcf_only,D,D,1.0,0,1,0.0,0.8582876758778654,D,D,C,D,4,4,0,centermask,centermask,D,D,D,1,0,MCQ,grec_hard_composition_gate,GroundedResidualEnergyCompositionHard,true_mcq_grec_hard,,
MMBench_DEV_EN_V11,LLaVA-NeXT-8B_Biased_Test,3653,vcf_only,vcf_only,D,B,0.0,0,1,0.0,0.9581007307050465,D,C,A,D,4,4,0,strongblur,strongblur,D,D,D,1,0,MCQ,grec_hard_composition_gate,GroundedResidualEnergyCompositionHard,true_mcq_grec_hard,,
MMBench_DEV_EN_V11,LLaVA-NeXT-8B_Biased_Test,3658,vcf_only,vcf_only,D,D,1.0,0,1,0.0,0.8041583065090725,D,C,C,C,4,4,0,gray,gray,D,D,D,0,0,MCQ,grec_hard_composition_gate,GroundedResidualEnergyCompositionHard,true_mcq_grec_hard,,
MMBench_DEV_EN_V11,LLaVA-NeXT-8B_Biased_Test,3664,vcf_only,vcf_only,B,C,0.0,0,1,0.0,0.3925091226124584,D,A,A,B,4,4,1,strongblur,gray,B,B,B,0,0,MCQ,grec_hard_composition_gate,GroundedResidualEnergyCompositionHard,true_mcq_grec_hard,,
MMBench_DEV_EN_V11,LLaVA-NeXT-8B_Biased_Test,3668,vcf_only,vcf_only,D,B,0.0,0,1,0.0,0.27379093470815635,A,A,A,D,4,4,1,centermask,gray,D,D,D,0,0,MCQ,grec_hard_composition_gate,GroundedResidualEnergyCompositionHard,true_mcq_grec_hard,,
MMBench_DEV_EN_V11,LLaVA-NeXT-8B_Biased_Test,3674,both,both,D,B,0.0,1,1,0.0020749613350656837,0.3004602459296042,D,A,C,A,2,4,1,centermask,gray,D,D,D,0,1,MCQ,grec_hard_composition_gate,GroundedResidualEnergyCompositionHard,true_mcq_grec_hard,,
MMBench_DEV_EN_V11,LLaVA-NeXT-8B_Biased_Test,3719,vcf_only,vcf_only,A,D,0.0,0,1,0.0,0.9172526597392403,B,A,A,A,4,4,1,centermask,centermask,A,A,A,0,0,MCQ,grec_hard_composition_gate,GroundedResidualEnergyCompositionHard,true_mcq_grec_hard,,
MMBench_DEV_EN_V11,LLaVA-NeXT-8B_Biased_Test,3738,vcf_only,vcf_only,A,B,0.0,0,1,0.0,0.8381032921786732,A,C,C,A,4,4,0,gray,gray,A,A,A,1,0,MCQ,grec_hard_composition_gate,GroundedResidualEnergyCompositionHard,true_mcq_grec_hard,,
MMBench_DEV_EN_V11,LLaVA-NeXT-8B_Biased_Test,3744,vcf_only,vcf_only,C,D,0.0,0,1,0.0,1.0,A,D,B,C,4,4,1,strongblur,centermask,C,C,C,0,0,MCQ,grec_hard_composition_gate,GroundedResidualEnergyCompositionHard,true_mcq_grec_hard,,
MMBench_DEV_EN_V11,LLaVA-NeXT-8B_Biased_Test,3757,vcf_only,vcf_only,D,B,0.0,0,1,0.0,1.0,C,C,C,D,4,4,1,centermask,gray,D,D,D,0,0,MCQ,grec_hard_composition_gate,GroundedResidualEnergyCompositionHard,true_mcq_grec_hard,,
MMBench_DEV_EN_V11,LLaVA-NeXT-8B_Biased_Test,1000295,vcf_only,vcf_only,B,A,0.0,0,1,0.0,0.3925091226124584,B,B,B,B,2,2,0,strongblur,gray,B,B,B,1,0,MCQ,grec_hard_composition_gate,GroundedResidualEnergyCompositionHard,true_mcq_grec_hard,,
MMBench_DEV_EN_V11,LLaVA-NeXT-8B_Biased_Test,1000403,vcf_only,vcf_only,A,A,1.0,0,1,0.0,0.7879506299441499,A,A,B,A,2,2,0,centermask,gray,A,A,A,1,0,MCQ,grec_hard_composition_gate,GroundedResidualEnergyCompositionHard,true_mcq_grec_hard,,
MMBench_DEV_EN_V11,LLaVA-NeXT-8B_Biased_Test,1000404,vcf_only,vcf_only,A,A,1.0,0,1,0.0,1.0,B,A,A,B,2,2,1,centermask,gray,A,A,A,1,0,MCQ,grec_hard_composition_gate,GroundedResidualEnergyCompositionHard,true_mcq_grec_hard,,
MMBench_DEV_EN_V11,LLaVA-NeXT-8B_Biased_Test,1000419,tcf_only,both,A,A,1.0,1,1,0.03605245819644476,0.8115826782842759,A,A,A,B,1,2,1,gray,gray,A,A,A,0,1,MCQ,grec_hard_composition_gate,GroundedResidualEnergyCompositionHard,true_mcq_grec_hard,,
MMBench_DEV_EN_V11,LLaVA-NeXT-8B_Biased_Test,1000452,tcf_only,tcf_only,A,B,0.0,1,0,0.0,0.0,A,A,A,B,1,2,1,gray,gray,A,A,A,0,0,MCQ,grec_hard_composition_gate,GroundedResidualEnergyCompositionHard,true_mcq_grec_hard,,
MMBench_DEV_EN_V11,LLaVA-NeXT-8B_Biased_Test,1000480,vcf_only,vcf_only,A,A,1.0,0,1,0.0,0.8976423289699004,A,B,B,A,2,2,0,gray,gray,A,A,A,1,0,MCQ,grec_hard_composition_gate,GroundedResidualEnergyCompositionHard,true_mcq_grec_hard,,
MMBench_DEV_EN_V11,LLaVA-NeXT-8B_Biased_Test,1000484,vcf_only,vcf_only,A,B,0.0,0,1,0.0,0.717461754737199,A,A,A,A,2,2,0,strongblur,strongblur,A,A,A,1,0,MCQ,grec_hard_composition_gate,GroundedResidualEnergyCompositionHard,true_mcq_grec_hard,,
MMBench_DEV_EN_V11,LLaVA-NeXT-8B_Biased_Test,1000485,tcf_only,tcf_only,A,A,1.0,1,0,1.0,0.0,A,A,A,A,1,2,0,gray,gray,A,A,A,1,0,MCQ,grec_hard_composition_gate,GroundedResidualEnergyCompositionHard,true_mcq_grec_hard,,
MMBench_DEV_EN_V11,LLaVA-NeXT-8B_Biased_Test,1000486,tcf_only,both,A,A,1.0,1,1,0.0,0.9941640636342969,A,A,A,A,2,2,0,centermask,centermask,A,A,A,1,0,MCQ,grec_hard_composition_gate,GroundedResidualEnergyCompositionHard,true_mcq_grec_hard,,
MMBench_DEV_EN_V11,LLaVA-NeXT-8B_Biased_Test,1001262,vcf_only,vcf_only,A,B,0.0,0,1,0.0,0.3925091226124584,A,A,A,A,2,2,0,gray,gray,A,A,A,1,0,MCQ,grec_hard_composition_gate,GroundedResidualEnergyCompositionHard,true_mcq_grec_hard,,
MMBench_DEV_EN_V11,LLaVA-NeXT-8B_Biased_Test,1003113,vcf_only,vcf_only,B,A,0.0,0,1,0.0,0.9998597927100846,A,B,B,B,2,2,1,centermask,centermask,B,B,B,0,0,MCQ,grec_hard_composition_gate,GroundedResidualEnergyCompositionHard,true_mcq_grec_hard,,
MMBench_DEV_EN_V11,LLaVA-NeXT-8B_Biased_Test,1003451,tcf_only,tcf_only,A,A,1.0,1,0,1.0,0.0,A,A,A,A,1,2,0,strongblur,centermask,A,A,A,1,0,MCQ,grec_hard_composition_gate,GroundedResidualEnergyCompositionHard,true_mcq_grec_hard,,
MMBench_DEV_EN_V11,LLaVA-NeXT-8B_Biased_Test,1000284,both,both,B,A,0.0,1,1,0.1294930114692785,1.0,B,B,C,B,1,3,0,strongblur,gray,B,B,B,1,0,MCQ,grec_hard_composition_gate,GroundedResidualEnergyCompositionHard,true_mcq_grec_hard,,
MMBench_DEV_EN_V11,LLaVA-NeXT-8B_Biased_Test,1000285,tcf_only,both,A,B,0.0,1,1,0.0,1.0,A,C,C,A,1,3,0,strongblur,gray,A,A,A,1,0,MCQ,grec_hard_composition_gate,GroundedResidualEnergyCompositionHard,true_mcq_grec_hard,,
MMBench_DEV_EN_V11,LLaVA-NeXT-8B_Biased_Test,1000288,both,both,A,A,1.0,1,1,1.0,1.0,A,B,B,A,1,3,0,strongblur,gray,A,A,A,1,0,MCQ,grec_hard_composition_gate,GroundedResidualEnergyCompositionHard,true_mcq_grec_hard,,
MMBench_DEV_EN_V11,LLaVA-NeXT-8B_Biased_Test,1000290,both,both,B,A,0.0,1,1,0.20296313646139463,1.0,B,B,B,A,1,3,0,strongblur,gray,B,B,B,0,1,MCQ,grec_hard_composition_gate,GroundedResidualEnergyCompositionHard,true_mcq_grec_hard,,
MMBench_DEV_EN_V11,LLaVA-NeXT-8B_Biased_Test,1000292,both,both,B,C,0.0,1,1,0.0,1.0,B,B,A,B,1,3,0,strongblur,gray,B,B,B,1,0,MCQ,grec_hard_composition_gate,GroundedResidualEnergyCompositionHard,true_mcq_grec_hard,,
MMBench_DEV_EN_V11,LLaVA-NeXT-8B_Biased_Test,1000294,both,both,C,B,0.0,1,1,0.08561736751148796,1.0,C,A,A,A,1,3,0,strongblur,gray,C,C,C,0,1,MCQ,grec_hard_composition_gate,GroundedResidualEnergyCompositionHard,true_mcq_grec_hard,,
MMBench_DEV_EN_V11,LLaVA-NeXT-8B_Biased_Test,1000306,tcf_only,tcf_only,C,A,0.0,1,0,0.1317630405876984,0.0,C,C,C,C,1,3,0,centermask,gray,C,C,C,1,0,MCQ,grec_hard_composition_gate,GroundedResidualEnergyCompositionHard,true_mcq_grec_hard,,
MMBench_DEV_EN_V11,LLaVA-NeXT-8B_Biased_Test,1000412,vcf_only,vcf_only,B,C,0.0,0,1,0.0,0.9887862354983787,B,B,B,B,3,3,0,gray,gray,B,B,B,1,0,MCQ,grec_hard_composition_gate,GroundedResidualEnergyCompositionHard,true_mcq_grec_hard,,
MMBench_DEV_EN_V11,LLaVA-NeXT-8B_Biased_Test,1000414,vcf_only,vcf_only,C,A,0.0,0,1,0.0,0.820182689614834,A,C,C,C,3,3,1,strongblur,strongblur,C,C,C,0,0,MCQ,grec_hard_composition_gate,GroundedResidualEnergyCompositionHard,true_mcq_grec_hard,,
MMBench_DEV_EN_V11,LLaVA-NeXT-8B_Biased_Test,1000610,vcf_only,vcf_only,A,A,1.0,0,1,0.0,1.0,A,A,A,A,3,3,0,gray,gray,A,A,A,1,0,MCQ,grec_hard_composition_gate,GroundedResidualEnergyCompositionHard,true_mcq_grec_hard,,
MMBench_DEV_EN_V11,LLaVA-NeXT-8B_Biased_Test,1000840,vcf_only,vcf_only,C,C,1.0,0,1,0.0,1.0,C,C,C,C,3,3,0,centermask,gray,C,C,C,1,0,MCQ,grec_hard_composition_gate,GroundedResidualEnergyCompositionHard,true_mcq_grec_hard,,
MMBench_DEV_EN_V11,LLaVA-NeXT-8B_Biased_Test,1000846,tcf_only,tcf_only,A,A,1.0,1,0,0.06102397118912162,0.0,A,C,A,C,1,3,1,gray,gray,A,A,A,0,0,MCQ,grec_hard_composition_gate,GroundedResidualEnergyCompositionHard,true_mcq_grec_hard,,
MMBench_DEV_EN_V11,LLaVA-NeXT-8B_Biased_Test,1001102,vcf_only,vcf_only,C,B,0.0,0,1,0.0,0.9855421544648907,C,C,C,C,3,3,0,strongblur,strongblur,C,C,C,1,0,MCQ,grec_hard_composition_gate,GroundedResidualEnergyCompositionHard,true_mcq_grec_hard,,
MMBench_DEV_EN_V11,LLaVA-NeXT-8B_Biased_Test,1001113,vcf_only,vcf_only,C,B,0.0,0,1,0.0,0.967087175615221,C,C,C,C,3,3,0,gray,gray,C,C,C,1,0,MCQ,grec_hard_composition_gate,GroundedResidualEnergyCompositionHard,true_mcq_grec_hard,,
MMBench_DEV_EN_V11,LLaVA-NeXT-8B_Biased_Test,1001114,vcf_only,vcf_only,C,B,0.0,0,1,0.0,0.9735917211224175,C,C,C,C,3,3,0,gray,gray,C,C,C,1,0,MCQ,grec_hard_composition_gate,GroundedResidualEnergyCompositionHard,true_mcq_grec_hard,,
MMBench_DEV_EN_V11,LLaVA-NeXT-8B_Biased_Test,1001116,vcf_only,vcf_only,C,B,0.0,0,1,0.0,0.967405016275495,C,C,C,C,3,3,0,gray,gray,C,C,C,1,0,MCQ,grec_hard_composition_gate,GroundedResidualEnergyCompositionHard,true_mcq_grec_hard,,
MMBench_DEV_EN_V11,LLaVA-NeXT-8B_Biased_Test,1001122,vcf_only,vcf_only,B,B,1.0,0,1,0.0,0.9839184763364189,C,B,C,B,3,3,1,centermask,gray,B,B,B,0,0,MCQ,grec_hard_composition_gate,GroundedResidualEnergyCompositionHard,true_mcq_grec_hard,,
MMBench_DEV_EN_V11,LLaVA-NeXT-8B_Biased_Test,1001123,vcf_only,vcf_only,C,B,0.0,0,1,0.0,0.9795874317553717,C,C,C,C,3,3,0,centermask,gray,C,C,C,1,0,MCQ,grec_hard_composition_gate,GroundedResidualEnergyCompositionHard,true_mcq_grec_hard,,
MMBench_DEV_EN_V11,LLaVA-NeXT-8B_Biased_Test,1002124,tcf_only,both,B,B,1.0,1,1,1.0,0.39237470473001024,B,B,B,C,3,3,1,centermask,gray,C,B,B,0,1,MCQ,grec_hard_composition_gate,GroundedResidualEnergyCompositionHard,true_mcq_grec_hard,,
MMBench_DEV_EN_V11,LLaVA-NeXT-8B_Biased_Test,1002420,vcf_only,vcf_only,B,A,0.0,0,1,0.0,1.0,B,C,C,C,3,3,0,centermask,gray,B,B,B,0,0,MCQ,grec_hard_composition_gate,GroundedResidualEnergyCompositionHard,true_mcq_grec_hard,,
MMBench_DEV_EN_V11,LLaVA-NeXT-8B_Biased_Test,1003508,tcf_only,tcf_only,A,A,1.0,1,0,1.0,0.0,A,C,A,C,1,3,1,gray,gray,A,A,A,0,0,MCQ,grec_hard_composition_gate,GroundedResidualEnergyCompositionHard,true_mcq_grec_hard,,
MMBench_DEV_EN_V11,LLaVA-NeXT-8B_Biased_Test,1003524,tcf_only,both,A,A,1.0,1,1,0.0,0.09307054232293914,A,A,A,B,1,3,1,gray,gray,A,A,A,0,1,MCQ,grec_hard_composition_gate,GroundedResidualEnergyCompositionHard,true_mcq_grec_hard,,
MMBench_DEV_EN_V11,LLaVA-NeXT-8B_Biased_Test,1003735,tcf_only,tcf_only,C,C,1.0,1,0,0.0,0.0,C,C,C,C,2,3,1,strongblur,gray,C,C,C,1,0,MCQ,grec_hard_composition_gate,GroundedResidualEnergyCompositionHard,true_mcq_grec_hard,,
MMBench_DEV_EN_V11,LLaVA-NeXT-8B_Biased_Test,1001014,tcf_only,tcf_only,A,B,0.0,1,0,0.0,0.0,A,A,B,B,2,4,1,strongblur,centermask,A,A,A,0,0,MCQ,grec_hard_composition_gate,GroundedResidualEnergyCompositionHard,true_mcq_grec_hard,,
MMBench_DEV_EN_V11,LLaVA-NeXT-8B_Biased_Test,1001192,tcf_only,tcf_only,C,C,1.0,1,0,1.0,0.0,C,C,C,A,1,4,1,strongblur,gray,C,C,C,0,0,MCQ,grec_hard_composition_gate,GroundedResidualEnergyCompositionHard,true_mcq_grec_hard,,
MMBench_DEV_EN_V11,LLaVA-NeXT-8B_Biased_Test,1001210,vcf_only,vcf_only,B,B,1.0,0,1,0.0,1.0,B,C,C,B,4,4,0,strongblur,strongblur,B,B,B,1,0,MCQ,grec_hard_composition_gate,GroundedResidualEnergyCompositionHard,true_mcq_grec_hard,,
MMBench_DEV_EN_V11,LLaVA-NeXT-8B_Biased_Test,1001216,tcf_only,tcf_only,A,A,1.0,1,0,0.0,0.0,A,A,A,A,2,4,0,centermask,gray,A,A,A,1,0,MCQ,grec_hard_composition_gate,GroundedResidualEnergyCompositionHard,true_mcq_grec_hard,,
MMBench_DEV_EN_V11,LLaVA-NeXT-8B_Biased_Test,1001219,tcf_only,tcf_only,B,B,1.0,1,0,1.0,0.0,B,C,C,C,2,4,1,strongblur,gray,B,B,B,0,0,MCQ,grec_hard_composition_gate,GroundedResidualEnergyCompositionHard,true_mcq_grec_hard,,
MMBench_DEV_EN_V11,LLaVA-NeXT-8B_Biased_Test,1002558,tcf_only,both,C,A,0.0,1,1,0.11706369942649619,0.19292045199296548,C,C,A,B,1,4,0,gray,gray,C,C,C,0,1,MCQ,grec_hard_composition_gate,GroundedResidualEnergyCompositionHard,true_mcq_grec_hard,,
MMBench_DEV_EN_V11,LLaVA-NeXT-8B_Biased_Test,1000001,tcf_only,both,A,A,1.0,1,1,0.0,0.2837297178291316,A,A,A,A,1,4,0,centermask,centermask,A,A,A,1,0,MCQ,grec_hard_composition_gate,GroundedResidualEnergyCompositionHard,true_mcq_grec_hard,,
MMBench_DEV_EN_V11,LLaVA-NeXT-8B_Biased_Test,1000002,tcf_only,tcf_only,A,A,1.0,1,0,0.0,0.0,A,A,A,A,1,4,0,centermask,gray,A,A,A,1,0,MCQ,grec_hard_composition_gate,GroundedResidualEnergyCompositionHard,true_mcq_grec_hard,,
MMBench_DEV_EN_V11,LLaVA-NeXT-8B_Biased_Test,1000007,both,both,C,C,1.0,1,1,0.0583391386174259,1.0,C,C,C,C,1,4,1,strongblur,gray,C,C,C,1,0,MCQ,grec_hard_composition_gate,GroundedResidualEnergyCompositionHard,true_mcq_grec_hard,,
MMBench_DEV_EN_V11,LLaVA-NeXT-8B_Biased_Test,1000011,tcf_only,tcf_only,B,B,1.0,1,0,0.0,0.0,B,B,B,B,1,4,1,centermask,centermask,B,B,B,1,0,MCQ,grec_hard_composition_gate,GroundedResidualEnergyCompositionHard,true_mcq_grec_hard,,
MMBench_DEV_EN_V11,LLaVA-NeXT-8B_Biased_Test,1000012,both,both,A,C,0.0,1,1,0.0,0.6844172924350646,A,A,A,A,1,4,0,gray,gray,A,A,A,1,0,MCQ,grec_hard_composition_gate,GroundedResidualEnergyCompositionHard,true_mcq_grec_hard,,
MMBench_DEV_EN_V11,LLaVA-NeXT-8B_Biased_Test,1000016,tcf_only,both,B,B,1.0,1,1,0.0,0.6365263182762965,B,B,B,B,1,4,0,gray,gray,B,B,B,1,0,MCQ,grec_hard_composition_gate,GroundedResidualEnergyCompositionHard,true_mcq_grec_hard,,
MMBench_DEV_EN_V11,LLaVA-NeXT-8B_Biased_Test,1000018,both,both,C,C,1.0,1,1,0.0,1.0,C,A,B,B,1,4,1,strongblur,gray,C,C,C,0,1,MCQ,grec_hard_composition_gate,GroundedResidualEnergyCompositionHard,true_mcq_grec_hard,,
MMBench_DEV_EN_V11,LLaVA-NeXT-8B_Biased_Test,1000322,vcf_only,vcf_only,B,A,0.0,0,1,0.0,0.8563351724502253,B,B,B,B,4,4,0,centermask,centermask,B,B,B,1,0,MCQ,grec_hard_composition_gate,GroundedResidualEnergyCompositionHard,true_mcq_grec_hard,,
MMBench_DEV_EN_V11,LLaVA-NeXT-8B_Biased_Test,1000334,tcf_only,tcf_only,D,B,0.0,1,0,0.0,0.0,D,A,A,A,1,4,1,centermask,centermask,D,D,D,0,0,MCQ,grec_hard_composition_gate,GroundedResidualEnergyCompositionHard,true_mcq_grec_hard,,
MMBench_DEV_EN_V11,LLaVA-NeXT-8B_Biased_Test,1000335,tcf_only,both,B,C,0.0,1,1,0.07653315079849632,1.0,B,B,B,A,1,4,0,centermask,gray,B,B,B,0,1,MCQ,grec_hard_composition_gate,GroundedResidualEnergyCompositionHard,true_mcq_grec_hard,,
MMBench_DEV_EN_V11,LLaVA-NeXT-8B_Biased_Test,1000337,tcf_only,both,A,D,0.0,1,1,0.028078793043670114,1.0,A,A,A,D,1,4,1,centermask,gray,A,A,A,0,1,MCQ,grec_hard_composition_gate,GroundedResidualEnergyCompositionHard,true_mcq_grec_hard,,
MMBench_DEV_EN_V11,LLaVA-NeXT-8B_Biased_Test,1000346,both,both,C,A,0.0,1,1,0.004690589826278568,1.0,C,C,C,D,1,4,1,strongblur,gray,C,C,C,0,1,MCQ,grec_hard_composition_gate,GroundedResidualEnergyCompositionHard,true_mcq_grec_hard,,
MMBench_DEV_EN_V11,LLaVA-NeXT-8B_Biased_Test,1000461,tcf_only,both,B,C,0.0,1,1,0.0,1.0,B,B,B,C,1,4,0,centermask,gray,B,B,B,0,1,MCQ,grec_hard_composition_gate,GroundedResidualEnergyCompositionHard,true_mcq_grec_hard,,
MMBench_DEV_EN_V11,LLaVA-NeXT-8B_Biased_Test,1000465,both,both,B,C,0.0,1,1,0.026483208952759796,1.0,B,B,A,B,1,4,0,strongblur,strongblur,B,B,B,1,0,MCQ,grec_hard_composition_gate,GroundedResidualEnergyCompositionHard,true_mcq_grec_hard,,
MMBench_DEV_EN_V11,LLaVA-NeXT-8B_Biased_Test,1000496,vcf_only,vcf_only,A,B,0.0,0,1,0.0,1.0,A,A,B,A,4,4,0,gray,gray,A,A,A,1,0,MCQ,grec_hard_composition_gate,GroundedResidualEnergyCompositionHard,true_mcq_grec_hard,,
MMBench_DEV_EN_V11,LLaVA-NeXT-8B_Biased_Test,1000511,tcf_only,both,A,B,0.0,1,1,0.015642526413092384,0.9829536516668361,A,A,B,B,2,4,1,strongblur,gray,B,A,A,0,1,MCQ,grec_hard_composition_gate,GroundedResidualEnergyCompositionHard,true_mcq_grec_hard,,
MMBench_DEV_EN_V11,LLaVA-NeXT-8B_Biased_Test,1000587,vcf_only,vcf_only,D,C,0.0,0,1,0.0,1.0,A,D,D,D,4,4,1,strongblur,strongblur,D,D,D,0,0,MCQ,grec_hard_composition_gate,GroundedResidualEnergyCompositionHard,true_mcq_grec_hard,,
MMBench_DEV_EN_V11,LLaVA-NeXT-8B_Biased_Test,1000589,vcf_only,vcf_only,B,A,0.0,0,1,0.0,0.6265770220080453,B,B,D,B,4,4,0,gray,gray,B,B,B,1,0,MCQ,grec_hard_composition_gate,GroundedResidualEnergyCompositionHard,true_mcq_grec_hard,,
MMBench_DEV_EN_V11,LLaVA-NeXT-8B_Biased_Test,1000592,vcf_only,vcf_only,C,D,0.0,0,1,0.0,0.14648987766818578,C,C,C,C,4,4,0,gray,gray,C,C,C,1,0,MCQ,grec_hard_composition_gate,GroundedResidualEnergyCompositionHard,true_mcq_grec_hard,,
MMBench_DEV_EN_V11,LLaVA-NeXT-8B_Biased_Test,1000602,vcf_only,vcf_only,D,D,1.0,0,1,0.0,1.0,D,D,D,D,4,4,0,gray,gray,D,D,D,1,0,MCQ,grec_hard_composition_gate,GroundedResidualEnergyCompositionHard,true_mcq_grec_hard,,
MMBench_DEV_EN_V11,LLaVA-NeXT-8B_Biased_Test,1000634,vcf_only,vcf_only,B,C,0.0,0,1,0.0,0.8469926535868918,C,D,D,D,4,4,1,centermask,centermask,B,B,B,0,0,MCQ,grec_hard_composition_gate,GroundedResidualEnergyCompositionHard,true_mcq_grec_hard,,
MMBench_DEV_EN_V11,LLaVA-NeXT-8B_Biased_Test,1000640,tcf_only,both,D,A,0.0,1,1,1.0,0.22593363082714635,D,A,A,D,1,4,0,centermask,gray,D,D,D,1,0,MCQ,grec_hard_composition_gate,GroundedResidualEnergyCompositionHard,true_mcq_grec_hard,,
MMBench_DEV_EN_V11,LLaVA-NeXT-8B_Biased_Test,1000647,vcf_only,vcf_only,B,D,0.0,0,1,0.0,0.19141076851259337,A,A,A,D,4,4,1,centermask,gray,B,B,B,0,0,MCQ,grec_hard_composition_gate,GroundedResidualEnergyCompositionHard,true_mcq_grec_hard,,
MMBench_DEV_EN_V11,LLaVA-NeXT-8B_Biased_Test,1000651,vcf_only,vcf_only,B,C,0.0,0,1,0.0,1.0,B,B,A,B,4,4,0,strongblur,centermask,B,B,B,1,0,MCQ,grec_hard_composition_gate,GroundedResidualEnergyCompositionHard,true_mcq_grec_hard,,
MMBench_DEV_EN_V11,LLaVA-NeXT-8B_Biased_Test,1000657,tcf_only,tcf_only,C,B,0.0,1,0,0.0,0.0,C,C,C,C,1,4,0,strongblur,centermask,C,C,C,1,0,MCQ,grec_hard_composition_gate,GroundedResidualEnergyCompositionHard,true_mcq_grec_hard,,
MMBench_DEV_EN_V11,LLaVA-NeXT-8B_Biased_Test,1000768,vcf_only,vcf_only,A,D,0.0,0,1,0.0,0.6696853866445913,A,B,B,A,4,4,0,gray,gray,A,A,A,1,0,MCQ,grec_hard_composition_gate,GroundedResidualEnergyCompositionHard,true_mcq_grec_hard,,
MMBench_DEV_EN_V11,LLaVA-NeXT-8B_Biased_Test,1000773,vcf_only,vcf_only,A,A,1.0,0,1,0.0,0.8484187132950054,A,A,A,A,4,4,0,strongblur,gray,A,A,A,1,0,MCQ,grec_hard_composition_gate,GroundedResidualEnergyCompositionHard,true_mcq_grec_hard,,
MMBench_DEV_EN_V11,LLaVA-NeXT-8B_Biased_Test,1000778,both,both,C,D,0.0,1,1,1.0,0.3925091226124584,C,C,C,D,1,4,1,strongblur,gray,C,C,C,0,1,MCQ,grec_hard_composition_gate,GroundedResidualEnergyCompositionHard,true_mcq_grec_hard,,
MMBench_DEV_EN_V11,LLaVA-NeXT-8B_Biased_Test,1000779,tcf_only,tcf_only,C,D,0.0,1,0,1.0,0.0,C,C,C,B,1,4,1,strongblur,gray,C,C,C,0,0,MCQ,grec_hard_composition_gate,GroundedResidualEnergyCompositionHard,true_mcq_grec_hard,,
MMBench_DEV_EN_V11,LLaVA-NeXT-8B_Biased_Test,1000782,vcf_only,vcf_only,D,B,0.0,0,1,0.0,0.11077937179158746,C,C,C,C,4,4,1,centermask,centermask,D,D,D,1,0,MCQ,grec_hard_composition_gate,GroundedResidualEnergyCompositionHard,true_mcq_grec_hard,,
MMBench_DEV_EN_V11,LLaVA-NeXT-8B_Biased_Test,1000792,both,both,B,C,0.0,1,1,0.0,0.33130890446817474,B,D,D,D,1,4,1,centermask,gray,D,B,B,0,1,MCQ,grec_hard_composition_gate,GroundedResidualEnergyCompositionHard,true_mcq_grec_hard,,
MMBench_DEV_EN_V11,LLaVA-NeXT-8B_Biased_Test,1000799,vcf_only,vcf_only,A,C,0.0,0,1,0.0,0.9560775379540831,A,A,B,A,4,4,0,strongblur,gray,A,A,A,1,0,MCQ,grec_hard_composition_gate,GroundedResidualEnergyCompositionHard,true_mcq_grec_hard,,
MMBench_DEV_EN_V11,LLaVA-NeXT-8B_Biased_Test,1000800,vcf_only,vcf_only,B,A,0.0,0,1,0.0,1.0,C,B,B,B,4,4,1,centermask,centermask,B,B,B,0,0,MCQ,grec_hard_composition_gate,GroundedResidualEnergyCompositionHard,true_mcq_grec_hard,,
MMBench_DEV_EN_V11,LLaVA-NeXT-8B_Biased_Test,1000805,vcf_only,vcf_only,D,C,0.0,0,1,0.0,0.6984182086622184,B,D,D,D,4,4,1,strongblur,centermask,D,D,D,0,0,MCQ,grec_hard_composition_gate,GroundedResidualEnergyCompositionHard,true_mcq_grec_hard,,
MMBench_DEV_EN_V11,LLaVA-NeXT-8B_Biased_Test,1000826,vcf_only,vcf_only,C,D,0.0,0,1,0.0,0.9822256893846916,C,C,C,C,4,4,0,gray,gray,C,C,C,1,0,MCQ,grec_hard_composition_gate,GroundedResidualEnergyCompositionHard,true_mcq_grec_hard,,
MMBench_DEV_EN_V11,LLaVA-NeXT-8B_Biased_Test,1000866,vcf_only,vcf_only,B,B,1.0,0,1,0.0,0.8654924695621211,B,D,D,D,4,4,0,gray,gray,B,B,B,0,0,MCQ,grec_hard_composition_gate,GroundedResidualEnergyCompositionHard,true_mcq_grec_hard,,
MMBench_DEV_EN_V11,LLaVA-NeXT-8B_Biased_Test,1000867,both,tcf_only,A,D,0.0,1,0,0.012929493598815345,0.0,A,A,A,A,1,4,0,gray,gray,A,A,A,1,0,MCQ,grec_hard_composition_gate,GroundedResidualEnergyCompositionHard,true_mcq_grec_hard,,
MMBench_DEV_EN_V11,LLaVA-NeXT-8B_Biased_Test,1000892,tcf_only,tcf_only,B,A,0.0,1,0,0.0,0.0,B,B,B,B,1,4,1,strongblur,gray,B,B,B,1,0,MCQ,grec_hard_composition_gate,GroundedResidualEnergyCompositionHard,true_mcq_grec_hard,,
MMBench_DEV_EN_V11,LLaVA-NeXT-8B_Biased_Test,1000908,tcf_only,both,A,D,0.0,1,1,0.0,0.9791314507874567,A,A,A,A,1,4,0,centermask,gray,A,A,A,1,0,MCQ,grec_hard_composition_gate,GroundedResidualEnergyCompositionHard,true_mcq_grec_hard,,
MMBench_DEV_EN_V11,LLaVA-NeXT-8B_Biased_Test,1000918,vcf_only,vcf_only,D,C,0.0,0,1,0.0,0.3925091226124584,D,A,A,D,4,4,0,gray,gray,D,D,D,1,0,MCQ,grec_hard_composition_gate,GroundedResidualEnergyCompositionHard,true_mcq_grec_hard,,
MMBench_DEV_EN_V11,LLaVA-NeXT-8B_Biased_Test,1000965,vcf_only,vcf_only,C,C,1.0,0,1,0.0,0.131696583867041,C,C,A,C,4,4,0,centermask,gray,C,C,C,1,0,MCQ,grec_hard_composition_gate,GroundedResidualEnergyCompositionHard,true_mcq_grec_hard,,
MMBench_DEV_EN_V11,LLaVA-NeXT-8B_Biased_Test,1000967,vcf_only,vcf_only,B,B,1.0,0,1,0.0,0.15912265549210694,D,B,D,B,4,4,1,centermask,centermask,B,B,B,0,0,MCQ,grec_hard_composition_gate,GroundedResidualEnergyCompositionHard,true_mcq_grec_hard,,
MMBench_DEV_EN_V11,LLaVA-NeXT-8B_Biased_Test,1000975,vcf_only,vcf_only,A,C,0.0,0,1,0.0,0.32402872135826793,A,A,D,A,4,4,0,centermask,centermask,A,A,A,1,0,MCQ,grec_hard_composition_gate,GroundedResidualEnergyCompositionHard,true_mcq_grec_hard,,
MMBench_DEV_EN_V11,LLaVA-NeXT-8B_Biased_Test,1000976,vcf_only,vcf_only,B,B,1.0,0,1,0.0,1.0,B,B,A,B,4,4,0,strongblur,gray,B,B,B,1,0,MCQ,grec_hard_composition_gate,GroundedResidualEnergyCompositionHard,true_mcq_grec_hard,,
MMBench_DEV_EN_V11,LLaVA-NeXT-8B_Biased_Test,1000984,both,both,A,B,0.0,1,1,0.020175635863840746,0.34863072354041097,A,D,A,B,1,4,1,gray,gray,A,A,A,0,1,MCQ,grec_hard_composition_gate,GroundedResidualEnergyCompositionHard,true_mcq_grec_hard,,
MMBench_DEV_EN_V11,LLaVA-NeXT-8B_Biased_Test,1001338,vcf_only,vcf_only,D,B,0.0,0,1,0.0,0.3548634173232354,D,D,D,D,4,4,0,gray,gray,D,D,D,1,0,MCQ,grec_hard_composition_gate,GroundedResidualEnergyCompositionHard,true_mcq_grec_hard,,
MMBench_DEV_EN_V11,LLaVA-NeXT-8B_Biased_Test,1001402,both,both,A,A,1.0,1,1,1.0,0.3925091226124584,A,D,D,D,1,4,0,centermask,gray,A,A,A,0,1,MCQ,grec_hard_composition_gate,GroundedResidualEnergyCompositionHard,true_mcq_grec_hard,,
MMBench_DEV_EN_V11,LLaVA-NeXT-8B_Biased_Test,1001428,vcf_only,vcf_only,D,A,0.0,0,1,0.0,0.5379422628742162,A,D,D,D,4,4,1,gray,gray,D,D,D,0,0,MCQ,grec_hard_composition_gate,GroundedResidualEnergyCompositionHard,true_mcq_grec_hard,,
MMBench_DEV_EN_V11,LLaVA-NeXT-8B_Biased_Test,1001431,vcf_only,vcf_only,D,D,1.0,0,1,0.0,0.3925091226124584,D,D,D,D,4,4,0,centermask,gray,D,D,D,1,0,MCQ,grec_hard_composition_gate,GroundedResidualEnergyCompositionHard,true_mcq_grec_hard,,
MMBench_DEV_EN_V11,LLaVA-NeXT-8B_Biased_Test,1001488,tcf_only,tcf_only,A,A,1.0,1,0,0.06483639927623641,0.0,A,C,C,A,1,4,0,centermask,centermask,A,A,A,1,0,MCQ,grec_hard_composition_gate,GroundedResidualEnergyCompositionHard,true_mcq_grec_hard,,
MMBench_DEV_EN_V11,LLaVA-NeXT-8B_Biased_Test,1001500,vcf_only,vcf_only,A,C,0.0,0,1,0.0,0.16611645079601936,B,B,B,A,4,4,1,gray,gray,A,A,A,0,0,MCQ,grec_hard_composition_gate,GroundedResidualEnergyCompositionHard,true_mcq_grec_hard,,
MMBench_DEV_EN_V11,LLaVA-NeXT-8B_Biased_Test,1001576,tcf_only,tcf_only,C,C,1.0,1,0,0.07906951967921061,0.0,C,C,C,B,1,4,1,centermask,gray,C,C,C,0,0,MCQ,grec_hard_composition_gate,GroundedResidualEnergyCompositionHard,true_mcq_grec_hard,,
MMBench_DEV_EN_V11,LLaVA-NeXT-8B_Biased_Test,1001602,vcf_only,vcf_only,D,D,1.0,0,1,0.0,0.36434523011489217,A,A,A,A,4,4,1,centermask,gray,D,D,D,1,0,MCQ,grec_hard_composition_gate,GroundedResidualEnergyCompositionHard,true_mcq_grec_hard,,
MMBench_DEV_EN_V11,LLaVA-NeXT-8B_Biased_Test,1001632,both,both,B,B,1.0,1,1,0.0,0.3925091226124584,B,A,C,A,3,4,1,strongblur,strongblur,A,B,B,0,1,MCQ,grec_hard_composition_gate,GroundedResidualEnergyCompositionHard,true_mcq_grec_hard,,
MMBench_DEV_EN_V11,LLaVA-NeXT-8B_Biased_Test,1001636,both,both,B,C,0.0,1,1,0.0,0.11092171559346022,B,B,B,B,1,4,1,gray,gray,B,B,B,1,0,MCQ,grec_hard_composition_gate,GroundedResidualEnergyCompositionHard,true_mcq_grec_hard,,
MMBench_DEV_EN_V11,LLaVA-NeXT-8B_Biased_Test,1001637,tcf_only,both,D,D,1.0,1,1,0.002815057965130041,0.22343297085628344,D,D,D,D,1,4,0,gray,gray,D,D,D,1,0,MCQ,grec_hard_composition_gate,GroundedResidualEnergyCompositionHard,true_mcq_grec_hard,,
MMBench_DEV_EN_V11,LLaVA-NeXT-8B_Biased_Test,1001642,both,both,A,A,1.0,1,1,0.01715282444459021,0.6940969573024803,A,D,D,A,1,4,1,gray,gray,A,A,A,1,0,MCQ,grec_hard_composition_gate,GroundedResidualEnergyCompositionHard,true_mcq_grec_hard,,
MMBench_DEV_EN_V11,LLaVA-NeXT-8B_Biased_Test,1001647,vcf_only,vcf_only,B,B,1.0,0,1,0.0,1.0,B,C,C,C,4,4,0,strongblur,gray,B,B,B,0,0,MCQ,grec_hard_composition_gate,GroundedResidualEnergyCompositionHard,true_mcq_grec_hard,,
MMBench_DEV_EN_V11,LLaVA-NeXT-8B_Biased_Test,1001651,both,both,B,B,1.0,1,1,0.0,1.0,B,B,B,D,1,4,1,centermask,gray,B,B,B,0,1,MCQ,grec_hard_composition_gate,GroundedResidualEnergyCompositionHard,true_mcq_grec_hard,,
MMBench_DEV_EN_V11,LLaVA-NeXT-8B_Biased_Test,1001655,tcf_only,tcf_only,B,A,0.0,1,0,0.0,0.0,B,A,A,B,1,4,0,gray,gray,B,B,B,1,0,MCQ,grec_hard_composition_gate,GroundedResidualEnergyCompositionHard,true_mcq_grec_hard,,
MMBench_DEV_EN_V11,LLaVA-NeXT-8B_Biased_Test,1001656,tcf_only,both,B,C,0.0,1,1,0.0456094481970144,1.0,B,C,C,C,1,4,0,centermask,gray,B,B,B,0,1,MCQ,grec_hard_composition_gate,GroundedResidualEnergyCompositionHard,true_mcq_grec_hard,,
MMBench_DEV_EN_V11,LLaVA-NeXT-8B_Biased_Test,1001657,tcf_only,tcf_only,B,B,1.0,1,0,1.0,0.0,B,D,D,D,1,4,1,centermask,gray,B,B,B,0,0,MCQ,grec_hard_composition_gate,GroundedResidualEnergyCompositionHard,true_mcq_grec_hard,,
MMBench_DEV_EN_V11,LLaVA-NeXT-8B_Biased_Test,1001658,tcf_only,tcf_only,B,D,0.0,1,0,0.0,0.0,B,A,A,A,1,4,1,centermask,gray,B,B,B,0,0,MCQ,grec_hard_composition_gate,GroundedResidualEnergyCompositionHard,true_mcq_grec_hard,,
MMBench_DEV_EN_V11,LLaVA-NeXT-8B_Biased_Test,1001660,tcf_only,tcf_only,B,C,0.0,1,0,0.0,0.0,B,B,B,C,2,4,1,strongblur,gray,B,B,B,0,0,MCQ,grec_hard_composition_gate,GroundedResidualEnergyCompositionHard,true_mcq_grec_hard,,
MMBench_DEV_EN_V11,LLaVA-NeXT-8B_Biased_Test,1001662,tcf_only,both,B,B,1.0,1,1,0.01268288765621639,0.5256743046905289,B,B,B,B,1,4,0,gray,gray,B,B,B,1,0,MCQ,grec_hard_composition_gate,GroundedResidualEnergyCompositionHard,true_mcq_grec_hard,,
MMBench_DEV_EN_V11,LLaVA-NeXT-8B_Biased_Test,1001663,tcf_only,both,B,D,0.0,1,1,0.01740766399065441,0.9351361084848452,B,D,D,D,2,4,0,gray,gray,B,B,B,0,1,MCQ,grec_hard_composition_gate,GroundedResidualEnergyCompositionHard,true_mcq_grec_hard,,
MMBench_DEV_EN_V11,LLaVA-NeXT-8B_Biased_Test,1001665,tcf_only,both,D,D,1.0,1,1,0.00410001319617348,0.7277423093820998,D,D,D,D,1,4,0,gray,gray,D,D,D,1,0,MCQ,grec_hard_composition_gate,GroundedResidualEnergyCompositionHard,true_mcq_grec_hard,,
MMBench_DEV_EN_V11,LLaVA-NeXT-8B_Biased_Test,1001667,tcf_only,tcf_only,A,A,1.0,1,0,0.025403764265187423,0.0,A,A,A,B,1,4,1,centermask,gray,A,A,A,0,0,MCQ,grec_hard_composition_gate,GroundedResidualEnergyCompositionHard,true_mcq_grec_hard,,
MMBench_DEV_EN_V11,LLaVA-NeXT-8B_Biased_Test,1001669,both,both,A,B,0.0,1,1,0.06947314924998693,1.0,A,D,D,D,1,4,0,strongblur,gray,A,A,A,0,1,MCQ,grec_hard_composition_gate,GroundedResidualEnergyCompositionHard,true_mcq_grec_hard,,
MMBench_DEV_EN_V11,LLaVA-NeXT-8B_Biased_Test,1001677,tcf_only,tcf_only,A,B,0.0,1,0,0.06608056914368055,0.0,A,A,A,A,3,4,0,strongblur,strongblur,A,A,A,1,0,MCQ,grec_hard_composition_gate,GroundedResidualEnergyCompositionHard,true_mcq_grec_hard,,
MMBench_DEV_EN_V11,LLaVA-NeXT-8B_Biased_Test,1001679,tcf_only,tcf_only,B,C,0.0,1,0,0.0,0.0,B,B,B,D,1,4,1,gray,gray,B,B,B,0,0,MCQ,grec_hard_composition_gate,GroundedResidualEnergyCompositionHard,true_mcq_grec_hard,,
MMBench_DEV_EN_V11,LLaVA-NeXT-8B_Biased_Test,1001684,vcf_only,vcf_only,D,A,0.0,0,1,0.0,0.9785666808803556,A,D,D,D,4,4,1,gray,gray,D,D,D,0,0,MCQ,grec_hard_composition_gate,GroundedResidualEnergyCompositionHard,true_mcq_grec_hard,,
MMBench_DEV_EN_V11,LLaVA-NeXT-8B_Biased_Test,1001741,tcf_only,tcf_only,B,C,0.0,1,0,0.0,0.0,B,B,B,B,1,4,1,centermask,gray,B,B,B,1,0,MCQ,grec_hard_composition_gate,GroundedResidualEnergyCompositionHard,true_mcq_grec_hard,,
MMBench_DEV_EN_V11,LLaVA-NeXT-8B_Biased_Test,1001743,tcf_only,tcf_only,B,A,0.0,1,0,0.018776756931831118,0.0,B,C,C,C,1,4,1,centermask,centermask,B,B,B,0,0,MCQ,grec_hard_composition_gate,GroundedResidualEnergyCompositionHard,true_mcq_grec_hard,,
MMBench_DEV_EN_V11,LLaVA-NeXT-8B_Biased_Test,1001760,vcf_only,vcf_only,B,B,1.0,0,1,0.0,0.8771276589611257,B,B,A,B,4,4,0,strongblur,strongblur,B,B,B,1,0,MCQ,grec_hard_composition_gate,GroundedResidualEnergyCompositionHard,true_mcq_grec_hard,,
MMBench_DEV_EN_V11,LLaVA-NeXT-8B_Biased_Test,1001762,tcf_only,tcf_only,B,B,1.0,1,0,0.0,0.0,B,B,B,A,1,4,1,strongblur,gray,B,B,B,0,0,MCQ,grec_hard_composition_gate,GroundedResidualEnergyCompositionHard,true_mcq_grec_hard,,
MMBench_DEV_EN_V11,LLaVA-NeXT-8B_Biased_Test,1001765,both,both,B,D,0.0,1,1,0.0,0.8955194839914156,B,B,C,A,1,4,0,strongblur,centermask,B,B,B,0,1,MCQ,grec_hard_composition_gate,GroundedResidualEnergyCompositionHard,true_mcq_grec_hard,,
MMBench_DEV_EN_V11,LLaVA-NeXT-8B_Biased_Test,1001772,both,both,C,B,0.0,1,1,0.23960131556431907,0.3925091226124584,C,C,C,D,1,4,1,gray,gray,C,C,C,0,1,MCQ,grec_hard_composition_gate,GroundedResidualEnergyCompositionHard,true_mcq_grec_hard,,
MMBench_DEV_EN_V11,LLaVA-NeXT-8B_Biased_Test,1001773,tcf_only,both,A,D,0.0,1,1,0.08694016658354009,0.9710719504914467,A,A,D,D,1,4,0,strongblur,gray,A,A,A,0,1,MCQ,grec_hard_composition_gate,GroundedResidualEnergyCompositionHard,true_mcq_grec_hard,,
MMBench_DEV_EN_V11,LLaVA-NeXT-8B_Biased_Test,1001774,both,both,B,A,0.0,1,1,0.11085123033641087,0.1030893187350147,B,B,B,A,1,4,1,gray,gray,B,B,B,0,1,MCQ,grec_hard_composition_gate,GroundedResidualEnergyCompositionHard,true_mcq_grec_hard,,
MMBench_DEV_EN_V11,LLaVA-NeXT-8B_Biased_Test,1001847,vcf_only,vcf_only,A,A,1.0,0,1,0.0,0.16624588822304512,C,C,C,A,4,4,1,strongblur,strongblur,A,A,A,0,0,MCQ,grec_hard_composition_gate,GroundedResidualEnergyCompositionHard,true_mcq_grec_hard,,
MMBench_DEV_EN_V11,LLaVA-NeXT-8B_Biased_Test,1001849,vcf_only,vcf_only,C,A,0.0,0,1,0.0,1.0,C,C,C,C,4,4,0,strongblur,centermask,C,C,C,1,0,MCQ,grec_hard_composition_gate,GroundedResidualEnergyCompositionHard,true_mcq_grec_hard,,
MMBench_DEV_EN_V11,LLaVA-NeXT-8B_Biased_Test,1001858,vcf_only,vcf_only,A,D,0.0,0,1,0.0,1.0,C,C,C,A,4,4,1,strongblur,gray,A,A,A,0,0,MCQ,grec_hard_composition_gate,GroundedResidualEnergyCompositionHard,true_mcq_grec_hard,,
MMBench_DEV_EN_V11,LLaVA-NeXT-8B_Biased_Test,1001865,vcf_only,vcf_only,D,D,1.0,0,1,0.0,1.0,D,D,D,D,4,4,0,strongblur,gray,D,D,D,1,0,MCQ,grec_hard_composition_gate,GroundedResidualEnergyCompositionHard,true_mcq_grec_hard,,
MMBench_DEV_EN_V11,LLaVA-NeXT-8B_Biased_Test,1001867,vcf_only,vcf_only,A,A,1.0,0,1,0.0,1.0,A,A,A,A,4,4,0,strongblur,gray,A,A,A,1,0,MCQ,grec_hard_composition_gate,GroundedResidualEnergyCompositionHard,true_mcq_grec_hard,,
MMBench_DEV_EN_V11,LLaVA-NeXT-8B_Biased_Test,1001868,both,both,A,C,0.0,1,1,0.0523988599610008,1.0,A,A,A,D,1,4,0,strongblur,gray,A,A,A,0,1,MCQ,grec_hard_composition_gate,GroundedResidualEnergyCompositionHard,true_mcq_grec_hard,,
MMBench_DEV_EN_V11,LLaVA-NeXT-8B_Biased_Test,1001870,vcf_only,vcf_only,D,A,0.0,0,1,0.0,0.908008527967057,B,B,B,B,4,4,1,centermask,gray,D,D,D,1,0,MCQ,grec_hard_composition_gate,GroundedResidualEnergyCompositionHard,true_mcq_grec_hard,,
MMBench_DEV_EN_V11,LLaVA-NeXT-8B_Biased_Test,1001882,vcf_only,vcf_only,A,A,1.0,0,1,0.0,1.0,B,B,B,B,4,4,1,strongblur,gray,A,A,A,1,0,MCQ,grec_hard_composition_gate,GroundedResidualEnergyCompositionHard,true_mcq_grec_hard,,
MMBench_DEV_EN_V11,LLaVA-NeXT-8B_Biased_Test,1001888,vcf_only,vcf_only,C,A,0.0,0,1,0.0,0.9734316736499464,C,D,D,C,4,4,0,centermask,centermask,C,C,C,1,0,MCQ,grec_hard_composition_gate,GroundedResidualEnergyCompositionHard,true_mcq_grec_hard,,
MMBench_DEV_EN_V11,LLaVA-NeXT-8B_Biased_Test,1001913,vcf_only,vcf_only,A,B,0.0,0,1,0.0,0.2852768863963647,A,A,A,A,4,4,0,gray,gray,A,A,A,1,0,MCQ,grec_hard_composition_gate,GroundedResidualEnergyCompositionHard,true_mcq_grec_hard,,
MMBench_DEV_EN_V11,LLaVA-NeXT-8B_Biased_Test,1001940,vcf_only,vcf_only,D,B,0.0,0,1,0.0,0.8038638898663962,A,A,A,D,4,4,1,strongblur,strongblur,D,D,D,0,0,MCQ,grec_hard_composition_gate,GroundedResidualEnergyCompositionHard,true_mcq_grec_hard,,
MMBench_DEV_EN_V11,LLaVA-NeXT-8B_Biased_Test,1001941,tcf_only,tcf_only,B,B,1.0,1,0,0.0015456946647027792,0.0,B,B,B,A,1,4,0,gray,gray,B,B,B,0,0,MCQ,grec_hard_composition_gate,GroundedResidualEnergyCompositionHard,true_mcq_grec_hard,,
MMBench_DEV_EN_V11,LLaVA-NeXT-8B_Biased_Test,1001945,vcf_only,vcf_only,D,B,0.0,0,1,0.0,0.8680943666760319,A,A,A,D,4,4,1,strongblur,strongblur,D,D,D,0,0,MCQ,grec_hard_composition_gate,GroundedResidualEnergyCompositionHard,true_mcq_grec_hard,,
MMBench_DEV_EN_V11,LLaVA-NeXT-8B_Biased_Test,1001953,vcf_only,vcf_only,A,C,0.0,0,1,0.0,0.8386754897076203,A,A,A,A,4,4,0,gray,gray,A,A,A,1,0,MCQ,grec_hard_composition_gate,GroundedResidualEnergyCompositionHard,true_mcq_grec_hard,,
MMBench_DEV_EN_V11,LLaVA-NeXT-8B_Biased_Test,1001977,tcf_only,tcf_only,C,C,1.0,1,0,0.0,0.0,C,C,C,B,1,4,0,strongblur,gray,C,C,C,0,0,MCQ,grec_hard_composition_gate,GroundedResidualEnergyCompositionHard,true_mcq_grec_hard,,
MMBench_DEV_EN_V11,LLaVA-NeXT-8B_Biased_Test,1001979,vcf_only,vcf_only,C,C,1.0,0,1,0.0,1.0,C,B,A,C,4,4,0,strongblur,gray,C,C,C,1,0,MCQ,grec_hard_composition_gate,GroundedResidualEnergyCompositionHard,true_mcq_grec_hard,,
MMBench_DEV_EN_V11,LLaVA-NeXT-8B_Biased_Test,1001985,vcf_only,vcf_only,B,B,1.0,0,1,0.0,1.0,A,B,B,B,4,4,1,strongblur,gray,B,B,B,0,0,MCQ,grec_hard_composition_gate,GroundedResidualEnergyCompositionHard,true_mcq_grec_hard,,
MMBench_DEV_EN_V11,LLaVA-NeXT-8B_Biased_Test,1001987,vcf_only,vcf_only,B,B,1.0,0,1,0.0,0.8023985436276144,A,A,A,A,4,4,1,centermask,centermask,B,B,B,1,0,MCQ,grec_hard_composition_gate,GroundedResidualEnergyCompositionHard,true_mcq_grec_hard,,
MMBench_DEV_EN_V11,LLaVA-NeXT-8B_Biased_Test,1003068,vcf_only,vcf_only,A,B,0.0,0,1,0.0,0.5388208687367227,D,D,D,A,4,4,1,strongblur,strongblur,A,A,A,0,0,MCQ,grec_hard_composition_gate,GroundedResidualEnergyCompositionHard,true_mcq_grec_hard,,
MMBench_DEV_EN_V11,LLaVA-NeXT-8B_Biased_Test,1003088,vcf_only,vcf_only,C,B,0.0,0,1,0.0,0.6447847342966614,C,D,D,D,4,4,0,centermask,centermask,C,C,C,0,0,MCQ,grec_hard_composition_gate,GroundedResidualEnergyCompositionHard,true_mcq_grec_hard,,
MMBench_DEV_EN_V11,LLaVA-NeXT-8B_Biased_Test,1003091,vcf_only,vcf_only,C,A,0.0,0,1,0.0,0.23346938764513012,C,D,D,D,4,4,0,gray,gray,C,C,C,0,0,MCQ,grec_hard_composition_gate,GroundedResidualEnergyCompositionHard,true_mcq_grec_hard,,
MMBench_DEV_EN_V11,LLaVA-NeXT-8B_Biased_Test,1003128,vcf_only,vcf_only,C,B,0.0,0,1,0.0,0.11792181675087729,C,C,C,C,4,4,0,centermask,centermask,C,C,C,1,0,MCQ,grec_hard_composition_gate,GroundedResidualEnergyCompositionHard,true_mcq_grec_hard,,
MMBench_DEV_EN_V11,LLaVA-NeXT-8B_Biased_Test,1003154,vcf_only,vcf_only,B,B,1.0,0,1,0.0,0.3925091226124584,D,D,A,A,4,4,1,gray,gray,B,B,B,0,0,MCQ,grec_hard_composition_gate,GroundedResidualEnergyCompositionHard,true_mcq_grec_hard,,
MMBench_DEV_EN_V11,LLaVA-NeXT-8B_Biased_Test,1003229,vcf_only,vcf_only,B,C,0.0,0,1,0.0,0.5804326111430999,B,B,B,B,4,4,0,gray,gray,B,B,B,1,0,MCQ,grec_hard_composition_gate,GroundedResidualEnergyCompositionHard,true_mcq_grec_hard,,
MMBench_DEV_EN_V11,LLaVA-NeXT-8B_Biased_Test,1003238,tcf_only,tcf_only,C,C,1.0,1,0,1.0,0.0,C,C,C,C,1,4,0,gray,gray,C,C,C,1,0,MCQ,grec_hard_composition_gate,GroundedResidualEnergyCompositionHard,true_mcq_grec_hard,,
MMBench_DEV_EN_V11,LLaVA-NeXT-8B_Biased_Test,1003247,both,both,C,D,0.0,1,1,0.0,0.3925091226124584,C,C,C,B,2,4,1,strongblur,gray,B,C,C,0,1,MCQ,grec_hard_composition_gate,GroundedResidualEnergyCompositionHard,true_mcq_grec_hard,,
MMBench_DEV_EN_V11,LLaVA-NeXT-8B_Biased_Test,1003372,vcf_only,vcf_only,D,C,0.0,0,1,0.0,0.8889178706721002,A,A,A,D,4,4,1,centermask,centermask,D,D,D,0,0,MCQ,grec_hard_composition_gate,GroundedResidualEnergyCompositionHard,true_mcq_grec_hard,,
MMBench_DEV_EN_V11,LLaVA-NeXT-8B_Biased_Test,1003379,vcf_only,vcf_only,C,C,1.0,0,1,0.0,1.0,C,D,D,C,4,4,0,centermask,centermask,C,C,C,1,0,MCQ,grec_hard_composition_gate,GroundedResidualEnergyCompositionHard,true_mcq_grec_hard,,
MMBench_DEV_EN_V11,LLaVA-NeXT-8B_Biased_Test,1003390,vcf_only,vcf_only,C,C,1.0,0,1,0.0,0.3925091226124584,A,A,A,C,4,4,1,strongblur,gray,C,C,C,0,0,MCQ,grec_hard_composition_gate,GroundedResidualEnergyCompositionHard,true_mcq_grec_hard,,
MMBench_DEV_EN_V11,LLaVA-NeXT-8B_Biased_Test,1003467,tcf_only,tcf_only,A,D,0.0,1,0,0.13371991185913146,0.0,A,A,A,A,1,4,0,strongblur,strongblur,A,A,A,1,0,MCQ,grec_hard_composition_gate,GroundedResidualEnergyCompositionHard,true_mcq_grec_hard,,
MMBench_DEV_EN_V11,LLaVA-NeXT-8B_Biased_Test,1003474,vcf_only,vcf_only,C,A,0.0,0,1,0.0,1.0,B,C,C,C,4,4,1,strongblur,gray,C,C,C,0,0,MCQ,grec_hard_composition_gate,GroundedResidualEnergyCompositionHard,true_mcq_grec_hard,,
MMBench_DEV_EN_V11,LLaVA-NeXT-8B_Biased_Test,1003512,vcf_only,vcf_only,A,D,0.0,0,1,0.0,0.8205441197101921,C,B,B,B,4,4,1,gray,gray,A,A,A,0,0,MCQ,grec_hard_composition_gate,GroundedResidualEnergyCompositionHard,true_mcq_grec_hard,,
MMBench_DEV_EN_V11,LLaVA-NeXT-8B_Biased_Test,1003520,vcf_only,vcf_only,C,A,0.0,0,1,0.0,0.5504026850602616,C,B,B,C,4,4,0,gray,gray,C,C,C,1,0,MCQ,grec_hard_composition_gate,GroundedResidualEnergyCompositionHard,true_mcq_grec_hard,,
MMBench_DEV_EN_V11,LLaVA-NeXT-8B_Biased_Test,1003526,tcf_only,tcf_only,C,D,0.0,1,0,0.0,0.0,C,B,C,B,1,4,0,centermask,centermask,C,C,C,0,0,MCQ,grec_hard_composition_gate,GroundedResidualEnergyCompositionHard,true_mcq_grec_hard,,
MMBench_DEV_EN_V11,LLaVA-NeXT-8B_Biased_Test,1003556,vcf_only,vcf_only,C,D,0.0,0,1,0.0,1.0,A,C,C,C,4,4,1,gray,gray,C,C,C,0,0,MCQ,grec_hard_composition_gate,GroundedResidualEnergyCompositionHard,true_mcq_grec_hard,,
MMBench_DEV_EN_V11,LLaVA-NeXT-8B_Biased_Test,1003597,tcf_only,tcf_only,A,D,0.0,1,0,0.0,0.0,A,B,A,B,1,4,1,centermask,centermask,A,A,A,0,0,MCQ,grec_hard_composition_gate,GroundedResidualEnergyCompositionHard,true_mcq_grec_hard,,
MMBench_DEV_EN_V11,LLaVA-NeXT-8B_Biased_Test,1003599,vcf_only,vcf_only,A,D,0.0,0,1,0.0,0.9865650536450877,B,B,B,D,4,4,1,strongblur,strongblur,A,A,A,0,0,MCQ,grec_hard_composition_gate,GroundedResidualEnergyCompositionHard,true_mcq_grec_hard,,
MMBench_DEV_EN_V11,LLaVA-NeXT-8B_Biased_Test,1003607,vcf_only,vcf_only,C,D,0.0,0,1,0.0,0.8822114065635208,C,B,B,C,4,4,0,strongblur,centermask,C,C,C,1,0,MCQ,grec_hard_composition_gate,GroundedResidualEnergyCompositionHard,true_mcq_grec_hard,,
MMBench_DEV_EN_V11,LLaVA-NeXT-8B_Biased_Test,1003609,vcf_only,vcf_only,B,A,0.0,0,1,0.0,0.20797701386627934,A,B,B,B,4,4,1,centermask,centermask,B,B,B,0,0,MCQ,grec_hard_composition_gate,GroundedResidualEnergyCompositionHard,true_mcq_grec_hard,,
MMBench_DEV_EN_V11,LLaVA-NeXT-8B_Biased_Test,1003611,vcf_only,vcf_only,C,A,0.0,0,1,0.0,1.0,C,C,C,C,4,4,0,strongblur,gray,C,C,C,1,0,MCQ,grec_hard_composition_gate,GroundedResidualEnergyCompositionHard,true_mcq_grec_hard,,
MMBench_DEV_EN_V11,LLaVA-NeXT-8B_Biased_Test,1003619,vcf_only,vcf_only,C,C,1.0,0,1,0.0,1.0,A,C,B,C,4,4,1,centermask,centermask,C,C,C,0,0,MCQ,grec_hard_composition_gate,GroundedResidualEnergyCompositionHard,true_mcq_grec_hard,,
MMBench_DEV_EN_V11,LLaVA-NeXT-8B_Biased_Test,1003625,tcf_only,tcf_only,C,C,1.0,1,0,1.0,0.0,C,C,C,C,1,4,0,centermask,centermask,C,C,C,1,0,MCQ,grec_hard_composition_gate,GroundedResidualEnergyCompositionHard,true_mcq_grec_hard,,
MMBench_DEV_EN_V11,LLaVA-NeXT-8B_Biased_Test,1003632,vcf_only,vcf_only,A,D,0.0,0,1,0.0,0.8890302156099942,A,B,B,A,4,4,0,gray,gray,A,A,A,1,0,MCQ,grec_hard_composition_gate,GroundedResidualEnergyCompositionHard,true_mcq_grec_hard,,
MMBench_DEV_EN_V11,LLaVA-NeXT-8B_Biased_Test,1003633,vcf_only,neither,B,D,0.0,0,0,0.0,0.0,A,C,B,C,4,4,1,gray,gray,B,B,B,0,0,MCQ,grec_hard_composition_gate,GroundedResidualEnergyCompositionHard,true_mcq_grec_hard,,
MMBench_DEV_EN_V11,LLaVA-NeXT-8B_Biased_Test,1003646,vcf_only,vcf_only,A,D,0.0,0,1,0.0,1.0,A,D,B,B,4,4,0,strongblur,gray,A,A,A,0,0,MCQ,grec_hard_composition_gate,GroundedResidualEnergyCompositionHard,true_mcq_grec_hard,,
MMBench_DEV_EN_V11,LLaVA-NeXT-8B_Biased_Test,1003653,vcf_only,vcf_only,A,C,0.0,0,1,0.0,0.9317838322508959,B,B,B,A,4,4,1,strongblur,strongblur,A,A,A,0,0,MCQ,grec_hard_composition_gate,GroundedResidualEnergyCompositionHard,true_mcq_grec_hard,,
MMBench_DEV_EN_V11,LLaVA-NeXT-8B_Biased_Test,1003659,tcf_only,tcf_only,C,C,1.0,1,0,0.0209210435942373,0.0,C,D,D,A,1,4,1,centermask,gray,C,C,C,0,0,MCQ,grec_hard_composition_gate,GroundedResidualEnergyCompositionHard,true_mcq_grec_hard,,
MMBench_DEV_EN_V11,LLaVA-NeXT-8B_Biased_Test,1003664,vcf_only,vcf_only,A,D,0.0,0,1,0.0,0.28046352510311573,B,C,B,C,4,4,1,gray,gray,A,A,A,0,0,MCQ,grec_hard_composition_gate,GroundedResidualEnergyCompositionHard,true_mcq_grec_hard,,
MMBench_DEV_EN_V11,LLaVA-NeXT-8B_Biased_Test,1003668,vcf_only,vcf_only,A,C,0.0,0,1,0.0,0.1788390501925196,B,B,B,A,4,4,1,gray,gray,A,A,A,0,0,MCQ,grec_hard_composition_gate,GroundedResidualEnergyCompositionHard,true_mcq_grec_hard,,
MMBench_DEV_EN_V11,LLaVA-NeXT-8B_Biased_Test,1003672,tcf_only,tcf_only,A,C,0.0,1,0,1.0,0.0,A,A,A,A,1,4,0,strongblur,gray,A,A,A,1,0,MCQ,grec_hard_composition_gate,GroundedResidualEnergyCompositionHard,true_mcq_grec_hard,,
MMBench_DEV_EN_V11,LLaVA-NeXT-8B_Biased_Test,1003674,vcf_only,vcf_only,B,C,0.0,0,1,0.0,0.9910907206966603,B,B,B,B,4,4,0,strongblur,strongblur,B,B,B,1,0,MCQ,grec_hard_composition_gate,GroundedResidualEnergyCompositionHard,true_mcq_grec_hard,,
MMBench_DEV_EN_V11,LLaVA-NeXT-8B_Biased_Test,1003713,vcf_only,vcf_only,B,D,0.0,0,1,0.0,1.0,A,A,A,B,4,4,1,strongblur,gray,B,B,B,0,0,MCQ,grec_hard_composition_gate,GroundedResidualEnergyCompositionHard,true_mcq_grec_hard,,
MMBench_DEV_EN_V11,LLaVA-NeXT-8B_Biased_Test,1003738,vcf_only,vcf_only,A,C,0.0,0,1,0.0,0.6271310359924407,B,B,B,C,4,4,1,gray,gray,A,A,A,0,0,MCQ,grec_hard_composition_gate,GroundedResidualEnergyCompositionHard,true_mcq_grec_hard,,
MMBench_DEV_EN_V11,LLaVA-NeXT-8B_Biased_Test,1003740,tcf_only,both,C,B,0.0,1,1,0.0,1.0,C,D,C,C,2,4,0,strongblur,gray,C,C,C,1,0,MCQ,grec_hard_composition_gate,GroundedResidualEnergyCompositionHard,true_mcq_grec_hard,,
MMBench_DEV_EN_V11,LLaVA-NeXT-8B_Biased_Test,1003742,tcf_only,tcf_only,A,A,1.0,1,0,0.0,0.0,A,B,B,B,2,4,1,strongblur,gray,A,A,A,0,0,MCQ,grec_hard_composition_gate,GroundedResidualEnergyCompositionHard,true_mcq_grec_hard,,
MMBench_DEV_EN_V11,LLaVA-NeXT-8B_Biased_Test,1003744,vcf_only,vcf_only,A,A,1.0,0,1,0.0,1.0,B,B,C,A,4,4,1,strongblur,centermask,A,A,A,0,0,MCQ,grec_hard_composition_gate,GroundedResidualEnergyCompositionHard,true_mcq_grec_hard,,
MMBench_DEV_EN_V11,LLaVA-NeXT-8B_Biased_Test,1003751,tcf_only,both,B,C,0.0,1,1,0.005187897758681226,0.6941724640487869,B,C,C,C,1,4,0,centermask,centermask,B,B,B,0,1,MCQ,grec_hard_composition_gate,GroundedResidualEnergyCompositionHard,true_mcq_grec_hard,,
MMBench_DEV_EN_V11,LLaVA-NeXT-8B_Biased_Test,1003752,tcf_only,tcf_only,A,A,1.0,1,0,0.049540680836324125,0.0,A,A,A,A,1,4,1,strongblur,gray,A,A,A,1,0,MCQ,grec_hard_composition_gate,GroundedResidualEnergyCompositionHard,true_mcq_grec_hard,,
MMBench_DEV_EN_V11,LLaVA-NeXT-8B_Biased_Test,1003757,vcf_only,vcf_only,A,C,0.0,0,1,0.0,0.28562241112717074,A,A,A,A,4,4,0,gray,gray,A,A,A,1,0,MCQ,grec_hard_composition_gate,GroundedResidualEnergyCompositionHard,true_mcq_grec_hard,,
MMBench_DEV_EN_V11,LLaVA-NeXT-8B_Biased_Test,2000284,both,both,C,B,0.0,1,1,0.0,1.0,C,C,A,C,1,3,0,strongblur,gray,C,C,C,1,0,MCQ,grec_hard_composition_gate,GroundedResidualEnergyCompositionHard,true_mcq_grec_hard,,
MMBench_DEV_EN_V11,LLaVA-NeXT-8B_Biased_Test,2000285,tcf_only,both,B,C,0.0,1,1,0.12888343197217633,1.0,B,B,B,B,1,3,0,strongblur,gray,B,B,B,1,0,MCQ,grec_hard_composition_gate,GroundedResidualEnergyCompositionHard,true_mcq_grec_hard,,
MMBench_DEV_EN_V11,LLaVA-NeXT-8B_Biased_Test,2000288,tcf_only,tcf_only,B,B,1.0,1,0,0.1474529655574961,0.0,B,C,C,B,1,3,0,strongblur,gray,B,B,B,1,0,MCQ,grec_hard_composition_gate,GroundedResidualEnergyCompositionHard,true_mcq_grec_hard,,
MMBench_DEV_EN_V11,LLaVA-NeXT-8B_Biased_Test,2000292,both,both,C,A,0.0,1,1,0.0881097301115632,1.0,C,C,B,A,2,3,1,strongblur,gray,C,C,C,0,1,MCQ,grec_hard_composition_gate,GroundedResidualEnergyCompositionHard,true_mcq_grec_hard,,
MMBench_DEV_EN_V11,LLaVA-NeXT-8B_Biased_Test,2000294,both,both,A,C,0.0,1,1,0.16945628342580066,1.0,A,B,B,C,1,3,0,strongblur,gray,A,A,A,0,1,MCQ,grec_hard_composition_gate,GroundedResidualEnergyCompositionHard,true_mcq_grec_hard,,
MMBench_DEV_EN_V11,LLaVA-NeXT-8B_Biased_Test,2000300,tcf_only,both,B,C,0.0,1,1,0.08297307405821153,0.6945839977279309,B,C,C,C,2,3,0,gray,gray,B,B,B,0,1,MCQ,grec_hard_composition_gate,GroundedResidualEnergyCompositionHard,true_mcq_grec_hard,,
MMBench_DEV_EN_V11,LLaVA-NeXT-8B_Biased_Test,2000311,both,both,B,B,1.0,1,1,0.0,1.0,B,A,A,A,1,3,0,gray,gray,B,B,B,0,1,MCQ,grec_hard_composition_gate,GroundedResidualEnergyCompositionHard,true_mcq_grec_hard,,
MMBench_DEV_EN_V11,LLaVA-NeXT-8B_Biased_Test,2000408,vcf_only,vcf_only,A,C,0.0,0,1,0.0,0.9327143553282683,A,A,A,A,3,3,0,gray,gray,A,A,A,1,0,MCQ,grec_hard_composition_gate,GroundedResidualEnergyCompositionHard,true_mcq_grec_hard,,
MMBench_DEV_EN_V11,LLaVA-NeXT-8B_Biased_Test,2000412,vcf_only,vcf_only,C,A,0.0,0,1,0.0,0.9733905286138494,A,C,C,C,3,3,1,gray,gray,C,C,C,0,0,MCQ,grec_hard_composition_gate,GroundedResidualEnergyCompositionHard,true_mcq_grec_hard,,
MMBench_DEV_EN_V11,LLaVA-NeXT-8B_Biased_Test,2000414,vcf_only,vcf_only,B,B,1.0,0,1,0.0,0.9099497715573969,B,A,A,A,3,3,0,strongblur,strongblur,B,B,B,0,0,MCQ,grec_hard_composition_gate,GroundedResidualEnergyCompositionHard,true_mcq_grec_hard,,
MMBench_DEV_EN_V11,LLaVA-NeXT-8B_Biased_Test,2000415,tcf_only,tcf_only,C,C,1.0,1,0,0.0,0.0,C,C,C,A,1,3,1,strongblur,gray,C,C,C,0,0,MCQ,grec_hard_composition_gate,GroundedResidualEnergyCompositionHard,true_mcq_grec_hard,,
MMBench_DEV_EN_V11,LLaVA-NeXT-8B_Biased_Test,2000607,vcf_only,vcf_only,C,C,1.0,0,1,0.0,0.8204267426800271,C,C,C,C,3,3,0,centermask,centermask,C,C,C,1,0,MCQ,grec_hard_composition_gate,GroundedResidualEnergyCompositionHard,true_mcq_grec_hard,,
MMBench_DEV_EN_V11,LLaVA-NeXT-8B_Biased_Test,2000840,tcf_only,tcf_only,A,A,1.0,1,0,0.0,0.0,A,A,A,C,1,3,0,centermask,gray,A,A,A,0,0,MCQ,grec_hard_composition_gate,GroundedResidualEnergyCompositionHard,true_mcq_grec_hard,,
MMBench_DEV_EN_V11,LLaVA-NeXT-8B_Biased_Test,2001102,both,both,C,C,1.0,1,1,0.0,1.0,C,C,C,C,1,3,0,strongblur,centermask,C,C,C,1,0,MCQ,grec_hard_composition_gate,GroundedResidualEnergyCompositionHard,true_mcq_grec_hard,,
MMBench_DEV_EN_V11,LLaVA-NeXT-8B_Biased_Test,2001105,vcf_only,vcf_only,C,C,1.0,0,1,0.0,0.9945429876799277,A,A,A,C,3,3,1,centermask,centermask,C,C,C,0,0,MCQ,grec_hard_composition_gate,GroundedResidualEnergyCompositionHard,true_mcq_grec_hard,,
MMBench_DEV_EN_V11,LLaVA-NeXT-8B_Biased_Test,2001114,vcf_only,vcf_only,C,C,1.0,0,1,0.0,0.9331851354055555,A,A,A,C,3,3,1,gray,gray,C,C,C,0,0,MCQ,grec_hard_composition_gate,GroundedResidualEnergyCompositionHard,true_mcq_grec_hard,,
MMBench_DEV_EN_V11,LLaVA-NeXT-8B_Biased_Test,2001116,vcf_only,vcf_only,A,C,0.0,0,1,0.0,0.9128267605487949,A,A,A,A,3,3,0,gray,gray,A,A,A,1,0,MCQ,grec_hard_composition_gate,GroundedResidualEnergyCompositionHard,true_mcq_grec_hard,,
MMBench_DEV_EN_V11,LLaVA-NeXT-8B_Biased_Test,2001122,vcf_only,vcf_only,C,C,1.0,0,1,0.0,1.0,C,C,C,C,3,3,0,centermask,gray,C,C,C,1,0,MCQ,grec_hard_composition_gate,GroundedResidualEnergyCompositionHard,true_mcq_grec_hard,,
MMBench_DEV_EN_V11,LLaVA-NeXT-8B_Biased_Test,2001123,vcf_only,vcf_only,C,C,1.0,0,1,0.0,1.0,A,A,A,C,3,3,1,centermask,gray,C,C,C,0,0,MCQ,grec_hard_composition_gate,GroundedResidualEnergyCompositionHard,true_mcq_grec_hard,,
MMBench_DEV_EN_V11,LLaVA-NeXT-8B_Biased_Test,2001124,vcf_only,vcf_only,A,C,0.0,0,1,0.0,0.9151252807042662,A,A,A,A,3,3,0,gray,gray,A,A,A,1,0,MCQ,grec_hard_composition_gate,GroundedResidualEnergyCompositionHard,true_mcq_grec_hard,,
MMBench_DEV_EN_V11,LLaVA-NeXT-8B_Biased_Test,2002266,both,both,A,A,1.0,1,1,0.0,0.3925091226124584,A,A,A,A,1,3,0,gray,gray,A,A,A,1,0,MCQ,grec_hard_composition_gate,GroundedResidualEnergyCompositionHard,true_mcq_grec_hard,,
MMBench_DEV_EN_V11,LLaVA-NeXT-8B_Biased_Test,2002420,vcf_only,vcf_only,A,B,0.0,0,1,0.0,1.0,C,A,A,A,3,3,1,centermask,gray,A,A,A,0,0,MCQ,grec_hard_composition_gate,GroundedResidualEnergyCompositionHard,true_mcq_grec_hard,,
MMBench_DEV_EN_V11,LLaVA-NeXT-8B_Biased_Test,2003087,vcf_only,vcf_only,A,B,0.0,0,1,0.0,0.2090869293893291,A,A,A,A,3,3,0,strongblur,centermask,A,A,A,1,0,MCQ,grec_hard_composition_gate,GroundedResidualEnergyCompositionHard,true_mcq_grec_hard,,
MMBench_DEV_EN_V11,LLaVA-NeXT-8B_Biased_Test,2001195,vcf_only,vcf_only,A,C,0.0,0,1,0.0,1.0,C,D,D,A,4,4,1,gray,gray,A,A,A,0,0,MCQ,grec_hard_composition_gate,GroundedResidualEnergyCompositionHard,true_mcq_grec_hard,,
MMBench_DEV_EN_V11,LLaVA-NeXT-8B_Biased_Test,2001210,vcf_only,vcf_only,C,C,1.0,0,1,0.0,0.6754985019391305,C,A,A,C,4,4,0,strongblur,strongblur,C,C,C,1,0,MCQ,grec_hard_composition_gate,GroundedResidualEnergyCompositionHard,true_mcq_grec_hard,,
MMBench_DEV_EN_V11,LLaVA-NeXT-8B_Biased_Test,2001212,vcf_only,vcf_only,C,A,0.0,0,1,0.0,1.0,A,C,C,C,4,4,1,gray,gray,C,C,C,0,0,MCQ,grec_hard_composition_gate,GroundedResidualEnergyCompositionHard,true_mcq_grec_hard,,
MMBench_DEV_EN_V11,LLaVA-NeXT-8B_Biased_Test,2001219,vcf_only,vcf_only,A,C,0.0,0,1,0.0,0.3925091226124584,A,A,A,A,4,4,0,strongblur,centermask,A,A,A,1,0,MCQ,grec_hard_composition_gate,GroundedResidualEnergyCompositionHard,true_mcq_grec_hard,,
MMBench_DEV_EN_V11,LLaVA-NeXT-8B_Biased_Test,2001549,vcf_only,vcf_only,B,A,0.0,0,1,0.0,0.523223415264175,B,B,B,B,4,4,0,gray,gray,B,B,B,1,0,MCQ,grec_hard_composition_gate,GroundedResidualEnergyCompositionHard,true_mcq_grec_hard,,
MMBench_DEV_EN_V11,LLaVA-NeXT-8B_Biased_Test,2000002,tcf_only,tcf_only,B,B,1.0,1,0,0.0,0.0,B,B,B,B,1,4,1,centermask,gray,B,B,B,1,0,MCQ,grec_hard_composition_gate,GroundedResidualEnergyCompositionHard,true_mcq_grec_hard,,
MMBench_DEV_EN_V11,LLaVA-NeXT-8B_Biased_Test,2000007,both,both,D,D,1.0,1,1,0.09152790797209853,1.0,D,D,D,D,1,4,1,strongblur,gray,D,D,D,1,0,MCQ,grec_hard_composition_gate,GroundedResidualEnergyCompositionHard,true_mcq_grec_hard,,
MMBench_DEV_EN_V11,LLaVA-NeXT-8B_Biased_Test,2000008,tcf_only,tcf_only,C,C,1.0,1,0,0.0,0.0,C,C,C,C,1,4,0,centermask,centermask,C,C,C,1,0,MCQ,grec_hard_composition_gate,GroundedResidualEnergyCompositionHard,true_mcq_grec_hard,,
MMBench_DEV_EN_V11,LLaVA-NeXT-8B_Biased_Test,2000009,tcf_only,both,A,D,0.0,1,1,0.0,0.9789043234009679,A,D,D,A,1,4,0,gray,gray,A,A,A,1,0,MCQ,grec_hard_composition_gate,GroundedResidualEnergyCompositionHard,true_mcq_grec_hard,,
MMBench_DEV_EN_V11,LLaVA-NeXT-8B_Biased_Test,2000012,both,both,B,D,0.0,1,1,0.0,0.5683026446077202,B,B,B,B,1,4,1,gray,gray,B,B,B,1,0,MCQ,grec_hard_composition_gate,GroundedResidualEnergyCompositionHard,true_mcq_grec_hard,,
MMBench_DEV_EN_V11,LLaVA-NeXT-8B_Biased_Test,2000016,tcf_only,tcf_only,C,C,1.0,1,0,0.0,0.0,C,C,C,C,1,4,1,gray,gray,C,C,C,1,0,MCQ,grec_hard_composition_gate,GroundedResidualEnergyCompositionHard,true_mcq_grec_hard,,
MMBench_DEV_EN_V11,LLaVA-NeXT-8B_Biased_Test,2000018,both,both,D,D,1.0,1,1,0.17917618530816037,0.3925091226124584,D,D,D,D,1,4,0,strongblur,strongblur,D,D,D,1,0,MCQ,grec_hard_composition_gate,GroundedResidualEnergyCompositionHard,true_mcq_grec_hard,,
MMBench_DEV_EN_V11,LLaVA-NeXT-8B_Biased_Test,2000223,vcf_only,vcf_only,B,A,0.0,0,1,0.0,0.9776284748163662,A,A,A,A,4,4,1,centermask,gray,B,B,B,1,0,MCQ,grec_hard_composition_gate,GroundedResidualEnergyCompositionHard,true_mcq_grec_hard,,
MMBench_DEV_EN_V11,LLaVA-NeXT-8B_Biased_Test,2000335,tcf_only,both,C,D,0.0,1,1,0.0,0.9821724549511027,C,C,C,C,1,4,1,centermask,gray,C,C,C,1,0,MCQ,grec_hard_composition_gate,GroundedResidualEnergyCompositionHard,true_mcq_grec_hard,,
MMBench_DEV_EN_V11,LLaVA-NeXT-8B_Biased_Test,2000337,vcf_only,vcf_only,B,A,0.0,0,1,0.0,0.9920767078569426,B,B,B,B,4,4,0,strongblur,centermask,B,B,B,1,0,MCQ,grec_hard_composition_gate,GroundedResidualEnergyCompositionHard,true_mcq_grec_hard,,
MMBench_DEV_EN_V11,LLaVA-NeXT-8B_Biased_Test,2000338,tcf_only,both,D,C,0.0,1,1,0.020958372641640022,0.988273956184809,D,D,C,A,1,4,1,centermask,gray,D,D,D,0,1,MCQ,grec_hard_composition_gate,GroundedResidualEnergyCompositionHard,true_mcq_grec_hard,,
MMBench_DEV_EN_V11,LLaVA-NeXT-8B_Biased_Test,2000339,tcf_only,tcf_only,D,B,0.0,1,0,0.0,0.0,D,A,A,A,2,4,1,centermask,centermask,D,D,D,0,0,MCQ,grec_hard_composition_gate,GroundedResidualEnergyCompositionHard,true_mcq_grec_hard,,
MMBench_DEV_EN_V11,LLaVA-NeXT-8B_Biased_Test,2000346,vcf_only,vcf_only,C,B,0.0,0,1,0.0,1.0,C,D,A,A,4,4,0,strongblur,gray,C,C,C,0,0,MCQ,grec_hard_composition_gate,GroundedResidualEnergyCompositionHard,true_mcq_grec_hard,,
MMBench_DEV_EN_V11,LLaVA-NeXT-8B_Biased_Test,2000352,both,both,D,C,0.0,1,1,0.042528150754940874,1.0,D,A,D,A,1,4,1,gray,gray,D,D,D,0,1,MCQ,grec_hard_composition_gate,GroundedResidualEnergyCompositionHard,true_mcq_grec_hard,,
MMBench_DEV_EN_V11,LLaVA-NeXT-8B_Biased_Test,2000465,vcf_only,vcf_only,D,D,1.0,0,1,0.0,1.0,C,C,C,B,4,4,1,strongblur,gray,D,D,D,0,0,MCQ,grec_hard_composition_gate,GroundedResidualEnergyCompositionHard,true_mcq_grec_hard,,
MMBench_DEV_EN_V11,LLaVA-NeXT-8B_Biased_Test,2000491,vcf_only,vcf_only,C,C,1.0,0,1,0.0,0.875488653502704,B,C,B,C,4,4,1,centermask,centermask,C,C,C,0,0,MCQ,grec_hard_composition_gate,GroundedResidualEnergyCompositionHard,true_mcq_grec_hard,,
MMBench_DEV_EN_V11,LLaVA-NeXT-8B_Biased_Test,2000500,vcf_only,vcf_only,C,C,1.0,0,1,0.0,0.3925091226124584,C,C,C,C,4,4,0,strongblur,centermask,C,C,C,1,0,MCQ,grec_hard_composition_gate,GroundedResidualEnergyCompositionHard,true_mcq_grec_hard,,
MMBench_DEV_EN_V11,LLaVA-NeXT-8B_Biased_Test,2000560,vcf_only,vcf_only,A,C,0.0,0,1,0.0,0.8122034226585129,A,A,A,A,4,4,0,strongblur,strongblur,A,A,A,1,0,MCQ,grec_hard_composition_gate,GroundedResidualEnergyCompositionHard,true_mcq_grec_hard,,
MMBench_DEV_EN_V11,LLaVA-NeXT-8B_Biased_Test,2000587,vcf_only,vcf_only,C,D,0.0,0,1,0.0,1.0,C,A,A,C,4,4,0,strongblur,strongblur,C,C,C,1,0,MCQ,grec_hard_composition_gate,GroundedResidualEnergyCompositionHard,true_mcq_grec_hard,,
MMBench_DEV_EN_V11,LLaVA-NeXT-8B_Biased_Test,2000592,vcf_only,vcf_only,D,A,0.0,0,1,0.0,0.28917253040283847,D,D,D,D,4,4,0,gray,gray,D,D,D,1,0,MCQ,grec_hard_composition_gate,GroundedResidualEnergyCompositionHard,true_mcq_grec_hard,,
MMBench_DEV_EN_V11,LLaVA-NeXT-8B_Biased_Test,2000602,vcf_only,vcf_only,A,A,1.0,0,1,0.0,1.0,A,A,A,A,4,4,0,strongblur,gray,A,A,A,1,0,MCQ,grec_hard_composition_gate,GroundedResidualEnergyCompositionHard,true_mcq_grec_hard,,
MMBench_DEV_EN_V11,LLaVA-NeXT-8B_Biased_Test,2000634,tcf_only,tcf_only,D,D,1.0,1,0,1.0,0.0,D,A,D,A,1,4,1,gray,gray,D,D,D,0,0,MCQ,grec_hard_composition_gate,GroundedResidualEnergyCompositionHard,true_mcq_grec_hard,,
MMBench_DEV_EN_V11,LLaVA-NeXT-8B_Biased_Test,2000651,vcf_only,vcf_only,A,D,0.0,0,1,0.0,0.9785577385788142,C,D,B,A,4,4,1,centermask,gray,A,A,A,0,0,MCQ,grec_hard_composition_gate,GroundedResidualEnergyCompositionHard,true_mcq_grec_hard,,
MMBench_DEV_EN_V11,LLaVA-NeXT-8B_Biased_Test,2000670,vcf_only,vcf_only,B,B,1.0,0,1,0.0,0.3246726392693552,B,D,A,D,4,4,0,strongblur,strongblur,B,B,B,0,0,MCQ,grec_hard_composition_gate,GroundedResidualEnergyCompositionHard,true_mcq_grec_hard,,
MMBench_DEV_EN_V11,LLaVA-NeXT-8B_Biased_Test,2000685,vcf_only,vcf_only,B,C,0.0,0,1,0.0,0.3925091226124584,C,B,B,B,4,4,1,gray,gray,B,B,B,0,0,MCQ,grec_hard_composition_gate,GroundedResidualEnergyCompositionHard,true_mcq_grec_hard,,
MMBench_DEV_EN_V11,LLaVA-NeXT-8B_Biased_Test,2000768,both,both,A,A,1.0,1,1,0.0060829986674657555,0.9985452693986445,A,A,A,B,1,4,1,strongblur,gray,B,A,A,0,1,MCQ,grec_hard_composition_gate,GroundedResidualEnergyCompositionHard,true_mcq_grec_hard,,
MMBench_DEV_EN_V11,LLaVA-NeXT-8B_Biased_Test,2000773,vcf_only,vcf_only,B,B,1.0,0,1,0.0,0.9657730155729349,B,B,B,B,4,4,0,strongblur,centermask,B,B,B,1,0,MCQ,grec_hard_composition_gate,GroundedResidualEnergyCompositionHard,true_mcq_grec_hard,,
MMBench_DEV_EN_V11,LLaVA-NeXT-8B_Biased_Test,2000776,vcf_only,vcf_only,C,A,0.0,0,1,0.0,0.5115295722695439,C,C,C,C,4,4,0,strongblur,centermask,C,C,C,1,0,MCQ,grec_hard_composition_gate,GroundedResidualEnergyCompositionHard,true_mcq_grec_hard,,
MMBench_DEV_EN_V11,LLaVA-NeXT-8B_Biased_Test,2000779,tcf_only,tcf_only,D,A,0.0,1,0,0.0,0.0,D,D,D,C,1,4,1,strongblur,gray,D,D,D,0,0,MCQ,grec_hard_composition_gate,GroundedResidualEnergyCompositionHard,true_mcq_grec_hard,,
MMBench_DEV_EN_V11,LLaVA-NeXT-8B_Biased_Test,2000785,vcf_only,vcf_only,A,D,0.0,0,1,0.0,0.4814726179867714,C,C,C,A,4,4,1,centermask,centermask,A,A,A,0,0,MCQ,grec_hard_composition_gate,GroundedResidualEnergyCompositionHard,true_mcq_grec_hard,,
MMBench_DEV_EN_V11,LLaVA-NeXT-8B_Biased_Test,2000792,both,both,A,D,0.0,1,1,0.16960834089618126,1.0,A,A,A,A,1,4,0,centermask,centermask,A,A,A,1,0,MCQ,grec_hard_composition_gate,GroundedResidualEnergyCompositionHard,true_mcq_grec_hard,,
MMBench_DEV_EN_V11,LLaVA-NeXT-8B_Biased_Test,2000800,both,vcf_only,C,B,0.0,0,1,0.0,1.0,D,A,C,C,4,4,1,strongblur,centermask,C,C,C,0,0,MCQ,grec_hard_composition_gate,GroundedResidualEnergyCompositionHard,true_mcq_grec_hard,,
MMBench_DEV_EN_V11,LLaVA-NeXT-8B_Biased_Test,2000826,vcf_only,vcf_only,A,A,1.0,0,1,0.0,0.3925091226124584,A,A,D,A,4,4,0,gray,gray,A,A,A,1,0,MCQ,grec_hard_composition_gate,GroundedResidualEnergyCompositionHard,true_mcq_grec_hard,,
MMBench_DEV_EN_V11,LLaVA-NeXT-8B_Biased_Test,2000867,vcf_only,vcf_only,B,A,0.0,0,1,0.0,0.32715174124561053,B,B,B,B,4,4,0,strongblur,strongblur,B,B,B,1,0,MCQ,grec_hard_composition_gate,GroundedResidualEnergyCompositionHard,true_mcq_grec_hard,,
MMBench_DEV_EN_V11,LLaVA-NeXT-8B_Biased_Test,2000872,vcf_only,vcf_only,D,A,0.0,0,1,0.0,1.0,A,D,D,D,4,4,1,centermask,gray,D,D,D,0,0,MCQ,grec_hard_composition_gate,GroundedResidualEnergyCompositionHard,true_mcq_grec_hard,,
MMBench_DEV_EN_V11,LLaVA-NeXT-8B_Biased_Test,2000892,vcf_only,vcf_only,A,B,0.0,0,1,0.0,1.0,C,C,C,C,4,4,1,strongblur,gray,A,A,A,1,0,MCQ,grec_hard_composition_gate,GroundedResidualEnergyCompositionHard,true_mcq_grec_hard,,
MMBench_DEV_EN_V11,LLaVA-NeXT-8B_Biased_Test,2000904,tcf_only,tcf_only,D,D,1.0,1,0,0.10462082007368512,0.0,D,D,D,D,1,4,0,centermask,centermask,D,D,D,1,0,MCQ,grec_hard_composition_gate,GroundedResidualEnergyCompositionHard,true_mcq_grec_hard,,
MMBench_DEV_EN_V11,LLaVA-NeXT-8B_Biased_Test,2000918,vcf_only,vcf_only,D,D,1.0,0,1,0.0,0.7277912831546894,C,B,B,D,4,4,1,gray,gray,D,D,D,0,0,MCQ,grec_hard_composition_gate,GroundedResidualEnergyCompositionHard,true_mcq_grec_hard,,
MMBench_DEV_EN_V11,LLaVA-NeXT-8B_Biased_Test,2000923,vcf_only,neither,C,B,0.0,0,0,0.0,0.0,C,C,C,C,4,4,0,centermask,centermask,C,C,C,1,0,MCQ,grec_hard_composition_gate,GroundedResidualEnergyCompositionHard,true_mcq_grec_hard,,
MMBench_DEV_EN_V11,LLaVA-NeXT-8B_Biased_Test,2000964,vcf_only,neither,A,D,0.0,0,0,0.0,0.0,A,A,A,A,4,4,0,gray,gray,A,A,A,1,0,MCQ,grec_hard_composition_gate,GroundedResidualEnergyCompositionHard,true_mcq_grec_hard,,
MMBench_DEV_EN_V11,LLaVA-NeXT-8B_Biased_Test,2000976,vcf_only,vcf_only,D,C,0.0,0,1,0.0,1.0,C,A,B,C,4,4,1,strongblur,gray,D,D,D,1,0,MCQ,grec_hard_composition_gate,GroundedResidualEnergyCompositionHard,true_mcq_grec_hard,,
MMBench_DEV_EN_V11,LLaVA-NeXT-8B_Biased_Test,2000980,vcf_only,vcf_only,A,C,0.0,0,1,0.0,0.026832466342001746,A,A,A,A,4,4,0,gray,gray,A,A,A,1,0,MCQ,grec_hard_composition_gate,GroundedResidualEnergyCompositionHard,true_mcq_grec_hard,,
MMBench_DEV_EN_V11,LLaVA-NeXT-8B_Biased_Test,2000984,vcf_only,vcf_only,C,C,1.0,0,1,0.0,0.7720827937319441,B,B,B,C,4,4,1,gray,gray,C,C,C,0,0,MCQ,grec_hard_composition_gate,GroundedResidualEnergyCompositionHard,true_mcq_grec_hard,,
MMBench_DEV_EN_V11,LLaVA-NeXT-8B_Biased_Test,2001000,tcf_only,tcf_only,C,C,1.0,1,0,0.0,0.0,C,B,C,C,1,4,0,centermask,gray,C,C,C,1,0,MCQ,grec_hard_composition_gate,GroundedResidualEnergyCompositionHard,true_mcq_grec_hard,,
MMBench_DEV_EN_V11,LLaVA-NeXT-8B_Biased_Test,2001001,tcf_only,tcf_only,D,C,0.0,1,0,0.10716014544037655,0.0,D,C,C,C,2,4,1,centermask,centermask,D,D,D,0,0,MCQ,grec_hard_composition_gate,GroundedResidualEnergyCompositionHard,true_mcq_grec_hard,,
MMBench_DEV_EN_V11,LLaVA-NeXT-8B_Biased_Test,2001003,vcf_only,vcf_only,C,A,0.0,0,1,0.0,0.7950876034189974,C,C,C,C,4,4,0,gray,gray,C,C,C,1,0,MCQ,grec_hard_composition_gate,GroundedResidualEnergyCompositionHard,true_mcq_grec_hard,,
MMBench_DEV_EN_V11,LLaVA-NeXT-8B_Biased_Test,2001300,vcf_only,vcf_only,B,B,1.0,0,1,0.0,0.5850090867814475,C,C,C,B,4,4,1,gray,gray,B,B,B,0,0,MCQ,grec_hard_composition_gate,GroundedResidualEnergyCompositionHard,true_mcq_grec_hard,,
MMBench_DEV_EN_V11,LLaVA-NeXT-8B_Biased_Test,2001327,vcf_only,vcf_only,D,B,0.0,0,1,0.0,0.49670570046269785,D,D,D,D,4,4,0,centermask,centermask,D,D,D,1,0,MCQ,grec_hard_composition_gate,GroundedResidualEnergyCompositionHard,true_mcq_grec_hard,,
MMBench_DEV_EN_V11,LLaVA-NeXT-8B_Biased_Test,2001373,both,both,B,B,1.0,1,1,1.0,0.3925091226124584,B,B,B,D,1,4,0,strongblur,gray,B,B,B,0,1,MCQ,grec_hard_composition_gate,GroundedResidualEnergyCompositionHard,true_mcq_grec_hard,,
MMBench_DEV_EN_V11,LLaVA-NeXT-8B_Biased_Test,2001402,tcf_only,vcf_only,A,B,0.0,0,1,0.0,1.0,B,A,B,A,4,4,1,gray,gray,A,A,A,0,0,MCQ,grec_hard_composition_gate,GroundedResidualEnergyCompositionHard,true_mcq_grec_hard,,
MMBench_DEV_EN_V11,LLaVA-NeXT-8B_Biased_Test,2001425,vcf_only,vcf_only,D,C,0.0,0,1,0.0,0.9712993482251557,D,D,D,D,4,4,0,gray,gray,D,D,D,1,0,MCQ,grec_hard_composition_gate,GroundedResidualEnergyCompositionHard,true_mcq_grec_hard,,
MMBench_DEV_EN_V11,LLaVA-NeXT-8B_Biased_Test,2001431,vcf_only,vcf_only,A,A,1.0,0,1,0.0,0.1916744400076731,B,B,B,A,4,4,1,centermask,gray,A,A,A,0,0,MCQ,grec_hard_composition_gate,GroundedResidualEnergyCompositionHard,true_mcq_grec_hard,,
MMBench_DEV_EN_V11,LLaVA-NeXT-8B_Biased_Test,2001485,tcf_only,tcf_only,D,C,0.0,1,0,0.04448202083845776,0.0,D,D,C,D,1,4,0,gray,gray,D,D,D,1,0,MCQ,grec_hard_composition_gate,GroundedResidualEnergyCompositionHard,true_mcq_grec_hard,,
MMBench_DEV_EN_V11,LLaVA-NeXT-8B_Biased_Test,2001488,both,both,B,B,1.0,1,1,0.0,1.0,B,B,B,D,1,4,0,centermask,gray,B,B,B,0,1,MCQ,grec_hard_composition_gate,GroundedResidualEnergyCompositionHard,true_mcq_grec_hard,,
MMBench_DEV_EN_V11,LLaVA-NeXT-8B_Biased_Test,2001507,tcf_only,tcf_only,A,B,0.0,1,0,0.0,0.0,A,A,A,D,1,4,1,strongblur,gray,A,A,A,0,0,MCQ,grec_hard_composition_gate,GroundedResidualEnergyCompositionHard,true_mcq_grec_hard,,
MMBench_DEV_EN_V11,LLaVA-NeXT-8B_Biased_Test,2001538,tcf_only,both,B,C,0.0,1,1,0.0,0.9014895159281057,B,C,C,B,1,4,0,strongblur,centermask,B,B,B,1,0,MCQ,grec_hard_composition_gate,GroundedResidualEnergyCompositionHard,true_mcq_grec_hard,,
MMBench_DEV_EN_V11,LLaVA-NeXT-8B_Biased_Test,2001602,vcf_only,vcf_only,A,A,1.0,0,1,0.0,0.3872793758723044,B,B,B,A,4,4,1,centermask,gray,A,A,A,0,0,MCQ,grec_hard_composition_gate,GroundedResidualEnergyCompositionHard,true_mcq_grec_hard,,
MMBench_DEV_EN_V11,LLaVA-NeXT-8B_Biased_Test,2001636,tcf_only,tcf_only,A,D,0.0,1,0,0.14397732132387553,0.0,A,A,A,C,1,4,1,centermask,centermask,A,A,A,0,0,MCQ,grec_hard_composition_gate,GroundedResidualEnergyCompositionHard,true_mcq_grec_hard,,
MMBench_DEV_EN_V11,LLaVA-NeXT-8B_Biased_Test,2001637,tcf_only,both,A,A,1.0,1,1,0.0,0.13048533223839423,A,A,A,A,1,4,0,gray,gray,A,A,A,1,0,MCQ,grec_hard_composition_gate,GroundedResidualEnergyCompositionHard,true_mcq_grec_hard,,
MMBench_DEV_EN_V11,LLaVA-NeXT-8B_Biased_Test,2001639,tcf_only,tcf_only,C,C,1.0,1,0,0.06257550160937697,0.0,C,C,C,B,1,4,1,gray,gray,C,C,C,0,0,MCQ,grec_hard_composition_gate,GroundedResidualEnergyCompositionHard,true_mcq_grec_hard,,
MMBench_DEV_EN_V11,LLaVA-NeXT-8B_Biased_Test,2001645,both,both,B,A,0.0,1,1,0.024187316029387507,1.0,B,D,D,D,3,4,0,centermask,gray,B,B,B,0,1,MCQ,grec_hard_composition_gate,GroundedResidualEnergyCompositionHard,true_mcq_grec_hard,,
MMBench_DEV_EN_V11,LLaVA-NeXT-8B_Biased_Test,2001647,both,both,C,C,1.0,1,1,0.0,0.9401947259643709,C,D,D,C,2,4,0,centermask,centermask,C,C,C,1,0,MCQ,grec_hard_composition_gate,GroundedResidualEnergyCompositionHard,true_mcq_grec_hard,,
MMBench_DEV_EN_V11,LLaVA-NeXT-8B_Biased_Test,2001656,tcf_only,both,B,D,0.0,1,1,0.22105663919226437,0.803251292208277,D,D,D,D,1,4,1,gray,gray,B,B,D,1,0,MCQ,grec_hard_composition_gate,GroundedResidualEnergyCompositionHard,true_mcq_grec_hard,,
MMBench_DEV_EN_V11,LLaVA-NeXT-8B_Biased_Test,2001657,tcf_only,both,C,C,1.0,1,1,0.04136589113427869,0.8802352053046398,C,C,C,C,1,4,1,gray,gray,C,C,C,1,0,MCQ,grec_hard_composition_gate,GroundedResidualEnergyCompositionHard,true_mcq_grec_hard,,
MMBench_DEV_EN_V11,LLaVA-NeXT-8B_Biased_Test,2001658,tcf_only,tcf_only,A,A,1.0,1,0,0.0,0.0,A,A,A,A,1,4,0,gray,gray,A,A,A,1,0,MCQ,grec_hard_composition_gate,GroundedResidualEnergyCompositionHard,true_mcq_grec_hard,,
MMBench_DEV_EN_V11,LLaVA-NeXT-8B_Biased_Test,2001659,tcf_only,tcf_only,A,D,0.0,1,0,0.05647650815162342,0.0,A,A,A,C,1,4,1,strongblur,gray,A,A,A,0,0,MCQ,grec_hard_composition_gate,GroundedResidualEnergyCompositionHard,true_mcq_grec_hard,,
MMBench_DEV_EN_V11,LLaVA-NeXT-8B_Biased_Test,2001662,tcf_only,both,C,C,1.0,1,1,0.020392364919260775,0.44807073151976934,C,C,C,C,1,4,0,gray,gray,C,C,C,1,0,MCQ,grec_hard_composition_gate,GroundedResidualEnergyCompositionHard,true_mcq_grec_hard,,
MMBench_DEV_EN_V11,LLaVA-NeXT-8B_Biased_Test,2001663,tcf_only,tcf_only,A,A,1.0,1,0,0.07763863622869849,0.0,A,A,A,A,1,4,0,centermask,centermask,A,A,A,1,0,MCQ,grec_hard_composition_gate,GroundedResidualEnergyCompositionHard,true_mcq_grec_hard,,
MMBench_DEV_EN_V11,LLaVA-NeXT-8B_Biased_Test,2001665,tcf_only,tcf_only,A,A,1.0,1,0,0.04701558802303385,0.0,A,A,A,A,1,4,0,strongblur,centermask,A,A,A,1,0,MCQ,grec_hard_composition_gate,GroundedResidualEnergyCompositionHard,true_mcq_grec_hard,,
MMBench_DEV_EN_V11,LLaVA-NeXT-8B_Biased_Test,2001666,tcf_only,tcf_only,D,C,0.0,1,0,0.008943377700653787,0.0,D,B,B,C,3,4,1,strongblur,centermask,D,D,D,0,0,MCQ,grec_hard_composition_gate,GroundedResidualEnergyCompositionHard,true_mcq_grec_hard,,
MMBench_DEV_EN_V11,LLaVA-NeXT-8B_Biased_Test,2001668,tcf_only,both,A,C,0.0,1,1,0.0,0.8676253734681724,A,C,C,C,2,4,0,centermask,gray,A,A,A,0,1,MCQ,grec_hard_composition_gate,GroundedResidualEnergyCompositionHard,true_mcq_grec_hard,,
MMBench_DEV_EN_V11,LLaVA-NeXT-8B_Biased_Test,2001669,tcf_only,both,A,C,0.0,1,1,0.0,1.0,A,C,C,A,1,4,0,strongblur,gray,A,A,A,1,0,MCQ,grec_hard_composition_gate,GroundedResidualEnergyCompositionHard,true_mcq_grec_hard,,
MMBench_DEV_EN_V11,LLaVA-NeXT-8B_Biased_Test,2001671,tcf_only,both,C,C,1.0,1,1,0.13909138878677174,1.0,C,C,C,A,1,4,1,centermask,centermask,A,C,C,0,1,MCQ,grec_hard_composition_gate,GroundedResidualEnergyCompositionHard,true_mcq_grec_hard,,
MMBench_DEV_EN_V11,LLaVA-NeXT-8B_Biased_Test,2001675,both,both,B,B,1.0,1,1,1.0,0.9263453706660261,B,D,B,B,1,4,0,gray,gray,B,B,B,1,0,MCQ,grec_hard_composition_gate,GroundedResidualEnergyCompositionHard,true_mcq_grec_hard,,
MMBench_DEV_EN_V11,LLaVA-NeXT-8B_Biased_Test,2001677,both,both,C,C,1.0,1,1,0.17616006656194005,1.0,C,B,B,B,2,4,0,strongblur,gray,C,C,C,0,1,MCQ,grec_hard_composition_gate,GroundedResidualEnergyCompositionHard,true_mcq_grec_hard,,
MMBench_DEV_EN_V11,LLaVA-NeXT-8B_Biased_Test,2001679,both,both,A,D,0.0,1,1,0.0,0.3291833356044056,A,C,C,A,1,4,0,gray,gray,A,A,A,1,0,MCQ,grec_hard_composition_gate,GroundedResidualEnergyCompositionHard,true_mcq_grec_hard,,
MMBench_DEV_EN_V11,LLaVA-NeXT-8B_Biased_Test,2001700,vcf_only,vcf_only,A,A,1.0,0,1,0.0,0.3925091226124584,A,A,A,A,4,4,0,centermask,gray,A,A,A,1,0,MCQ,grec_hard_composition_gate,GroundedResidualEnergyCompositionHard,true_mcq_grec_hard,,
MMBench_DEV_EN_V11,LLaVA-NeXT-8B_Biased_Test,2001729,vcf_only,vcf_only,A,A,1.0,0,1,0.0,0.2471800043358841,A,D,D,A,4,4,0,strongblur,strongblur,A,A,A,1,0,MCQ,grec_hard_composition_gate,GroundedResidualEnergyCompositionHard,true_mcq_grec_hard,,
MMBench_DEV_EN_V11,LLaVA-NeXT-8B_Biased_Test,2001740,tcf_only,tcf_only,C,C,1.0,1,0,0.0,0.0,C,C,C,C,1,4,0,strongblur,strongblur,C,C,C,1,0,MCQ,grec_hard_composition_gate,GroundedResidualEnergyCompositionHard,true_mcq_grec_hard,,
MMBench_DEV_EN_V11,LLaVA-NeXT-8B_Biased_Test,2001743,tcf_only,tcf_only,C,B,0.0,1,0,0.0,0.0,C,D,D,D,1,4,1,gray,gray,C,C,C,0,0,MCQ,grec_hard_composition_gate,GroundedResidualEnergyCompositionHard,true_mcq_grec_hard,,
MMBench_DEV_EN_V11,LLaVA-NeXT-8B_Biased_Test,2001758,tcf_only,tcf_only,A,A,1.0,1,0,0.0029900735918166887,0.0,A,A,A,B,1,4,1,gray,gray,A,A,A,0,0,MCQ,grec_hard_composition_gate,GroundedResidualEnergyCompositionHard,true_mcq_grec_hard,,
MMBench_DEV_EN_V11,LLaVA-NeXT-8B_Biased_Test,2001762,tcf_only,tcf_only,C,C,1.0,1,0,0.0,0.0,C,C,C,B,1,4,1,gray,gray,C,C,C,0,0,MCQ,grec_hard_composition_gate,GroundedResidualEnergyCompositionHard,true_mcq_grec_hard,,
MMBench_DEV_EN_V11,LLaVA-NeXT-8B_Biased_Test,2001764,tcf_only,both,C,D,0.0,1,1,0.0025696773312817722,0.3163071359918224,C,D,D,A,1,4,1,centermask,centermask,B,C,C,0,1,MCQ,grec_hard_composition_gate,GroundedResidualEnergyCompositionHard,true_mcq_grec_hard,,
MMBench_DEV_EN_V11,LLaVA-NeXT-8B_Biased_Test,2001765,both,both,C,A,0.0,1,1,0.0,0.3925091226124584,C,C,D,D,1,4,1,strongblur,gray,C,C,C,0,1,MCQ,grec_hard_composition_gate,GroundedResidualEnergyCompositionHard,true_mcq_grec_hard,,
MMBench_DEV_EN_V11,LLaVA-NeXT-8B_Biased_Test,2001769,tcf_only,both,B,B,1.0,1,1,0.05981253360119876,0.33978901556351915,B,B,B,B,1,4,0,gray,gray,B,B,B,1,0,MCQ,grec_hard_composition_gate,GroundedResidualEnergyCompositionHard,true_mcq_grec_hard,,
MMBench_DEV_EN_V11,LLaVA-NeXT-8B_Biased_Test,2001772,both,both,B,C,0.0,1,1,0.016299408903536428,0.3126010721841385,B,A,A,A,1,4,1,gray,gray,B,B,B,0,1,MCQ,grec_hard_composition_gate,GroundedResidualEnergyCompositionHard,true_mcq_grec_hard,,
MMBench_DEV_EN_V11,LLaVA-NeXT-8B_Biased_Test,2001773,both,both,A,A,1.0,1,1,0.057169207546186485,0.19216881702916397,A,B,B,B,2,4,0,gray,gray,A,A,A,0,1,MCQ,grec_hard_composition_gate,GroundedResidualEnergyCompositionHard,true_mcq_grec_hard,,
MMBench_DEV_EN_V11,LLaVA-NeXT-8B_Biased_Test,2001774,tcf_only,tcf_only,C,B,0.0,1,0,0.05435958452117262,0.0,C,C,C,B,1,4,1,gray,gray,C,C,C,0,0,MCQ,grec_hard_composition_gate,GroundedResidualEnergyCompositionHard,true_mcq_grec_hard,,
MMBench_DEV_EN_V11,LLaVA-NeXT-8B_Biased_Test,2001846,tcf_only,tcf_only,C,B,0.0,1,0,0.0,0.0,D,C,C,D,3,4,0,strongblur,strongblur,C,C,C,1,0,MCQ,grec_hard_composition_gate,GroundedResidualEnergyCompositionHard,true_mcq_grec_hard,,
MMBench_DEV_EN_V11,LLaVA-NeXT-8B_Biased_Test,2001849,vcf_only,vcf_only,A,B,0.0,0,1,0.0,1.0,D,D,D,D,4,4,1,strongblur,centermask,A,A,A,1,0,MCQ,grec_hard_composition_gate,GroundedResidualEnergyCompositionHard,true_mcq_grec_hard,,
MMBench_DEV_EN_V11,LLaVA-NeXT-8B_Biased_Test,2001854,vcf_only,vcf_only,A,A,1.0,0,1,0.0,0.8913621792293236,B,B,B,C,4,4,1,gray,gray,A,A,A,0,0,MCQ,grec_hard_composition_gate,GroundedResidualEnergyCompositionHard,true_mcq_grec_hard,,
MMBench_DEV_EN_V11,LLaVA-NeXT-8B_Biased_Test,2001862,tcf_only,tcf_only,B,C,0.0,1,0,0.0,0.0,B,C,B,A,1,4,1,centermask,centermask,B,B,B,0,0,MCQ,grec_hard_composition_gate,GroundedResidualEnergyCompositionHard,true_mcq_grec_hard,,
MMBench_DEV_EN_V11,LLaVA-NeXT-8B_Biased_Test,2001867,vcf_only,vcf_only,B,B,1.0,0,1,0.0,1.0,D,B,B,B,4,4,1,strongblur,gray,B,B,B,0,0,MCQ,grec_hard_composition_gate,GroundedResidualEnergyCompositionHard,true_mcq_grec_hard,,
MMBench_DEV_EN_V11,LLaVA-NeXT-8B_Biased_Test,2001870,tcf_only,tcf_only,A,B,0.0,1,0,1.0,0.0,A,C,C,B,1,4,0,centermask,gray,A,A,A,0,0,MCQ,grec_hard_composition_gate,GroundedResidualEnergyCompositionHard,true_mcq_grec_hard,,
MMBench_DEV_EN_V11,LLaVA-NeXT-8B_Biased_Test,2001871,vcf_only,vcf_only,A,D,0.0,0,1,0.0,0.9280049716880626,C,C,C,C,4,4,1,gray,gray,A,A,A,1,0,MCQ,grec_hard_composition_gate,GroundedResidualEnergyCompositionHard,true_mcq_grec_hard,,
MMBench_DEV_EN_V11,LLaVA-NeXT-8B_Biased_Test,2001878,vcf_only,vcf_only,D,B,0.0,0,1,0.0,0.7695151900408095,B,A,A,D,4,4,1,gray,gray,D,D,D,0,0,MCQ,grec_hard_composition_gate,GroundedResidualEnergyCompositionHard,true_mcq_grec_hard,,
MMBench_DEV_EN_V11,LLaVA-NeXT-8B_Biased_Test,2001879,vcf_only,vcf_only,B,B,1.0,0,1,0.0,0.9323945792622831,A,A,A,A,4,4,1,gray,gray,B,B,B,1,0,MCQ,grec_hard_composition_gate,GroundedResidualEnergyCompositionHard,true_mcq_grec_hard,,
MMBench_DEV_EN_V11,LLaVA-NeXT-8B_Biased_Test,2001882,vcf_only,vcf_only,B,B,1.0,0,1,0.0,1.0,C,C,C,C,4,4,1,strongblur,gray,B,B,B,1,0,MCQ,grec_hard_composition_gate,GroundedResidualEnergyCompositionHard,true_mcq_grec_hard,,
MMBench_DEV_EN_V11,LLaVA-NeXT-8B_Biased_Test,2001913,vcf_only,vcf_only,B,C,0.0,0,1,0.0,0.2760831093162101,B,B,B,B,4,4,0,gray,gray,B,B,B,1,0,MCQ,grec_hard_composition_gate,GroundedResidualEnergyCompositionHard,true_mcq_grec_hard,,
MMBench_DEV_EN_V11,LLaVA-NeXT-8B_Biased_Test,2001945,vcf_only,vcf_only,A,C,0.0,0,1,0.0,1.0,A,A,B,A,4,4,0,strongblur,strongblur,A,A,A,1,0,MCQ,grec_hard_composition_gate,GroundedResidualEnergyCompositionHard,true_mcq_grec_hard,,
MMBench_DEV_EN_V11,LLaVA-NeXT-8B_Biased_Test,2001946,tcf_only,tcf_only,C,C,1.0,1,0,0.0,0.0,C,C,C,B,1,4,0,strongblur,gray,C,C,C,0,0,MCQ,grec_hard_composition_gate,GroundedResidualEnergyCompositionHard,true_mcq_grec_hard,,
MMBench_DEV_EN_V11,LLaVA-NeXT-8B_Biased_Test,2001952,vcf_only,vcf_only,A,C,0.0,0,1,0.0,0.9126838584146192,A,B,B,A,4,4,0,strongblur,centermask,A,A,A,1,0,MCQ,grec_hard_composition_gate,GroundedResidualEnergyCompositionHard,true_mcq_grec_hard,,
MMBench_DEV_EN_V11,LLaVA-NeXT-8B_Biased_Test,2001979,vcf_only,vcf_only,D,D,1.0,0,1,0.0,1.0,D,C,D,D,4,4,0,strongblur,gray,D,D,D,1,0,MCQ,grec_hard_composition_gate,GroundedResidualEnergyCompositionHard,true_mcq_grec_hard,,
MMBench_DEV_EN_V11,LLaVA-NeXT-8B_Biased_Test,2001987,vcf_only,vcf_only,B,C,0.0,0,1,0.0,1.0,A,C,B,B,4,4,1,strongblur,gray,B,B,B,0,0,MCQ,grec_hard_composition_gate,GroundedResidualEnergyCompositionHard,true_mcq_grec_hard,,
MMBench_DEV_EN_V11,LLaVA-NeXT-8B_Biased_Test,2002650,tcf_only,tcf_only,A,A,1.0,1,0,0.011912354489052923,0.0,A,A,A,C,1,4,1,strongblur,gray,A,A,A,0,0,MCQ,grec_hard_composition_gate,GroundedResidualEnergyCompositionHard,true_mcq_grec_hard,,
MMBench_DEV_EN_V11,LLaVA-NeXT-8B_Biased_Test,2003068,both,both,B,C,0.0,1,1,1.0,0.3925091226124584,B,B,B,D,1,4,1,strongblur,gray,B,B,B,0,1,MCQ,grec_hard_composition_gate,GroundedResidualEnergyCompositionHard,true_mcq_grec_hard,,
MMBench_DEV_EN_V11,LLaVA-NeXT-8B_Biased_Test,2003071,vcf_only,vcf_only,B,A,0.0,0,1,0.0,0.5976812683829068,B,B,B,B,4,4,0,gray,gray,B,B,B,1,0,MCQ,grec_hard_composition_gate,GroundedResidualEnergyCompositionHard,true_mcq_grec_hard,,
MMBench_DEV_EN_V11,LLaVA-NeXT-8B_Biased_Test,2003079,vcf_only,vcf_only,A,C,0.0,0,1,0.0,0.16659507209142269,A,A,A,A,4,4,0,gray,gray,A,A,A,1,0,MCQ,grec_hard_composition_gate,GroundedResidualEnergyCompositionHard,true_mcq_grec_hard,,
MMBench_DEV_EN_V11,LLaVA-NeXT-8B_Biased_Test,2003090,tcf_only,tcf_only,A,A,1.0,1,0,0.0,0.0,A,A,A,B,1,4,1,strongblur,gray,A,A,A,0,0,MCQ,grec_hard_composition_gate,GroundedResidualEnergyCompositionHard,true_mcq_grec_hard,,
MMBench_DEV_EN_V11,LLaVA-NeXT-8B_Biased_Test,2003109,tcf_only,tcf_only,D,D,1.0,1,0,0.08821232046667649,0.0,D,D,C,D,1,4,0,centermask,gray,D,D,D,1,0,MCQ,grec_hard_composition_gate,GroundedResidualEnergyCompositionHard,true_mcq_grec_hard,,
MMBench_DEV_EN_V11,LLaVA-NeXT-8B_Biased_Test,2003125,vcf_only,vcf_only,D,D,1.0,0,1,0.0,0.9156618774454858,A,D,C,D,4,4,1,centermask,gray,D,D,D,0,0,MCQ,grec_hard_composition_gate,GroundedResidualEnergyCompositionHard,true_mcq_grec_hard,,
MMBench_DEV_EN_V11,LLaVA-NeXT-8B_Biased_Test,2003154,vcf_only,neither,A,C,0.0,0,0,0.0,0.0,B,A,B,B,4,4,1,gray,gray,A,A,A,1,0,MCQ,grec_hard_composition_gate,GroundedResidualEnergyCompositionHard,true_mcq_grec_hard,,
MMBench_DEV_EN_V11,LLaVA-NeXT-8B_Biased_Test,2003161,vcf_only,vcf_only,C,C,1.0,0,1,0.0,0.3925091226124584,B,C,A,C,4,4,1,centermask,centermask,C,C,C,0,0,MCQ,grec_hard_composition_gate,GroundedResidualEnergyCompositionHard,true_mcq_grec_hard,,
MMBench_DEV_EN_V11,LLaVA-NeXT-8B_Biased_Test,2003166,vcf_only,vcf_only,D,D,1.0,0,1,0.0,1.0,C,C,C,D,4,4,1,strongblur,strongblur,D,D,D,0,0,MCQ,grec_hard_composition_gate,GroundedResidualEnergyCompositionHard,true_mcq_grec_hard,,
MMBench_DEV_EN_V11,LLaVA-NeXT-8B_Biased_Test,2003225,vcf_only,vcf_only,D,D,1.0,0,1,0.0,0.07807983646534647,B,B,B,D,4,4,1,strongblur,strongblur,D,D,D,0,0,MCQ,grec_hard_composition_gate,GroundedResidualEnergyCompositionHard,true_mcq_grec_hard,,
MMBench_DEV_EN_V11,LLaVA-NeXT-8B_Biased_Test,2003229,vcf_only,vcf_only,D,D,1.0,0,1,0.0,0.3159140712779544,C,C,C,D,4,4,1,gray,gray,D,D,D,0,0,MCQ,grec_hard_composition_gate,GroundedResidualEnergyCompositionHard,true_mcq_grec_hard,,
MMBench_DEV_EN_V11,LLaVA-NeXT-8B_Biased_Test,2003354,vcf_only,vcf_only,A,C,0.0,0,1,0.0,0.866977659223131,C,D,D,D,4,4,1,gray,gray,A,A,A,0,0,MCQ,grec_hard_composition_gate,GroundedResidualEnergyCompositionHard,true_mcq_grec_hard,,
MMBench_DEV_EN_V11,LLaVA-NeXT-8B_Biased_Test,2003366,vcf_only,vcf_only,D,C,0.0,0,1,0.0,0.18448578250619443,A,B,B,B,4,4,1,gray,gray,D,D,D,0,0,MCQ,grec_hard_composition_gate,GroundedResidualEnergyCompositionHard,true_mcq_grec_hard,,
MMBench_DEV_EN_V11,LLaVA-NeXT-8B_Biased_Test,2003370,vcf_only,vcf_only,D,A,0.0,0,1,0.0,1.0,B,B,B,D,4,4,1,strongblur,centermask,D,D,D,0,0,MCQ,grec_hard_composition_gate,GroundedResidualEnergyCompositionHard,true_mcq_grec_hard,,
MMBench_DEV_EN_V11,LLaVA-NeXT-8B_Biased_Test,2003392,vcf_only,vcf_only,D,D,1.0,0,1,0.0,0.10620704080397277,B,B,B,D,4,4,1,centermask,centermask,D,D,D,0,0,MCQ,grec_hard_composition_gate,GroundedResidualEnergyCompositionHard,true_mcq_grec_hard,,
MMBench_DEV_EN_V11,LLaVA-NeXT-8B_Biased_Test,2003394,vcf_only,vcf_only,D,A,0.0,0,1,0.0,0.1658004322051212,B,B,B,D,4,4,1,centermask,centermask,D,D,D,0,0,MCQ,grec_hard_composition_gate,GroundedResidualEnergyCompositionHard,true_mcq_grec_hard,,
MMBench_DEV_EN_V11,LLaVA-NeXT-8B_Biased_Test,2003396,vcf_only,vcf_only,D,C,0.0,0,1,0.0,0.7147199845814364,B,B,B,B,4,4,1,gray,gray,D,D,D,1,0,MCQ,grec_hard_composition_gate,GroundedResidualEnergyCompositionHard,true_mcq_grec_hard,,
MMBench_DEV_EN_V11,LLaVA-NeXT-8B_Biased_Test,2003512,vcf_only,vcf_only,D,A,0.0,0,1,0.0,0.6293173251831886,C,C,C,C,4,4,1,gray,gray,D,D,D,1,0,MCQ,grec_hard_composition_gate,GroundedResidualEnergyCompositionHard,true_mcq_grec_hard,,
MMBench_DEV_EN_V11,LLaVA-NeXT-8B_Biased_Test,2003554,tcf_only,tcf_only,B,D,0.0,1,0,0.0,0.0,B,C,B,C,1,4,1,centermask,gray,B,B,B,0,0,MCQ,grec_hard_composition_gate,GroundedResidualEnergyCompositionHard,true_mcq_grec_hard,,
MMBench_DEV_EN_V11,LLaVA-NeXT-8B_Biased_Test,2003556,vcf_only,vcf_only,A,A,1.0,0,1,0.0,0.9451602326392214,B,C,B,A,4,4,1,gray,gray,A,A,A,0,0,MCQ,grec_hard_composition_gate,GroundedResidualEnergyCompositionHard,true_mcq_grec_hard,,
MMBench_DEV_EN_V11,LLaVA-NeXT-8B_Biased_Test,2003599,vcf_only,vcf_only,A,A,1.0,0,1,0.0,1.0,A,C,C,A,4,4,0,strongblur,strongblur,A,A,A,1,0,MCQ,grec_hard_composition_gate,GroundedResidualEnergyCompositionHard,true_mcq_grec_hard,,
MMBench_DEV_EN_V11,LLaVA-NeXT-8B_Biased_Test,2003600,tcf_only,both,A,A,1.0,1,1,0.08893200517679878,0.3925091226124584,A,B,A,C,1,4,0,centermask,gray,A,A,A,0,1,MCQ,grec_hard_composition_gate,GroundedResidualEnergyCompositionHard,true_mcq_grec_hard,,
MMBench_DEV_EN_V11,LLaVA-NeXT-8B_Biased_Test,2003607,vcf_only,vcf_only,D,A,0.0,0,1,0.0,0.9911638060461957,B,C,C,D,4,4,1,strongblur,centermask,D,D,D,0,0,MCQ,grec_hard_composition_gate,GroundedResidualEnergyCompositionHard,true_mcq_grec_hard,,
MMBench_DEV_EN_V11,LLaVA-NeXT-8B_Biased_Test,2003609,vcf_only,vcf_only,D,B,0.0,0,1,0.0,0.3925091226124584,B,C,C,C,4,4,1,centermask,centermask,D,D,D,0,0,MCQ,grec_hard_composition_gate,GroundedResidualEnergyCompositionHard,true_mcq_grec_hard,,
MMBench_DEV_EN_V11,LLaVA-NeXT-8B_Biased_Test,2003611,vcf_only,vcf_only,A,B,0.0,0,1,0.0,1.0,B,D,C,A,4,4,1,strongblur,centermask,A,A,A,0,0,MCQ,grec_hard_composition_gate,GroundedResidualEnergyCompositionHard,true_mcq_grec_hard,,
MMBench_DEV_EN_V11,LLaVA-NeXT-8B_Biased_Test,2003614,vcf_only,neither,D,B,0.0,0,0,0.0,0.0,D,D,D,D,4,4,1,strongblur,strongblur,D,D,D,1,0,MCQ,grec_hard_composition_gate,GroundedResidualEnergyCompositionHard,true_mcq_grec_hard,,
MMBench_DEV_EN_V11,LLaVA-NeXT-8B_Biased_Test,2003619,vcf_only,vcf_only,D,D,1.0,0,1,0.0,1.0,D,D,C,D,4,4,0,strongblur,centermask,D,D,D,1,0,MCQ,grec_hard_composition_gate,GroundedResidualEnergyCompositionHard,true_mcq_grec_hard,,
MMBench_DEV_EN_V11,LLaVA-NeXT-8B_Biased_Test,2003626,vcf_only,vcf_only,C,D,0.0,0,1,0.0,0.3925091226124584,B,C,C,C,4,4,1,gray,gray,C,C,C,0,0,MCQ,grec_hard_composition_gate,GroundedResidualEnergyCompositionHard,true_mcq_grec_hard,,
MMBench_DEV_EN_V11,LLaVA-NeXT-8B_Biased_Test,2003631,vcf_only,vcf_only,A,D,0.0,0,1,0.0,0.3925091226124584,A,A,C,A,4,4,0,strongblur,strongblur,A,A,A,1,0,MCQ,grec_hard_composition_gate,GroundedResidualEnergyCompositionHard,true_mcq_grec_hard,,
MMBench_DEV_EN_V11,LLaVA-NeXT-8B_Biased_Test,2003632,vcf_only,vcf_only,A,A,1.0,0,1,0.0,0.8655209529235589,B,C,C,D,4,4,1,gray,gray,A,A,A,0,0,MCQ,grec_hard_composition_gate,GroundedResidualEnergyCompositionHard,true_mcq_grec_hard,,
MMBench_DEV_EN_V11,LLaVA-NeXT-8B_Biased_Test,2003633,vcf_only,vcf_only,A,A,1.0,0,1,0.0,0.8813946146982061,B,C,C,D,4,4,1,strongblur,gray,A,A,A,0,0,MCQ,grec_hard_composition_gate,GroundedResidualEnergyCompositionHard,true_mcq_grec_hard,,
MMBench_DEV_EN_V11,LLaVA-NeXT-8B_Biased_Test,2003646,vcf_only,vcf_only,B,A,0.0,0,1,0.0,1.0,B,C,C,B,4,4,0,strongblur,strongblur,B,B,B,1,0,MCQ,grec_hard_composition_gate,GroundedResidualEnergyCompositionHard,true_mcq_grec_hard,,
MMBench_DEV_EN_V11,LLaVA-NeXT-8B_Biased_Test,2003653,vcf_only,vcf_only,B,D,0.0,0,1,0.0,1.0,B,C,C,B,4,4,0,strongblur,strongblur,B,B,B,1,0,MCQ,grec_hard_composition_gate,GroundedResidualEnergyCompositionHard,true_mcq_grec_hard,,
MMBench_DEV_EN_V11,LLaVA-NeXT-8B_Biased_Test,2003659,tcf_only,tcf_only,B,D,0.0,1,0,0.0,0.0,B,D,D,B,1,4,0,strongblur,gray,B,B,B,1,0,MCQ,grec_hard_composition_gate,GroundedResidualEnergyCompositionHard,true_mcq_grec_hard,,
MMBench_DEV_EN_V11,LLaVA-NeXT-8B_Biased_Test,2003664,vcf_only,vcf_only,C,A,0.0,0,1,0.0,0.34495652319586384,D,C,D,C,4,4,1,centermask,centermask,C,C,C,0,0,MCQ,grec_hard_composition_gate,GroundedResidualEnergyCompositionHard,true_mcq_grec_hard,,
MMBench_DEV_EN_V11,LLaVA-NeXT-8B_Biased_Test,2003674,vcf_only,vcf_only,C,D,0.0,0,1,0.0,1.0,B,C,C,C,4,4,1,gray,gray,C,C,C,0,0,MCQ,grec_hard_composition_gate,GroundedResidualEnergyCompositionHard,true_mcq_grec_hard,,
MMBench_DEV_EN_V11,LLaVA-NeXT-8B_Biased_Test,2003696,vcf_only,vcf_only,C,C,1.0,0,1,0.0,0.11323858472573736,A,A,A,C,4,4,1,centermask,gray,C,C,C,0,0,MCQ,grec_hard_composition_gate,GroundedResidualEnergyCompositionHard,true_mcq_grec_hard,,
MMBench_DEV_EN_V11,LLaVA-NeXT-8B_Biased_Test,2003719,vcf_only,vcf_only,C,B,0.0,0,1,0.0,0.902461982995174,C,C,C,C,4,4,0,centermask,centermask,C,C,C,1,0,MCQ,grec_hard_composition_gate,GroundedResidualEnergyCompositionHard,true_mcq_grec_hard,,
MMBench_DEV_EN_V11,LLaVA-NeXT-8B_Biased_Test,2003736,vcf_only,vcf_only,A,A,1.0,0,1,0.0,0.8164661598792801,B,D,B,D,4,4,1,centermask,gray,A,A,A,0,0,MCQ,grec_hard_composition_gate,GroundedResidualEnergyCompositionHard,true_mcq_grec_hard,,
MMBench_DEV_EN_V11,LLaVA-NeXT-8B_Biased_Test,2003740,tcf_only,both,A,C,0.0,1,1,0.044788211529779964,1.0,A,A,C,C,2,4,1,strongblur,centermask,B,A,A,0,1,MCQ,grec_hard_composition_gate,GroundedResidualEnergyCompositionHard,true_mcq_grec_hard,,
MMBench_DEV_EN_V11,LLaVA-NeXT-8B_Biased_Test,2003742,vcf_only,vcf_only,D,B,0.0,0,1,0.0,1.0,B,D,A,D,4,4,1,strongblur,strongblur,D,D,D,0,0,MCQ,grec_hard_composition_gate,GroundedResidualEnergyCompositionHard,true_mcq_grec_hard,,
MMBench_DEV_EN_V11,LLaVA-NeXT-8B_Biased_Test,2003744,vcf_only,vcf_only,B,B,1.0,0,1,0.0,1.0,B,B,B,B,4,4,0,strongblur,centermask,B,B,B,1,0,MCQ,grec_hard_composition_gate,GroundedResidualEnergyCompositionHard,true_mcq_grec_hard,,
MMBench_DEV_EN_V11,LLaVA-NeXT-8B_Biased_Test,2003757,vcf_only,vcf_only,A,D,0.0,0,1,0.0,0.2465149161783337,A,A,A,A,4,4,0,gray,gray,A,A,A,1,0,MCQ,grec_hard_composition_gate,GroundedResidualEnergyCompositionHard,true_mcq_grec_hard,,
MMBench_DEV_EN_V11,LLaVA-NeXT-8B_Biased_Test,2003764,vcf_only,vcf_only,C,A,0.0,0,1,0.0,0.6176805779105354,B,B,B,B,4,4,1,gray,gray,C,C,C,1,0,MCQ,grec_hard_composition_gate,GroundedResidualEnergyCompositionHard,true_mcq_grec_hard,,
MMBench_DEV_EN_V11,LLaVA-NeXT-8B_Biased_Test,3000001,tcf_only,tcf_only,C,C,1.0,1,0,0.0,0.0,C,C,C,C,1,4,0,gray,gray,C,C,C,1,0,MCQ,grec_hard_composition_gate,GroundedResidualEnergyCompositionHard,true_mcq_grec_hard,,
MMBench_DEV_EN_V11,LLaVA-NeXT-8B_Biased_Test,3000002,both,both,C,C,1.0,1,1,0.2718257716128909,1.0,C,C,C,C,1,4,0,strongblur,strongblur,C,C,C,1,0,MCQ,grec_hard_composition_gate,GroundedResidualEnergyCompositionHard,true_mcq_grec_hard,,
MMBench_DEV_EN_V11,LLaVA-NeXT-8B_Biased_Test,3000008,tcf_only,tcf_only,D,D,1.0,1,0,0.0,0.0,D,D,D,D,1,4,0,strongblur,strongblur,D,D,D,1,0,MCQ,grec_hard_composition_gate,GroundedResidualEnergyCompositionHard,true_mcq_grec_hard,,
MMBench_DEV_EN_V11,LLaVA-NeXT-8B_Biased_Test,3000009,both,both,A,A,1.0,1,1,1.0,1.0,A,A,A,B,1,4,1,strongblur,gray,A,A,A,0,1,MCQ,grec_hard_composition_gate,GroundedResidualEnergyCompositionHard,true_mcq_grec_hard,,
MMBench_DEV_EN_V11,LLaVA-NeXT-8B_Biased_Test,3000011,both,both,D,D,1.0,1,1,0.11569012305962256,0.9464266372417467,D,A,A,A,1,4,1,strongblur,gray,D,D,D,0,1,MCQ,grec_hard_composition_gate,GroundedResidualEnergyCompositionHard,true_mcq_grec_hard,,
MMBench_DEV_EN_V11,LLaVA-NeXT-8B_Biased_Test,3000012,both,both,A,A,1.0,1,1,0.009111549144155795,0.9589769768002838,C,C,C,C,2,4,1,centermask,centermask,A,A,C,1,0,MCQ,grec_hard_composition_gate,GroundedResidualEnergyCompositionHard,true_mcq_grec_hard,,
MMBench_DEV_EN_V11,LLaVA-NeXT-8B_Biased_Test,3000018,tcf_only,tcf_only,A,A,1.0,1,0,0.0,0.0,A,A,A,D,1,4,1,strongblur,gray,A,A,A,0,0,MCQ,grec_hard_composition_gate,GroundedResidualEnergyCompositionHard,true_mcq_grec_hard,,
MMBench_DEV_EN_V11,LLaVA-NeXT-8B_Biased_Test,3000334,tcf_only,both,C,D,0.0,1,1,0.02025780360577456,1.0,C,C,C,C,2,4,0,centermask,centermask,C,C,C,1,0,MCQ,grec_hard_composition_gate,GroundedResidualEnergyCompositionHard,true_mcq_grec_hard,,
MMBench_DEV_EN_V11,LLaVA-NeXT-8B_Biased_Test,3000338,tcf_only,both,A,D,0.0,1,1,0.331418776706897,1.0,A,A,A,A,1,4,1,centermask,gray,A,A,A,1,0,MCQ,grec_hard_composition_gate,GroundedResidualEnergyCompositionHard,true_mcq_grec_hard,,
MMBench_DEV_EN_V11,LLaVA-NeXT-8B_Biased_Test,3000345,vcf_only,vcf_only,A,D,0.0,0,1,0.0,0.3240409681700686,A,A,A,A,4,4,0,centermask,centermask,A,A,A,1,0,MCQ,grec_hard_composition_gate,GroundedResidualEnergyCompositionHard,true_mcq_grec_hard,,
MMBench_DEV_EN_V11,LLaVA-NeXT-8B_Biased_Test,3000346,vcf_only,vcf_only,B,C,0.0,0,1,0.0,1.0,D,B,B,B,4,4,1,centermask,centermask,B,B,B,0,0,MCQ,grec_hard_composition_gate,GroundedResidualEnergyCompositionHard,true_mcq_grec_hard,,
MMBench_DEV_EN_V11,LLaVA-NeXT-8B_Biased_Test,3000352,vcf_only,vcf_only,A,D,0.0,0,1,0.0,1.0,A,B,B,A,4,4,0,strongblur,strongblur,A,A,A,1,0,MCQ,grec_hard_composition_gate,GroundedResidualEnergyCompositionHard,true_mcq_grec_hard,,
MMBench_DEV_EN_V11,LLaVA-NeXT-8B_Biased_Test,3000353,vcf_only,vcf_only,C,C,1.0,0,1,0.0,0.3925091226124584,D,C,C,C,4,4,1,strongblur,gray,C,C,C,0,0,MCQ,grec_hard_composition_gate,GroundedResidualEnergyCompositionHard,true_mcq_grec_hard,,
MMBench_DEV_EN_V11,LLaVA-NeXT-8B_Biased_Test,3000465,vcf_only,vcf_only,D,A,0.0,0,1,0.0,1.0,D,D,D,D,4,4,0,strongblur,strongblur,D,D,D,1,0,MCQ,grec_hard_composition_gate,GroundedResidualEnergyCompositionHard,true_mcq_grec_hard,,
MMBench_DEV_EN_V11,LLaVA-NeXT-8B_Biased_Test,3000491,vcf_only,vcf_only,A,D,0.0,0,1,0.0,0.718630534742119,D,C,C,C,4,4,1,gray,gray,A,A,A,0,0,MCQ,grec_hard_composition_gate,GroundedResidualEnergyCompositionHard,true_mcq_grec_hard,,
MMBench_DEV_EN_V11,LLaVA-NeXT-8B_Biased_Test,3000494,vcf_only,vcf_only,C,D,0.0,0,1,0.0,1.0,D,D,A,D,4,4,1,strongblur,gray,C,C,C,1,0,MCQ,grec_hard_composition_gate,GroundedResidualEnergyCompositionHard,true_mcq_grec_hard,,
MMBench_DEV_EN_V11,LLaVA-NeXT-8B_Biased_Test,3000506,tcf_only,tcf_only,D,D,1.0,1,0,1.0,0.0,D,D,D,D,1,4,0,strongblur,strongblur,D,D,D,1,0,MCQ,grec_hard_composition_gate,GroundedResidualEnergyCompositionHard,true_mcq_grec_hard,,
MMBench_DEV_EN_V11,LLaVA-NeXT-8B_Biased_Test,3000565,vcf_only,vcf_only,D,D,1.0,0,1,0.0,1.0,D,D,D,D,4,4,0,strongblur,gray,D,D,D,1,0,MCQ,grec_hard_composition_gate,GroundedResidualEnergyCompositionHard,true_mcq_grec_hard,,
MMBench_DEV_EN_V11,LLaVA-NeXT-8B_Biased_Test,3000587,vcf_only,vcf_only,B,A,0.0,0,1,0.0,0.9962447348961642,A,B,B,B,4,4,1,strongblur,strongblur,B,B,B,0,0,MCQ,grec_hard_composition_gate,GroundedResidualEnergyCompositionHard,true_mcq_grec_hard,,
MMBench_DEV_EN_V11,LLaVA-NeXT-8B_Biased_Test,3000591,both,both,A,B,0.0,1,1,1.0,0.3925091226124584,A,B,B,B,1,4,1,gray,gray,B,A,A,0,1,MCQ,grec_hard_composition_gate,GroundedResidualEnergyCompositionHard,true_mcq_grec_hard,,
MMBench_DEV_EN_V11,LLaVA-NeXT-8B_Biased_Test,3000602,tcf_only,tcf_only,B,B,1.0,1,0,0.0507255204720205,0.0,B,B,B,B,1,4,0,strongblur,gray,B,B,B,1,0,MCQ,grec_hard_composition_gate,GroundedResidualEnergyCompositionHard,true_mcq_grec_hard,,
MMBench_DEV_EN_V11,LLaVA-NeXT-8B_Biased_Test,3000634,both,both,A,A,1.0,1,1,0.0716518784686162,0.3925091226124584,A,A,B,B,1,4,1,strongblur,gray,B,A,A,0,1,MCQ,grec_hard_composition_gate,GroundedResidualEnergyCompositionHard,true_mcq_grec_hard,,
MMBench_DEV_EN_V11,LLaVA-NeXT-8B_Biased_Test,3000647,vcf_only,vcf_only,B,B,1.0,0,1,0.0,0.3342897815064682,B,B,D,B,4,4,0,gray,gray,B,B,B,1,0,MCQ,grec_hard_composition_gate,GroundedResidualEnergyCompositionHard,true_mcq_grec_hard,,
MMBench_DEV_EN_V11,LLaVA-NeXT-8B_Biased_Test,3000656,both,both,D,D,1.0,1,1,0.11045103588316474,1.0,D,D,D,D,1,4,0,strongblur,gray,D,D,D,1,0,MCQ,grec_hard_composition_gate,GroundedResidualEnergyCompositionHard,true_mcq_grec_hard,,
MMBench_DEV_EN_V11,LLaVA-NeXT-8B_Biased_Test,3000685,vcf_only,vcf_only,C,D,0.0,0,1,0.0,0.3925091226124584,C,C,C,C,4,4,0,strongblur,strongblur,C,C,C,1,0,MCQ,grec_hard_composition_gate,GroundedResidualEnergyCompositionHard,true_mcq_grec_hard,,
MMBench_DEV_EN_V11,LLaVA-NeXT-8B_Biased_Test,3000773,vcf_only,vcf_only,C,C,1.0,0,1,0.0,1.0,C,C,C,C,4,4,0,strongblur,centermask,C,C,C,1,0,MCQ,grec_hard_composition_gate,GroundedResidualEnergyCompositionHard,true_mcq_grec_hard,,
MMBench_DEV_EN_V11,LLaVA-NeXT-8B_Biased_Test,3000776,vcf_only,vcf_only,D,B,0.0,0,1,0.0,0.5628327351306429,D,D,D,D,4,4,0,strongblur,strongblur,D,D,D,1,0,MCQ,grec_hard_composition_gate,GroundedResidualEnergyCompositionHard,true_mcq_grec_hard,,
MMBench_DEV_EN_V11,LLaVA-NeXT-8B_Biased_Test,3000778,both,both,A,B,0.0,1,1,1.0,0.35476234317951233,A,A,A,A,1,4,0,strongblur,gray,A,A,A,1,0,MCQ,grec_hard_composition_gate,GroundedResidualEnergyCompositionHard,true_mcq_grec_hard,,
MMBench_DEV_EN_V11,LLaVA-NeXT-8B_Biased_Test,3000779,vcf_only,vcf_only,A,B,0.0,0,1,0.0,1.0,A,A,A,A,4,4,0,strongblur,strongblur,A,A,A,1,0,MCQ,grec_hard_composition_gate,GroundedResidualEnergyCompositionHard,true_mcq_grec_hard,,
MMBench_DEV_EN_V11,LLaVA-NeXT-8B_Biased_Test,3000785,vcf_only,vcf_only,C,A,0.0,0,1,0.0,0.6391624031207321,D,D,D,B,4,4,1,strongblur,strongblur,C,C,C,0,0,MCQ,grec_hard_composition_gate,GroundedResidualEnergyCompositionHard,true_mcq_grec_hard,,
MMBench_DEV_EN_V11,LLaVA-NeXT-8B_Biased_Test,3000788,vcf_only,vcf_only,C,B,0.0,0,1,0.0,0.3925091226124584,C,C,C,C,4,4,0,gray,gray,C,C,C,1,0,MCQ,grec_hard_composition_gate,GroundedResidualEnergyCompositionHard,true_mcq_grec_hard,,
MMBench_DEV_EN_V11,LLaVA-NeXT-8B_Biased_Test,3000792,both,both,C,A,0.0,1,1,0.0,0.9512184399721876,C,B,D,B,2,4,1,centermask,gray,B,C,C,0,1,MCQ,grec_hard_composition_gate,GroundedResidualEnergyCompositionHard,true_mcq_grec_hard,,
MMBench_DEV_EN_V11,LLaVA-NeXT-8B_Biased_Test,3000799,vcf_only,vcf_only,C,A,0.0,0,1,0.0,0.928513623934651,C,C,D,C,4,4,0,strongblur,strongblur,C,C,C,1,0,MCQ,grec_hard_composition_gate,GroundedResidualEnergyCompositionHard,true_mcq_grec_hard,,
MMBench_DEV_EN_V11,LLaVA-NeXT-8B_Biased_Test,3000800,vcf_only,vcf_only,A,C,0.0,0,1,0.0,1.0,A,B,D,A,4,4,0,strongblur,gray,A,A,A,1,0,MCQ,grec_hard_composition_gate,GroundedResidualEnergyCompositionHard,true_mcq_grec_hard,,
MMBench_DEV_EN_V11,LLaVA-NeXT-8B_Biased_Test,3000803,vcf_only,vcf_only,A,B,0.0,0,1,0.0,1.0,A,A,D,A,4,4,0,strongblur,strongblur,A,A,A,1,0,MCQ,grec_hard_composition_gate,GroundedResidualEnergyCompositionHard,true_mcq_grec_hard,,
MMBench_DEV_EN_V11,LLaVA-NeXT-8B_Biased_Test,3000826,vcf_only,vcf_only,B,B,1.0,0,1,0.0,0.38041609833225803,A,B,A,B,4,4,1,gray,gray,B,B,B,0,0,MCQ,grec_hard_composition_gate,GroundedResidualEnergyCompositionHard,true_mcq_grec_hard,,
MMBench_DEV_EN_V11,LLaVA-NeXT-8B_Biased_Test,3000866,vcf_only,vcf_only,D,D,1.0,0,1,0.0,0.907905142523854,D,B,B,B,4,4,0,gray,gray,D,D,D,0,0,MCQ,grec_hard_composition_gate,GroundedResidualEnergyCompositionHard,true_mcq_grec_hard,,
MMBench_DEV_EN_V11,LLaVA-NeXT-8B_Biased_Test,3000867,both,both,B,B,1.0,1,1,0.0111242608870592,1.0,B,C,C,C,1,4,1,centermask,gray,C,B,B,0,1,MCQ,grec_hard_composition_gate,GroundedResidualEnergyCompositionHard,true_mcq_grec_hard,,
MMBench_DEV_EN_V11,LLaVA-NeXT-8B_Biased_Test,3000892,vcf_only,vcf_only,B,C,0.0,0,1,0.0,0.23815801519203408,D,D,D,D,4,4,1,centermask,centermask,B,B,B,1,0,MCQ,grec_hard_composition_gate,GroundedResidualEnergyCompositionHard,true_mcq_grec_hard,,
MMBench_DEV_EN_V11,LLaVA-NeXT-8B_Biased_Test,3000904,vcf_only,vcf_only,A,A,1.0,0,1,0.0,0.959448840706832,A,A,C,A,4,4,0,centermask,gray,A,A,A,1,0,MCQ,grec_hard_composition_gate,GroundedResidualEnergyCompositionHard,true_mcq_grec_hard,,
MMBench_DEV_EN_V11,LLaVA-NeXT-8B_Biased_Test,3000923,vcf_only,vcf_only,A,C,0.0,0,1,0.0,0.23402401190517155,D,D,D,A,4,4,1,centermask,centermask,A,A,A,0,0,MCQ,grec_hard_composition_gate,GroundedResidualEnergyCompositionHard,true_mcq_grec_hard,,
MMBench_DEV_EN_V11,LLaVA-NeXT-8B_Biased_Test,3000927,tcf_only,tcf_only,C,B,0.0,1,0,0.0,0.0,C,C,C,C,1,4,0,gray,gray,C,C,C,1,0,MCQ,grec_hard_composition_gate,GroundedResidualEnergyCompositionHard,true_mcq_grec_hard,,
MMBench_DEV_EN_V11,LLaVA-NeXT-8B_Biased_Test,3000967,vcf_only,vcf_only,B,D,0.0,0,1,0.0,0.14059811022575747,B,D,B,B,4,4,0,centermask,gray,B,B,B,1,0,MCQ,grec_hard_composition_gate,GroundedResidualEnergyCompositionHard,true_mcq_grec_hard,,
MMBench_DEV_EN_V11,LLaVA-NeXT-8B_Biased_Test,3000968,vcf_only,vcf_only,B,B,1.0,0,1,0.0,0.0404054934632653,C,C,C,B,4,4,1,gray,gray,B,B,B,0,0,MCQ,grec_hard_composition_gate,GroundedResidualEnergyCompositionHard,true_mcq_grec_hard,,
MMBench_DEV_EN_V11,LLaVA-NeXT-8B_Biased_Test,3000970,tcf_only,tcf_only,C,C,1.0,1,0,0.06591131186378751,0.0,C,C,B,C,1,4,0,gray,gray,C,C,C,1,0,MCQ,grec_hard_composition_gate,GroundedResidualEnergyCompositionHard,true_mcq_grec_hard,,
MMBench_DEV_EN_V11,LLaVA-NeXT-8B_Biased_Test,3000975,tcf_only,both,A,A,1.0,1,1,0.07862854644718453,0.3925091226124584,A,D,A,D,2,4,1,gray,gray,B,A,A,0,1,MCQ,grec_hard_composition_gate,GroundedResidualEnergyCompositionHard,true_mcq_grec_hard,,
MMBench_DEV_EN_V11,LLaVA-NeXT-8B_Biased_Test,3000976,vcf_only,vcf_only,D,D,1.0,0,1,0.0,1.0,D,D,D,D,4,4,0,strongblur,gray,D,D,D,1,0,MCQ,grec_hard_composition_gate,GroundedResidualEnergyCompositionHard,true_mcq_grec_hard,,
MMBench_DEV_EN_V11,LLaVA-NeXT-8B_Biased_Test,3000986,vcf_only,vcf_only,B,B,1.0,0,1,0.0,0.17960522500107837,D,B,D,B,4,4,1,gray,gray,B,B,B,0,0,MCQ,grec_hard_composition_gate,GroundedResidualEnergyCompositionHard,true_mcq_grec_hard,,
MMBench_DEV_EN_V11,LLaVA-NeXT-8B_Biased_Test,3001003,vcf_only,vcf_only,A,B,0.0,0,1,0.0,0.6125660568926194,D,D,D,A,4,4,1,centermask,gray,A,A,A,0,0,MCQ,grec_hard_composition_gate,GroundedResidualEnergyCompositionHard,true_mcq_grec_hard,,
MMBench_DEV_EN_V11,LLaVA-NeXT-8B_Biased_Test,3001004,both,both,A,A,1.0,1,1,1.0,1.0,A,A,A,A,1,4,0,centermask,centermask,A,A,A,1,0,MCQ,grec_hard_composition_gate,GroundedResidualEnergyCompositionHard,true_mcq_grec_hard,,
MMBench_DEV_EN_V11,LLaVA-NeXT-8B_Biased_Test,3001015,vcf_only,vcf_only,A,C,0.0,0,1,0.0,0.4503336631442855,B,B,B,B,4,4,1,gray,gray,A,A,A,1,0,MCQ,grec_hard_composition_gate,GroundedResidualEnergyCompositionHard,true_mcq_grec_hard,,
MMBench_DEV_EN_V11,LLaVA-NeXT-8B_Biased_Test,3001300,vcf_only,vcf_only,C,C,1.0,0,1,0.0,0.4240941311727058,D,D,D,C,4,4,1,gray,gray,C,C,C,0,0,MCQ,grec_hard_composition_gate,GroundedResidualEnergyCompositionHard,true_mcq_grec_hard,,
MMBench_DEV_EN_V11,LLaVA-NeXT-8B_Biased_Test,3001338,vcf_only,vcf_only,B,D,0.0,0,1,0.0,0.18092073664194222,B,B,B,B,4,4,0,gray,gray,B,B,B,1,0,MCQ,grec_hard_composition_gate,GroundedResidualEnergyCompositionHard,true_mcq_grec_hard,,
MMBench_DEV_EN_V11,LLaVA-NeXT-8B_Biased_Test,3001377,tcf_only,tcf_only,B,B,1.0,1,0,1.0,0.0,B,B,B,B,1,4,0,strongblur,gray,B,B,B,1,0,MCQ,grec_hard_composition_gate,GroundedResidualEnergyCompositionHard,true_mcq_grec_hard,,
MMBench_DEV_EN_V11,LLaVA-NeXT-8B_Biased_Test,3001428,vcf_only,vcf_only,C,C,1.0,0,1,0.0,0.5365748585193867,B,B,B,B,4,4,1,gray,gray,C,C,C,1,0,MCQ,grec_hard_composition_gate,GroundedResidualEnergyCompositionHard,true_mcq_grec_hard,,
MMBench_DEV_EN_V11,LLaVA-NeXT-8B_Biased_Test,3001444,tcf_only,tcf_only,C,C,1.0,1,0,0.024230095835492182,0.0,C,C,B,C,1,4,0,gray,gray,C,C,C,1,0,MCQ,grec_hard_composition_gate,GroundedResidualEnergyCompositionHard,true_mcq_grec_hard,,
MMBench_DEV_EN_V11,LLaVA-NeXT-8B_Biased_Test,3001469,vcf_only,vcf_only,B,D,0.0,0,1,0.0,0.10301046317334361,B,B,B,B,4,4,0,centermask,centermask,B,B,B,1,0,MCQ,grec_hard_composition_gate,GroundedResidualEnergyCompositionHard,true_mcq_grec_hard,,
MMBench_DEV_EN_V11,LLaVA-NeXT-8B_Biased_Test,3001485,tcf_only,tcf_only,D,D,1.0,1,0,0.013505466714571757,0.0,D,D,D,D,1,4,0,centermask,centermask,D,D,D,1,0,MCQ,grec_hard_composition_gate,GroundedResidualEnergyCompositionHard,true_mcq_grec_hard,,
MMBench_DEV_EN_V11,LLaVA-NeXT-8B_Biased_Test,3001488,tcf_only,tcf_only,C,C,1.0,1,0,0.0,0.0,C,A,A,C,1,4,0,centermask,gray,C,C,C,1,0,MCQ,grec_hard_composition_gate,GroundedResidualEnergyCompositionHard,true_mcq_grec_hard,,
MMBench_DEV_EN_V11,LLaVA-NeXT-8B_Biased_Test,3001511,tcf_only,tcf_only,B,C,0.0,1,0,0.0,0.0,B,C,C,C,1,4,0,strongblur,strongblur,B,B,B,0,0,MCQ,grec_hard_composition_gate,GroundedResidualEnergyCompositionHard,true_mcq_grec_hard,,
MMBench_DEV_EN_V11,LLaVA-NeXT-8B_Biased_Test,3001538,tcf_only,both,D,D,1.0,1,1,0.019811162925796877,0.9533613249349531,D,D,D,C,1,4,1,strongblur,strongblur,D,D,D,0,1,MCQ,grec_hard_composition_gate,GroundedResidualEnergyCompositionHard,true_mcq_grec_hard,,
MMBench_DEV_EN_V11,LLaVA-NeXT-8B_Biased_Test,3001602,vcf_only,vcf_only,B,B,1.0,0,1,0.0,0.3925091226124584,C,C,C,C,4,4,1,centermask,gray,B,B,B,1,0,MCQ,grec_hard_composition_gate,GroundedResidualEnergyCompositionHard,true_mcq_grec_hard,,
MMBench_DEV_EN_V11,LLaVA-NeXT-8B_Biased_Test,3001632,tcf_only,both,A,D,0.0,1,1,0.2520168425712901,0.850166126848514,A,D,D,D,1,4,1,gray,gray,A,A,A,0,1,MCQ,grec_hard_composition_gate,GroundedResidualEnergyCompositionHard,true_mcq_grec_hard,,
MMBench_DEV_EN_V11,LLaVA-NeXT-8B_Biased_Test,3001636,tcf_only,tcf_only,A,A,1.0,1,0,0.014712673904113016,0.0,A,B,B,A,1,4,0,centermask,centermask,A,A,A,1,0,MCQ,grec_hard_composition_gate,GroundedResidualEnergyCompositionHard,true_mcq_grec_hard,,
MMBench_DEV_EN_V11,LLaVA-NeXT-8B_Biased_Test,3001639,tcf_only,both,D,D,1.0,1,1,0.0,0.3925091226124584,D,B,D,B,2,4,1,gray,gray,A,D,D,0,1,MCQ,grec_hard_composition_gate,GroundedResidualEnergyCompositionHard,true_mcq_grec_hard,,
MMBench_DEV_EN_V11,LLaVA-NeXT-8B_Biased_Test,3001642,tcf_only,tcf_only,C,C,1.0,1,0,0.0,0.0,C,C,A,A,2,4,1,gray,gray,C,C,C,0,0,MCQ,grec_hard_composition_gate,GroundedResidualEnergyCompositionHard,true_mcq_grec_hard,,
MMBench_DEV_EN_V11,LLaVA-NeXT-8B_Biased_Test,3001645,tcf_only,tcf_only,C,B,0.0,1,0,0.0,0.0,C,C,C,A,1,4,1,strongblur,gray,C,C,C,0,0,MCQ,grec_hard_composition_gate,GroundedResidualEnergyCompositionHard,true_mcq_grec_hard,,
MMBench_DEV_EN_V11,LLaVA-NeXT-8B_Biased_Test,3001655,tcf_only,both,C,C,1.0,1,1,0.05334542398268738,0.7174414634563965,C,C,C,C,1,4,1,gray,gray,C,C,C,1,0,MCQ,grec_hard_composition_gate,GroundedResidualEnergyCompositionHard,true_mcq_grec_hard,,
MMBench_DEV_EN_V11,LLaVA-NeXT-8B_Biased_Test,3001656,both,both,A,A,1.0,1,1,0.0,1.0,A,C,D,C,1,4,0,strongblur,gray,A,A,A,0,1,MCQ,grec_hard_composition_gate,GroundedResidualEnergyCompositionHard,true_mcq_grec_hard,,
MMBench_DEV_EN_V11,LLaVA-NeXT-8B_Biased_Test,3001658,tcf_only,tcf_only,A,B,0.0,1,0,0.0,0.0,A,A,A,A,1,4,0,gray,gray,A,A,A,1,0,MCQ,grec_hard_composition_gate,GroundedResidualEnergyCompositionHard,true_mcq_grec_hard,,
MMBench_DEV_EN_V11,LLaVA-NeXT-8B_Biased_Test,3001659,both,both,A,A,1.0,1,1,0.007513279753105229,1.0,A,A,A,D,1,4,1,strongblur,gray,A,A,A,0,1,MCQ,grec_hard_composition_gate,GroundedResidualEnergyCompositionHard,true_mcq_grec_hard,,
MMBench_DEV_EN_V11,LLaVA-NeXT-8B_Biased_Test,3001660,tcf_only,tcf_only,A,A,1.0,1,0,0.0,0.0,A,A,A,D,1,4,1,centermask,centermask,A,A,A,0,0,MCQ,grec_hard_composition_gate,GroundedResidualEnergyCompositionHard,true_mcq_grec_hard,,
MMBench_DEV_EN_V11,LLaVA-NeXT-8B_Biased_Test,3001662,tcf_only,both,D,D,1.0,1,1,0.019999960963498875,0.5633946978398403,D,D,D,D,1,4,0,gray,gray,D,D,D,1,0,MCQ,grec_hard_composition_gate,GroundedResidualEnergyCompositionHard,true_mcq_grec_hard,,
MMBench_DEV_EN_V11,LLaVA-NeXT-8B_Biased_Test,3001666,tcf_only,both,B,D,0.0,1,1,0.0,1.0,B,D,D,D,1,4,1,strongblur,gray,B,B,B,0,1,MCQ,grec_hard_composition_gate,GroundedResidualEnergyCompositionHard,true_mcq_grec_hard,,
MMBench_DEV_EN_V11,LLaVA-NeXT-8B_Biased_Test,3001667,tcf_only,tcf_only,A,C,0.0,1,0,0.06334763773933494,0.0,A,A,A,B,1,4,1,strongblur,gray,A,A,A,0,0,MCQ,grec_hard_composition_gate,GroundedResidualEnergyCompositionHard,true_mcq_grec_hard,,
MMBench_DEV_EN_V11,LLaVA-NeXT-8B_Biased_Test,3001668,tcf_only,both,D,D,1.0,1,1,0.0,0.20692471181830513,D,D,D,B,2,4,1,centermask,centermask,A,D,D,0,1,MCQ,grec_hard_composition_gate,GroundedResidualEnergyCompositionHard,true_mcq_grec_hard,,
MMBench_DEV_EN_V11,LLaVA-NeXT-8B_Biased_Test,3001671,tcf_only,both,A,D,0.0,1,1,0.08289266697877751,0.8896460088909994,A,D,D,D,2,4,1,centermask,gray,A,A,A,0,1,MCQ,grec_hard_composition_gate,GroundedResidualEnergyCompositionHard,true_mcq_grec_hard,,
MMBench_DEV_EN_V11,LLaVA-NeXT-8B_Biased_Test,3001675,tcf_only,both,C,C,1.0,1,1,0.0,0.7129703105795432,C,C,C,C,1,4,0,gray,gray,C,C,C,1,0,MCQ,grec_hard_composition_gate,GroundedResidualEnergyCompositionHard,true_mcq_grec_hard,,
MMBench_DEV_EN_V11,LLaVA-NeXT-8B_Biased_Test,3001676,tcf_only,both,D,D,1.0,1,1,0.006903607459115557,0.8138999653722395,D,D,D,D,1,4,0,gray,gray,D,D,D,1,0,MCQ,grec_hard_composition_gate,GroundedResidualEnergyCompositionHard,true_mcq_grec_hard,,
MMBench_DEV_EN_V11,LLaVA-NeXT-8B_Biased_Test,3001677,tcf_only,both,C,D,0.0,1,1,0.008932048500507772,0.9798636468885095,C,D,D,D,1,4,0,gray,gray,C,C,C,0,1,MCQ,grec_hard_composition_gate,GroundedResidualEnergyCompositionHard,true_mcq_grec_hard,,
MMBench_DEV_EN_V11,LLaVA-NeXT-8B_Biased_Test,3001684,vcf_only,vcf_only,B,C,0.0,0,1,0.0,0.8617054672827374,B,B,B,B,4,4,0,gray,gray,B,B,B,1,0,MCQ,grec_hard_composition_gate,GroundedResidualEnergyCompositionHard,true_mcq_grec_hard,,
MMBench_DEV_EN_V11,LLaVA-NeXT-8B_Biased_Test,3001700,vcf_only,vcf_only,B,B,1.0,0,1,0.0,0.21680393370729983,B,B,A,B,4,4,0,centermask,gray,B,B,B,1,0,MCQ,grec_hard_composition_gate,GroundedResidualEnergyCompositionHard,true_mcq_grec_hard,,
MMBench_DEV_EN_V11,LLaVA-NeXT-8B_Biased_Test,3001707,vcf_only,vcf_only,B,B,1.0,0,1,0.0,1.0,B,A,A,B,4,4,0,strongblur,strongblur,B,B,B,1,0,MCQ,grec_hard_composition_gate,GroundedResidualEnergyCompositionHard,true_mcq_grec_hard,,
MMBench_DEV_EN_V11,LLaVA-NeXT-8B_Biased_Test,3001712,tcf_only,tcf_only,C,C,1.0,1,0,0.0,0.0,C,C,C,C,1,4,0,strongblur,gray,C,C,C,1,0,MCQ,grec_hard_composition_gate,GroundedResidualEnergyCompositionHard,true_mcq_grec_hard,,
MMBench_DEV_EN_V11,LLaVA-NeXT-8B_Biased_Test,3001715,vcf_only,vcf_only,B,B,1.0,0,1,0.0,1.0,B,B,B,B,4,4,0,gray,gray,B,B,B,1,0,MCQ,grec_hard_composition_gate,GroundedResidualEnergyCompositionHard,true_mcq_grec_hard,,
MMBench_DEV_EN_V11,LLaVA-NeXT-8B_Biased_Test,3001729,both,both,B,B,1.0,1,1,0.02793045956418272,1.0,B,B,B,B,1,4,0,strongblur,strongblur,B,B,B,1,0,MCQ,grec_hard_composition_gate,GroundedResidualEnergyCompositionHard,true_mcq_grec_hard,,
MMBench_DEV_EN_V11,LLaVA-NeXT-8B_Biased_Test,3001740,tcf_only,tcf_only,D,D,1.0,1,0,0.0,0.0,D,D,D,D,1,4,0,gray,gray,D,D,D,1,0,MCQ,grec_hard_composition_gate,GroundedResidualEnergyCompositionHard,true_mcq_grec_hard,,
MMBench_DEV_EN_V11,LLaVA-NeXT-8B_Biased_Test,3001743,tcf_only,tcf_only,D,C,0.0,1,0,0.02938302465628917,0.0,D,A,A,A,2,4,1,centermask,centermask,D,D,D,0,0,MCQ,grec_hard_composition_gate,GroundedResidualEnergyCompositionHard,true_mcq_grec_hard,,
MMBench_DEV_EN_V11,LLaVA-NeXT-8B_Biased_Test,3001757,tcf_only,tcf_only,B,C,0.0,1,0,0.2558475508653042,0.0,B,C,B,A,1,4,1,gray,gray,B,B,B,0,0,MCQ,grec_hard_composition_gate,GroundedResidualEnergyCompositionHard,true_mcq_grec_hard,,
MMBench_DEV_EN_V11,LLaVA-NeXT-8B_Biased_Test,3001760,both,both,D,D,1.0,1,1,0.004113304787284555,1.0,D,D,D,C,1,4,1,strongblur,gray,D,D,D,0,1,MCQ,grec_hard_composition_gate,GroundedResidualEnergyCompositionHard,true_mcq_grec_hard,,
MMBench_DEV_EN_V11,LLaVA-NeXT-8B_Biased_Test,3001762,tcf_only,tcf_only,D,D,1.0,1,0,1.0,0.0,D,D,D,D,1,4,0,centermask,centermask,D,D,D,1,0,MCQ,grec_hard_composition_gate,GroundedResidualEnergyCompositionHard,true_mcq_grec_hard,,
MMBench_DEV_EN_V11,LLaVA-NeXT-8B_Biased_Test,3001769,tcf_only,both,C,C,1.0,1,1,0.08565053008151224,0.3760802267333695,C,C,C,C,1,4,0,gray,gray,C,C,C,1,0,MCQ,grec_hard_composition_gate,GroundedResidualEnergyCompositionHard,true_mcq_grec_hard,,
MMBench_DEV_EN_V11,LLaVA-NeXT-8B_Biased_Test,3001772,both,both,A,D,0.0,1,1,0.0,0.9057986683066238,A,A,A,A,3,4,0,gray,gray,A,A,A,1,0,MCQ,grec_hard_composition_gate,GroundedResidualEnergyCompositionHard,true_mcq_grec_hard,,
MMBench_DEV_EN_V11,LLaVA-NeXT-8B_Biased_Test,3001774,tcf_only,tcf_only,A,C,0.0,1,0,0.0,0.0,A,A,A,A,1,4,0,gray,gray,A,A,A,1,0,MCQ,grec_hard_composition_gate,GroundedResidualEnergyCompositionHard,true_mcq_grec_hard,,
MMBench_DEV_EN_V11,LLaVA-NeXT-8B_Biased_Test,3001847,vcf_only,vcf_only,D,C,0.0,0,1,0.0,0.726938086468308,A,A,A,A,4,4,1,gray,gray,D,D,D,1,0,MCQ,grec_hard_composition_gate,GroundedResidualEnergyCompositionHard,true_mcq_grec_hard,,
MMBench_DEV_EN_V11,LLaVA-NeXT-8B_Biased_Test,3001854,vcf_only,vcf_only,D,B,0.0,0,1,0.0,0.9608769588130905,A,C,C,D,4,4,1,strongblur,strongblur,D,D,D,0,0,MCQ,grec_hard_composition_gate,GroundedResidualEnergyCompositionHard,true_mcq_grec_hard,,
MMBench_DEV_EN_V11,LLaVA-NeXT-8B_Biased_Test,3001863,tcf_only,tcf_only,C,D,0.0,1,0,0.028321600102868105,0.0,C,D,C,D,1,4,1,centermask,centermask,C,C,C,0,0,MCQ,grec_hard_composition_gate,GroundedResidualEnergyCompositionHard,true_mcq_grec_hard,,
MMBench_DEV_EN_V11,LLaVA-NeXT-8B_Biased_Test,3001867,vcf_only,vcf_only,C,C,1.0,0,1,0.0,1.0,B,B,B,C,4,4,1,strongblur,gray,C,C,C,0,0,MCQ,grec_hard_composition_gate,GroundedResidualEnergyCompositionHard,true_mcq_grec_hard,,
MMBench_DEV_EN_V11,LLaVA-NeXT-8B_Biased_Test,3001870,vcf_only,vcf_only,C,C,1.0,0,1,0.0,1.0,D,D,D,C,4,4,1,centermask,gray,C,C,C,0,0,MCQ,grec_hard_composition_gate,GroundedResidualEnergyCompositionHard,true_mcq_grec_hard,,
MMBench_DEV_EN_V11,LLaVA-NeXT-8B_Biased_Test,3001871,vcf_only,vcf_only,D,A,0.0,0,1,0.0,0.8267139508871435,D,D,D,D,4,4,0,gray,gray,D,D,D,1,0,MCQ,grec_hard_composition_gate,GroundedResidualEnergyCompositionHard,true_mcq_grec_hard,,
MMBench_DEV_EN_V11,LLaVA-NeXT-8B_Biased_Test,3001875,tcf_only,tcf_only,B,B,1.0,1,0,0.014864865794930626,0.0,D,B,B,A,2,4,1,strongblur,gray,B,B,B,0,0,MCQ,grec_hard_composition_gate,GroundedResidualEnergyCompositionHard,true_mcq_grec_hard,,
MMBench_DEV_EN_V11,LLaVA-NeXT-8B_Biased_Test,3001878,both,both,D,C,0.0,1,1,0.07850903321949954,1.0,D,B,B,A,1,4,0,strongblur,gray,D,D,D,0,1,MCQ,grec_hard_composition_gate,GroundedResidualEnergyCompositionHard,true_mcq_grec_hard,,
MMBench_DEV_EN_V11,LLaVA-NeXT-8B_Biased_Test,3001879,vcf_only,vcf_only,C,C,1.0,0,1,0.0,0.959902108461115,A,B,B,B,4,4,1,centermask,gray,C,C,C,0,0,MCQ,grec_hard_composition_gate,GroundedResidualEnergyCompositionHard,true_mcq_grec_hard,,
MMBench_DEV_EN_V11,LLaVA-NeXT-8B_Biased_Test,3001882,vcf_only,vcf_only,D,C,0.0,0,1,0.0,1.0,D,D,D,D,4,4,0,strongblur,gray,D,D,D,1,0,MCQ,grec_hard_composition_gate,GroundedResidualEnergyCompositionHard,true_mcq_grec_hard,,
MMBench_DEV_EN_V11,LLaVA-NeXT-8B_Biased_Test,3001940,vcf_only,vcf_only,B,D,0.0,0,1,0.0,1.0,B,B,C,B,4,4,0,strongblur,centermask,B,B,B,1,0,MCQ,grec_hard_composition_gate,GroundedResidualEnergyCompositionHard,true_mcq_grec_hard,,
MMBench_DEV_EN_V11,LLaVA-NeXT-8B_Biased_Test,3001945,vcf_only,vcf_only,B,D,0.0,0,1,0.0,1.0,B,D,C,B,4,4,0,strongblur,strongblur,B,B,B,1,0,MCQ,grec_hard_composition_gate,GroundedResidualEnergyCompositionHard,true_mcq_grec_hard,,
MMBench_DEV_EN_V11,LLaVA-NeXT-8B_Biased_Test,3001952,vcf_only,vcf_only,D,D,1.0,0,1,0.0,0.9358558811241464,C,C,C,D,4,4,1,strongblur,strongblur,D,D,D,0,0,MCQ,grec_hard_composition_gate,GroundedResidualEnergyCompositionHard,true_mcq_grec_hard,,
MMBench_DEV_EN_V11,LLaVA-NeXT-8B_Biased_Test,3001953,vcf_only,vcf_only,A,A,1.0,0,1,0.0,0.9510692825086898,A,C,C,A,4,4,0,strongblur,strongblur,A,A,A,1,0,MCQ,grec_hard_composition_gate,GroundedResidualEnergyCompositionHard,true_mcq_grec_hard,,
MMBench_DEV_EN_V11,LLaVA-NeXT-8B_Biased_Test,3001965,tcf_only,tcf_only,A,A,1.0,1,0,0.0,0.0,A,A,D,A,1,4,0,centermask,gray,A,A,A,1,0,MCQ,grec_hard_composition_gate,GroundedResidualEnergyCompositionHard,true_mcq_grec_hard,,
MMBench_DEV_EN_V11,LLaVA-NeXT-8B_Biased_Test,3001979,vcf_only,vcf_only,A,A,1.0,0,1,0.0,1.0,A,D,A,A,4,4,0,strongblur,gray,A,A,A,1,0,MCQ,grec_hard_composition_gate,GroundedResidualEnergyCompositionHard,true_mcq_grec_hard,,
MMBench_DEV_EN_V11,LLaVA-NeXT-8B_Biased_Test,3002650,tcf_only,tcf_only,B,B,1.0,1,0,0.0026572818107750695,0.0,B,B,B,D,1,4,1,centermask,gray,B,B,B,0,0,MCQ,grec_hard_composition_gate,GroundedResidualEnergyCompositionHard,true_mcq_grec_hard,,
MMBench_DEV_EN_V11,LLaVA-NeXT-8B_Biased_Test,3002728,tcf_only,tcf_only,C,C,1.0,1,0,0.0,0.0,C,C,C,C,1,4,0,strongblur,strongblur,C,C,C,1,0,MCQ,grec_hard_composition_gate,GroundedResidualEnergyCompositionHard,true_mcq_grec_hard,,
MMBench_DEV_EN_V11,LLaVA-NeXT-8B_Biased_Test,3002946,tcf_only,tcf_only,C,A,0.0,1,0,0.5676641103464828,0.0,C,C,C,A,1,4,0,centermask,centermask,C,C,C,0,0,MCQ,grec_hard_composition_gate,GroundedResidualEnergyCompositionHard,true_mcq_grec_hard,,
MMBench_DEV_EN_V11,LLaVA-NeXT-8B_Biased_Test,3003067,tcf_only,both,C,C,1.0,1,1,1.0,1.0,C,A,A,A,1,4,0,centermask,gray,C,C,C,0,1,MCQ,grec_hard_composition_gate,GroundedResidualEnergyCompositionHard,true_mcq_grec_hard,,
MMBench_DEV_EN_V11,LLaVA-NeXT-8B_Biased_Test,3003068,vcf_only,vcf_only,C,D,0.0,0,1,0.0,0.7979667929541225,B,C,B,C,4,4,1,strongblur,strongblur,C,C,C,0,0,MCQ,grec_hard_composition_gate,GroundedResidualEnergyCompositionHard,true_mcq_grec_hard,,
MMBench_DEV_EN_V11,LLaVA-NeXT-8B_Biased_Test,3003071,vcf_only,vcf_only,C,B,0.0,0,1,0.0,0.849227091708875,C,C,C,C,4,4,0,gray,gray,C,C,C,1,0,MCQ,grec_hard_composition_gate,GroundedResidualEnergyCompositionHard,true_mcq_grec_hard,,
MMBench_DEV_EN_V11,LLaVA-NeXT-8B_Biased_Test,3003079,vcf_only,vcf_only,B,D,0.0,0,1,0.0,0.2462280514607979,B,B,B,B,4,4,0,gray,gray,B,B,B,1,0,MCQ,grec_hard_composition_gate,GroundedResidualEnergyCompositionHard,true_mcq_grec_hard,,
MMBench_DEV_EN_V11,LLaVA-NeXT-8B_Biased_Test,3003088,vcf_only,vcf_only,A,D,0.0,0,1,0.0,0.13068966326761441,D,B,B,B,4,4,1,centermask,centermask,A,A,A,0,0,MCQ,grec_hard_composition_gate,GroundedResidualEnergyCompositionHard,true_mcq_grec_hard,,
MMBench_DEV_EN_V11,LLaVA-NeXT-8B_Biased_Test,3003119,tcf_only,tcf_only,C,C,1.0,1,0,0.17391935202179498,0.0,C,D,C,D,1,4,0,gray,gray,C,C,C,0,0,MCQ,grec_hard_composition_gate,GroundedResidualEnergyCompositionHard,true_mcq_grec_hard,,
MMBench_DEV_EN_V11,LLaVA-NeXT-8B_Biased_Test,3003128,vcf_only,vcf_only,A,D,0.0,0,1,0.0,0.6895263461597412,A,A,A,A,4,4,0,centermask,centermask,A,A,A,1,0,MCQ,grec_hard_composition_gate,GroundedResidualEnergyCompositionHard,true_mcq_grec_hard,,
MMBench_DEV_EN_V11,LLaVA-NeXT-8B_Biased_Test,3003166,vcf_only,vcf_only,A,A,1.0,0,1,0.0,1.0,A,D,D,A,4,4,0,strongblur,strongblur,A,A,A,1,0,MCQ,grec_hard_composition_gate,GroundedResidualEnergyCompositionHard,true_mcq_grec_hard,,
MMBench_DEV_EN_V11,LLaVA-NeXT-8B_Biased_Test,3003202,tcf_only,both,D,A,0.0,1,1,0.0,0.3925091226124584,D,D,D,D,1,4,0,strongblur,gray,D,D,D,1,0,MCQ,grec_hard_composition_gate,GroundedResidualEnergyCompositionHard,true_mcq_grec_hard,,
MMBench_DEV_EN_V11,LLaVA-NeXT-8B_Biased_Test,3003225,vcf_only,vcf_only,A,A,1.0,0,1,0.0,0.16161622403511414,C,C,C,A,4,4,1,strongblur,strongblur,A,A,A,0,0,MCQ,grec_hard_composition_gate,GroundedResidualEnergyCompositionHard,true_mcq_grec_hard,,
MMBench_DEV_EN_V11,LLaVA-NeXT-8B_Biased_Test,3003228,vcf_only,vcf_only,D,D,1.0,0,1,0.0,0.06949215134536221,B,B,B,B,4,4,1,centermask,gray,D,D,D,1,0,MCQ,grec_hard_composition_gate,GroundedResidualEnergyCompositionHard,true_mcq_grec_hard,,
MMBench_DEV_EN_V11,LLaVA-NeXT-8B_Biased_Test,3003366,vcf_only,vcf_only,D,D,1.0,0,1,0.0,0.15593179140224087,A,C,C,C,4,4,1,gray,gray,D,D,D,0,0,MCQ,grec_hard_composition_gate,GroundedResidualEnergyCompositionHard,true_mcq_grec_hard,,
MMBench_DEV_EN_V11,LLaVA-NeXT-8B_Biased_Test,3003380,tcf_only,tcf_only,C,C,1.0,1,0,0.0521783010967134,0.0,C,C,C,C,1,4,1,centermask,centermask,C,C,C,1,0,MCQ,grec_hard_composition_gate,GroundedResidualEnergyCompositionHard,true_mcq_grec_hard,,
MMBench_DEV_EN_V11,LLaVA-NeXT-8B_Biased_Test,3003394,both,both,C,B,0.0,1,1,0.05299683114744891,0.6908363331237717,C,C,C,C,1,4,0,centermask,centermask,C,C,C,1,0,MCQ,grec_hard_composition_gate,GroundedResidualEnergyCompositionHard,true_mcq_grec_hard,,
MMBench_DEV_EN_V11,LLaVA-NeXT-8B_Biased_Test,3003396,both,both,B,D,0.0,1,1,0.07779691078299167,0.8722167682427187,B,C,C,B,1,4,1,gray,gray,B,B,B,1,0,MCQ,grec_hard_composition_gate,GroundedResidualEnergyCompositionHard,true_mcq_grec_hard,,
MMBench_DEV_EN_V11,LLaVA-NeXT-8B_Biased_Test,3003427,tcf_only,tcf_only,C,D,0.0,1,0,1.0,0.0,C,C,C,C,1,4,0,strongblur,gray,C,C,C,1,0,MCQ,grec_hard_composition_gate,GroundedResidualEnergyCompositionHard,true_mcq_grec_hard,,
MMBench_DEV_EN_V11,LLaVA-NeXT-8B_Biased_Test,3003467,tcf_only,tcf_only,C,B,0.0,1,0,0.023790813824929424,0.0,C,C,C,B,1,4,0,gray,gray,C,C,C,0,0,MCQ,grec_hard_composition_gate,GroundedResidualEnergyCompositionHard,true_mcq_grec_hard,,
MMBench_DEV_EN_V11,LLaVA-NeXT-8B_Biased_Test,3003520,vcf_only,vcf_only,A,C,0.0,0,1,0.0,0.6387638287154619,A,D,D,A,4,4,0,gray,gray,A,A,A,1,0,MCQ,grec_hard_composition_gate,GroundedResidualEnergyCompositionHard,true_mcq_grec_hard,,
MMBench_DEV_EN_V11,LLaVA-NeXT-8B_Biased_Test,3003556,vcf_only,vcf_only,B,B,1.0,0,1,0.0,0.580973461535203,A,B,C,B,4,4,1,centermask,gray,B,B,B,0,0,MCQ,grec_hard_composition_gate,GroundedResidualEnergyCompositionHard,true_mcq_grec_hard,,
MMBench_DEV_EN_V11,LLaVA-NeXT-8B_Biased_Test,3003557,tcf_only,tcf_only,A,A,1.0,1,0,0.10415785345641715,0.0,A,A,A,B,1,4,1,strongblur,gray,A,A,A,0,0,MCQ,grec_hard_composition_gate,GroundedResidualEnergyCompositionHard,true_mcq_grec_hard,,
MMBench_DEV_EN_V11,LLaVA-NeXT-8B_Biased_Test,3003597,vcf_only,vcf_only,A,B,0.0,0,1,0.0,0.3925091226124584,A,C,D,A,4,4,0,strongblur,gray,A,A,A,1,0,MCQ,grec_hard_composition_gate,GroundedResidualEnergyCompositionHard,true_mcq_grec_hard,,
MMBench_DEV_EN_V11,LLaVA-NeXT-8B_Biased_Test,3003607,vcf_only,vcf_only,A,B,0.0,0,1,0.0,0.9928435114521199,A,A,D,A,4,4,0,strongblur,centermask,A,A,A,1,0,MCQ,grec_hard_composition_gate,GroundedResidualEnergyCompositionHard,true_mcq_grec_hard,,
MMBench_DEV_EN_V11,LLaVA-NeXT-8B_Biased_Test,3003611,both,both,C,C,1.0,1,1,0.02685636762451349,1.0,C,A,A,B,1,4,1,strongblur,centermask,C,C,C,0,1,MCQ,grec_hard_composition_gate,GroundedResidualEnergyCompositionHard,true_mcq_grec_hard,,
MMBench_DEV_EN_V11,LLaVA-NeXT-8B_Biased_Test,3003619,vcf_only,vcf_only,A,A,1.0,0,1,0.0,1.0,A,B,D,A,4,4,0,strongblur,gray,A,A,A,1,0,MCQ,grec_hard_composition_gate,GroundedResidualEnergyCompositionHard,true_mcq_grec_hard,,
MMBench_DEV_EN_V11,LLaVA-NeXT-8B_Biased_Test,3003625,vcf_only,vcf_only,A,A,1.0,0,1,0.0,0.849782547911948,A,D,D,A,4,4,0,gray,gray,A,A,A,1,0,MCQ,grec_hard_composition_gate,GroundedResidualEnergyCompositionHard,true_mcq_grec_hard,,
MMBench_DEV_EN_V11,LLaVA-NeXT-8B_Biased_Test,3003626,vcf_only,vcf_only,C,A,0.0,0,1,0.0,1.0,C,D,D,C,4,4,0,strongblur,strongblur,C,C,C,1,0,MCQ,grec_hard_composition_gate,GroundedResidualEnergyCompositionHard,true_mcq_grec_hard,,
MMBench_DEV_EN_V11,LLaVA-NeXT-8B_Biased_Test,3003631,vcf_only,vcf_only,D,A,0.0,0,1,0.0,0.3925091226124584,A,B,D,D,4,4,1,strongblur,centermask,D,D,D,0,0,MCQ,grec_hard_composition_gate,GroundedResidualEnergyCompositionHard,true_mcq_grec_hard,,
MMBench_DEV_EN_V11,LLaVA-NeXT-8B_Biased_Test,3003633,vcf_only,vcf_only,A,B,0.0,0,1,0.0,0.3925091226124584,A,A,D,A,4,4,0,strongblur,gray,A,A,A,1,0,MCQ,grec_hard_composition_gate,GroundedResidualEnergyCompositionHard,true_mcq_grec_hard,,
MMBench_DEV_EN_V11,LLaVA-NeXT-8B_Biased_Test,3003646,vcf_only,vcf_only,B,B,1.0,0,1,0.0,1.0,C,B,D,B,4,4,1,strongblur,strongblur,B,B,B,0,0,MCQ,grec_hard_composition_gate,GroundedResidualEnergyCompositionHard,true_mcq_grec_hard,,
MMBench_DEV_EN_V11,LLaVA-NeXT-8B_Biased_Test,3003653,vcf_only,vcf_only,C,A,0.0,0,1,0.0,1.0,A,A,D,A,4,4,1,strongblur,strongblur,C,C,C,1,0,MCQ,grec_hard_composition_gate,GroundedResidualEnergyCompositionHard,true_mcq_grec_hard,,
MMBench_DEV_EN_V11,LLaVA-NeXT-8B_Biased_Test,3003659,vcf_only,vcf_only,B,A,0.0,0,1,0.0,1.0,C,B,D,C,4,4,1,strongblur,gray,B,B,B,1,0,MCQ,grec_hard_composition_gate,GroundedResidualEnergyCompositionHard,true_mcq_grec_hard,,
MMBench_DEV_EN_V11,LLaVA-NeXT-8B_Biased_Test,3003668,both,both,A,A,1.0,1,1,0.01735333980221032,0.961060182170367,A,D,A,B,2,4,1,centermask,centermask,C,A,A,0,1,MCQ,grec_hard_composition_gate,GroundedResidualEnergyCompositionHard,true_mcq_grec_hard,,
MMBench_DEV_EN_V11,LLaVA-NeXT-8B_Biased_Test,3003672,vcf_only,vcf_only,A,A,1.0,0,1,0.0,1.0,A,B,D,A,4,4,0,strongblur,gray,A,A,A,1,0,MCQ,grec_hard_composition_gate,GroundedResidualEnergyCompositionHard,true_mcq_grec_hard,,
MMBench_DEV_EN_V11,LLaVA-NeXT-8B_Biased_Test,3003696,vcf_only,vcf_only,D,D,1.0,0,1,0.0,0.21867748204160276,D,B,B,D,4,4,0,gray,gray,D,D,D,1,0,MCQ,grec_hard_composition_gate,GroundedResidualEnergyCompositionHard,true_mcq_grec_hard,,
MMBench_DEV_EN_V11,LLaVA-NeXT-8B_Biased_Test,3003706,vcf_only,vcf_only,C,A,0.0,0,1,0.0,0.3925091226124584,A,C,A,C,4,4,1,gray,gray,C,C,C,0,0,MCQ,grec_hard_composition_gate,GroundedResidualEnergyCompositionHard,true_mcq_grec_hard,,
MMBench_DEV_EN_V11,LLaVA-NeXT-8B_Biased_Test,3003719,vcf_only,vcf_only,D,C,0.0,0,1,0.0,0.7765003093498946,A,D,D,D,4,4,1,centermask,centermask,D,D,D,0,0,MCQ,grec_hard_composition_gate,GroundedResidualEnergyCompositionHard,true_mcq_grec_hard,,
MMBench_DEV_EN_V11,LLaVA-NeXT-8B_Biased_Test,3003738,tcf_only,both,D,A,0.0,1,1,1.0,1.0,D,B,B,A,1,4,1,centermask,gray,D,D,D,0,1,MCQ,grec_hard_composition_gate,GroundedResidualEnergyCompositionHard,true_mcq_grec_hard,,
MMBench_DEV_EN_V11,LLaVA-NeXT-8B_Biased_Test,3003740,tcf_only,tcf_only,C,D,0.0,1,0,0.05704146701252499,0.0,C,B,C,B,1,4,1,gray,gray,C,C,C,0,0,MCQ,grec_hard_composition_gate,GroundedResidualEnergyCompositionHard,true_mcq_grec_hard,,
MMBench_DEV_EN_V11,LLaVA-NeXT-8B_Biased_Test,3003744,vcf_only,vcf_only,B,C,0.0,0,1,0.0,1.0,D,A,A,B,4,4,1,centermask,centermask,B,B,B,0,0,MCQ,grec_hard_composition_gate,GroundedResidualEnergyCompositionHard,true_mcq_grec_hard,,
MMBench_DEV_EN_V11,LLaVA-NeXT-8B_Biased_Test,3003752,tcf_only,tcf_only,C,C,1.0,1,0,0.09750015800388923,0.0,C,C,C,A,1,4,1,gray,gray,C,C,C,0,0,MCQ,grec_hard_composition_gate,GroundedResidualEnergyCompositionHard,true_mcq_grec_hard,,
MMBench_DEV_EN_V11,LLaVA-NeXT-8B_Biased_Test,3003764,vcf_only,vcf_only,A,B,0.0,0,1,0.0,0.5693219176394329,A,C,C,A,4,4,0,gray,gray,A,A,A,1,0,MCQ,grec_hard_composition_gate,GroundedResidualEnergyCompositionHard,true_mcq_grec_hard,,
MMBench_DEV_CN_V11,LLaVA-NeXT-8B_Biased_Test,286,vcf_only,vcf_only,A,A,1.0,0,1,0.0,1.0,A,B,B,A,2,2,0,gray,gray,A,A,A,1,0,MCQ,grec_hard_composition_gate,GroundedResidualEnergyCompositionHard,true_mcq_grec_hard,,
MMBench_DEV_CN_V11,LLaVA-NeXT-8B_Biased_Test,308,tcf_only,both,B,A,0.0,1,1,1.0,1.0,A,A,A,A,2,2,1,strongblur,gray,B,B,A,1,0,MCQ,grec_hard_composition_gate,GroundedResidualEnergyCompositionHard,true_mcq_grec_hard,,
MMBench_DEV_CN_V11,LLaVA-NeXT-8B_Biased_Test,313,tcf_only,both,A,A,1.0,1,1,1.0,1.0,A,A,A,B,2,2,1,strongblur,gray,B,A,A,0,1,MCQ,grec_hard_composition_gate,GroundedResidualEnergyCompositionHard,true_mcq_grec_hard,,
MMBench_DEV_CN_V11,LLaVA-NeXT-8B_Biased_Test,371,vcf_only,vcf_only,A,A,1.0,0,1,0.0,1.0,A,B,B,A,2,2,0,centermask,gray,A,A,A,1,0,MCQ,grec_hard_composition_gate,GroundedResidualEnergyCompositionHard,true_mcq_grec_hard,,
MMBench_DEV_CN_V11,LLaVA-NeXT-8B_Biased_Test,404,both,both,A,B,0.0,1,1,0.1868708313612757,1.0,A,A,A,A,1,2,1,strongblur,gray,A,A,A,1,0,MCQ,grec_hard_composition_gate,GroundedResidualEnergyCompositionHard,true_mcq_grec_hard,,
MMBench_DEV_CN_V11,LLaVA-NeXT-8B_Biased_Test,407,vcf_only,vcf_only,B,B,1.0,0,1,0.0,0.9921614647889726,A,A,A,A,2,2,1,strongblur,gray,B,B,B,1,0,MCQ,grec_hard_composition_gate,GroundedResidualEnergyCompositionHard,true_mcq_grec_hard,,
MMBench_DEV_CN_V11,LLaVA-NeXT-8B_Biased_Test,419,vcf_only,vcf_only,B,B,1.0,0,1,0.0,0.7574495298480877,A,A,A,A,2,2,1,gray,gray,B,B,B,1,0,MCQ,grec_hard_composition_gate,GroundedResidualEnergyCompositionHard,true_mcq_grec_hard,,
MMBench_DEV_CN_V11,LLaVA-NeXT-8B_Biased_Test,449,vcf_only,vcf_only,B,A,0.0,0,1,0.0,0.8563789770164375,B,B,B,B,2,2,0,gray,gray,B,B,B,1,0,MCQ,grec_hard_composition_gate,GroundedResidualEnergyCompositionHard,true_mcq_grec_hard,,
MMBench_DEV_CN_V11,LLaVA-NeXT-8B_Biased_Test,452,vcf_only,vcf_only,A,A,1.0,0,1,0.0,1.0,A,B,B,A,2,2,0,strongblur,strongblur,A,A,A,1,0,MCQ,grec_hard_composition_gate,GroundedResidualEnergyCompositionHard,true_mcq_grec_hard,,
MMBench_DEV_CN_V11,LLaVA-NeXT-8B_Biased_Test,481,vcf_only,vcf_only,A,A,1.0,0,1,0.0,1.0,A,B,B,A,2,2,0,strongblur,gray,A,A,A,1,0,MCQ,grec_hard_composition_gate,GroundedResidualEnergyCompositionHard,true_mcq_grec_hard,,
MMBench_DEV_CN_V11,LLaVA-NeXT-8B_Biased_Test,482,vcf_only,vcf_only,A,A,1.0,0,1,0.0,0.97687338002703,A,A,B,A,2,2,0,strongblur,gray,A,A,A,1,0,MCQ,grec_hard_composition_gate,GroundedResidualEnergyCompositionHard,true_mcq_grec_hard,,
MMBench_DEV_CN_V11,LLaVA-NeXT-8B_Biased_Test,484,vcf_only,vcf_only,B,A,0.0,0,1,0.0,0.8716919706604082,B,B,B,B,2,2,0,strongblur,strongblur,B,B,B,1,0,MCQ,grec_hard_composition_gate,GroundedResidualEnergyCompositionHard,true_mcq_grec_hard,,
MMBench_DEV_CN_V11,LLaVA-NeXT-8B_Biased_Test,486,vcf_only,vcf_only,A,B,0.0,0,1,0.0,0.20851382347647554,A,A,A,A,2,2,0,gray,gray,A,A,A,1,0,MCQ,grec_hard_composition_gate,GroundedResidualEnergyCompositionHard,true_mcq_grec_hard,,
MMBench_DEV_CN_V11,LLaVA-NeXT-8B_Biased_Test,858,vcf_only,vcf_only,A,A,1.0,0,1,0.0,1.0,A,B,B,A,2,2,0,strongblur,strongblur,A,A,A,1,0,MCQ,grec_hard_composition_gate,GroundedResidualEnergyCompositionHard,true_mcq_grec_hard,,
MMBench_DEV_CN_V11,LLaVA-NeXT-8B_Biased_Test,1231,tcf_only,tcf_only,A,A,1.0,1,0,0.0,0.0,A,B,A,A,1,2,0,strongblur,gray,A,A,A,1,0,MCQ,grec_hard_composition_gate,GroundedResidualEnergyCompositionHard,true_mcq_grec_hard,,
MMBench_DEV_CN_V11,LLaVA-NeXT-8B_Biased_Test,1257,tcf_only,tcf_only,A,B,0.0,1,0,1.0,0.0,A,A,A,B,1,2,1,strongblur,gray,A,A,A,0,0,MCQ,grec_hard_composition_gate,GroundedResidualEnergyCompositionHard,true_mcq_grec_hard,,
MMBench_DEV_CN_V11,LLaVA-NeXT-8B_Biased_Test,1258,tcf_only,tcf_only,A,A,1.0,1,0,0.0,0.0,A,B,B,B,1,2,1,gray,gray,A,A,A,0,0,MCQ,grec_hard_composition_gate,GroundedResidualEnergyCompositionHard,true_mcq_grec_hard,,
MMBench_DEV_CN_V11,LLaVA-NeXT-8B_Biased_Test,1262,vcf_only,vcf_only,B,A,0.0,0,1,0.0,0.8134319868147519,B,B,B,B,2,2,0,gray,gray,B,B,B,1,0,MCQ,grec_hard_composition_gate,GroundedResidualEnergyCompositionHard,true_mcq_grec_hard,,
MMBench_DEV_CN_V11,LLaVA-NeXT-8B_Biased_Test,3113,vcf_only,vcf_only,B,B,1.0,0,1,0.0,1.0,B,A,A,A,2,2,0,centermask,centermask,B,B,B,0,0,MCQ,grec_hard_composition_gate,GroundedResidualEnergyCompositionHard,true_mcq_grec_hard,,
MMBench_DEV_CN_V11,LLaVA-NeXT-8B_Biased_Test,3301,vcf_only,vcf_only,B,A,0.0,0,1,0.0,0.8569977185570536,B,B,B,B,2,2,0,gray,gray,B,B,B,1,0,MCQ,grec_hard_composition_gate,GroundedResidualEnergyCompositionHard,true_mcq_grec_hard,,
MMBench_DEV_CN_V11,LLaVA-NeXT-8B_Biased_Test,3452,tcf_only,tcf_only,B,B,1.0,1,0,0.07237750192050019,0.0,B,B,B,A,1,2,1,strongblur,gray,B,B,B,0,0,MCQ,grec_hard_composition_gate,GroundedResidualEnergyCompositionHard,true_mcq_grec_hard,,
MMBench_DEV_CN_V11,LLaVA-NeXT-8B_Biased_Test,284,vcf_only,vcf_only,A,C,0.0,0,1,0.0,1.0,A,B,B,A,3,3,0,strongblur,gray,A,A,A,1,0,MCQ,grec_hard_composition_gate,GroundedResidualEnergyCompositionHard,true_mcq_grec_hard,,
MMBench_DEV_CN_V11,LLaVA-NeXT-8B_Biased_Test,285,tcf_only,both,C,A,0.0,1,1,1.0,0.9189611335720177,C,A,A,C,1,3,0,centermask,centermask,C,C,C,1,0,MCQ,grec_hard_composition_gate,GroundedResidualEnergyCompositionHard,true_mcq_grec_hard,,
MMBench_DEV_CN_V11,LLaVA-NeXT-8B_Biased_Test,288,vcf_only,vcf_only,C,C,1.0,0,1,0.0,1.0,C,B,B,C,3,3,0,strongblur,gray,C,C,C,1,0,MCQ,grec_hard_composition_gate,GroundedResidualEnergyCompositionHard,true_mcq_grec_hard,,
MMBench_DEV_CN_V11,LLaVA-NeXT-8B_Biased_Test,292,both,both,A,B,0.0,1,1,0.17414469045448744,1.0,A,B,B,B,2,3,1,strongblur,gray,B,A,A,0,1,MCQ,grec_hard_composition_gate,GroundedResidualEnergyCompositionHard,true_mcq_grec_hard,,
MMBench_DEV_CN_V11,LLaVA-NeXT-8B_Biased_Test,294,vcf_only,vcf_only,B,A,0.0,0,1,0.0,1.0,B,B,C,B,3,3,0,strongblur,gray,B,B,B,1,0,MCQ,grec_hard_composition_gate,GroundedResidualEnergyCompositionHard,true_mcq_grec_hard,,
MMBench_DEV_CN_V11,LLaVA-NeXT-8B_Biased_Test,300,tcf_only,tcf_only,A,A,1.0,1,0,1.0,0.0,A,A,A,C,2,3,1,centermask,gray,A,A,A,0,0,MCQ,grec_hard_composition_gate,GroundedResidualEnergyCompositionHard,true_mcq_grec_hard,,
MMBench_DEV_CN_V11,LLaVA-NeXT-8B_Biased_Test,307,vcf_only,vcf_only,A,A,1.0,0,1,0.0,1.0,A,A,A,A,3,3,0,strongblur,gray,A,A,A,1,0,MCQ,grec_hard_composition_gate,GroundedResidualEnergyCompositionHard,true_mcq_grec_hard,,
MMBench_DEV_CN_V11,LLaVA-NeXT-8B_Biased_Test,311,both,both,C,C,1.0,1,1,0.08395377623975553,0.9824047691723679,C,B,B,B,2,3,0,strongblur,strongblur,C,C,C,0,1,MCQ,grec_hard_composition_gate,GroundedResidualEnergyCompositionHard,true_mcq_grec_hard,,
MMBench_DEV_CN_V11,LLaVA-NeXT-8B_Biased_Test,408,vcf_only,vcf_only,B,A,0.0,0,1,0.0,0.9056230531479256,B,B,B,B,3,3,0,gray,gray,B,B,B,1,0,MCQ,grec_hard_composition_gate,GroundedResidualEnergyCompositionHard,true_mcq_grec_hard,,
MMBench_DEV_CN_V11,LLaVA-NeXT-8B_Biased_Test,412,vcf_only,vcf_only,C,B,0.0,0,1,0.0,0.7036120987036114,A,A,A,C,3,3,1,centermask,gray,C,C,C,0,0,MCQ,grec_hard_composition_gate,GroundedResidualEnergyCompositionHard,true_mcq_grec_hard,,
MMBench_DEV_CN_V11,LLaVA-NeXT-8B_Biased_Test,414,vcf_only,vcf_only,A,C,0.0,0,1,0.0,0.8926942699954818,C,B,B,C,3,3,1,strongblur,strongblur,A,A,A,1,0,MCQ,grec_hard_composition_gate,GroundedResidualEnergyCompositionHard,true_mcq_grec_hard,,
MMBench_DEV_CN_V11,LLaVA-NeXT-8B_Biased_Test,415,vcf_only,vcf_only,B,A,0.0,0,1,0.0,0.8304808857295061,A,A,C,B,3,3,1,strongblur,gray,B,B,B,0,0,MCQ,grec_hard_composition_gate,GroundedResidualEnergyCompositionHard,true_mcq_grec_hard,,
MMBench_DEV_CN_V11,LLaVA-NeXT-8B_Biased_Test,1012,tcf_only,tcf_only,A,B,0.0,1,0,1.0,0.0,A,A,A,A,2,4,0,strongblur,gray,A,A,A,1,0,MCQ,grec_hard_composition_gate,GroundedResidualEnergyCompositionHard,true_mcq_grec_hard,,
MMBench_DEV_CN_V11,LLaVA-NeXT-8B_Biased_Test,1104,tcf_only,tcf_only,B,B,1.0,1,0,0.0,0.0,B,B,B,B,1,3,1,gray,gray,B,B,B,1,0,MCQ,grec_hard_composition_gate,GroundedResidualEnergyCompositionHard,true_mcq_grec_hard,,
MMBench_DEV_CN_V11,LLaVA-NeXT-8B_Biased_Test,1105,vcf_only,neither,B,A,0.0,0,0,0.0,0.0,B,B,B,B,3,3,0,centermask,centermask,B,B,B,1,0,MCQ,grec_hard_composition_gate,GroundedResidualEnergyCompositionHard,true_mcq_grec_hard,,
MMBench_DEV_CN_V11,LLaVA-NeXT-8B_Biased_Test,1107,both,both,A,B,0.0,1,1,1.0,0.949971974646772,A,B,B,B,1,3,1,gray,gray,B,A,A,0,1,MCQ,grec_hard_composition_gate,GroundedResidualEnergyCompositionHard,true_mcq_grec_hard,,
MMBench_DEV_CN_V11,LLaVA-NeXT-8B_Biased_Test,1113,vcf_only,vcf_only,B,A,0.0,0,1,0.0,0.19886695963811885,B,B,B,B,3,3,0,centermask,centermask,B,B,B,1,0,MCQ,grec_hard_composition_gate,GroundedResidualEnergyCompositionHard,true_mcq_grec_hard,,
MMBench_DEV_CN_V11,LLaVA-NeXT-8B_Biased_Test,1114,vcf_only,vcf_only,A,A,1.0,0,1,0.0,0.22347977212048464,B,B,B,A,3,3,1,centermask,centermask,A,A,A,0,0,MCQ,grec_hard_composition_gate,GroundedResidualEnergyCompositionHard,true_mcq_grec_hard,,
MMBench_DEV_CN_V11,LLaVA-NeXT-8B_Biased_Test,1124,vcf_only,neither,B,A,0.0,0,0,0.0,0.0,B,B,B,B,3,3,0,gray,gray,B,B,B,1,0,MCQ,grec_hard_composition_gate,GroundedResidualEnergyCompositionHard,true_mcq_grec_hard,,
MMBench_DEV_CN_V11,LLaVA-NeXT-8B_Biased_Test,1125,tcf_only,tcf_only,A,B,0.0,1,0,0.06525005126214367,0.0,A,A,A,A,1,3,0,gray,gray,A,A,A,1,0,MCQ,grec_hard_composition_gate,GroundedResidualEnergyCompositionHard,true_mcq_grec_hard,,
MMBench_DEV_CN_V11,LLaVA-NeXT-8B_Biased_Test,1200,tcf_only,tcf_only,B,B,1.0,1,0,0.0752552474265391,0.0,B,B,B,C,1,4,1,gray,gray,B,B,B,0,0,MCQ,grec_hard_composition_gate,GroundedResidualEnergyCompositionHard,true_mcq_grec_hard,,
MMBench_DEV_CN_V11,LLaVA-NeXT-8B_Biased_Test,1210,tcf_only,tcf_only,A,A,1.0,1,0,0.0,0.0,A,A,A,B,1,4,1,strongblur,gray,A,A,A,0,0,MCQ,grec_hard_composition_gate,GroundedResidualEnergyCompositionHard,true_mcq_grec_hard,,
MMBench_DEV_CN_V11,LLaVA-NeXT-8B_Biased_Test,1212,vcf_only,vcf_only,A,B,0.0,0,1,0.0,1.0,A,C,C,A,4,4,0,strongblur,gray,A,A,A,1,0,MCQ,grec_hard_composition_gate,GroundedResidualEnergyCompositionHard,true_mcq_grec_hard,,
MMBench_DEV_CN_V11,LLaVA-NeXT-8B_Biased_Test,1553,vcf_only,vcf_only,D,A,0.0,0,1,0.0,0.2220453610162945,A,B,B,B,4,4,1,centermask,gray,D,D,D,0,0,MCQ,grec_hard_composition_gate,GroundedResidualEnergyCompositionHard,true_mcq_grec_hard,,
MMBench_DEV_CN_V11,LLaVA-NeXT-8B_Biased_Test,2124,vcf_only,vcf_only,C,A,0.0,0,1,0.0,1.0,C,A,B,A,3,3,0,centermask,centermask,C,C,C,0,0,MCQ,grec_hard_composition_gate,GroundedResidualEnergyCompositionHard,true_mcq_grec_hard,,
MMBench_DEV_CN_V11,LLaVA-NeXT-8B_Biased_Test,2420,vcf_only,vcf_only,B,C,0.0,0,1,0.0,0.9656083775307708,B,B,B,B,3,3,0,centermask,gray,B,B,B,1,0,MCQ,grec_hard_composition_gate,GroundedResidualEnergyCompositionHard,true_mcq_grec_hard,,
MMBench_DEV_CN_V11,LLaVA-NeXT-8B_Biased_Test,2540,both,neither,C,C,1.0,0,0,0.0,0.0,C,C,C,C,4,4,0,gray,gray,C,C,C,1,0,MCQ,grec_hard_composition_gate,GroundedResidualEnergyCompositionHard,true_mcq_grec_hard,,
MMBench_DEV_CN_V11,LLaVA-NeXT-8B_Biased_Test,2573,vcf_only,vcf_only,B,C,0.0,0,1,0.0,1.0,B,A,A,B,4,4,0,strongblur,gray,B,B,B,1,0,MCQ,grec_hard_composition_gate,GroundedResidualEnergyCompositionHard,true_mcq_grec_hard,,
MMBench_DEV_CN_V11,LLaVA-NeXT-8B_Biased_Test,3087,vcf_only,vcf_only,A,C,0.0,0,1,0.0,0.24099395895729453,B,B,B,B,3,3,1,centermask,centermask,A,A,A,1,0,MCQ,grec_hard_composition_gate,GroundedResidualEnergyCompositionHard,true_mcq_grec_hard,,
MMBench_DEV_CN_V11,LLaVA-NeXT-8B_Biased_Test,3509,vcf_only,vcf_only,A,B,0.0,0,1,0.0,0.734100411005328,A,A,A,A,3,3,0,gray,gray,A,A,A,1,0,MCQ,grec_hard_composition_gate,GroundedResidualEnergyCompositionHard,true_mcq_grec_hard,,
MMBench_DEV_CN_V11,LLaVA-NeXT-8B_Biased_Test,9,vcf_only,vcf_only,D,B,0.0,0,1,0.0,0.3925091226124584,B,A,A,A,4,4,1,strongblur,gray,D,D,D,0,0,MCQ,grec_hard_composition_gate,GroundedResidualEnergyCompositionHard,true_mcq_grec_hard,,
MMBench_DEV_CN_V11,LLaVA-NeXT-8B_Biased_Test,18,vcf_only,vcf_only,B,B,1.0,0,1,0.0,1.0,B,D,D,B,4,4,0,strongblur,strongblur,B,B,B,1,0,MCQ,grec_hard_composition_gate,GroundedResidualEnergyCompositionHard,true_mcq_grec_hard,,
MMBench_DEV_CN_V11,LLaVA-NeXT-8B_Biased_Test,151,both,both,A,B,0.0,1,1,0.2650276044251072,0.34670652938944485,A,A,A,A,2,4,0,centermask,centermask,A,A,A,1,0,MCQ,grec_hard_composition_gate,GroundedResidualEnergyCompositionHard,true_mcq_grec_hard,,
MMBench_DEV_CN_V11,LLaVA-NeXT-8B_Biased_Test,334,vcf_only,vcf_only,C,A,0.0,0,1,0.0,0.7062744018975962,A,D,D,C,4,4,1,gray,gray,C,C,C,0,0,MCQ,grec_hard_composition_gate,GroundedResidualEnergyCompositionHard,true_mcq_grec_hard,,
MMBench_DEV_CN_V11,LLaVA-NeXT-8B_Biased_Test,338,vcf_only,vcf_only,C,A,0.0,0,1,0.0,0.6395114674952868,B,B,B,C,4,4,1,gray,gray,C,C,C,0,0,MCQ,grec_hard_composition_gate,GroundedResidualEnergyCompositionHard,true_mcq_grec_hard,,
MMBench_DEV_CN_V11,LLaVA-NeXT-8B_Biased_Test,456,tcf_only,both,D,A,0.0,1,1,1.0,1.0,D,D,D,D,1,4,1,strongblur,gray,D,D,D,1,0,MCQ,grec_hard_composition_gate,GroundedResidualEnergyCompositionHard,true_mcq_grec_hard,,
MMBench_DEV_CN_V11,LLaVA-NeXT-8B_Biased_Test,462,tcf_only,tcf_only,A,D,0.0,1,0,1.0,0.0,A,D,D,A,1,4,0,centermask,gray,A,A,A,1,0,MCQ,grec_hard_composition_gate,GroundedResidualEnergyCompositionHard,true_mcq_grec_hard,,
MMBench_DEV_CN_V11,LLaVA-NeXT-8B_Biased_Test,491,tcf_only,tcf_only,A,A,1.0,1,0,0.04278373760133514,0.0,A,A,A,A,1,4,0,strongblur,centermask,A,A,A,1,0,MCQ,grec_hard_composition_gate,GroundedResidualEnergyCompositionHard,true_mcq_grec_hard,,
MMBench_DEV_CN_V11,LLaVA-NeXT-8B_Biased_Test,500,vcf_only,vcf_only,A,A,1.0,0,1,0.0,1.0,A,A,B,A,4,4,0,centermask,centermask,A,A,A,1,0,MCQ,grec_hard_composition_gate,GroundedResidualEnergyCompositionHard,true_mcq_grec_hard,,
MMBench_DEV_CN_V11,LLaVA-NeXT-8B_Biased_Test,562,vcf_only,vcf_only,A,B,0.0,0,1,0.0,0.3925091226124584,B,C,C,C,4,4,1,centermask,gray,A,A,A,0,0,MCQ,grec_hard_composition_gate,GroundedResidualEnergyCompositionHard,true_mcq_grec_hard,,
MMBench_DEV_CN_V11,LLaVA-NeXT-8B_Biased_Test,587,vcf_only,vcf_only,A,B,0.0,0,1,0.0,0.7292908261347713,C,C,C,A,4,4,1,strongblur,strongblur,A,A,A,0,0,MCQ,grec_hard_composition_gate,GroundedResidualEnergyCompositionHard,true_mcq_grec_hard,,
MMBench_DEV_CN_V11,LLaVA-NeXT-8B_Biased_Test,594,vcf_only,vcf_only,A,A,1.0,0,1,0.0,0.3925091226124584,A,A,A,A,4,4,0,centermask,centermask,A,A,A,1,0,MCQ,grec_hard_composition_gate,GroundedResidualEnergyCompositionHard,true_mcq_grec_hard,,
MMBench_DEV_CN_V11,LLaVA-NeXT-8B_Biased_Test,629,vcf_only,vcf_only,C,D,0.0,0,1,0.0,0.8655401592530739,A,B,B,C,4,4,1,gray,gray,C,C,C,0,0,MCQ,grec_hard_composition_gate,GroundedResidualEnergyCompositionHard,true_mcq_grec_hard,,
MMBench_DEV_CN_V11,LLaVA-NeXT-8B_Biased_Test,638,tcf_only,tcf_only,A,A,1.0,1,0,1.0,0.0,A,C,C,A,1,4,0,strongblur,gray,A,A,A,1,0,MCQ,grec_hard_composition_gate,GroundedResidualEnergyCompositionHard,true_mcq_grec_hard,,
MMBench_DEV_CN_V11,LLaVA-NeXT-8B_Biased_Test,647,vcf_only,vcf_only,A,C,0.0,0,1,0.0,0.9433365248639225,A,A,A,A,4,4,0,centermask,gray,A,A,A,1,0,MCQ,grec_hard_composition_gate,GroundedResidualEnergyCompositionHard,true_mcq_grec_hard,,
MMBench_DEV_CN_V11,LLaVA-NeXT-8B_Biased_Test,656,vcf_only,vcf_only,A,A,1.0,0,1,0.0,0.3925091226124584,A,A,A,A,4,4,0,strongblur,strongblur,A,A,A,1,0,MCQ,grec_hard_composition_gate,GroundedResidualEnergyCompositionHard,true_mcq_grec_hard,,
MMBench_DEV_CN_V11,LLaVA-NeXT-8B_Biased_Test,661,tcf_only,tcf_only,B,A,0.0,1,0,1.0,0.0,B,B,B,B,1,4,0,strongblur,gray,B,B,B,1,0,MCQ,grec_hard_composition_gate,GroundedResidualEnergyCompositionHard,true_mcq_grec_hard,,
MMBench_DEV_CN_V11,LLaVA-NeXT-8B_Biased_Test,689,vcf_only,vcf_only,C,A,0.0,0,1,0.0,0.3925091226124584,A,B,B,C,4,4,1,centermask,gray,C,C,C,0,0,MCQ,grec_hard_composition_gate,GroundedResidualEnergyCompositionHard,true_mcq_grec_hard,,
MMBench_DEV_CN_V11,LLaVA-NeXT-8B_Biased_Test,768,both,both,B,C,0.0,1,1,1.0,1.0,B,B,B,B,1,4,0,strongblur,gray,B,B,B,1,0,MCQ,grec_hard_composition_gate,GroundedResidualEnergyCompositionHard,true_mcq_grec_hard,,
MMBench_DEV_CN_V11,LLaVA-NeXT-8B_Biased_Test,773,both,both,D,D,1.0,1,1,1.0,0.3925091226124584,D,C,D,C,1,4,1,centermask,centermask,D,D,D,0,1,MCQ,grec_hard_composition_gate,GroundedResidualEnergyCompositionHard,true_mcq_grec_hard,,
MMBench_DEV_CN_V11,LLaVA-NeXT-8B_Biased_Test,776,vcf_only,vcf_only,C,C,1.0,0,1,0.0,0.3673205179099093,A,A,A,C,4,4,1,strongblur,strongblur,C,C,C,0,0,MCQ,grec_hard_composition_gate,GroundedResidualEnergyCompositionHard,true_mcq_grec_hard,,
MMBench_DEV_CN_V11,LLaVA-NeXT-8B_Biased_Test,778,vcf_only,vcf_only,A,C,0.0,0,1,0.0,0.3454234601838917,B,B,B,A,4,4,1,strongblur,gray,A,A,A,0,0,MCQ,grec_hard_composition_gate,GroundedResidualEnergyCompositionHard,true_mcq_grec_hard,,
MMBench_DEV_CN_V11,LLaVA-NeXT-8B_Biased_Test,785,vcf_only,vcf_only,C,B,0.0,0,1,0.0,0.06559400661814015,A,A,A,C,4,4,1,centermask,centermask,C,C,C,0,0,MCQ,grec_hard_composition_gate,GroundedResidualEnergyCompositionHard,true_mcq_grec_hard,,
MMBench_DEV_CN_V11,LLaVA-NeXT-8B_Biased_Test,788,tcf_only,tcf_only,D,C,0.0,1,0,1.0,0.0,D,D,D,D,1,4,0,strongblur,gray,D,D,D,1,0,MCQ,grec_hard_composition_gate,GroundedResidualEnergyCompositionHard,true_mcq_grec_hard,,
MMBench_DEV_CN_V11,LLaVA-NeXT-8B_Biased_Test,801,vcf_only,vcf_only,C,A,0.0,0,1,0.0,0.3925091226124584,D,A,D,C,4,4,1,centermask,gray,C,C,C,0,0,MCQ,grec_hard_composition_gate,GroundedResidualEnergyCompositionHard,true_mcq_grec_hard,,
MMBench_DEV_CN_V11,LLaVA-NeXT-8B_Biased_Test,805,vcf_only,vcf_only,A,B,0.0,0,1,0.0,0.35392294700932525,A,C,C,A,4,4,0,gray,gray,A,A,A,1,0,MCQ,grec_hard_composition_gate,GroundedResidualEnergyCompositionHard,true_mcq_grec_hard,,
MMBench_DEV_CN_V11,LLaVA-NeXT-8B_Biased_Test,865,both,both,B,D,0.0,1,1,1.0,1.0,B,B,C,C,1,4,0,centermask,gray,B,B,B,0,1,MCQ,grec_hard_composition_gate,GroundedResidualEnergyCompositionHard,true_mcq_grec_hard,,
MMBench_DEV_CN_V11,LLaVA-NeXT-8B_Biased_Test,866,tcf_only,tcf_only,A,A,1.0,1,0,1.0,0.0,A,A,C,A,1,4,0,gray,gray,A,A,A,1,0,MCQ,grec_hard_composition_gate,GroundedResidualEnergyCompositionHard,true_mcq_grec_hard,,
MMBench_DEV_CN_V11,LLaVA-NeXT-8B_Biased_Test,890,both,both,A,A,1.0,1,1,0.13411642171628424,1.0,A,A,A,A,1,4,0,strongblur,strongblur,A,A,A,1,0,MCQ,grec_hard_composition_gate,GroundedResidualEnergyCompositionHard,true_mcq_grec_hard,,
MMBench_DEV_CN_V11,LLaVA-NeXT-8B_Biased_Test,909,vcf_only,vcf_only,C,A,0.0,0,1,0.0,1.0,C,C,C,C,4,4,0,strongblur,gray,C,C,C,1,0,MCQ,grec_hard_composition_gate,GroundedResidualEnergyCompositionHard,true_mcq_grec_hard,,
MMBench_DEV_CN_V11,LLaVA-NeXT-8B_Biased_Test,918,both,both,B,B,1.0,1,1,1.0,1.0,B,B,B,B,1,4,0,gray,gray,B,B,B,1,0,MCQ,grec_hard_composition_gate,GroundedResidualEnergyCompositionHard,true_mcq_grec_hard,,
MMBench_DEV_CN_V11,LLaVA-NeXT-8B_Biased_Test,924,tcf_only,tcf_only,C,C,1.0,1,0,0.05383283664166205,0.0,C,C,C,C,1,4,0,strongblur,centermask,C,C,C,1,0,MCQ,grec_hard_composition_gate,GroundedResidualEnergyCompositionHard,true_mcq_grec_hard,,
MMBench_DEV_CN_V11,LLaVA-NeXT-8B_Biased_Test,926,vcf_only,neither,B,A,0.0,0,0,0.0,0.0,B,B,B,A,4,4,1,centermask,centermask,B,B,B,0,0,MCQ,grec_hard_composition_gate,GroundedResidualEnergyCompositionHard,true_mcq_grec_hard,,
MMBench_DEV_CN_V11,LLaVA-NeXT-8B_Biased_Test,952,tcf_only,tcf_only,D,D,1.0,1,0,0.25512194739903205,0.0,D,D,D,D,1,4,0,gray,gray,D,D,D,1,0,MCQ,grec_hard_composition_gate,GroundedResidualEnergyCompositionHard,true_mcq_grec_hard,,
MMBench_DEV_CN_V11,LLaVA-NeXT-8B_Biased_Test,965,both,both,A,B,0.0,1,1,1.0,0.24890653505285312,A,B,A,B,1,4,1,gray,gray,D,A,A,0,1,MCQ,grec_hard_composition_gate,GroundedResidualEnergyCompositionHard,true_mcq_grec_hard,,
MMBench_DEV_CN_V11,LLaVA-NeXT-8B_Biased_Test,967,tcf_only,both,A,A,1.0,1,1,1.0,0.3925091226124584,A,A,C,C,1,4,0,centermask,gray,A,A,A,0,1,MCQ,grec_hard_composition_gate,GroundedResidualEnergyCompositionHard,true_mcq_grec_hard,,
MMBench_DEV_CN_V11,LLaVA-NeXT-8B_Biased_Test,968,tcf_only,tcf_only,C,C,1.0,1,0,1.0,0.0,C,C,C,C,1,4,0,centermask,gray,C,C,C,1,0,MCQ,grec_hard_composition_gate,GroundedResidualEnergyCompositionHard,true_mcq_grec_hard,,
MMBench_DEV_CN_V11,LLaVA-NeXT-8B_Biased_Test,975,vcf_only,vcf_only,A,B,0.0,0,1,0.0,0.3882129127660123,A,C,C,A,4,4,0,centermask,centermask,A,A,A,1,0,MCQ,grec_hard_composition_gate,GroundedResidualEnergyCompositionHard,true_mcq_grec_hard,,
MMBench_DEV_CN_V11,LLaVA-NeXT-8B_Biased_Test,986,tcf_only,tcf_only,C,C,1.0,1,0,0.032477146186876915,0.0,C,C,C,C,1,4,0,gray,gray,C,C,C,1,0,MCQ,grec_hard_composition_gate,GroundedResidualEnergyCompositionHard,true_mcq_grec_hard,,
MMBench_DEV_CN_V11,LLaVA-NeXT-8B_Biased_Test,1003,vcf_only,vcf_only,B,C,0.0,0,1,0.0,0.7126593474182228,A,A,A,B,4,4,1,centermask,centermask,B,B,B,0,0,MCQ,grec_hard_composition_gate,GroundedResidualEnergyCompositionHard,true_mcq_grec_hard,,
MMBench_DEV_CN_V11,LLaVA-NeXT-8B_Biased_Test,1013,vcf_only,vcf_only,C,A,0.0,0,1,0.0,0.17725656478495114,A,D,D,C,4,4,1,gray,gray,C,C,C,0,0,MCQ,grec_hard_composition_gate,GroundedResidualEnergyCompositionHard,true_mcq_grec_hard,,
MMBench_DEV_CN_V11,LLaVA-NeXT-8B_Biased_Test,1083,vcf_only,vcf_only,D,C,0.0,0,1,0.0,1.0,C,C,C,D,4,4,1,strongblur,gray,D,D,D,0,0,MCQ,grec_hard_composition_gate,GroundedResidualEnergyCompositionHard,true_mcq_grec_hard,,
MMBench_DEV_CN_V11,LLaVA-NeXT-8B_Biased_Test,1166,vcf_only,vcf_only,C,C,1.0,0,1,0.0,0.2403811960262487,C,C,C,C,4,4,0,centermask,gray,C,C,C,1,0,MCQ,grec_hard_composition_gate,GroundedResidualEnergyCompositionHard,true_mcq_grec_hard,,
MMBench_DEV_CN_V11,LLaVA-NeXT-8B_Biased_Test,1294,vcf_only,vcf_only,B,A,0.0,0,1,0.0,0.33732899937785943,A,B,B,B,4,4,1,gray,gray,B,B,B,0,0,MCQ,grec_hard_composition_gate,GroundedResidualEnergyCompositionHard,true_mcq_grec_hard,,
MMBench_DEV_CN_V11,LLaVA-NeXT-8B_Biased_Test,1338,vcf_only,vcf_only,A,A,1.0,0,1,0.0,0.3510849250372179,C,C,C,A,4,4,1,strongblur,gray,A,A,A,0,0,MCQ,grec_hard_composition_gate,GroundedResidualEnergyCompositionHard,true_mcq_grec_hard,,
MMBench_DEV_CN_V11,LLaVA-NeXT-8B_Biased_Test,1402,tcf_only,tcf_only,C,D,0.0,1,0,1.0,0.0,C,D,D,C,2,4,0,centermask,gray,C,C,C,1,0,MCQ,grec_hard_composition_gate,GroundedResidualEnergyCompositionHard,true_mcq_grec_hard,,
MMBench_DEV_CN_V11,LLaVA-NeXT-8B_Biased_Test,1485,vcf_only,vcf_only,D,A,0.0,0,1,0.0,0.9156398975760188,B,D,D,D,4,4,1,centermask,centermask,D,D,D,0,0,MCQ,grec_hard_composition_gate,GroundedResidualEnergyCompositionHard,true_mcq_grec_hard,,
MMBench_DEV_CN_V11,LLaVA-NeXT-8B_Biased_Test,1511,tcf_only,tcf_only,B,D,0.0,1,0,0.0,0.0,C,B,B,C,2,4,0,strongblur,strongblur,B,B,B,1,0,MCQ,grec_hard_composition_gate,GroundedResidualEnergyCompositionHard,true_mcq_grec_hard,,
MMBench_DEV_CN_V11,LLaVA-NeXT-8B_Biased_Test,1523,vcf_only,vcf_only,C,A,0.0,0,1,0.0,0.8790441676455089,C,C,D,C,4,4,0,centermask,centermask,C,C,C,1,0,MCQ,grec_hard_composition_gate,GroundedResidualEnergyCompositionHard,true_mcq_grec_hard,,
MMBench_DEV_CN_V11,LLaVA-NeXT-8B_Biased_Test,1591,tcf_only,tcf_only,B,B,1.0,1,0,0.13450272618299453,0.0,B,B,B,B,1,4,0,gray,gray,B,B,B,1,0,MCQ,grec_hard_composition_gate,GroundedResidualEnergyCompositionHard,true_mcq_grec_hard,,
MMBench_DEV_CN_V11,LLaVA-NeXT-8B_Biased_Test,1632,vcf_only,vcf_only,A,A,1.0,0,1,0.0,1.0,A,B,A,A,4,4,0,centermask,centermask,A,A,A,1,0,MCQ,grec_hard_composition_gate,GroundedResidualEnergyCompositionHard,true_mcq_grec_hard,,
MMBench_DEV_CN_V11,LLaVA-NeXT-8B_Biased_Test,1639,tcf_only,tcf_only,A,A,1.0,1,0,0.37010738690757616,0.0,A,B,A,B,1,4,1,gray,gray,A,A,A,0,0,MCQ,grec_hard_composition_gate,GroundedResidualEnergyCompositionHard,true_mcq_grec_hard,,
MMBench_DEV_CN_V11,LLaVA-NeXT-8B_Biased_Test,1642,both,both,D,D,1.0,1,1,0.21222784046722554,0.8378915385998972,B,B,B,B,2,4,1,gray,gray,D,D,B,1,0,MCQ,grec_hard_composition_gate,GroundedResidualEnergyCompositionHard,true_mcq_grec_hard,,
MMBench_DEV_CN_V11,LLaVA-NeXT-8B_Biased_Test,1647,both,both,A,A,1.0,1,1,0.0,1.0,A,A,A,A,1,4,1,strongblur,gray,A,A,A,1,0,MCQ,grec_hard_composition_gate,GroundedResidualEnergyCompositionHard,true_mcq_grec_hard,,
MMBench_DEV_CN_V11,LLaVA-NeXT-8B_Biased_Test,1659,tcf_only,tcf_only,A,B,0.0,1,0,0.12650427097956873,0.0,A,A,A,A,1,4,1,centermask,centermask,A,A,A,1,0,MCQ,grec_hard_composition_gate,GroundedResidualEnergyCompositionHard,true_mcq_grec_hard,,
MMBench_DEV_CN_V11,LLaVA-NeXT-8B_Biased_Test,1665,tcf_only,both,C,C,1.0,1,1,0.20600086065459333,0.6311917201103868,C,C,C,C,1,4,0,gray,gray,C,C,C,1,0,MCQ,grec_hard_composition_gate,GroundedResidualEnergyCompositionHard,true_mcq_grec_hard,,
MMBench_DEV_CN_V11,LLaVA-NeXT-8B_Biased_Test,1666,vcf_only,vcf_only,B,A,0.0,0,1,0.0,1.0,B,D,D,B,4,4,0,centermask,centermask,B,B,B,1,0,MCQ,grec_hard_composition_gate,GroundedResidualEnergyCompositionHard,true_mcq_grec_hard,,
MMBench_DEV_CN_V11,LLaVA-NeXT-8B_Biased_Test,1667,vcf_only,vcf_only,B,D,0.0,0,1,0.0,0.6924412933231943,A,A,A,B,4,4,1,centermask,centermask,B,B,B,0,0,MCQ,grec_hard_composition_gate,GroundedResidualEnergyCompositionHard,true_mcq_grec_hard,,
MMBench_DEV_CN_V11,LLaVA-NeXT-8B_Biased_Test,1669,vcf_only,vcf_only,A,A,1.0,0,1,0.0,1.0,C,D,D,C,4,4,1,strongblur,gray,A,A,A,1,0,MCQ,grec_hard_composition_gate,GroundedResidualEnergyCompositionHard,true_mcq_grec_hard,,
MMBench_DEV_CN_V11,LLaVA-NeXT-8B_Biased_Test,1671,tcf_only,both,A,A,1.0,1,1,0.14169010124897907,0.49858509726960143,A,A,A,A,1,4,1,gray,gray,A,A,A,1,0,MCQ,grec_hard_composition_gate,GroundedResidualEnergyCompositionHard,true_mcq_grec_hard,,
MMBench_DEV_CN_V11,LLaVA-NeXT-8B_Biased_Test,1679,vcf_only,vcf_only,D,B,0.0,0,1,0.0,0.7701389076153099,A,C,C,C,4,4,1,gray,gray,D,D,D,0,0,MCQ,grec_hard_composition_gate,GroundedResidualEnergyCompositionHard,true_mcq_grec_hard,,
MMBench_DEV_CN_V11,LLaVA-NeXT-8B_Biased_Test,1684,vcf_only,vcf_only,C,D,0.0,0,1,0.0,0.8000100907869357,C,C,C,C,4,4,0,gray,gray,C,C,C,1,0,MCQ,grec_hard_composition_gate,GroundedResidualEnergyCompositionHard,true_mcq_grec_hard,,
MMBench_DEV_CN_V11,LLaVA-NeXT-8B_Biased_Test,1703,vcf_only,vcf_only,C,C,1.0,0,1,0.0,1.0,C,C,C,C,4,4,0,strongblur,gray,C,C,C,1,0,MCQ,grec_hard_composition_gate,GroundedResidualEnergyCompositionHard,true_mcq_grec_hard,,
MMBench_DEV_CN_V11,LLaVA-NeXT-8B_Biased_Test,1712,tcf_only,tcf_only,D,D,1.0,1,0,1.0,0.0,D,D,D,D,1,4,0,gray,gray,D,D,D,1,0,MCQ,grec_hard_composition_gate,GroundedResidualEnergyCompositionHard,true_mcq_grec_hard,,
MMBench_DEV_CN_V11,LLaVA-NeXT-8B_Biased_Test,1715,vcf_only,vcf_only,C,C,1.0,0,1,0.0,1.0,C,C,C,C,4,4,0,gray,gray,C,C,C,1,0,MCQ,grec_hard_composition_gate,GroundedResidualEnergyCompositionHard,true_mcq_grec_hard,,
MMBench_DEV_CN_V11,LLaVA-NeXT-8B_Biased_Test,1720,tcf_only,tcf_only,A,D,0.0,1,0,1.0,0.0,A,A,A,A,1,4,0,centermask,gray,A,A,A,1,0,MCQ,grec_hard_composition_gate,GroundedResidualEnergyCompositionHard,true_mcq_grec_hard,,
MMBench_DEV_CN_V11,LLaVA-NeXT-8B_Biased_Test,1740,vcf_only,vcf_only,A,A,1.0,0,1,0.0,1.0,A,A,A,A,4,4,0,strongblur,gray,A,A,A,1,0,MCQ,grec_hard_composition_gate,GroundedResidualEnergyCompositionHard,true_mcq_grec_hard,,
MMBench_DEV_CN_V11,LLaVA-NeXT-8B_Biased_Test,1741,vcf_only,vcf_only,C,B,0.0,0,1,0.0,1.0,A,B,D,D,4,4,1,strongblur,gray,C,C,C,0,0,MCQ,grec_hard_composition_gate,GroundedResidualEnergyCompositionHard,true_mcq_grec_hard,,
MMBench_DEV_CN_V11,LLaVA-NeXT-8B_Biased_Test,1757,vcf_only,vcf_only,C,D,0.0,0,1,0.0,0.28745998340419193,C,B,B,C,4,4,0,centermask,centermask,C,C,C,1,0,MCQ,grec_hard_composition_gate,GroundedResidualEnergyCompositionHard,true_mcq_grec_hard,,
MMBench_DEV_CN_V11,LLaVA-NeXT-8B_Biased_Test,1758,both,both,C,C,1.0,1,1,0.05114544734072002,0.36306373633390515,C,B,B,C,1,4,0,centermask,gray,C,C,C,1,0,MCQ,grec_hard_composition_gate,GroundedResidualEnergyCompositionHard,true_mcq_grec_hard,,
MMBench_DEV_CN_V11,LLaVA-NeXT-8B_Biased_Test,1760,both,both,C,A,0.0,1,1,0.011152553632903794,0.3208581691800055,C,B,B,D,2,4,1,gray,gray,B,C,C,0,1,MCQ,grec_hard_composition_gate,GroundedResidualEnergyCompositionHard,true_mcq_grec_hard,,
MMBench_DEV_CN_V11,LLaVA-NeXT-8B_Biased_Test,1769,tcf_only,tcf_only,D,D,1.0,1,0,1.0,0.0,D,A,D,D,1,4,0,strongblur,gray,D,D,D,1,0,MCQ,grec_hard_composition_gate,GroundedResidualEnergyCompositionHard,true_mcq_grec_hard,,
MMBench_DEV_CN_V11,LLaVA-NeXT-8B_Biased_Test,1773,vcf_only,vcf_only,C,C,1.0,0,1,0.0,0.9406185678204845,A,B,B,B,4,4,1,gray,gray,C,C,C,0,0,MCQ,grec_hard_composition_gate,GroundedResidualEnergyCompositionHard,true_mcq_grec_hard,,
MMBench_DEV_CN_V11,LLaVA-NeXT-8B_Biased_Test,1774,tcf_only,tcf_only,A,D,0.0,1,0,1.0,0.0,A,A,A,D,1,4,1,centermask,gray,A,A,A,0,0,MCQ,grec_hard_composition_gate,GroundedResidualEnergyCompositionHard,true_mcq_grec_hard,,
MMBench_DEV_CN_V11,LLaVA-NeXT-8B_Biased_Test,1843,both,both,A,D,0.0,1,1,0.17248750178924555,1.0,A,C,C,C,2,4,1,strongblur,gray,C,A,A,0,1,MCQ,grec_hard_composition_gate,GroundedResidualEnergyCompositionHard,true_mcq_grec_hard,,
MMBench_DEV_CN_V11,LLaVA-NeXT-8B_Biased_Test,1847,vcf_only,vcf_only,A,D,0.0,0,1,0.0,1.0,A,B,B,A,4,4,0,strongblur,gray,A,A,A,1,0,MCQ,grec_hard_composition_gate,GroundedResidualEnergyCompositionHard,true_mcq_grec_hard,,
MMBench_DEV_CN_V11,LLaVA-NeXT-8B_Biased_Test,1854,vcf_only,vcf_only,D,C,0.0,0,1,0.0,1.0,D,D,D,D,4,4,0,strongblur,centermask,D,D,D,1,0,MCQ,grec_hard_composition_gate,GroundedResidualEnergyCompositionHard,true_mcq_grec_hard,,
MMBench_DEV_CN_V11,LLaVA-NeXT-8B_Biased_Test,1857,vcf_only,vcf_only,C,B,0.0,0,1,0.0,1.0,B,D,A,D,4,4,1,strongblur,gray,C,C,C,0,0,MCQ,grec_hard_composition_gate,GroundedResidualEnergyCompositionHard,true_mcq_grec_hard,,
MMBench_DEV_CN_V11,LLaVA-NeXT-8B_Biased_Test,1870,tcf_only,tcf_only,D,D,1.0,1,0,1.0,0.0,D,A,D,A,1,4,1,centermask,centermask,D,D,D,0,0,MCQ,grec_hard_composition_gate,GroundedResidualEnergyCompositionHard,true_mcq_grec_hard,,
MMBench_DEV_CN_V11,LLaVA-NeXT-8B_Biased_Test,1871,vcf_only,vcf_only,B,B,1.0,0,1,0.0,0.9273810517106027,B,C,A,B,4,4,0,strongblur,strongblur,B,B,B,1,0,MCQ,grec_hard_composition_gate,GroundedResidualEnergyCompositionHard,true_mcq_grec_hard,,
MMBench_DEV_CN_V11,LLaVA-NeXT-8B_Biased_Test,1875,tcf_only,tcf_only,B,C,0.0,1,0,1.0,0.0,B,B,B,B,1,4,0,strongblur,strongblur,B,B,B,1,0,MCQ,grec_hard_composition_gate,GroundedResidualEnergyCompositionHard,true_mcq_grec_hard,,
MMBench_DEV_CN_V11,LLaVA-NeXT-8B_Biased_Test,1878,vcf_only,vcf_only,C,D,0.0,0,1,0.0,0.9040599255969939,B,A,A,C,4,4,1,strongblur,gray,C,C,C,0,0,MCQ,grec_hard_composition_gate,GroundedResidualEnergyCompositionHard,true_mcq_grec_hard,,
MMBench_DEV_CN_V11,LLaVA-NeXT-8B_Biased_Test,1879,vcf_only,vcf_only,A,D,0.0,0,1,0.0,0.30493016562172587,A,A,A,A,4,4,0,centermask,centermask,A,A,A,1,0,MCQ,grec_hard_composition_gate,GroundedResidualEnergyCompositionHard,true_mcq_grec_hard,,
MMBench_DEV_CN_V11,LLaVA-NeXT-8B_Biased_Test,1888,vcf_only,vcf_only,A,D,0.0,0,1,0.0,1.0,D,C,C,A,4,4,1,gray,gray,A,A,A,0,0,MCQ,grec_hard_composition_gate,GroundedResidualEnergyCompositionHard,true_mcq_grec_hard,,
MMBench_DEV_CN_V11,LLaVA-NeXT-8B_Biased_Test,1913,vcf_only,vcf_only,D,A,0.0,0,1,0.0,0.13132977090248932,D,D,D,D,4,4,0,gray,gray,D,D,D,1,0,MCQ,grec_hard_composition_gate,GroundedResidualEnergyCompositionHard,true_mcq_grec_hard,,
MMBench_DEV_CN_V11,LLaVA-NeXT-8B_Biased_Test,1940,tcf_only,tcf_only,C,A,0.0,1,0,0.0,0.0,C,D,A,D,1,4,0,gray,gray,C,C,C,0,0,MCQ,grec_hard_composition_gate,GroundedResidualEnergyCompositionHard,true_mcq_grec_hard,,
MMBench_DEV_CN_V11,LLaVA-NeXT-8B_Biased_Test,1952,vcf_only,vcf_only,C,A,0.0,0,1,0.0,0.8424034638317196,A,D,D,C,4,4,1,centermask,centermask,C,C,C,0,0,MCQ,grec_hard_composition_gate,GroundedResidualEnergyCompositionHard,true_mcq_grec_hard,,
MMBench_DEV_CN_V11,LLaVA-NeXT-8B_Biased_Test,1953,vcf_only,vcf_only,B,B,1.0,0,1,0.0,0.46841671662181905,D,D,D,D,4,4,1,gray,gray,B,B,B,1,0,MCQ,grec_hard_composition_gate,GroundedResidualEnergyCompositionHard,true_mcq_grec_hard,,
MMBench_DEV_CN_V11,LLaVA-NeXT-8B_Biased_Test,1975,tcf_only,tcf_only,B,B,1.0,1,0,0.1187948900893554,0.0,B,B,B,B,1,4,0,centermask,gray,B,B,B,1,0,MCQ,grec_hard_composition_gate,GroundedResidualEnergyCompositionHard,true_mcq_grec_hard,,
MMBench_DEV_CN_V11,LLaVA-NeXT-8B_Biased_Test,2404,vcf_only,vcf_only,A,A,1.0,0,1,0.0,1.0,C,C,B,D,4,4,1,strongblur,gray,A,A,A,0,0,MCQ,grec_hard_composition_gate,GroundedResidualEnergyCompositionHard,true_mcq_grec_hard,,
MMBench_DEV_CN_V11,LLaVA-NeXT-8B_Biased_Test,2624,vcf_only,vcf_only,A,C,0.0,0,1,0.0,1.0,C,A,A,A,4,4,1,centermask,centermask,A,A,A,0,0,MCQ,grec_hard_composition_gate,GroundedResidualEnergyCompositionHard,true_mcq_grec_hard,,
MMBench_DEV_CN_V11,LLaVA-NeXT-8B_Biased_Test,3067,vcf_only,vcf_only,D,D,1.0,0,1,0.0,1.0,D,D,D,D,4,4,0,gray,gray,D,D,D,1,0,MCQ,grec_hard_composition_gate,GroundedResidualEnergyCompositionHard,true_mcq_grec_hard,,
MMBench_DEV_CN_V11,LLaVA-NeXT-8B_Biased_Test,3088,vcf_only,vcf_only,B,A,0.0,0,1,0.0,0.8647315299343658,C,C,C,B,4,4,1,centermask,centermask,B,B,B,0,0,MCQ,grec_hard_composition_gate,GroundedResidualEnergyCompositionHard,true_mcq_grec_hard,,
MMBench_DEV_CN_V11,LLaVA-NeXT-8B_Biased_Test,3091,vcf_only,vcf_only,D,D,1.0,0,1,0.0,0.8780999269036092,A,C,C,C,4,4,1,gray,gray,D,D,D,0,0,MCQ,grec_hard_composition_gate,GroundedResidualEnergyCompositionHard,true_mcq_grec_hard,,
MMBench_DEV_CN_V11,LLaVA-NeXT-8B_Biased_Test,3097,both,both,A,B,0.0,1,1,0.19395846817798512,0.25561173039200696,A,A,A,B,2,4,1,centermask,centermask,A,A,A,0,1,MCQ,grec_hard_composition_gate,GroundedResidualEnergyCompositionHard,true_mcq_grec_hard,,
MMBench_DEV_CN_V11,LLaVA-NeXT-8B_Biased_Test,3125,vcf_only,vcf_only,C,B,0.0,0,1,0.0,0.02826186376192184,C,C,C,C,4,4,0,gray,gray,C,C,C,1,0,MCQ,grec_hard_composition_gate,GroundedResidualEnergyCompositionHard,true_mcq_grec_hard,,
MMBench_DEV_CN_V11,LLaVA-NeXT-8B_Biased_Test,3131,both,both,B,D,0.0,1,1,0.0,1.0,B,B,B,B,1,4,0,gray,gray,B,B,B,1,0,MCQ,grec_hard_composition_gate,GroundedResidualEnergyCompositionHard,true_mcq_grec_hard,,
MMBench_DEV_CN_V11,LLaVA-NeXT-8B_Biased_Test,3166,vcf_only,vcf_only,A,B,0.0,0,1,0.0,0.9282399339702754,A,A,A,A,4,4,0,gray,gray,A,A,A,1,0,MCQ,grec_hard_composition_gate,GroundedResidualEnergyCompositionHard,true_mcq_grec_hard,,
MMBench_DEV_CN_V11,LLaVA-NeXT-8B_Biased_Test,3202,vcf_only,vcf_only,B,B,1.0,0,1,0.0,0.9027009465111466,B,A,A,B,4,4,0,centermask,centermask,B,B,B,1,0,MCQ,grec_hard_composition_gate,GroundedResidualEnergyCompositionHard,true_mcq_grec_hard,,
MMBench_DEV_CN_V11,LLaVA-NeXT-8B_Biased_Test,3210,vcf_only,vcf_only,D,A,0.0,0,1,0.0,0.907122999143433,D,D,D,D,4,4,0,strongblur,strongblur,D,D,D,1,0,MCQ,grec_hard_composition_gate,GroundedResidualEnergyCompositionHard,true_mcq_grec_hard,,
MMBench_DEV_CN_V11,LLaVA-NeXT-8B_Biased_Test,3211,vcf_only,vcf_only,B,B,1.0,0,1,0.0,0.3162412518428982,B,C,C,B,4,4,0,gray,gray,B,B,B,1,0,MCQ,grec_hard_composition_gate,GroundedResidualEnergyCompositionHard,true_mcq_grec_hard,,
MMBench_DEV_CN_V11,LLaVA-NeXT-8B_Biased_Test,3225,vcf_only,vcf_only,D,B,0.0,0,1,0.0,0.31236367819879496,D,D,D,D,4,4,0,gray,gray,D,D,D,1,0,MCQ,grec_hard_composition_gate,GroundedResidualEnergyCompositionHard,true_mcq_grec_hard,,
MMBench_DEV_CN_V11,LLaVA-NeXT-8B_Biased_Test,3229,vcf_only,vcf_only,B,B,1.0,0,1,0.0,0.3925091226124584,B,B,B,B,4,4,0,gray,gray,B,B,B,1,0,MCQ,grec_hard_composition_gate,GroundedResidualEnergyCompositionHard,true_mcq_grec_hard,,
MMBench_DEV_CN_V11,LLaVA-NeXT-8B_Biased_Test,3242,both,both,D,D,1.0,1,1,0.18214857869470968,1.0,D,D,D,D,1,4,0,strongblur,gray,D,D,D,1,0,MCQ,grec_hard_composition_gate,GroundedResidualEnergyCompositionHard,true_mcq_grec_hard,,
MMBench_DEV_CN_V11,LLaVA-NeXT-8B_Biased_Test,3354,vcf_only,vcf_only,D,A,0.0,0,1,0.0,1.0,A,A,B,B,4,4,1,strongblur,gray,D,D,D,0,0,MCQ,grec_hard_composition_gate,GroundedResidualEnergyCompositionHard,true_mcq_grec_hard,,
MMBench_DEV_CN_V11,LLaVA-NeXT-8B_Biased_Test,3359,vcf_only,vcf_only,A,D,0.0,0,1,0.0,0.3077566113888727,A,A,A,A,4,4,0,gray,gray,A,A,A,1,0,MCQ,grec_hard_composition_gate,GroundedResidualEnergyCompositionHard,true_mcq_grec_hard,,
MMBench_DEV_CN_V11,LLaVA-NeXT-8B_Biased_Test,3366,both,both,A,A,1.0,1,1,1.0,0.9656604158132117,A,A,A,D,1,4,1,strongblur,gray,A,A,A,0,1,MCQ,grec_hard_composition_gate,GroundedResidualEnergyCompositionHard,true_mcq_grec_hard,,
MMBench_DEV_CN_V11,LLaVA-NeXT-8B_Biased_Test,3375,vcf_only,vcf_only,D,A,0.0,0,1,0.0,0.48550426509469996,D,D,D,D,4,4,0,gray,gray,D,D,D,1,0,MCQ,grec_hard_composition_gate,GroundedResidualEnergyCompositionHard,true_mcq_grec_hard,,
MMBench_DEV_CN_V11,LLaVA-NeXT-8B_Biased_Test,3379,vcf_only,vcf_only,A,B,0.0,0,1,0.0,0.9959672934031759,B,C,C,C,4,4,1,centermask,centermask,A,A,A,0,0,MCQ,grec_hard_composition_gate,GroundedResidualEnergyCompositionHard,true_mcq_grec_hard,,
MMBench_DEV_CN_V11,LLaVA-NeXT-8B_Biased_Test,3396,vcf_only,vcf_only,B,A,0.0,0,1,0.0,0.3925091226124584,C,D,D,D,4,4,1,gray,gray,B,B,B,0,0,MCQ,grec_hard_composition_gate,GroundedResidualEnergyCompositionHard,true_mcq_grec_hard,,
MMBench_DEV_CN_V11,LLaVA-NeXT-8B_Biased_Test,3474,vcf_only,vcf_only,C,D,0.0,0,1,0.0,0.9975658459265749,D,A,A,D,4,4,1,gray,gray,C,C,C,1,0,MCQ,grec_hard_composition_gate,GroundedResidualEnergyCompositionHard,true_mcq_grec_hard,,
MMBench_DEV_CN_V11,LLaVA-NeXT-8B_Biased_Test,3495,tcf_only,tcf_only,D,D,1.0,1,0,1.0,0.0,D,D,D,D,1,4,0,centermask,centermask,D,D,D,1,0,MCQ,grec_hard_composition_gate,GroundedResidualEnergyCompositionHard,true_mcq_grec_hard,,
MMBench_DEV_CN_V11,LLaVA-NeXT-8B_Biased_Test,3503,vcf_only,vcf_only,A,B,0.0,0,1,0.0,0.37117596521849094,D,D,D,D,4,4,1,gray,gray,A,A,A,1,0,MCQ,grec_hard_composition_gate,GroundedResidualEnergyCompositionHard,true_mcq_grec_hard,,
MMBench_DEV_CN_V11,LLaVA-NeXT-8B_Biased_Test,3516,tcf_only,tcf_only,C,C,1.0,1,0,0.05791693296912759,0.0,C,C,C,B,1,4,1,strongblur,gray,C,C,C,0,0,MCQ,grec_hard_composition_gate,GroundedResidualEnergyCompositionHard,true_mcq_grec_hard,,
MMBench_DEV_CN_V11,LLaVA-NeXT-8B_Biased_Test,3564,vcf_only,vcf_only,A,C,0.0,0,1,0.0,0.9334349240566306,A,B,B,C,4,4,0,centermask,gray,A,A,A,0,0,MCQ,grec_hard_composition_gate,GroundedResidualEnergyCompositionHard,true_mcq_grec_hard,,
MMBench_DEV_CN_V11,LLaVA-NeXT-8B_Biased_Test,3597,tcf_only,both,C,C,1.0,1,1,0.04522172205921349,0.3925091226124584,C,B,C,A,2,4,1,gray,gray,B,C,C,0,1,MCQ,grec_hard_composition_gate,GroundedResidualEnergyCompositionHard,true_mcq_grec_hard,,
MMBench_DEV_CN_V11,LLaVA-NeXT-8B_Biased_Test,3599,tcf_only,tcf_only,B,C,0.0,1,0,0.0,0.0,B,C,C,C,1,4,0,strongblur,strongblur,B,B,B,0,0,MCQ,grec_hard_composition_gate,GroundedResidualEnergyCompositionHard,true_mcq_grec_hard,,
MMBench_DEV_CN_V11,LLaVA-NeXT-8B_Biased_Test,3601,vcf_only,vcf_only,B,C,0.0,0,1,0.0,0.29360279475953677,C,B,B,B,4,4,1,centermask,centermask,B,B,B,0,0,MCQ,grec_hard_composition_gate,GroundedResidualEnergyCompositionHard,true_mcq_grec_hard,,
MMBench_DEV_CN_V11,LLaVA-NeXT-8B_Biased_Test,3609,vcf_only,vcf_only,C,D,0.0,0,1,0.0,0.9537015822610896,B,B,A,C,4,4,1,strongblur,strongblur,C,C,C,0,0,MCQ,grec_hard_composition_gate,GroundedResidualEnergyCompositionHard,true_mcq_grec_hard,,
MMBench_DEV_CN_V11,LLaVA-NeXT-8B_Biased_Test,3616,tcf_only,both,B,C,0.0,1,1,1.0,1.0,B,C,C,A,1,4,0,strongblur,centermask,B,B,B,0,1,MCQ,grec_hard_composition_gate,GroundedResidualEnergyCompositionHard,true_mcq_grec_hard,,
MMBench_DEV_CN_V11,LLaVA-NeXT-8B_Biased_Test,3625,tcf_only,tcf_only,B,B,1.0,1,0,0.07208728204587445,0.0,B,A,A,B,1,4,0,centermask,centermask,B,B,B,1,0,MCQ,grec_hard_composition_gate,GroundedResidualEnergyCompositionHard,true_mcq_grec_hard,,
MMBench_DEV_CN_V11,LLaVA-NeXT-8B_Biased_Test,3629,tcf_only,both,C,A,0.0,1,1,1.0,1.0,C,C,C,C,1,4,0,strongblur,strongblur,C,C,C,1,0,MCQ,grec_hard_composition_gate,GroundedResidualEnergyCompositionHard,true_mcq_grec_hard,,
MMBench_DEV_CN_V11,LLaVA-NeXT-8B_Biased_Test,3639,both,both,D,A,0.0,1,1,1.0,0.3925091226124584,D,A,B,D,1,4,0,centermask,gray,D,D,D,1,0,MCQ,grec_hard_composition_gate,GroundedResidualEnergyCompositionHard,true_mcq_grec_hard,,
MMBench_DEV_CN_V11,LLaVA-NeXT-8B_Biased_Test,3650,vcf_only,vcf_only,D,D,1.0,0,1,0.0,0.3044405111627278,A,A,A,A,4,4,1,centermask,centermask,D,D,D,1,0,MCQ,grec_hard_composition_gate,GroundedResidualEnergyCompositionHard,true_mcq_grec_hard,,
MMBench_DEV_CN_V11,LLaVA-NeXT-8B_Biased_Test,3658,vcf_only,vcf_only,B,D,0.0,0,1,0.0,0.3925091226124584,D,C,C,B,4,4,1,strongblur,gray,B,B,B,0,0,MCQ,grec_hard_composition_gate,GroundedResidualEnergyCompositionHard,true_mcq_grec_hard,,
MMBench_DEV_CN_V11,LLaVA-NeXT-8B_Biased_Test,3664,both,both,C,C,1.0,1,1,0.0,0.3925091226124584,C,A,A,A,2,4,1,gray,gray,A,C,C,0,1,MCQ,grec_hard_composition_gate,GroundedResidualEnergyCompositionHard,true_mcq_grec_hard,,
MMBench_DEV_CN_V11,LLaVA-NeXT-8B_Biased_Test,3667,both,both,C,A,0.0,1,1,0.0,0.3925091226124584,C,B,B,C,2,4,0,strongblur,gray,C,C,C,1,0,MCQ,grec_hard_composition_gate,GroundedResidualEnergyCompositionHard,true_mcq_grec_hard,,
MMBench_DEV_CN_V11,LLaVA-NeXT-8B_Biased_Test,3668,vcf_only,vcf_only,D,B,0.0,0,1,0.0,0.3376293479317265,A,A,A,D,4,4,1,gray,gray,D,D,D,0,0,MCQ,grec_hard_composition_gate,GroundedResidualEnergyCompositionHard,true_mcq_grec_hard,,
MMBench_DEV_CN_V11,LLaVA-NeXT-8B_Biased_Test,3674,vcf_only,vcf_only,D,B,0.0,0,1,0.0,1.0,C,A,C,C,4,4,1,gray,gray,D,D,D,1,0,MCQ,grec_hard_composition_gate,GroundedResidualEnergyCompositionHard,true_mcq_grec_hard,,
MMBench_DEV_CN_V11,LLaVA-NeXT-8B_Biased_Test,3713,vcf_only,neither,A,C,0.0,0,0,0.0,0.0,A,A,A,C,4,4,1,centermask,gray,A,A,A,0,0,MCQ,grec_hard_composition_gate,GroundedResidualEnergyCompositionHard,true_mcq_grec_hard,,
MMBench_DEV_CN_V11,LLaVA-NeXT-8B_Biased_Test,3717,tcf_only,tcf_only,C,C,1.0,1,0,0.05211501359109061,0.0,C,A,C,A,1,4,1,gray,gray,C,C,C,0,0,MCQ,grec_hard_composition_gate,GroundedResidualEnergyCompositionHard,true_mcq_grec_hard,,
MMBench_DEV_CN_V11,LLaVA-NeXT-8B_Biased_Test,3738,vcf_only,vcf_only,B,B,1.0,0,1,0.0,0.7366445875805139,A,C,A,B,4,4,1,centermask,gray,B,B,B,0,0,MCQ,grec_hard_composition_gate,GroundedResidualEnergyCompositionHard,true_mcq_grec_hard,,
MMBench_DEV_CN_V11,LLaVA-NeXT-8B_Biased_Test,3742,tcf_only,both,A,D,0.0,1,1,0.0,1.0,A,A,A,A,1,4,0,strongblur,gray,A,A,A,1,0,MCQ,grec_hard_composition_gate,GroundedResidualEnergyCompositionHard,true_mcq_grec_hard,,
MMBench_DEV_CN_V11,LLaVA-NeXT-8B_Biased_Test,3744,vcf_only,vcf_only,A,D,0.0,0,1,0.0,0.9813633796548038,A,B,B,A,4,4,0,strongblur,strongblur,A,A,A,1,0,MCQ,grec_hard_composition_gate,GroundedResidualEnergyCompositionHard,true_mcq_grec_hard,,
MMBench_DEV_CN_V11,LLaVA-NeXT-8B_Biased_Test,1000403,tcf_only,both,B,A,0.0,1,1,0.2097130946638157,1.0,B,B,A,B,1,2,0,strongblur,gray,B,B,B,1,0,MCQ,grec_hard_composition_gate,GroundedResidualEnergyCompositionHard,true_mcq_grec_hard,,
MMBench_DEV_CN_V11,LLaVA-NeXT-8B_Biased_Test,1000404,vcf_only,vcf_only,A,A,1.0,0,1,0.0,1.0,A,B,B,B,2,2,0,strongblur,gray,A,A,A,0,0,MCQ,grec_hard_composition_gate,GroundedResidualEnergyCompositionHard,true_mcq_grec_hard,,
MMBench_DEV_CN_V11,LLaVA-NeXT-8B_Biased_Test,1000449,vcf_only,vcf_only,A,B,0.0,0,1,0.0,0.7474610075434294,A,A,A,A,2,2,0,gray,gray,A,A,A,1,0,MCQ,grec_hard_composition_gate,GroundedResidualEnergyCompositionHard,true_mcq_grec_hard,,
MMBench_DEV_CN_V11,LLaVA-NeXT-8B_Biased_Test,1000452,both,both,B,B,1.0,1,1,0.0045937523320691565,1.0,B,B,B,B,1,2,0,strongblur,strongblur,B,B,B,1,0,MCQ,grec_hard_composition_gate,GroundedResidualEnergyCompositionHard,true_mcq_grec_hard,,
MMBench_DEV_CN_V11,LLaVA-NeXT-8B_Biased_Test,1000477,vcf_only,vcf_only,A,A,1.0,0,1,0.0,1.0,A,A,A,B,2,2,0,strongblur,gray,A,A,A,0,0,MCQ,grec_hard_composition_gate,GroundedResidualEnergyCompositionHard,true_mcq_grec_hard,,
MMBench_DEV_CN_V11,LLaVA-NeXT-8B_Biased_Test,1000484,vcf_only,vcf_only,A,B,0.0,0,1,0.0,0.7570467565368546,A,A,A,A,2,2,0,strongblur,strongblur,A,A,A,1,0,MCQ,grec_hard_composition_gate,GroundedResidualEnergyCompositionHard,true_mcq_grec_hard,,
MMBench_DEV_CN_V11,LLaVA-NeXT-8B_Biased_Test,1000485,vcf_only,vcf_only,A,A,1.0,0,1,0.0,1.0,A,B,B,A,2,2,0,gray,gray,A,A,A,1,0,MCQ,grec_hard_composition_gate,GroundedResidualEnergyCompositionHard,true_mcq_grec_hard,,
MMBench_DEV_CN_V11,LLaVA-NeXT-8B_Biased_Test,1000486,vcf_only,vcf_only,B,A,0.0,0,1,0.0,0.9381629146945873,B,B,B,B,2,2,0,gray,gray,B,B,B,1,0,MCQ,grec_hard_composition_gate,GroundedResidualEnergyCompositionHard,true_mcq_grec_hard,,
MMBench_DEV_CN_V11,LLaVA-NeXT-8B_Biased_Test,1000487,tcf_only,tcf_only,A,A,1.0,1,0,0.0,0.0,A,A,A,A,1,2,0,strongblur,strongblur,A,A,A,1,0,MCQ,grec_hard_composition_gate,GroundedResidualEnergyCompositionHard,true_mcq_grec_hard,,
MMBench_DEV_CN_V11,LLaVA-NeXT-8B_Biased_Test,1001262,tcf_only,both,A,B,0.0,1,1,0.0,1.0,A,A,A,A,1,2,0,gray,gray,A,A,A,1,0,MCQ,grec_hard_composition_gate,GroundedResidualEnergyCompositionHard,true_mcq_grec_hard,,
MMBench_DEV_CN_V11,LLaVA-NeXT-8B_Biased_Test,1003113,vcf_only,vcf_only,B,A,0.0,0,1,0.0,0.9972650642808077,B,B,B,B,2,2,0,centermask,centermask,B,B,B,1,0,MCQ,grec_hard_composition_gate,GroundedResidualEnergyCompositionHard,true_mcq_grec_hard,,
MMBench_DEV_CN_V11,LLaVA-NeXT-8B_Biased_Test,1003411,tcf_only,tcf_only,A,A,1.0,1,0,0.0,0.0,A,A,A,B,1,2,1,strongblur,gray,A,A,A,0,0,MCQ,grec_hard_composition_gate,GroundedResidualEnergyCompositionHard,true_mcq_grec_hard,,
MMBench_DEV_CN_V11,LLaVA-NeXT-8B_Biased_Test,1003451,tcf_only,both,A,A,1.0,1,1,1.0,0.3925091226124584,A,B,B,B,1,2,1,centermask,gray,A,A,A,0,1,MCQ,grec_hard_composition_gate,GroundedResidualEnergyCompositionHard,true_mcq_grec_hard,,
MMBench_DEV_CN_V11,LLaVA-NeXT-8B_Biased_Test,1000284,vcf_only,vcf_only,B,A,0.0,0,1,0.0,1.0,B,C,C,B,3,3,0,strongblur,gray,B,B,B,1,0,MCQ,grec_hard_composition_gate,GroundedResidualEnergyCompositionHard,true_mcq_grec_hard,,
MMBench_DEV_CN_V11,LLaVA-NeXT-8B_Biased_Test,1000290,both,both,B,A,0.0,1,1,1.0,1.0,B,B,B,B,1,3,0,strongblur,gray,B,B,B,1,0,MCQ,grec_hard_composition_gate,GroundedResidualEnergyCompositionHard,true_mcq_grec_hard,,
MMBench_DEV_CN_V11,LLaVA-NeXT-8B_Biased_Test,1000292,vcf_only,vcf_only,C,C,1.0,0,1,0.0,0.6827828819399684,B,B,B,C,3,3,1,centermask,gray,C,C,C,0,0,MCQ,grec_hard_composition_gate,GroundedResidualEnergyCompositionHard,true_mcq_grec_hard,,
MMBench_DEV_CN_V11,LLaVA-NeXT-8B_Biased_Test,1000294,both,both,C,B,0.0,1,1,1.0,1.0,C,C,A,C,1,3,0,strongblur,gray,C,C,C,1,0,MCQ,grec_hard_composition_gate,GroundedResidualEnergyCompositionHard,true_mcq_grec_hard,,
MMBench_DEV_CN_V11,LLaVA-NeXT-8B_Biased_Test,1000306,vcf_only,vcf_only,C,A,0.0,0,1,0.0,0.9221558012999511,A,C,C,C,3,3,1,centermask,centermask,C,C,C,0,0,MCQ,grec_hard_composition_gate,GroundedResidualEnergyCompositionHard,true_mcq_grec_hard,,
MMBench_DEV_CN_V11,LLaVA-NeXT-8B_Biased_Test,1000366,tcf_only,tcf_only,A,A,1.0,1,0,0.16708458110205626,0.0,A,A,A,A,1,3,0,strongblur,strongblur,A,A,A,1,0,MCQ,grec_hard_composition_gate,GroundedResidualEnergyCompositionHard,true_mcq_grec_hard,,
MMBench_DEV_CN_V11,LLaVA-NeXT-8B_Biased_Test,1000408,vcf_only,vcf_only,C,B,0.0,0,1,0.0,0.9624247771412835,C,C,C,C,3,3,0,gray,gray,C,C,C,1,0,MCQ,grec_hard_composition_gate,GroundedResidualEnergyCompositionHard,true_mcq_grec_hard,,
MMBench_DEV_CN_V11,LLaVA-NeXT-8B_Biased_Test,1000412,vcf_only,vcf_only,B,C,0.0,0,1,0.0,0.9402481714946062,B,B,B,B,3,3,0,gray,gray,B,B,B,1,0,MCQ,grec_hard_composition_gate,GroundedResidualEnergyCompositionHard,true_mcq_grec_hard,,
MMBench_DEV_CN_V11,LLaVA-NeXT-8B_Biased_Test,1000414,vcf_only,vcf_only,A,A,1.0,0,1,0.0,0.9567809792391468,A,C,C,C,3,3,0,strongblur,strongblur,A,A,A,0,0,MCQ,grec_hard_composition_gate,GroundedResidualEnergyCompositionHard,true_mcq_grec_hard,,
MMBench_DEV_CN_V11,LLaVA-NeXT-8B_Biased_Test,1000610,tcf_only,tcf_only,C,A,0.0,1,0,1.0,0.0,C,C,C,A,1,3,1,centermask,gray,C,C,C,0,0,MCQ,grec_hard_composition_gate,GroundedResidualEnergyCompositionHard,true_mcq_grec_hard,,
MMBench_DEV_CN_V11,LLaVA-NeXT-8B_Biased_Test,1000835,tcf_only,tcf_only,A,C,0.0,1,0,1.0,0.0,A,A,A,B,1,3,1,centermask,gray,A,A,A,0,0,MCQ,grec_hard_composition_gate,GroundedResidualEnergyCompositionHard,true_mcq_grec_hard,,
MMBench_DEV_CN_V11,LLaVA-NeXT-8B_Biased_Test,1001104,vcf_only,vcf_only,A,C,0.0,0,1,0.0,1.0,C,C,C,B,3,3,1,strongblur,gray,A,A,A,0,0,MCQ,grec_hard_composition_gate,GroundedResidualEnergyCompositionHard,true_mcq_grec_hard,,
MMBench_DEV_CN_V11,LLaVA-NeXT-8B_Biased_Test,1001105,vcf_only,vcf_only,C,B,0.0,0,1,0.0,0.4104940811449581,C,C,C,C,3,3,0,centermask,centermask,C,C,C,1,0,MCQ,grec_hard_composition_gate,GroundedResidualEnergyCompositionHard,true_mcq_grec_hard,,
MMBench_DEV_CN_V11,LLaVA-NeXT-8B_Biased_Test,1001114,vcf_only,vcf_only,B,B,1.0,0,1,0.0,0.5324655283741428,C,C,C,B,3,3,1,centermask,centermask,B,B,B,0,0,MCQ,grec_hard_composition_gate,GroundedResidualEnergyCompositionHard,true_mcq_grec_hard,,
MMBench_DEV_CN_V11,LLaVA-NeXT-8B_Biased_Test,1001116,vcf_only,vcf_only,C,B,0.0,0,1,0.0,0.11796562443697473,C,C,C,C,3,3,0,gray,gray,C,C,C,1,0,MCQ,grec_hard_composition_gate,GroundedResidualEnergyCompositionHard,true_mcq_grec_hard,,
MMBench_DEV_CN_V11,LLaVA-NeXT-8B_Biased_Test,1001122,tcf_only,both,B,B,1.0,1,1,0.05057702878293613,0.19036801526064914,B,B,B,B,1,3,0,centermask,centermask,B,B,B,1,0,MCQ,grec_hard_composition_gate,GroundedResidualEnergyCompositionHard,true_mcq_grec_hard,,
MMBench_DEV_CN_V11,LLaVA-NeXT-8B_Biased_Test,1001124,vcf_only,vcf_only,C,B,0.0,0,1,0.0,0.17883531399647587,C,C,C,C,3,3,0,gray,gray,C,C,C,1,0,MCQ,grec_hard_composition_gate,GroundedResidualEnergyCompositionHard,true_mcq_grec_hard,,
MMBench_DEV_CN_V11,LLaVA-NeXT-8B_Biased_Test,1001195,vcf_only,vcf_only,C,B,0.0,0,1,0.0,1.0,C,C,D,C,4,4,0,strongblur,gray,C,C,C,1,0,MCQ,grec_hard_composition_gate,GroundedResidualEnergyCompositionHard,true_mcq_grec_hard,,
MMBench_DEV_CN_V11,LLaVA-NeXT-8B_Biased_Test,1001200,vcf_only,vcf_only,A,C,0.0,0,1,0.0,0.3925091226124584,C,C,D,A,4,4,1,strongblur,gray,A,A,A,0,0,MCQ,grec_hard_composition_gate,GroundedResidualEnergyCompositionHard,true_mcq_grec_hard,,
MMBench_DEV_CN_V11,LLaVA-NeXT-8B_Biased_Test,1001216,both,both,A,A,1.0,1,1,1.0,1.0,A,A,A,A,1,4,0,centermask,gray,A,A,A,1,0,MCQ,grec_hard_composition_gate,GroundedResidualEnergyCompositionHard,true_mcq_grec_hard,,
MMBench_DEV_CN_V11,LLaVA-NeXT-8B_Biased_Test,1002124,tcf_only,both,B,B,1.0,1,1,0.06125334635054158,0.9156748376233762,B,B,B,C,2,3,0,centermask,gray,B,B,B,0,1,MCQ,grec_hard_composition_gate,GroundedResidualEnergyCompositionHard,true_mcq_grec_hard,,
MMBench_DEV_CN_V11,LLaVA-NeXT-8B_Biased_Test,1002420,vcf_only,vcf_only,B,A,0.0,0,1,0.0,0.9788193959174222,A,C,C,B,3,3,1,centermask,gray,B,B,B,0,0,MCQ,grec_hard_composition_gate,GroundedResidualEnergyCompositionHard,true_mcq_grec_hard,,
MMBench_DEV_CN_V11,LLaVA-NeXT-8B_Biased_Test,1003086,vcf_only,vcf_only,A,C,0.0,0,1,0.0,0.261998832157938,B,A,B,A,3,3,1,strongblur,centermask,A,A,A,0,0,MCQ,grec_hard_composition_gate,GroundedResidualEnergyCompositionHard,true_mcq_grec_hard,,
MMBench_DEV_CN_V11,LLaVA-NeXT-8B_Biased_Test,1003087,vcf_only,vcf_only,B,A,0.0,0,1,0.0,0.2409547838620723,C,C,C,B,3,3,1,strongblur,strongblur,B,B,B,0,0,MCQ,grec_hard_composition_gate,GroundedResidualEnergyCompositionHard,true_mcq_grec_hard,,
MMBench_DEV_CN_V11,LLaVA-NeXT-8B_Biased_Test,1000011,both,both,B,B,1.0,1,1,0.0,0.3925091226124584,B,B,B,B,1,4,0,strongblur,strongblur,B,B,B,1,0,MCQ,grec_hard_composition_gate,GroundedResidualEnergyCompositionHard,true_mcq_grec_hard,,
MMBench_DEV_CN_V11,LLaVA-NeXT-8B_Biased_Test,1000012,vcf_only,vcf_only,C,C,1.0,0,1,0.0,0.0717074379499797,A,A,A,A,4,4,1,gray,gray,C,C,C,1,0,MCQ,grec_hard_composition_gate,GroundedResidualEnergyCompositionHard,true_mcq_grec_hard,,
MMBench_DEV_CN_V11,LLaVA-NeXT-8B_Biased_Test,1000018,both,both,C,C,1.0,1,1,0.1299959695743116,1.0,C,A,B,A,1,4,1,strongblur,centermask,C,C,C,0,1,MCQ,grec_hard_composition_gate,GroundedResidualEnergyCompositionHard,true_mcq_grec_hard,,
MMBench_DEV_CN_V11,LLaVA-NeXT-8B_Biased_Test,1000151,vcf_only,vcf_only,B,C,0.0,0,1,0.0,0.9132079918869342,C,A,B,B,4,4,1,strongblur,centermask,B,B,B,0,0,MCQ,grec_hard_composition_gate,GroundedResidualEnergyCompositionHard,true_mcq_grec_hard,,
MMBench_DEV_CN_V11,LLaVA-NeXT-8B_Biased_Test,1000322,vcf_only,vcf_only,C,A,0.0,0,1,0.0,0.784187578062825,B,B,B,B,4,4,1,gray,gray,C,C,C,1,0,MCQ,grec_hard_composition_gate,GroundedResidualEnergyCompositionHard,true_mcq_grec_hard,,
MMBench_DEV_CN_V11,LLaVA-NeXT-8B_Biased_Test,1000338,tcf_only,tcf_only,C,B,0.0,1,0,0.1875358697908267,0.0,C,C,C,D,2,4,1,strongblur,gray,C,C,C,0,0,MCQ,grec_hard_composition_gate,GroundedResidualEnergyCompositionHard,true_mcq_grec_hard,,
MMBench_DEV_CN_V11,LLaVA-NeXT-8B_Biased_Test,1000461,tcf_only,both,B,C,0.0,1,1,1.0,1.0,B,B,B,B,1,4,1,centermask,gray,B,B,B,1,0,MCQ,grec_hard_composition_gate,GroundedResidualEnergyCompositionHard,true_mcq_grec_hard,,
MMBench_DEV_CN_V11,LLaVA-NeXT-8B_Biased_Test,1000465,tcf_only,tcf_only,D,C,0.0,1,0,1.0,0.0,D,D,D,C,1,4,1,centermask,gray,D,D,D,0,0,MCQ,grec_hard_composition_gate,GroundedResidualEnergyCompositionHard,true_mcq_grec_hard,,
MMBench_DEV_CN_V11,LLaVA-NeXT-8B_Biased_Test,1000535,vcf_only,vcf_only,B,A,0.0,0,1,0.0,0.31207406592694403,B,B,B,B,4,4,0,gray,gray,B,B,B,1,0,MCQ,grec_hard_composition_gate,GroundedResidualEnergyCompositionHard,true_mcq_grec_hard,,
MMBench_DEV_CN_V11,LLaVA-NeXT-8B_Biased_Test,1000562,vcf_only,vcf_only,B,C,0.0,0,1,0.0,0.9743553795462735,C,D,C,D,4,4,1,centermask,gray,B,B,B,0,0,MCQ,grec_hard_composition_gate,GroundedResidualEnergyCompositionHard,true_mcq_grec_hard,,
MMBench_DEV_CN_V11,LLaVA-NeXT-8B_Biased_Test,1000573,vcf_only,vcf_only,B,B,1.0,0,1,0.0,1.0,B,B,A,B,4,4,0,gray,gray,B,B,B,1,0,MCQ,grec_hard_composition_gate,GroundedResidualEnergyCompositionHard,true_mcq_grec_hard,,
MMBench_DEV_CN_V11,LLaVA-NeXT-8B_Biased_Test,1000582,tcf_only,tcf_only,A,D,0.0,1,0,0.0,0.0,A,A,D,D,2,4,1,strongblur,gray,A,A,A,0,0,MCQ,grec_hard_composition_gate,GroundedResidualEnergyCompositionHard,true_mcq_grec_hard,,
MMBench_DEV_CN_V11,LLaVA-NeXT-8B_Biased_Test,1000587,vcf_only,vcf_only,B,C,0.0,0,1,0.0,0.8924863408753143,B,B,B,B,4,4,0,strongblur,strongblur,B,B,B,1,0,MCQ,grec_hard_composition_gate,GroundedResidualEnergyCompositionHard,true_mcq_grec_hard,,
MMBench_DEV_CN_V11,LLaVA-NeXT-8B_Biased_Test,1000602,tcf_only,tcf_only,D,D,1.0,1,0,1.0,0.0,D,A,D,A,1,4,0,centermask,centermask,D,D,D,0,0,MCQ,grec_hard_composition_gate,GroundedResidualEnergyCompositionHard,true_mcq_grec_hard,,
MMBench_DEV_CN_V11,LLaVA-NeXT-8B_Biased_Test,1000634,vcf_only,vcf_only,D,C,0.0,0,1,0.0,0.9245040675857836,C,D,D,D,4,4,1,gray,gray,D,D,D,0,0,MCQ,grec_hard_composition_gate,GroundedResidualEnergyCompositionHard,true_mcq_grec_hard,,
MMBench_DEV_CN_V11,LLaVA-NeXT-8B_Biased_Test,1000647,vcf_only,vcf_only,B,D,0.0,0,1,0.0,0.7350806717890741,C,B,C,B,4,4,1,centermask,gray,B,B,B,0,0,MCQ,grec_hard_composition_gate,GroundedResidualEnergyCompositionHard,true_mcq_grec_hard,,
MMBench_DEV_CN_V11,LLaVA-NeXT-8B_Biased_Test,1000656,vcf_only,vcf_only,B,B,1.0,0,1,0.0,0.3925091226124584,B,B,B,B,4,4,0,strongblur,gray,B,B,B,1,0,MCQ,grec_hard_composition_gate,GroundedResidualEnergyCompositionHard,true_mcq_grec_hard,,
MMBench_DEV_CN_V11,LLaVA-NeXT-8B_Biased_Test,1000689,vcf_only,vcf_only,C,B,0.0,0,1,0.0,0.8558871104913748,B,D,D,C,4,4,1,centermask,centermask,C,C,C,0,0,MCQ,grec_hard_composition_gate,GroundedResidualEnergyCompositionHard,true_mcq_grec_hard,,
MMBench_DEV_CN_V11,LLaVA-NeXT-8B_Biased_Test,1000768,vcf_only,vcf_only,C,D,0.0,0,1,0.0,1.0,C,C,C,C,4,4,0,strongblur,gray,C,C,C,1,0,MCQ,grec_hard_composition_gate,GroundedResidualEnergyCompositionHard,true_mcq_grec_hard,,
MMBench_DEV_CN_V11,LLaVA-NeXT-8B_Biased_Test,1000778,tcf_only,tcf_only,C,D,0.0,1,0,1.0,0.0,C,C,C,B,1,4,1,strongblur,gray,C,C,C,0,0,MCQ,grec_hard_composition_gate,GroundedResidualEnergyCompositionHard,true_mcq_grec_hard,,
MMBench_DEV_CN_V11,LLaVA-NeXT-8B_Biased_Test,1000779,vcf_only,vcf_only,D,D,1.0,0,1,0.0,1.0,C,D,B,D,4,4,1,strongblur,strongblur,D,D,D,0,0,MCQ,grec_hard_composition_gate,GroundedResidualEnergyCompositionHard,true_mcq_grec_hard,,
MMBench_DEV_CN_V11,LLaVA-NeXT-8B_Biased_Test,1000788,tcf_only,tcf_only,A,D,0.0,1,0,0.07160399571862364,0.0,A,A,A,A,1,4,0,strongblur,gray,A,A,A,1,0,MCQ,grec_hard_composition_gate,GroundedResidualEnergyCompositionHard,true_mcq_grec_hard,,
MMBench_DEV_CN_V11,LLaVA-NeXT-8B_Biased_Test,1000800,vcf_only,vcf_only,B,A,0.0,0,1,0.0,1.0,C,B,B,B,4,4,1,centermask,centermask,B,B,B,0,0,MCQ,grec_hard_composition_gate,GroundedResidualEnergyCompositionHard,true_mcq_grec_hard,,
MMBench_DEV_CN_V11,LLaVA-NeXT-8B_Biased_Test,1000805,vcf_only,vcf_only,D,C,0.0,0,1,0.0,0.9463343872426382,B,D,B,D,4,4,1,strongblur,strongblur,D,D,D,0,0,MCQ,grec_hard_composition_gate,GroundedResidualEnergyCompositionHard,true_mcq_grec_hard,,
MMBench_DEV_CN_V11,LLaVA-NeXT-8B_Biased_Test,1000826,vcf_only,vcf_only,C,D,0.0,0,1,0.0,0.9799151850019933,C,C,C,C,4,4,0,gray,gray,C,C,C,1,0,MCQ,grec_hard_composition_gate,GroundedResidualEnergyCompositionHard,true_mcq_grec_hard,,
MMBench_DEV_CN_V11,LLaVA-NeXT-8B_Biased_Test,1000866,both,both,B,B,1.0,1,1,1.0,0.8211809750365628,B,B,D,B,1,4,0,gray,gray,B,B,B,1,0,MCQ,grec_hard_composition_gate,GroundedResidualEnergyCompositionHard,true_mcq_grec_hard,,
MMBench_DEV_CN_V11,LLaVA-NeXT-8B_Biased_Test,1000867,vcf_only,vcf_only,D,D,1.0,0,1,0.0,0.9999965363434434,A,A,A,D,4,4,1,centermask,centermask,D,D,D,0,0,MCQ,grec_hard_composition_gate,GroundedResidualEnergyCompositionHard,true_mcq_grec_hard,,
MMBench_DEV_CN_V11,LLaVA-NeXT-8B_Biased_Test,1000890,vcf_only,vcf_only,B,B,1.0,0,1,0.0,0.1810422893563265,D,D,D,B,4,4,1,centermask,centermask,B,B,B,0,0,MCQ,grec_hard_composition_gate,GroundedResidualEnergyCompositionHard,true_mcq_grec_hard,,
MMBench_DEV_CN_V11,LLaVA-NeXT-8B_Biased_Test,1000908,vcf_only,vcf_only,A,D,0.0,0,1,0.0,0.3110918293167615,A,A,A,A,4,4,0,gray,gray,A,A,A,1,0,MCQ,grec_hard_composition_gate,GroundedResidualEnergyCompositionHard,true_mcq_grec_hard,,
MMBench_DEV_CN_V11,LLaVA-NeXT-8B_Biased_Test,1000914,tcf_only,both,A,C,0.0,1,1,1.0,0.36266261838874536,A,C,C,D,1,4,0,strongblur,gray,A,A,A,0,1,MCQ,grec_hard_composition_gate,GroundedResidualEnergyCompositionHard,true_mcq_grec_hard,,
MMBench_DEV_CN_V11,LLaVA-NeXT-8B_Biased_Test,1000967,vcf_only,vcf_only,B,B,1.0,0,1,0.0,0.7179804455047243,D,B,D,B,4,4,1,centermask,centermask,B,B,B,0,0,MCQ,grec_hard_composition_gate,GroundedResidualEnergyCompositionHard,true_mcq_grec_hard,,
MMBench_DEV_CN_V11,LLaVA-NeXT-8B_Biased_Test,1000975,vcf_only,vcf_only,B,C,0.0,0,1,0.0,0.766343072770852,A,D,D,D,4,4,1,centermask,centermask,B,B,B,0,0,MCQ,grec_hard_composition_gate,GroundedResidualEnergyCompositionHard,true_mcq_grec_hard,,
MMBench_DEV_CN_V11,LLaVA-NeXT-8B_Biased_Test,1000976,vcf_only,vcf_only,C,B,0.0,0,1,0.0,1.0,C,A,A,C,4,4,0,gray,gray,C,C,C,1,0,MCQ,grec_hard_composition_gate,GroundedResidualEnergyCompositionHard,true_mcq_grec_hard,,
MMBench_DEV_CN_V11,LLaVA-NeXT-8B_Biased_Test,1000990,vcf_only,vcf_only,B,A,0.0,0,1,0.0,1.0,A,D,D,A,4,4,1,gray,gray,B,B,B,1,0,MCQ,grec_hard_composition_gate,GroundedResidualEnergyCompositionHard,true_mcq_grec_hard,,
MMBench_DEV_CN_V11,LLaVA-NeXT-8B_Biased_Test,1001013,tcf_only,tcf_only,A,B,0.0,1,0,1.0,0.0,A,B,A,D,1,4,1,gray,gray,A,A,A,0,0,MCQ,grec_hard_composition_gate,GroundedResidualEnergyCompositionHard,true_mcq_grec_hard,,
MMBench_DEV_CN_V11,LLaVA-NeXT-8B_Biased_Test,1001187,tcf_only,tcf_only,C,C,1.0,1,0,0.018574549683278763,0.0,C,D,D,C,1,4,0,strongblur,centermask,C,C,C,1,0,MCQ,grec_hard_composition_gate,GroundedResidualEnergyCompositionHard,true_mcq_grec_hard,,
MMBench_DEV_CN_V11,LLaVA-NeXT-8B_Biased_Test,1001338,vcf_only,vcf_only,B,B,1.0,0,1,0.0,0.3925091226124584,D,D,D,B,4,4,1,gray,gray,B,B,B,0,0,MCQ,grec_hard_composition_gate,GroundedResidualEnergyCompositionHard,true_mcq_grec_hard,,
MMBench_DEV_CN_V11,LLaVA-NeXT-8B_Biased_Test,1001431,tcf_only,tcf_only,D,D,1.0,1,0,1.0,0.0,D,D,D,D,1,4,0,centermask,gray,D,D,D,1,0,MCQ,grec_hard_composition_gate,GroundedResidualEnergyCompositionHard,true_mcq_grec_hard,,
MMBench_DEV_CN_V11,LLaVA-NeXT-8B_Biased_Test,1001451,vcf_only,vcf_only,A,D,0.0,0,1,0.0,0.850580732769675,C,C,C,A,4,4,1,centermask,gray,A,A,A,0,0,MCQ,grec_hard_composition_gate,GroundedResidualEnergyCompositionHard,true_mcq_grec_hard,,
MMBench_DEV_CN_V11,LLaVA-NeXT-8B_Biased_Test,1001487,tcf_only,both,C,D,0.0,1,1,1.0,1.0,C,C,D,C,1,4,0,strongblur,gray,C,C,C,1,0,MCQ,grec_hard_composition_gate,GroundedResidualEnergyCompositionHard,true_mcq_grec_hard,,
MMBench_DEV_CN_V11,LLaVA-NeXT-8B_Biased_Test,1001523,both,both,D,B,0.0,1,1,1.0,0.2562485777905389,D,D,D,D,1,4,0,centermask,centermask,D,D,D,1,0,MCQ,grec_hard_composition_gate,GroundedResidualEnergyCompositionHard,true_mcq_grec_hard,,
MMBench_DEV_CN_V11,LLaVA-NeXT-8B_Biased_Test,1001531,tcf_only,tcf_only,A,C,0.0,1,0,1.0,0.0,A,C,C,A,1,4,0,centermask,gray,A,A,A,1,0,MCQ,grec_hard_composition_gate,GroundedResidualEnergyCompositionHard,true_mcq_grec_hard,,
MMBench_DEV_CN_V11,LLaVA-NeXT-8B_Biased_Test,1001598,vcf_only,vcf_only,B,C,0.0,0,1,0.0,0.3925091226124584,C,B,A,B,4,4,1,gray,gray,B,B,B,0,0,MCQ,grec_hard_composition_gate,GroundedResidualEnergyCompositionHard,true_mcq_grec_hard,,
MMBench_DEV_CN_V11,LLaVA-NeXT-8B_Biased_Test,1001632,tcf_only,both,A,B,0.0,1,1,0.0401510994765788,1.0,A,A,A,B,1,4,1,strongblur,gray,A,A,A,0,1,MCQ,grec_hard_composition_gate,GroundedResidualEnergyCompositionHard,true_mcq_grec_hard,,
MMBench_DEV_CN_V11,LLaVA-NeXT-8B_Biased_Test,1001636,vcf_only,vcf_only,D,C,0.0,0,1,0.0,0.570150940988574,B,B,B,B,4,4,1,gray,gray,D,D,D,1,0,MCQ,grec_hard_composition_gate,GroundedResidualEnergyCompositionHard,true_mcq_grec_hard,,
MMBench_DEV_CN_V11,LLaVA-NeXT-8B_Biased_Test,1001642,tcf_only,tcf_only,A,A,1.0,1,0,0.17105784030340843,0.0,A,D,D,A,1,4,0,strongblur,strongblur,A,A,A,1,0,MCQ,grec_hard_composition_gate,GroundedResidualEnergyCompositionHard,true_mcq_grec_hard,,
MMBench_DEV_CN_V11,LLaVA-NeXT-8B_Biased_Test,1001647,vcf_only,vcf_only,B,B,1.0,0,1,0.0,1.0,B,C,C,B,4,4,0,strongblur,strongblur,B,B,B,1,0,MCQ,grec_hard_composition_gate,GroundedResidualEnergyCompositionHard,true_mcq_grec_hard,,
MMBench_DEV_CN_V11,LLaVA-NeXT-8B_Biased_Test,1001655,tcf_only,tcf_only,B,A,0.0,1,0,0.024955664614075168,0.0,B,B,B,B,1,4,1,gray,gray,B,B,B,1,0,MCQ,grec_hard_composition_gate,GroundedResidualEnergyCompositionHard,true_mcq_grec_hard,,
MMBench_DEV_CN_V11,LLaVA-NeXT-8B_Biased_Test,1001658,tcf_only,tcf_only,A,D,0.0,1,0,0.0,0.0,A,A,A,D,1,4,1,strongblur,centermask,A,A,A,0,0,MCQ,grec_hard_composition_gate,GroundedResidualEnergyCompositionHard,true_mcq_grec_hard,,
MMBench_DEV_CN_V11,LLaVA-NeXT-8B_Biased_Test,1001660,tcf_only,tcf_only,B,C,0.0,1,0,0.0,0.0,A,B,B,C,2,4,1,strongblur,gray,B,B,B,0,0,MCQ,grec_hard_composition_gate,GroundedResidualEnergyCompositionHard,true_mcq_grec_hard,,
MMBench_DEV_CN_V11,LLaVA-NeXT-8B_Biased_Test,1001665,tcf_only,both,D,D,1.0,1,1,0.20074503352418827,0.7719601751840341,D,D,D,B,1,4,1,gray,gray,A,D,D,0,1,MCQ,grec_hard_composition_gate,GroundedResidualEnergyCompositionHard,true_mcq_grec_hard,,
MMBench_DEV_CN_V11,LLaVA-NeXT-8B_Biased_Test,1001667,vcf_only,vcf_only,A,A,1.0,0,1,0.0,1.0,A,B,B,A,4,4,0,strongblur,strongblur,A,A,A,1,0,MCQ,grec_hard_composition_gate,GroundedResidualEnergyCompositionHard,true_mcq_grec_hard,,
MMBench_DEV_CN_V11,LLaVA-NeXT-8B_Biased_Test,1001669,tcf_only,tcf_only,C,B,0.0,1,0,0.0,0.0,C,C,C,C,2,4,0,strongblur,strongblur,C,C,C,1,0,MCQ,grec_hard_composition_gate,GroundedResidualEnergyCompositionHard,true_mcq_grec_hard,,
MMBench_DEV_CN_V11,LLaVA-NeXT-8B_Biased_Test,1001679,vcf_only,vcf_only,A,C,0.0,0,1,0.0,0.6059957223337084,B,B,B,B,4,4,1,gray,gray,A,A,A,1,0,MCQ,grec_hard_composition_gate,GroundedResidualEnergyCompositionHard,true_mcq_grec_hard,,
MMBench_DEV_CN_V11,LLaVA-NeXT-8B_Biased_Test,1001684,vcf_only,vcf_only,D,A,0.0,0,1,0.0,0.9770313410976776,A,D,D,D,4,4,1,gray,gray,D,D,D,0,0,MCQ,grec_hard_composition_gate,GroundedResidualEnergyCompositionHard,true_mcq_grec_hard,,
MMBench_DEV_CN_V11,LLaVA-NeXT-8B_Biased_Test,1001707,tcf_only,tcf_only,A,D,0.0,1,0,0.015588032099610238,0.0,A,D,D,D,1,4,0,gray,gray,A,A,A,0,0,MCQ,grec_hard_composition_gate,GroundedResidualEnergyCompositionHard,true_mcq_grec_hard,,
MMBench_DEV_CN_V11,LLaVA-NeXT-8B_Biased_Test,1001715,tcf_only,tcf_only,D,D,1.0,1,0,0.0026571644294255403,0.0,D,D,D,D,1,4,0,strongblur,gray,D,D,D,1,0,MCQ,grec_hard_composition_gate,GroundedResidualEnergyCompositionHard,true_mcq_grec_hard,,
MMBench_DEV_CN_V11,LLaVA-NeXT-8B_Biased_Test,1001741,vcf_only,vcf_only,C,C,1.0,0,1,0.0,1.0,C,A,A,C,4,4,0,strongblur,gray,C,C,C,1,0,MCQ,grec_hard_composition_gate,GroundedResidualEnergyCompositionHard,true_mcq_grec_hard,,
MMBench_DEV_CN_V11,LLaVA-NeXT-8B_Biased_Test,1001757,tcf_only,both,D,A,0.0,1,1,0.2540498323773166,0.3925091226124584,D,A,A,A,2,4,0,centermask,centermask,D,D,D,0,1,MCQ,grec_hard_composition_gate,GroundedResidualEnergyCompositionHard,true_mcq_grec_hard,,
MMBench_DEV_CN_V11,LLaVA-NeXT-8B_Biased_Test,1001760,both,both,C,B,0.0,1,1,0.2115228462756027,0.3699512013499605,C,A,A,A,3,4,1,centermask,centermask,A,C,C,0,1,MCQ,grec_hard_composition_gate,GroundedResidualEnergyCompositionHard,true_mcq_grec_hard,,
MMBench_DEV_CN_V11,LLaVA-NeXT-8B_Biased_Test,1001762,tcf_only,tcf_only,B,B,1.0,1,0,0.1047847049071875,0.0,B,B,B,B,1,4,1,gray,gray,B,B,B,1,0,MCQ,grec_hard_composition_gate,GroundedResidualEnergyCompositionHard,true_mcq_grec_hard,,
MMBench_DEV_CN_V11,LLaVA-NeXT-8B_Biased_Test,1001764,tcf_only,tcf_only,C,C,1.0,1,0,0.0,0.0,C,C,C,C,1,4,0,centermask,centermask,C,C,C,1,0,MCQ,grec_hard_composition_gate,GroundedResidualEnergyCompositionHard,true_mcq_grec_hard,,
MMBench_DEV_CN_V11,LLaVA-NeXT-8B_Biased_Test,1001765,both,both,B,D,0.0,1,1,1.0,1.0,B,C,A,C,2,4,1,strongblur,gray,C,B,B,0,1,MCQ,grec_hard_composition_gate,GroundedResidualEnergyCompositionHard,true_mcq_grec_hard,,
MMBench_DEV_CN_V11,LLaVA-NeXT-8B_Biased_Test,1001772,tcf_only,tcf_only,C,B,0.0,1,0,1.0,0.0,C,C,D,C,1,4,0,strongblur,centermask,C,C,C,1,0,MCQ,grec_hard_composition_gate,GroundedResidualEnergyCompositionHard,true_mcq_grec_hard,,
MMBench_DEV_CN_V11,LLaVA-NeXT-8B_Biased_Test,1001774,vcf_only,vcf_only,C,A,0.0,0,1,0.0,0.5411403042066338,B,B,B,C,4,4,1,gray,gray,C,C,C,0,0,MCQ,grec_hard_composition_gate,GroundedResidualEnergyCompositionHard,true_mcq_grec_hard,,
MMBench_DEV_CN_V11,LLaVA-NeXT-8B_Biased_Test,1001800,both,both,A,A,1.0,1,1,0.05695870560906968,0.38755975526556524,A,D,D,D,1,4,1,centermask,gray,A,A,A,0,1,MCQ,grec_hard_composition_gate,GroundedResidualEnergyCompositionHard,true_mcq_grec_hard,,
MMBench_DEV_CN_V11,LLaVA-NeXT-8B_Biased_Test,1001843,both,both,D,A,0.0,1,1,0.07825769692661466,1.0,D,D,D,D,3,4,0,strongblur,gray,D,D,D,1,0,MCQ,grec_hard_composition_gate,GroundedResidualEnergyCompositionHard,true_mcq_grec_hard,,
MMBench_DEV_CN_V11,LLaVA-NeXT-8B_Biased_Test,1001847,vcf_only,vcf_only,B,A,0.0,0,1,0.0,1.0,A,C,C,B,4,4,1,strongblur,gray,B,B,B,0,0,MCQ,grec_hard_composition_gate,GroundedResidualEnergyCompositionHard,true_mcq_grec_hard,,
MMBench_DEV_CN_V11,LLaVA-NeXT-8B_Biased_Test,1001849,vcf_only,vcf_only,C,A,0.0,0,1,0.0,0.21481549606919365,B,B,B,B,4,4,1,centermask,centermask,C,C,C,1,0,MCQ,grec_hard_composition_gate,GroundedResidualEnergyCompositionHard,true_mcq_grec_hard,,
MMBench_DEV_CN_V11,LLaVA-NeXT-8B_Biased_Test,1001858,vcf_only,vcf_only,A,D,0.0,0,1,0.0,0.8077308933519832,B,B,B,B,4,4,1,gray,gray,A,A,A,1,0,MCQ,grec_hard_composition_gate,GroundedResidualEnergyCompositionHard,true_mcq_grec_hard,,
MMBench_DEV_CN_V11,LLaVA-NeXT-8B_Biased_Test,1001867,both,both,A,A,1.0,1,1,0.17228072361534252,1.0,A,A,A,D,1,4,0,strongblur,gray,A,A,A,0,1,MCQ,grec_hard_composition_gate,GroundedResidualEnergyCompositionHard,true_mcq_grec_hard,,
MMBench_DEV_CN_V11,LLaVA-NeXT-8B_Biased_Test,1001868,vcf_only,vcf_only,D,C,0.0,0,1,0.0,0.6728388253443599,A,A,A,D,4,4,1,gray,gray,D,D,D,0,0,MCQ,grec_hard_composition_gate,GroundedResidualEnergyCompositionHard,true_mcq_grec_hard,,
MMBench_DEV_CN_V11,LLaVA-NeXT-8B_Biased_Test,1001870,tcf_only,both,C,A,0.0,1,1,0.14226941721405817,0.3066475633942735,C,B,A,B,1,4,1,centermask,gray,C,C,C,0,1,MCQ,grec_hard_composition_gate,GroundedResidualEnergyCompositionHard,true_mcq_grec_hard,,
MMBench_DEV_CN_V11,LLaVA-NeXT-8B_Biased_Test,1001875,tcf_only,both,C,D,0.0,1,1,0.12315242259765569,0.9136754079490261,C,D,C,D,1,4,1,gray,gray,C,C,C,0,1,MCQ,grec_hard_composition_gate,GroundedResidualEnergyCompositionHard,true_mcq_grec_hard,,
MMBench_DEV_CN_V11,LLaVA-NeXT-8B_Biased_Test,1001877,tcf_only,tcf_only,B,B,1.0,1,0,0.00871273363096936,0.0,B,B,B,B,1,4,0,gray,gray,B,B,B,1,0,MCQ,grec_hard_composition_gate,GroundedResidualEnergyCompositionHard,true_mcq_grec_hard,,
MMBench_DEV_CN_V11,LLaVA-NeXT-8B_Biased_Test,1001882,vcf_only,vcf_only,A,A,1.0,0,1,0.0,1.0,A,A,B,A,4,4,0,strongblur,strongblur,A,A,A,1,0,MCQ,grec_hard_composition_gate,GroundedResidualEnergyCompositionHard,true_mcq_grec_hard,,
MMBench_DEV_CN_V11,LLaVA-NeXT-8B_Biased_Test,1001888,vcf_only,vcf_only,A,A,1.0,0,1,0.0,1.0,C,D,D,A,4,4,1,strongblur,gray,A,A,A,0,0,MCQ,grec_hard_composition_gate,GroundedResidualEnergyCompositionHard,true_mcq_grec_hard,,
MMBench_DEV_CN_V11,LLaVA-NeXT-8B_Biased_Test,1001913,vcf_only,vcf_only,A,B,0.0,0,1,0.0,0.8089452550921975,A,A,A,A,4,4,0,gray,gray,A,A,A,1,0,MCQ,grec_hard_composition_gate,GroundedResidualEnergyCompositionHard,true_mcq_grec_hard,,
MMBench_DEV_CN_V11,LLaVA-NeXT-8B_Biased_Test,1001940,both,both,B,B,1.0,1,1,0.0,0.9057545854605872,B,A,A,A,3,4,1,gray,gray,A,B,B,0,1,MCQ,grec_hard_composition_gate,GroundedResidualEnergyCompositionHard,true_mcq_grec_hard,,
MMBench_DEV_CN_V11,LLaVA-NeXT-8B_Biased_Test,1001953,vcf_only,vcf_only,C,C,1.0,0,1,0.0,0.4125361334316149,A,A,A,A,4,4,1,gray,gray,C,C,C,1,0,MCQ,grec_hard_composition_gate,GroundedResidualEnergyCompositionHard,true_mcq_grec_hard,,
MMBench_DEV_CN_V11,LLaVA-NeXT-8B_Biased_Test,1001979,both,both,A,C,0.0,1,1,1.0,0.9662488536119971,A,B,B,B,2,4,1,gray,gray,B,A,A,0,1,MCQ,grec_hard_composition_gate,GroundedResidualEnergyCompositionHard,true_mcq_grec_hard,,
MMBench_DEV_CN_V11,LLaVA-NeXT-8B_Biased_Test,1002404,tcf_only,tcf_only,C,B,0.0,1,0,0.09682337527295415,0.0,C,D,D,A,2,4,1,gray,gray,C,C,C,0,0,MCQ,grec_hard_composition_gate,GroundedResidualEnergyCompositionHard,true_mcq_grec_hard,,
MMBench_DEV_CN_V11,LLaVA-NeXT-8B_Biased_Test,1002637,vcf_only,vcf_only,A,C,0.0,0,1,0.0,1.0,A,B,B,A,4,4,0,centermask,gray,A,A,A,1,0,MCQ,grec_hard_composition_gate,GroundedResidualEnergyCompositionHard,true_mcq_grec_hard,,
MMBench_DEV_CN_V11,LLaVA-NeXT-8B_Biased_Test,1002946,vcf_only,vcf_only,B,C,0.0,0,1,0.0,0.9975439071390312,B,B,A,B,4,4,0,centermask,centermask,B,B,B,1,0,MCQ,grec_hard_composition_gate,GroundedResidualEnergyCompositionHard,true_mcq_grec_hard,,
MMBench_DEV_CN_V11,LLaVA-NeXT-8B_Biased_Test,1002961,vcf_only,vcf_only,A,B,0.0,0,1,0.0,0.7987513252735641,A,A,A,A,4,4,0,gray,gray,A,A,A,1,0,MCQ,grec_hard_composition_gate,GroundedResidualEnergyCompositionHard,true_mcq_grec_hard,,
MMBench_DEV_CN_V11,LLaVA-NeXT-8B_Biased_Test,1003067,vcf_only,vcf_only,C,A,0.0,0,1,0.0,1.0,C,C,C,C,4,4,0,gray,gray,C,C,C,1,0,MCQ,grec_hard_composition_gate,GroundedResidualEnergyCompositionHard,true_mcq_grec_hard,,
MMBench_DEV_CN_V11,LLaVA-NeXT-8B_Biased_Test,1003068,vcf_only,vcf_only,D,B,0.0,0,1,0.0,0.9260499893005688,D,D,D,D,4,4,0,strongblur,strongblur,D,D,D,1,0,MCQ,grec_hard_composition_gate,GroundedResidualEnergyCompositionHard,true_mcq_grec_hard,,
MMBench_DEV_CN_V11,LLaVA-NeXT-8B_Biased_Test,1003088,vcf_only,vcf_only,C,B,0.0,0,1,0.0,0.8590157093758534,D,D,D,C,4,4,1,centermask,centermask,C,C,C,0,0,MCQ,grec_hard_composition_gate,GroundedResidualEnergyCompositionHard,true_mcq_grec_hard,,
MMBench_DEV_CN_V11,LLaVA-NeXT-8B_Biased_Test,1003091,vcf_only,vcf_only,A,A,1.0,0,1,0.0,0.8729755745480302,D,D,D,D,4,4,1,gray,gray,A,A,A,1,0,MCQ,grec_hard_composition_gate,GroundedResidualEnergyCompositionHard,true_mcq_grec_hard,,
MMBench_DEV_CN_V11,LLaVA-NeXT-8B_Biased_Test,1003119,vcf_only,neither,B,A,0.0,0,0,0.0,0.0,B,B,B,A,4,4,1,centermask,centermask,B,B,B,0,0,MCQ,grec_hard_composition_gate,GroundedResidualEnergyCompositionHard,true_mcq_grec_hard,,
MMBench_DEV_CN_V11,LLaVA-NeXT-8B_Biased_Test,1003125,vcf_only,vcf_only,C,C,1.0,0,1,0.0,0.19340934993727815,C,D,D,D,4,4,0,gray,gray,C,C,C,0,0,MCQ,grec_hard_composition_gate,GroundedResidualEnergyCompositionHard,true_mcq_grec_hard,,
MMBench_DEV_CN_V11,LLaVA-NeXT-8B_Biased_Test,1003128,vcf_only,vcf_only,C,B,0.0,0,1,0.0,0.9314774075127825,A,A,A,C,4,4,1,centermask,gray,C,C,C,0,0,MCQ,grec_hard_composition_gate,GroundedResidualEnergyCompositionHard,true_mcq_grec_hard,,
MMBench_DEV_CN_V11,LLaVA-NeXT-8B_Biased_Test,1003171,vcf_only,vcf_only,B,D,0.0,0,1,0.0,0.11787988797062644,B,B,B,B,4,4,0,gray,gray,B,B,B,1,0,MCQ,grec_hard_composition_gate,GroundedResidualEnergyCompositionHard,true_mcq_grec_hard,,
MMBench_DEV_CN_V11,LLaVA-NeXT-8B_Biased_Test,1003202,vcf_only,vcf_only,C,C,1.0,0,1,0.0,0.9331641899399591,B,B,B,C,4,4,1,centermask,centermask,C,C,C,0,0,MCQ,grec_hard_composition_gate,GroundedResidualEnergyCompositionHard,true_mcq_grec_hard,,
MMBench_DEV_CN_V11,LLaVA-NeXT-8B_Biased_Test,1003210,vcf_only,vcf_only,A,B,0.0,0,1,0.0,0.9650179631716694,A,A,A,A,4,4,0,gray,gray,A,A,A,1,0,MCQ,grec_hard_composition_gate,GroundedResidualEnergyCompositionHard,true_mcq_grec_hard,,
MMBench_DEV_CN_V11,LLaVA-NeXT-8B_Biased_Test,1003229,vcf_only,vcf_only,C,C,1.0,0,1,0.0,0.3925091226124584,C,C,C,C,4,4,0,strongblur,gray,C,C,C,1,0,MCQ,grec_hard_composition_gate,GroundedResidualEnergyCompositionHard,true_mcq_grec_hard,,
MMBench_DEV_CN_V11,LLaVA-NeXT-8B_Biased_Test,1003245,vcf_only,vcf_only,D,D,1.0,0,1,0.0,0.3925091226124584,B,B,B,D,4,4,1,strongblur,gray,D,D,D,0,0,MCQ,grec_hard_composition_gate,GroundedResidualEnergyCompositionHard,true_mcq_grec_hard,,
MMBench_DEV_CN_V11,LLaVA-NeXT-8B_Biased_Test,1003359,tcf_only,tcf_only,A,A,1.0,1,0,0.0,0.0,A,A,A,A,1,4,0,strongblur,centermask,A,A,A,1,0,MCQ,grec_hard_composition_gate,GroundedResidualEnergyCompositionHard,true_mcq_grec_hard,,
MMBench_DEV_CN_V11,LLaVA-NeXT-8B_Biased_Test,1003372,vcf_only,vcf_only,D,C,0.0,0,1,0.0,0.5847391008533827,A,A,A,D,4,4,1,centermask,centermask,D,D,D,0,0,MCQ,grec_hard_composition_gate,GroundedResidualEnergyCompositionHard,true_mcq_grec_hard,,
MMBench_DEV_CN_V11,LLaVA-NeXT-8B_Biased_Test,1003379,vcf_only,vcf_only,C,C,1.0,0,1,0.0,1.0,C,D,D,D,4,4,0,centermask,centermask,C,C,C,0,0,MCQ,grec_hard_composition_gate,GroundedResidualEnergyCompositionHard,true_mcq_grec_hard,,
MMBench_DEV_CN_V11,LLaVA-NeXT-8B_Biased_Test,1003392,vcf_only,vcf_only,C,C,1.0,0,1,0.0,0.13931451250971671,A,C,A,C,4,4,1,centermask,centermask,C,C,C,0,0,MCQ,grec_hard_composition_gate,GroundedResidualEnergyCompositionHard,true_mcq_grec_hard,,
MMBench_DEV_CN_V11,LLaVA-NeXT-8B_Biased_Test,1003415,vcf_only,vcf_only,D,B,0.0,0,1,0.0,1.0,B,B,B,A,4,4,1,strongblur,gray,D,D,D,0,0,MCQ,grec_hard_composition_gate,GroundedResidualEnergyCompositionHard,true_mcq_grec_hard,,
MMBench_DEV_CN_V11,LLaVA-NeXT-8B_Biased_Test,1003474,vcf_only,vcf_only,C,A,0.0,0,1,0.0,1.0,A,B,B,C,4,4,1,gray,gray,C,C,C,0,0,MCQ,grec_hard_composition_gate,GroundedResidualEnergyCompositionHard,true_mcq_grec_hard,,
MMBench_DEV_CN_V11,LLaVA-NeXT-8B_Biased_Test,1003495,vcf_only,vcf_only,D,A,0.0,0,1,0.0,1.0,A,A,A,A,4,4,1,centermask,gray,D,D,D,1,0,MCQ,grec_hard_composition_gate,GroundedResidualEnergyCompositionHard,true_mcq_grec_hard,,
MMBench_DEV_CN_V11,LLaVA-NeXT-8B_Biased_Test,1003507,tcf_only,tcf_only,C,B,0.0,1,0,0.17909947858202102,0.0,C,C,C,B,1,4,0,gray,gray,C,C,C,0,0,MCQ,grec_hard_composition_gate,GroundedResidualEnergyCompositionHard,true_mcq_grec_hard,,
MMBench_DEV_CN_V11,LLaVA-NeXT-8B_Biased_Test,1003516,tcf_only,tcf_only,D,D,1.0,1,0,0.04503955951504057,0.0,D,D,D,B,1,4,1,strongblur,gray,D,D,D,0,0,MCQ,grec_hard_composition_gate,GroundedResidualEnergyCompositionHard,true_mcq_grec_hard,,
MMBench_DEV_CN_V11,LLaVA-NeXT-8B_Biased_Test,1003556,both,both,C,D,0.0,1,1,0.0,0.3925091226124584,C,B,B,B,1,4,0,gray,gray,C,C,C,0,1,MCQ,grec_hard_composition_gate,GroundedResidualEnergyCompositionHard,true_mcq_grec_hard,,
MMBench_DEV_CN_V11,LLaVA-NeXT-8B_Biased_Test,1003599,vcf_only,vcf_only,D,D,1.0,0,1,0.0,0.3925091226124584,C,D,B,D,4,4,1,strongblur,gray,D,D,D,0,0,MCQ,grec_hard_composition_gate,GroundedResidualEnergyCompositionHard,true_mcq_grec_hard,,
MMBench_DEV_CN_V11,LLaVA-NeXT-8B_Biased_Test,1003600,tcf_only,both,C,D,0.0,1,1,1.0,1.0,C,C,C,B,1,4,0,centermask,gray,C,C,C,0,1,MCQ,grec_hard_composition_gate,GroundedResidualEnergyCompositionHard,true_mcq_grec_hard,,
MMBench_DEV_CN_V11,LLaVA-NeXT-8B_Biased_Test,1003607,vcf_only,vcf_only,C,D,0.0,0,1,0.0,0.24233960638892754,C,C,C,C,4,4,0,strongblur,centermask,C,C,C,1,0,MCQ,grec_hard_composition_gate,GroundedResidualEnergyCompositionHard,true_mcq_grec_hard,,
MMBench_DEV_CN_V11,LLaVA-NeXT-8B_Biased_Test,1003609,vcf_only,vcf_only,A,A,1.0,0,1,0.0,0.9826519128893754,C,B,B,A,4,4,1,strongblur,strongblur,A,A,A,0,0,MCQ,grec_hard_composition_gate,GroundedResidualEnergyCompositionHard,true_mcq_grec_hard,,
MMBench_DEV_CN_V11,LLaVA-NeXT-8B_Biased_Test,1003611,vcf_only,vcf_only,C,A,0.0,0,1,0.0,0.3925091226124584,C,C,C,C,4,4,0,strongblur,gray,C,C,C,1,0,MCQ,grec_hard_composition_gate,GroundedResidualEnergyCompositionHard,true_mcq_grec_hard,,
MMBench_DEV_CN_V11,LLaVA-NeXT-8B_Biased_Test,1003619,vcf_only,vcf_only,D,C,0.0,0,1,0.0,1.0,D,D,B,B,4,4,0,strongblur,gray,D,D,D,0,0,MCQ,grec_hard_composition_gate,GroundedResidualEnergyCompositionHard,true_mcq_grec_hard,,
MMBench_DEV_CN_V11,LLaVA-NeXT-8B_Biased_Test,1003631,vcf_only,vcf_only,A,C,0.0,0,1,0.0,0.3925091226124584,C,B,B,A,4,4,1,centermask,gray,A,A,A,0,0,MCQ,grec_hard_composition_gate,GroundedResidualEnergyCompositionHard,true_mcq_grec_hard,,
MMBench_DEV_CN_V11,LLaVA-NeXT-8B_Biased_Test,1003632,vcf_only,vcf_only,A,D,0.0,0,1,0.0,1.0,A,B,B,A,4,4,0,gray,gray,A,A,A,1,0,MCQ,grec_hard_composition_gate,GroundedResidualEnergyCompositionHard,true_mcq_grec_hard,,
MMBench_DEV_CN_V11,LLaVA-NeXT-8B_Biased_Test,1003633,vcf_only,vcf_only,C,D,0.0,0,1,0.0,1.0,C,B,B,D,4,4,0,strongblur,gray,C,C,C,0,0,MCQ,grec_hard_composition_gate,GroundedResidualEnergyCompositionHard,true_mcq_grec_hard,,
MMBench_DEV_CN_V11,LLaVA-NeXT-8B_Biased_Test,1003646,vcf_only,vcf_only,D,D,1.0,0,1,0.0,0.3925091226124584,A,D,B,D,4,4,1,strongblur,gray,D,D,D,0,0,MCQ,grec_hard_composition_gate,GroundedResidualEnergyCompositionHard,true_mcq_grec_hard,,
MMBench_DEV_CN_V11,LLaVA-NeXT-8B_Biased_Test,1003653,vcf_only,vcf_only,A,C,0.0,0,1,0.0,0.9998644508626678,C,C,B,A,4,4,1,strongblur,gray,A,A,A,0,0,MCQ,grec_hard_composition_gate,GroundedResidualEnergyCompositionHard,true_mcq_grec_hard,,
MMBench_DEV_CN_V11,LLaVA-NeXT-8B_Biased_Test,1003658,vcf_only,vcf_only,C,A,0.0,0,1,0.0,1.0,A,D,D,A,4,4,1,strongblur,gray,C,C,C,1,0,MCQ,grec_hard_composition_gate,GroundedResidualEnergyCompositionHard,true_mcq_grec_hard,,
MMBench_DEV_CN_V11,LLaVA-NeXT-8B_Biased_Test,1003659,tcf_only,tcf_only,D,C,0.0,1,0,1.0,0.0,D,D,D,D,2,4,0,strongblur,strongblur,D,D,D,1,0,MCQ,grec_hard_composition_gate,GroundedResidualEnergyCompositionHard,true_mcq_grec_hard,,
MMBench_DEV_CN_V11,LLaVA-NeXT-8B_Biased_Test,1003664,vcf_only,vcf_only,C,D,0.0,0,1,0.0,0.7675510961322837,C,B,B,C,4,4,0,gray,gray,C,C,C,1,0,MCQ,grec_hard_composition_gate,GroundedResidualEnergyCompositionHard,true_mcq_grec_hard,,
MMBench_DEV_CN_V11,LLaVA-NeXT-8B_Biased_Test,1003665,tcf_only,tcf_only,D,B,0.0,1,0,1.0,0.0,D,B,D,B,1,4,1,gray,gray,D,D,D,0,0,MCQ,grec_hard_composition_gate,GroundedResidualEnergyCompositionHard,true_mcq_grec_hard,,
MMBench_DEV_CN_V11,LLaVA-NeXT-8B_Biased_Test,1003668,vcf_only,vcf_only,A,C,0.0,0,1,0.0,0.7502569494297964,C,B,B,C,4,4,1,gray,gray,A,A,A,1,0,MCQ,grec_hard_composition_gate,GroundedResidualEnergyCompositionHard,true_mcq_grec_hard,,
MMBench_DEV_CN_V11,LLaVA-NeXT-8B_Biased_Test,1003674,tcf_only,tcf_only,D,C,0.0,1,0,1.0,0.0,D,D,D,D,2,4,1,gray,gray,D,D,D,1,0,MCQ,grec_hard_composition_gate,GroundedResidualEnergyCompositionHard,true_mcq_grec_hard,,
MMBench_DEV_CN_V11,LLaVA-NeXT-8B_Biased_Test,1003715,tcf_only,tcf_only,C,C,1.0,1,0,0.0,0.0,C,C,C,C,1,4,0,gray,gray,C,C,C,1,0,MCQ,grec_hard_composition_gate,GroundedResidualEnergyCompositionHard,true_mcq_grec_hard,,
MMBench_DEV_CN_V11,LLaVA-NeXT-8B_Biased_Test,1003738,vcf_only,vcf_only,C,C,1.0,0,1,0.0,0.4816991451597357,B,B,B,C,4,4,1,gray,gray,C,C,C,0,0,MCQ,grec_hard_composition_gate,GroundedResidualEnergyCompositionHard,true_mcq_grec_hard,,
MMBench_DEV_CN_V11,LLaVA-NeXT-8B_Biased_Test,1003742,tcf_only,tcf_only,C,A,0.0,1,0,0.0,0.0,C,B,B,D,1,4,1,strongblur,centermask,C,C,C,0,0,MCQ,grec_hard_composition_gate,GroundedResidualEnergyCompositionHard,true_mcq_grec_hard,,
MMBench_DEV_CN_V11,LLaVA-NeXT-8B_Biased_Test,1003744,both,both,B,A,0.0,1,1,0.12355364624302156,0.8112879806640778,B,C,C,D,1,4,1,gray,gray,B,B,B,0,1,MCQ,grec_hard_composition_gate,GroundedResidualEnergyCompositionHard,true_mcq_grec_hard,,
MMBench_DEV_CN_V11,LLaVA-NeXT-8B_Biased_Test,1003764,tcf_only,both,C,D,0.0,1,1,0.17183536725876913,1.0,C,A,A,A,2,4,0,strongblur,gray,C,C,C,0,1,MCQ,grec_hard_composition_gate,GroundedResidualEnergyCompositionHard,true_mcq_grec_hard,,
MMBench_DEV_CN_V11,LLaVA-NeXT-8B_Biased_Test,2000284,both,both,C,B,0.0,1,1,1.0,1.0,C,B,A,C,1,3,0,strongblur,centermask,C,C,C,1,0,MCQ,grec_hard_composition_gate,GroundedResidualEnergyCompositionHard,true_mcq_grec_hard,,
MMBench_DEV_CN_V11,LLaVA-NeXT-8B_Biased_Test,2000288,both,both,B,B,1.0,1,1,1.0,1.0,B,B,B,B,1,3,0,strongblur,gray,B,B,B,1,0,MCQ,grec_hard_composition_gate,GroundedResidualEnergyCompositionHard,true_mcq_grec_hard,,
MMBench_DEV_CN_V11,LLaVA-NeXT-8B_Biased_Test,2000292,vcf_only,vcf_only,C,A,0.0,0,1,0.0,1.0,A,C,B,C,3,3,1,strongblur,gray,C,C,C,0,0,MCQ,grec_hard_composition_gate,GroundedResidualEnergyCompositionHard,true_mcq_grec_hard,,
MMBench_DEV_CN_V11,LLaVA-NeXT-8B_Biased_Test,2000294,vcf_only,vcf_only,A,C,0.0,0,1,0.0,1.0,A,B,B,B,3,3,0,strongblur,gray,A,A,A,0,0,MCQ,grec_hard_composition_gate,GroundedResidualEnergyCompositionHard,true_mcq_grec_hard,,
MMBench_DEV_CN_V11,LLaVA-NeXT-8B_Biased_Test,2000300,vcf_only,vcf_only,A,C,0.0,0,1,0.0,1.0,A,B,B,C,3,3,0,centermask,gray,A,A,A,0,0,MCQ,grec_hard_composition_gate,GroundedResidualEnergyCompositionHard,true_mcq_grec_hard,,
MMBench_DEV_CN_V11,LLaVA-NeXT-8B_Biased_Test,2000318,vcf_only,vcf_only,A,A,1.0,0,1,0.0,1.0,A,A,A,A,3,3,0,strongblur,gray,A,A,A,1,0,MCQ,grec_hard_composition_gate,GroundedResidualEnergyCompositionHard,true_mcq_grec_hard,,
MMBench_DEV_CN_V11,LLaVA-NeXT-8B_Biased_Test,2000412,vcf_only,vcf_only,C,A,0.0,0,1,0.0,0.8072926878598785,C,C,C,C,3,3,0,gray,gray,C,C,C,1,0,MCQ,grec_hard_composition_gate,GroundedResidualEnergyCompositionHard,true_mcq_grec_hard,,
MMBench_DEV_CN_V11,LLaVA-NeXT-8B_Biased_Test,2000414,vcf_only,vcf_only,C,B,0.0,0,1,0.0,0.9574454036500682,C,A,A,C,3,3,0,strongblur,strongblur,C,C,C,1,0,MCQ,grec_hard_composition_gate,GroundedResidualEnergyCompositionHard,true_mcq_grec_hard,,
MMBench_DEV_CN_V11,LLaVA-NeXT-8B_Biased_Test,2000415,vcf_only,vcf_only,C,C,1.0,0,1,0.0,1.0,C,C,C,C,3,3,0,strongblur,centermask,C,C,C,1,0,MCQ,grec_hard_composition_gate,GroundedResidualEnergyCompositionHard,true_mcq_grec_hard,,
MMBench_DEV_CN_V11,LLaVA-NeXT-8B_Biased_Test,2000610,tcf_only,tcf_only,A,B,0.0,1,0,1.0,0.0,A,A,A,B,2,3,1,centermask,gray,A,A,A,0,0,MCQ,grec_hard_composition_gate,GroundedResidualEnergyCompositionHard,true_mcq_grec_hard,,
MMBench_DEV_CN_V11,LLaVA-NeXT-8B_Biased_Test,2000828,vcf_only,vcf_only,C,C,1.0,0,1,0.0,1.0,C,C,A,C,3,3,0,strongblur,gray,C,C,C,1,0,MCQ,grec_hard_composition_gate,GroundedResidualEnergyCompositionHard,true_mcq_grec_hard,,
MMBench_DEV_CN_V11,LLaVA-NeXT-8B_Biased_Test,2000846,vcf_only,vcf_only,B,B,1.0,0,1,0.0,0.964899017601719,B,A,A,B,3,3,0,strongblur,strongblur,B,B,B,1,0,MCQ,grec_hard_composition_gate,GroundedResidualEnergyCompositionHard,true_mcq_grec_hard,,
MMBench_DEV_CN_V11,LLaVA-NeXT-8B_Biased_Test,2001104,vcf_only,vcf_only,B,A,0.0,0,1,0.0,1.0,A,A,A,C,3,3,1,strongblur,gray,B,B,B,0,0,MCQ,grec_hard_composition_gate,GroundedResidualEnergyCompositionHard,true_mcq_grec_hard,,
MMBench_DEV_CN_V11,LLaVA-NeXT-8B_Biased_Test,2001105,vcf_only,vcf_only,A,C,0.0,0,1,0.0,0.09621347963545443,A,A,A,A,3,3,0,centermask,centermask,A,A,A,1,0,MCQ,grec_hard_composition_gate,GroundedResidualEnergyCompositionHard,true_mcq_grec_hard,,
MMBench_DEV_CN_V11,LLaVA-NeXT-8B_Biased_Test,2001113,vcf_only,vcf_only,A,C,0.0,0,1,0.0,0.6816725526319813,A,A,A,A,3,3,0,centermask,centermask,A,A,A,1,0,MCQ,grec_hard_composition_gate,GroundedResidualEnergyCompositionHard,true_mcq_grec_hard,,
MMBench_DEV_CN_V11,LLaVA-NeXT-8B_Biased_Test,2001116,vcf_only,vcf_only,A,C,0.0,0,1,0.0,0.23259437692998866,A,A,A,A,3,3,0,gray,gray,A,A,A,1,0,MCQ,grec_hard_composition_gate,GroundedResidualEnergyCompositionHard,true_mcq_grec_hard,,
MMBench_DEV_CN_V11,LLaVA-NeXT-8B_Biased_Test,2001124,vcf_only,vcf_only,C,C,1.0,0,1,0.0,0.28834145344981377,A,A,A,A,3,3,1,gray,gray,C,C,C,1,0,MCQ,grec_hard_composition_gate,GroundedResidualEnergyCompositionHard,true_mcq_grec_hard,,
MMBench_DEV_CN_V11,LLaVA-NeXT-8B_Biased_Test,2001125,vcf_only,vcf_only,C,A,0.0,0,1,0.0,0.18617543951998505,C,C,C,C,3,3,0,gray,gray,C,C,C,1,0,MCQ,grec_hard_composition_gate,GroundedResidualEnergyCompositionHard,true_mcq_grec_hard,,
MMBench_DEV_CN_V11,LLaVA-NeXT-8B_Biased_Test,2001128,both,both,A,A,1.0,1,1,1.0,0.8579066905727972,A,A,A,A,1,3,0,strongblur,gray,A,A,A,1,0,MCQ,grec_hard_composition_gate,GroundedResidualEnergyCompositionHard,true_mcq_grec_hard,,
MMBench_DEV_CN_V11,LLaVA-NeXT-8B_Biased_Test,2001549,tcf_only,tcf_only,A,A,1.0,1,0,0.057803765587566946,0.0,A,A,A,A,2,4,0,strongblur,strongblur,A,A,A,1,0,MCQ,grec_hard_composition_gate,GroundedResidualEnergyCompositionHard,true_mcq_grec_hard,,
MMBench_DEV_CN_V11,LLaVA-NeXT-8B_Biased_Test,2002266,vcf_only,vcf_only,A,A,1.0,0,1,0.0,0.8035761157650075,C,C,C,A,3,3,1,centermask,gray,A,A,A,0,0,MCQ,grec_hard_composition_gate,GroundedResidualEnergyCompositionHard,true_mcq_grec_hard,,
MMBench_DEV_CN_V11,LLaVA-NeXT-8B_Biased_Test,2002420,vcf_only,vcf_only,C,B,0.0,0,1,0.0,0.9724519094422023,C,A,A,C,3,3,0,centermask,gray,C,C,C,1,0,MCQ,grec_hard_composition_gate,GroundedResidualEnergyCompositionHard,true_mcq_grec_hard,,
MMBench_DEV_CN_V11,LLaVA-NeXT-8B_Biased_Test,2002573,both,both,A,B,0.0,1,1,0.058610338981322174,1.0,A,A,A,A,1,4,0,gray,gray,A,A,A,1,0,MCQ,grec_hard_composition_gate,GroundedResidualEnergyCompositionHard,true_mcq_grec_hard,,
MMBench_DEV_CN_V11,LLaVA-NeXT-8B_Biased_Test,2003086,vcf_only,vcf_only,B,A,0.0,0,1,0.0,0.3049965770767741,C,B,C,B,3,3,1,strongblur,centermask,B,B,B,0,0,MCQ,grec_hard_composition_gate,GroundedResidualEnergyCompositionHard,true_mcq_grec_hard,,
MMBench_DEV_CN_V11,LLaVA-NeXT-8B_Biased_Test,2003509,vcf_only,vcf_only,C,A,0.0,0,1,0.0,0.16615283213603269,C,C,C,C,3,3,0,centermask,centermask,C,C,C,1,0,MCQ,grec_hard_composition_gate,GroundedResidualEnergyCompositionHard,true_mcq_grec_hard,,
MMBench_DEV_CN_V11,LLaVA-NeXT-8B_Biased_Test,2003732,tcf_only,neither,B,C,0.0,0,0,0.0,0.0,B,B,B,A,3,3,1,gray,gray,B,B,B,0,0,MCQ,grec_hard_composition_gate,GroundedResidualEnergyCompositionHard,true_mcq_grec_hard,,
MMBench_DEV_CN_V11,LLaVA-NeXT-8B_Biased_Test,2003733,vcf_only,vcf_only,A,A,1.0,0,1,0.0,0.28533030046599495,A,B,A,A,3,3,0,centermask,gray,A,A,A,1,0,MCQ,grec_hard_composition_gate,GroundedResidualEnergyCompositionHard,true_mcq_grec_hard,,
MMBench_DEV_CN_V11,LLaVA-NeXT-8B_Biased_Test,2003735,vcf_only,vcf_only,C,A,0.0,0,1,0.0,0.8380266506497638,B,C,C,C,3,3,1,gray,gray,C,C,C,0,0,MCQ,grec_hard_composition_gate,GroundedResidualEnergyCompositionHard,true_mcq_grec_hard,,
MMBench_DEV_CN_V11,LLaVA-NeXT-8B_Biased_Test,2000007,both,both,D,D,1.0,1,1,0.05703972839215665,0.3925091226124584,D,D,D,A,1,4,1,strongblur,centermask,D,D,D,0,1,MCQ,grec_hard_composition_gate,GroundedResidualEnergyCompositionHard,true_mcq_grec_hard,,
MMBench_DEV_CN_V11,LLaVA-NeXT-8B_Biased_Test,2000009,tcf_only,both,A,D,0.0,1,1,0.010773367466679007,0.3925091226124584,A,A,A,A,1,4,0,strongblur,gray,A,A,A,1,0,MCQ,grec_hard_composition_gate,GroundedResidualEnergyCompositionHard,true_mcq_grec_hard,,
MMBench_DEV_CN_V11,LLaVA-NeXT-8B_Biased_Test,2000018,both,both,D,D,1.0,1,1,0.0,1.0,D,D,D,D,1,4,0,strongblur,strongblur,D,D,D,1,0,MCQ,grec_hard_composition_gate,GroundedResidualEnergyCompositionHard,true_mcq_grec_hard,,
MMBench_DEV_CN_V11,LLaVA-NeXT-8B_Biased_Test,2000337,vcf_only,vcf_only,C,A,0.0,0,1,0.0,0.6988300412501807,B,B,B,B,4,4,1,gray,gray,C,C,C,1,0,MCQ,grec_hard_composition_gate,GroundedResidualEnergyCompositionHard,true_mcq_grec_hard,,
MMBench_DEV_CN_V11,LLaVA-NeXT-8B_Biased_Test,2000348,tcf_only,both,A,D,0.0,1,1,0.05919373174368947,0.730739174343756,A,D,D,D,1,4,1,centermask,gray,D,A,A,0,1,MCQ,grec_hard_composition_gate,GroundedResidualEnergyCompositionHard,true_mcq_grec_hard,,
MMBench_DEV_CN_V11,LLaVA-NeXT-8B_Biased_Test,2000456,tcf_only,both,D,C,0.0,1,1,0.47593976513087366,1.0,D,D,D,C,1,4,1,strongblur,gray,D,D,D,0,1,MCQ,grec_hard_composition_gate,GroundedResidualEnergyCompositionHard,true_mcq_grec_hard,,
MMBench_DEV_CN_V11,LLaVA-NeXT-8B_Biased_Test,2000465,vcf_only,vcf_only,D,D,1.0,0,1,0.0,1.0,C,D,B,D,4,4,1,strongblur,gray,D,D,D,0,0,MCQ,grec_hard_composition_gate,GroundedResidualEnergyCompositionHard,true_mcq_grec_hard,,
MMBench_DEV_CN_V11,LLaVA-NeXT-8B_Biased_Test,2000491,vcf_only,vcf_only,C,C,1.0,0,1,0.0,0.7893865241753789,B,C,B,C,4,4,1,centermask,centermask,C,C,C,0,0,MCQ,grec_hard_composition_gate,GroundedResidualEnergyCompositionHard,true_mcq_grec_hard,,
MMBench_DEV_CN_V11,LLaVA-NeXT-8B_Biased_Test,2000507,tcf_only,tcf_only,B,C,0.0,1,0,0.04234549070877058,0.0,A,A,B,A,2,4,0,centermask,centermask,B,B,B,1,0,MCQ,grec_hard_composition_gate,GroundedResidualEnergyCompositionHard,true_mcq_grec_hard,,
MMBench_DEV_CN_V11,LLaVA-NeXT-8B_Biased_Test,2000573,vcf_only,vcf_only,C,C,1.0,0,1,0.0,1.0,C,C,B,C,4,4,0,gray,gray,C,C,C,1,0,MCQ,grec_hard_composition_gate,GroundedResidualEnergyCompositionHard,true_mcq_grec_hard,,
MMBench_DEV_CN_V11,LLaVA-NeXT-8B_Biased_Test,2000587,vcf_only,vcf_only,C,D,0.0,0,1,0.0,0.6145839528791138,A,A,A,C,4,4,1,centermask,centermask,C,C,C,0,0,MCQ,grec_hard_composition_gate,GroundedResidualEnergyCompositionHard,true_mcq_grec_hard,,
MMBench_DEV_CN_V11,LLaVA-NeXT-8B_Biased_Test,2000592,vcf_only,vcf_only,A,A,1.0,0,1,0.0,0.013340626686638752,A,D,D,A,4,4,0,gray,gray,A,A,A,1,0,MCQ,grec_hard_composition_gate,GroundedResidualEnergyCompositionHard,true_mcq_grec_hard,,
MMBench_DEV_CN_V11,LLaVA-NeXT-8B_Biased_Test,2000602,tcf_only,tcf_only,A,A,1.0,1,0,0.2984329117667781,0.0,A,B,A,B,1,4,0,centermask,centermask,A,A,A,0,0,MCQ,grec_hard_composition_gate,GroundedResidualEnergyCompositionHard,true_mcq_grec_hard,,
MMBench_DEV_CN_V11,LLaVA-NeXT-8B_Biased_Test,2000634,tcf_only,tcf_only,D,D,1.0,1,0,1.0,0.0,D,D,D,C,1,4,1,strongblur,centermask,D,D,D,0,0,MCQ,grec_hard_composition_gate,GroundedResidualEnergyCompositionHard,true_mcq_grec_hard,,
MMBench_DEV_CN_V11,LLaVA-NeXT-8B_Biased_Test,2000635,tcf_only,tcf_only,B,D,0.0,1,0,1.0,0.0,B,A,A,A,1,4,0,strongblur,strongblur,B,B,B,0,0,MCQ,grec_hard_composition_gate,GroundedResidualEnergyCompositionHard,true_mcq_grec_hard,,
MMBench_DEV_CN_V11,LLaVA-NeXT-8B_Biased_Test,2000651,tcf_only,tcf_only,C,D,0.0,1,0,1.0,0.0,C,C,D,C,2,4,0,gray,gray,C,C,C,1,0,MCQ,grec_hard_composition_gate,GroundedResidualEnergyCompositionHard,true_mcq_grec_hard,,
MMBench_DEV_CN_V11,LLaVA-NeXT-8B_Biased_Test,2000670,tcf_only,tcf_only,B,B,1.0,1,0,1.0,0.0,B,B,B,B,1,4,0,strongblur,strongblur,B,B,B,1,0,MCQ,grec_hard_composition_gate,GroundedResidualEnergyCompositionHard,true_mcq_grec_hard,,
MMBench_DEV_CN_V11,LLaVA-NeXT-8B_Biased_Test,2000685,vcf_only,vcf_only,B,C,0.0,0,1,0.0,1.0,C,C,C,B,4,4,1,centermask,gray,B,B,B,0,0,MCQ,grec_hard_composition_gate,GroundedResidualEnergyCompositionHard,true_mcq_grec_hard,,
MMBench_DEV_CN_V11,LLaVA-NeXT-8B_Biased_Test,2000768,both,both,D,A,0.0,1,1,0.20508103325220262,1.0,D,D,D,D,1,4,0,strongblur,gray,D,D,D,1,0,MCQ,grec_hard_composition_gate,GroundedResidualEnergyCompositionHard,true_mcq_grec_hard,,
MMBench_DEV_CN_V11,LLaVA-NeXT-8B_Biased_Test,2000776,vcf_only,vcf_only,D,A,0.0,0,1,0.0,0.626514432036827,C,C,C,C,4,4,1,strongblur,centermask,D,D,D,1,0,MCQ,grec_hard_composition_gate,GroundedResidualEnergyCompositionHard,true_mcq_grec_hard,,
MMBench_DEV_CN_V11,LLaVA-NeXT-8B_Biased_Test,2000779,both,both,D,A,0.0,1,1,0.021837484904997595,1.0,D,D,D,D,1,4,0,strongblur,strongblur,D,D,D,1,0,MCQ,grec_hard_composition_gate,GroundedResidualEnergyCompositionHard,true_mcq_grec_hard,,
MMBench_DEV_CN_V11,LLaVA-NeXT-8B_Biased_Test,2000783,tcf_only,tcf_only,B,A,0.0,1,0,1.0,0.0,B,A,A,A,2,4,1,strongblur,gray,B,B,B,0,0,MCQ,grec_hard_composition_gate,GroundedResidualEnergyCompositionHard,true_mcq_grec_hard,,
MMBench_DEV_CN_V11,LLaVA-NeXT-8B_Biased_Test,2000785,vcf_only,vcf_only,B,D,0.0,0,1,0.0,0.8370738835919626,B,C,C,B,4,4,0,strongblur,strongblur,B,B,B,1,0,MCQ,grec_hard_composition_gate,GroundedResidualEnergyCompositionHard,true_mcq_grec_hard,,
MMBench_DEV_CN_V11,LLaVA-NeXT-8B_Biased_Test,2000792,both,both,A,D,0.0,1,1,1.0,1.0,A,A,C,A,2,4,0,centermask,gray,A,A,A,1,0,MCQ,grec_hard_composition_gate,GroundedResidualEnergyCompositionHard,true_mcq_grec_hard,,
MMBench_DEV_CN_V11,LLaVA-NeXT-8B_Biased_Test,2000800,vcf_only,vcf_only,C,B,0.0,0,1,0.0,1.0,D,C,C,C,4,4,1,centermask,centermask,C,C,C,0,0,MCQ,grec_hard_composition_gate,GroundedResidualEnergyCompositionHard,true_mcq_grec_hard,,
MMBench_DEV_CN_V11,LLaVA-NeXT-8B_Biased_Test,2000826,vcf_only,vcf_only,D,A,0.0,0,1,0.0,0.982927977630501,D,D,D,D,4,4,0,gray,gray,D,D,D,1,0,MCQ,grec_hard_composition_gate,GroundedResidualEnergyCompositionHard,true_mcq_grec_hard,,
MMBench_DEV_CN_V11,LLaVA-NeXT-8B_Biased_Test,2000865,vcf_only,vcf_only,A,B,0.0,0,1,0.0,0.16793217093016735,A,A,A,A,4,4,0,centermask,centermask,A,A,A,1,0,MCQ,grec_hard_composition_gate,GroundedResidualEnergyCompositionHard,true_mcq_grec_hard,,
MMBench_DEV_CN_V11,LLaVA-NeXT-8B_Biased_Test,2000867,vcf_only,vcf_only,A,A,1.0,0,1,0.0,0.8336031368708786,B,B,B,A,4,4,1,centermask,centermask,A,A,A,0,0,MCQ,grec_hard_composition_gate,GroundedResidualEnergyCompositionHard,true_mcq_grec_hard,,
MMBench_DEV_CN_V11,LLaVA-NeXT-8B_Biased_Test,2000904,tcf_only,both,B,D,0.0,1,1,1.0,1.0,B,B,B,B,1,4,0,gray,gray,B,B,B,1,0,MCQ,grec_hard_composition_gate,GroundedResidualEnergyCompositionHard,true_mcq_grec_hard,,
MMBench_DEV_CN_V11,LLaVA-NeXT-8B_Biased_Test,2000908,tcf_only,tcf_only,C,A,0.0,1,0,1.0,0.0,C,B,B,B,1,4,0,gray,gray,C,C,C,0,0,MCQ,grec_hard_composition_gate,GroundedResidualEnergyCompositionHard,true_mcq_grec_hard,,
MMBench_DEV_CN_V11,LLaVA-NeXT-8B_Biased_Test,2000909,both,both,A,C,0.0,1,1,0.05063859481499877,0.3776786953708018,A,D,D,C,1,4,0,centermask,centermask,A,A,A,0,1,MCQ,grec_hard_composition_gate,GroundedResidualEnergyCompositionHard,true_mcq_grec_hard,,
MMBench_DEV_CN_V11,LLaVA-NeXT-8B_Biased_Test,2000914,tcf_only,both,B,D,0.0,1,1,1.0,0.3795695802846656,B,D,B,A,1,4,1,gray,gray,B,B,B,0,1,MCQ,grec_hard_composition_gate,GroundedResidualEnergyCompositionHard,true_mcq_grec_hard,,
MMBench_DEV_CN_V11,LLaVA-NeXT-8B_Biased_Test,2000918,vcf_only,vcf_only,A,D,0.0,0,1,0.0,0.36984630820483055,B,B,B,D,4,4,1,gray,gray,A,A,A,0,0,MCQ,grec_hard_composition_gate,GroundedResidualEnergyCompositionHard,true_mcq_grec_hard,,
MMBench_DEV_CN_V11,LLaVA-NeXT-8B_Biased_Test,2000924,both,both,A,A,1.0,1,1,1.0,0.3925091226124584,A,A,A,A,1,4,0,gray,gray,A,A,A,1,0,MCQ,grec_hard_composition_gate,GroundedResidualEnergyCompositionHard,true_mcq_grec_hard,,
MMBench_DEV_CN_V11,LLaVA-NeXT-8B_Biased_Test,2000976,vcf_only,vcf_only,D,C,0.0,0,1,0.0,0.9234758474027508,D,B,B,D,4,4,0,gray,gray,D,D,D,1,0,MCQ,grec_hard_composition_gate,GroundedResidualEnergyCompositionHard,true_mcq_grec_hard,,
MMBench_DEV_CN_V11,LLaVA-NeXT-8B_Biased_Test,2000984,vcf_only,vcf_only,A,C,0.0,0,1,0.0,0.9096263152496823,B,B,B,A,4,4,1,gray,gray,A,A,A,0,0,MCQ,grec_hard_composition_gate,GroundedResidualEnergyCompositionHard,true_mcq_grec_hard,,
MMBench_DEV_CN_V11,LLaVA-NeXT-8B_Biased_Test,2000986,vcf_only,vcf_only,A,A,1.0,0,1,0.0,0.9439588523138082,A,A,C,A,4,4,0,gray,gray,A,A,A,1,0,MCQ,grec_hard_composition_gate,GroundedResidualEnergyCompositionHard,true_mcq_grec_hard,,
MMBench_DEV_CN_V11,LLaVA-NeXT-8B_Biased_Test,2001003,tcf_only,tcf_only,C,A,0.0,1,0,0.11509446214992547,0.0,C,A,C,A,1,4,1,centermask,gray,C,C,C,0,0,MCQ,grec_hard_composition_gate,GroundedResidualEnergyCompositionHard,true_mcq_grec_hard,,
MMBench_DEV_CN_V11,LLaVA-NeXT-8B_Biased_Test,2001013,vcf_only,vcf_only,C,C,1.0,0,1,0.0,0.41374109900940315,B,B,B,C,4,4,1,gray,gray,C,C,C,0,0,MCQ,grec_hard_composition_gate,GroundedResidualEnergyCompositionHard,true_mcq_grec_hard,,
MMBench_DEV_CN_V11,LLaVA-NeXT-8B_Biased_Test,2001083,vcf_only,vcf_only,B,A,0.0,0,1,0.0,1.0,A,A,A,B,4,4,1,strongblur,gray,B,B,B,0,0,MCQ,grec_hard_composition_gate,GroundedResidualEnergyCompositionHard,true_mcq_grec_hard,,
MMBench_DEV_CN_V11,LLaVA-NeXT-8B_Biased_Test,2001158,tcf_only,tcf_only,D,D,1.0,1,0,1.0,0.0,C,C,D,C,2,4,0,centermask,centermask,D,D,D,1,0,MCQ,grec_hard_composition_gate,GroundedResidualEnergyCompositionHard,true_mcq_grec_hard,,
MMBench_DEV_CN_V11,LLaVA-NeXT-8B_Biased_Test,2001182,vcf_only,vcf_only,A,C,0.0,0,1,0.0,0.6079376199555386,A,A,A,A,4,4,0,gray,gray,A,A,A,1,0,MCQ,grec_hard_composition_gate,GroundedResidualEnergyCompositionHard,true_mcq_grec_hard,,
MMBench_DEV_CN_V11,LLaVA-NeXT-8B_Biased_Test,2001187,vcf_only,vcf_only,A,D,0.0,0,1,0.0,0.21556460193606405,A,A,A,A,4,4,0,gray,gray,A,A,A,1,0,MCQ,grec_hard_composition_gate,GroundedResidualEnergyCompositionHard,true_mcq_grec_hard,,
MMBench_DEV_CN_V11,LLaVA-NeXT-8B_Biased_Test,2001294,tcf_only,both,D,C,0.0,1,1,0.10040457364222943,0.3925091226124584,D,D,D,D,1,4,0,gray,gray,D,D,D,1,0,MCQ,grec_hard_composition_gate,GroundedResidualEnergyCompositionHard,true_mcq_grec_hard,,
MMBench_DEV_CN_V11,LLaVA-NeXT-8B_Biased_Test,2001300,vcf_only,vcf_only,A,B,0.0,0,1,0.0,0.3925091226124584,B,A,B,A,4,4,1,centermask,centermask,A,A,A,0,0,MCQ,grec_hard_composition_gate,GroundedResidualEnergyCompositionHard,true_mcq_grec_hard,,
MMBench_DEV_CN_V11,LLaVA-NeXT-8B_Biased_Test,2001405,vcf_only,vcf_only,B,A,0.0,0,1,0.0,0.07252777133949347,B,B,B,B,4,4,0,centermask,centermask,B,B,B,1,0,MCQ,grec_hard_composition_gate,GroundedResidualEnergyCompositionHard,true_mcq_grec_hard,,
MMBench_DEV_CN_V11,LLaVA-NeXT-8B_Biased_Test,2001431,vcf_only,vcf_only,B,A,0.0,0,1,0.0,0.4578601107557774,B,B,B,B,4,4,0,centermask,gray,B,B,B,1,0,MCQ,grec_hard_composition_gate,GroundedResidualEnergyCompositionHard,true_mcq_grec_hard,,
MMBench_DEV_CN_V11,LLaVA-NeXT-8B_Biased_Test,2001451,vcf_only,vcf_only,D,A,0.0,0,1,0.0,0.050696994650952336,D,D,D,D,4,4,0,gray,gray,D,D,D,1,0,MCQ,grec_hard_composition_gate,GroundedResidualEnergyCompositionHard,true_mcq_grec_hard,,
MMBench_DEV_CN_V11,LLaVA-NeXT-8B_Biased_Test,2001452,vcf_only,vcf_only,D,B,0.0,0,1,0.0,0.0361733537378131,D,D,D,D,4,4,0,centermask,centermask,D,D,D,1,0,MCQ,grec_hard_composition_gate,GroundedResidualEnergyCompositionHard,true_mcq_grec_hard,,
MMBench_DEV_CN_V11,LLaVA-NeXT-8B_Biased_Test,2001485,tcf_only,tcf_only,D,C,0.0,1,0,1.0,0.0,D,D,D,D,1,4,0,strongblur,gray,D,D,D,1,0,MCQ,grec_hard_composition_gate,GroundedResidualEnergyCompositionHard,true_mcq_grec_hard,,
MMBench_DEV_CN_V11,LLaVA-NeXT-8B_Biased_Test,2001493,tcf_only,tcf_only,D,B,0.0,1,0,0.015052756845749693,0.0,D,D,D,D,2,4,0,strongblur,strongblur,D,D,D,1,0,MCQ,grec_hard_composition_gate,GroundedResidualEnergyCompositionHard,true_mcq_grec_hard,,
MMBench_DEV_CN_V11,LLaVA-NeXT-8B_Biased_Test,2001538,tcf_only,both,B,C,0.0,1,1,1.0,0.3925091226124584,B,B,B,B,1,4,0,strongblur,gray,B,B,B,1,0,MCQ,grec_hard_composition_gate,GroundedResidualEnergyCompositionHard,true_mcq_grec_hard,,
MMBench_DEV_CN_V11,LLaVA-NeXT-8B_Biased_Test,2001636,vcf_only,vcf_only,B,D,0.0,0,1,0.0,0.3488030239690778,A,A,A,A,4,4,1,gray,gray,B,B,B,1,0,MCQ,grec_hard_composition_gate,GroundedResidualEnergyCompositionHard,true_mcq_grec_hard,,
MMBench_DEV_CN_V11,LLaVA-NeXT-8B_Biased_Test,2001639,both,both,C,C,1.0,1,1,0.15172044921873962,1.0,C,C,B,C,1,4,0,centermask,centermask,C,C,C,1,0,MCQ,grec_hard_composition_gate,GroundedResidualEnergyCompositionHard,true_mcq_grec_hard,,
MMBench_DEV_CN_V11,LLaVA-NeXT-8B_Biased_Test,2001645,both,both,A,A,1.0,1,1,0.37281437888039726,1.0,A,A,A,A,1,4,1,strongblur,gray,A,A,A,1,0,MCQ,grec_hard_composition_gate,GroundedResidualEnergyCompositionHard,true_mcq_grec_hard,,
MMBench_DEV_CN_V11,LLaVA-NeXT-8B_Biased_Test,2001647,both,both,C,C,1.0,1,1,0.18508845564598375,0.3180295476043191,C,D,D,C,2,4,0,centermask,centermask,C,C,C,1,0,MCQ,grec_hard_composition_gate,GroundedResidualEnergyCompositionHard,true_mcq_grec_hard,,
MMBench_DEV_CN_V11,LLaVA-NeXT-8B_Biased_Test,2001656,tcf_only,both,B,D,0.0,1,1,1.0,0.9551377677871319,B,D,D,D,1,4,1,gray,gray,B,B,B,0,1,MCQ,grec_hard_composition_gate,GroundedResidualEnergyCompositionHard,true_mcq_grec_hard,,
MMBench_DEV_CN_V11,LLaVA-NeXT-8B_Biased_Test,2001659,tcf_only,tcf_only,A,D,0.0,1,0,0.12196246055578253,0.0,A,A,A,C,1,4,1,strongblur,gray,A,A,A,0,0,MCQ,grec_hard_composition_gate,GroundedResidualEnergyCompositionHard,true_mcq_grec_hard,,
MMBench_DEV_CN_V11,LLaVA-NeXT-8B_Biased_Test,2001663,vcf_only,vcf_only,A,A,1.0,0,1,0.0,0.3925091226124584,A,A,C,A,4,4,0,centermask,gray,A,A,A,1,0,MCQ,grec_hard_composition_gate,GroundedResidualEnergyCompositionHard,true_mcq_grec_hard,,
MMBench_DEV_CN_V11,LLaVA-NeXT-8B_Biased_Test,2001665,tcf_only,tcf_only,A,A,1.0,1,0,0.11907553615238498,0.0,A,A,A,A,1,4,0,centermask,centermask,A,A,A,1,0,MCQ,grec_hard_composition_gate,GroundedResidualEnergyCompositionHard,true_mcq_grec_hard,,
MMBench_DEV_CN_V11,LLaVA-NeXT-8B_Biased_Test,2001666,tcf_only,tcf_only,B,C,0.0,1,0,0.0,0.0,B,B,B,C,3,4,1,strongblur,centermask,B,B,B,0,0,MCQ,grec_hard_composition_gate,GroundedResidualEnergyCompositionHard,true_mcq_grec_hard,,
MMBench_DEV_CN_V11,LLaVA-NeXT-8B_Biased_Test,2001679,both,both,A,D,0.0,1,1,0.24447622992829787,0.31058834498411675,A,C,C,A,2,4,0,gray,gray,A,A,A,1,0,MCQ,grec_hard_composition_gate,GroundedResidualEnergyCompositionHard,true_mcq_grec_hard,,
MMBench_DEV_CN_V11,LLaVA-NeXT-8B_Biased_Test,2001740,vcf_only,vcf_only,A,C,0.0,0,1,0.0,1.0,A,A,B,B,4,4,0,strongblur,gray,A,A,A,0,0,MCQ,grec_hard_composition_gate,GroundedResidualEnergyCompositionHard,true_mcq_grec_hard,,
MMBench_DEV_CN_V11,LLaVA-NeXT-8B_Biased_Test,2001757,tcf_only,tcf_only,A,B,0.0,1,0,0.22928676310543894,0.0,A,A,A,B,1,4,1,strongblur,gray,A,A,A,0,0,MCQ,grec_hard_composition_gate,GroundedResidualEnergyCompositionHard,true_mcq_grec_hard,,
MMBench_DEV_CN_V11,LLaVA-NeXT-8B_Biased_Test,2001758,tcf_only,tcf_only,A,A,1.0,1,0,0.27700589958602473,0.0,A,A,A,A,1,4,0,strongblur,strongblur,A,A,A,1,0,MCQ,grec_hard_composition_gate,GroundedResidualEnergyCompositionHard,true_mcq_grec_hard,,
MMBench_DEV_CN_V11,LLaVA-NeXT-8B_Biased_Test,2001762,tcf_only,tcf_only,C,C,1.0,1,0,0.23592016484495426,0.0,C,C,C,B,1,4,1,strongblur,gray,C,C,C,0,0,MCQ,grec_hard_composition_gate,GroundedResidualEnergyCompositionHard,true_mcq_grec_hard,,
MMBench_DEV_CN_V11,LLaVA-NeXT-8B_Biased_Test,2001764,vcf_only,vcf_only,D,D,1.0,0,1,0.0,1.0,D,B,B,D,4,4,0,strongblur,gray,D,D,D,1,0,MCQ,grec_hard_composition_gate,GroundedResidualEnergyCompositionHard,true_mcq_grec_hard,,
MMBench_DEV_CN_V11,LLaVA-NeXT-8B_Biased_Test,2001765,vcf_only,vcf_only,D,A,0.0,0,1,0.0,1.0,C,B,B,D,4,4,1,strongblur,gray,D,D,D,0,0,MCQ,grec_hard_composition_gate,GroundedResidualEnergyCompositionHard,true_mcq_grec_hard,,
MMBench_DEV_CN_V11,LLaVA-NeXT-8B_Biased_Test,2001769,tcf_only,tcf_only,B,B,1.0,1,0,1.0,0.0,B,A,A,B,1,4,0,centermask,gray,B,B,B,1,0,MCQ,grec_hard_composition_gate,GroundedResidualEnergyCompositionHard,true_mcq_grec_hard,,
MMBench_DEV_CN_V11,LLaVA-NeXT-8B_Biased_Test,2001772,vcf_only,vcf_only,B,C,0.0,0,1,0.0,0.8353605020038027,B,A,A,B,4,4,0,centermask,centermask,B,B,B,1,0,MCQ,grec_hard_composition_gate,GroundedResidualEnergyCompositionHard,true_mcq_grec_hard,,
MMBench_DEV_CN_V11,LLaVA-NeXT-8B_Biased_Test,2001773,vcf_only,vcf_only,C,A,0.0,0,1,0.0,0.9229767980569473,A,B,B,B,4,4,1,centermask,gray,C,C,C,0,0,MCQ,grec_hard_composition_gate,GroundedResidualEnergyCompositionHard,true_mcq_grec_hard,,
MMBench_DEV_CN_V11,LLaVA-NeXT-8B_Biased_Test,2001774,tcf_only,tcf_only,C,B,0.0,1,0,1.0,0.0,C,C,C,B,1,4,1,centermask,gray,C,C,C,0,0,MCQ,grec_hard_composition_gate,GroundedResidualEnergyCompositionHard,true_mcq_grec_hard,,
MMBench_DEV_CN_V11,LLaVA-NeXT-8B_Biased_Test,2001849,vcf_only,vcf_only,D,B,0.0,0,1,0.0,0.20743283732181955,C,C,C,D,4,4,1,centermask,centermask,D,D,D,0,0,MCQ,grec_hard_composition_gate,GroundedResidualEnergyCompositionHard,true_mcq_grec_hard,,
MMBench_DEV_CN_V11,LLaVA-NeXT-8B_Biased_Test,2001854,vcf_only,vcf_only,B,A,0.0,0,1,0.0,1.0,B,B,B,B,4,4,0,strongblur,centermask,B,B,B,1,0,MCQ,grec_hard_composition_gate,GroundedResidualEnergyCompositionHard,true_mcq_grec_hard,,
MMBench_DEV_CN_V11,LLaVA-NeXT-8B_Biased_Test,2001858,vcf_only,vcf_only,B,A,0.0,0,1,0.0,0.4691152691535704,C,C,C,C,4,4,1,gray,gray,B,B,B,1,0,MCQ,grec_hard_composition_gate,GroundedResidualEnergyCompositionHard,true_mcq_grec_hard,,
MMBench_DEV_CN_V11,LLaVA-NeXT-8B_Biased_Test,2001862,tcf_only,tcf_only,B,C,0.0,1,0,1.0,0.0,B,C,B,C,1,4,1,centermask,gray,B,B,B,0,0,MCQ,grec_hard_composition_gate,GroundedResidualEnergyCompositionHard,true_mcq_grec_hard,,
MMBench_DEV_CN_V11,LLaVA-NeXT-8B_Biased_Test,2001867,both,both,B,B,1.0,1,1,0.12221865799467801,1.0,B,A,A,B,1,4,0,strongblur,gray,B,B,B,1,0,MCQ,grec_hard_composition_gate,GroundedResidualEnergyCompositionHard,true_mcq_grec_hard,,
MMBench_DEV_CN_V11,LLaVA-NeXT-8B_Biased_Test,2001871,vcf_only,vcf_only,D,D,1.0,0,1,0.0,1.0,D,D,D,D,4,4,0,strongblur,strongblur,D,D,D,1,0,MCQ,grec_hard_composition_gate,GroundedResidualEnergyCompositionHard,true_mcq_grec_hard,,
MMBench_DEV_CN_V11,LLaVA-NeXT-8B_Biased_Test,2001878,tcf_only,tcf_only,C,B,0.0,1,0,1.0,0.0,C,C,C,A,1,4,1,centermask,gray,C,C,C,0,0,MCQ,grec_hard_composition_gate,GroundedResidualEnergyCompositionHard,true_mcq_grec_hard,,
MMBench_DEV_CN_V11,LLaVA-NeXT-8B_Biased_Test,2001882,vcf_only,vcf_only,B,B,1.0,0,1,0.0,0.8850258091657188,A,A,A,B,4,4,1,gray,gray,B,B,B,0,0,MCQ,grec_hard_composition_gate,GroundedResidualEnergyCompositionHard,true_mcq_grec_hard,,
MMBench_DEV_CN_V11,LLaVA-NeXT-8B_Biased_Test,2001888,vcf_only,vcf_only,B,B,1.0,0,1,0.0,0.8717304722013713,A,A,A,A,4,4,1,gray,gray,B,B,B,1,0,MCQ,grec_hard_composition_gate,GroundedResidualEnergyCompositionHard,true_mcq_grec_hard,,
MMBench_DEV_CN_V11,LLaVA-NeXT-8B_Biased_Test,2001913,vcf_only,vcf_only,C,C,1.0,0,1,0.0,0.6527862892256473,B,B,B,B,4,4,1,gray,gray,C,C,C,1,0,MCQ,grec_hard_composition_gate,GroundedResidualEnergyCompositionHard,true_mcq_grec_hard,,
MMBench_DEV_CN_V11,LLaVA-NeXT-8B_Biased_Test,2001952,tcf_only,tcf_only,A,C,0.0,1,0,0.14334854178214496,0.0,A,A,A,B,1,4,1,centermask,gray,A,A,A,0,0,MCQ,grec_hard_composition_gate,GroundedResidualEnergyCompositionHard,true_mcq_grec_hard,,
MMBench_DEV_CN_V11,LLaVA-NeXT-8B_Biased_Test,2002404,tcf_only,tcf_only,A,C,0.0,1,0,1.0,0.0,A,A,A,A,3,4,0,strongblur,strongblur,A,A,A,1,0,MCQ,grec_hard_composition_gate,GroundedResidualEnergyCompositionHard,true_mcq_grec_hard,,
MMBench_DEV_CN_V11,LLaVA-NeXT-8B_Biased_Test,2002961,vcf_only,vcf_only,B,C,0.0,0,1,0.0,0.6591461519966566,B,B,B,B,4,4,0,gray,gray,B,B,B,1,0,MCQ,grec_hard_composition_gate,GroundedResidualEnergyCompositionHard,true_mcq_grec_hard,,
MMBench_DEV_CN_V11,LLaVA-NeXT-8B_Biased_Test,2003068,vcf_only,vcf_only,B,C,0.0,0,1,0.0,0.8013534628442005,A,B,A,B,4,4,1,strongblur,strongblur,B,B,B,0,0,MCQ,grec_hard_composition_gate,GroundedResidualEnergyCompositionHard,true_mcq_grec_hard,,
MMBench_DEV_CN_V11,LLaVA-NeXT-8B_Biased_Test,2003091,vcf_only,vcf_only,D,B,0.0,0,1,0.0,1.0,D,A,A,A,4,4,0,centermask,gray,D,D,D,0,0,MCQ,grec_hard_composition_gate,GroundedResidualEnergyCompositionHard,true_mcq_grec_hard,,
MMBench_DEV_CN_V11,LLaVA-NeXT-8B_Biased_Test,2003125,vcf_only,vcf_only,D,D,1.0,0,1,0.0,0.20886050472160306,A,D,A,D,4,4,1,gray,gray,D,D,D,0,0,MCQ,grec_hard_composition_gate,GroundedResidualEnergyCompositionHard,true_mcq_grec_hard,,
MMBench_DEV_CN_V11,LLaVA-NeXT-8B_Biased_Test,2003128,vcf_only,vcf_only,A,C,0.0,0,1,0.0,0.7183227352509863,A,A,A,A,4,4,0,gray,gray,A,A,A,1,0,MCQ,grec_hard_composition_gate,GroundedResidualEnergyCompositionHard,true_mcq_grec_hard,,
MMBench_DEV_CN_V11,LLaVA-NeXT-8B_Biased_Test,2003161,tcf_only,both,B,C,0.0,1,1,0.0,1.0,B,C,B,C,1,4,1,centermask,centermask,C,B,B,0,1,MCQ,grec_hard_composition_gate,GroundedResidualEnergyCompositionHard,true_mcq_grec_hard,,
MMBench_DEV_CN_V11,LLaVA-NeXT-8B_Biased_Test,2003166,vcf_only,vcf_only,C,D,0.0,0,1,0.0,0.9681398622829257,C,C,C,C,4,4,0,gray,gray,C,C,C,1,0,MCQ,grec_hard_composition_gate,GroundedResidualEnergyCompositionHard,true_mcq_grec_hard,,
MMBench_DEV_CN_V11,LLaVA-NeXT-8B_Biased_Test,2003171,vcf_only,vcf_only,C,A,0.0,0,1,0.0,0.045148667288636424,C,C,C,C,4,4,0,gray,gray,C,C,C,1,0,MCQ,grec_hard_composition_gate,GroundedResidualEnergyCompositionHard,true_mcq_grec_hard,,
MMBench_DEV_CN_V11,LLaVA-NeXT-8B_Biased_Test,2003210,vcf_only,vcf_only,B,C,0.0,0,1,0.0,0.8865474087523346,C,B,B,B,4,4,1,centermask,centermask,B,B,B,0,0,MCQ,grec_hard_composition_gate,GroundedResidualEnergyCompositionHard,true_mcq_grec_hard,,
MMBench_DEV_CN_V11,LLaVA-NeXT-8B_Biased_Test,2003225,vcf_only,vcf_only,B,D,0.0,0,1,0.0,0.26557391913824097,B,B,B,B,4,4,0,gray,gray,B,B,B,1,0,MCQ,grec_hard_composition_gate,GroundedResidualEnergyCompositionHard,true_mcq_grec_hard,,
MMBench_DEV_CN_V11,LLaVA-NeXT-8B_Biased_Test,2003229,tcf_only,tcf_only,D,D,1.0,1,0,0.013518577411565147,0.0,D,D,D,D,1,4,0,strongblur,gray,D,D,D,1,0,MCQ,grec_hard_composition_gate,GroundedResidualEnergyCompositionHard,true_mcq_grec_hard,,
MMBench_DEV_CN_V11,LLaVA-NeXT-8B_Biased_Test,2003245,vcf_only,vcf_only,A,A,1.0,0,1,0.0,0.3925091226124584,C,C,C,A,4,4,1,strongblur,gray,A,A,A,0,0,MCQ,grec_hard_composition_gate,GroundedResidualEnergyCompositionHard,true_mcq_grec_hard,,
MMBench_DEV_CN_V11,LLaVA-NeXT-8B_Biased_Test,2003354,vcf_only,vcf_only,B,C,0.0,0,1,0.0,0.85168108712772,C,D,D,D,4,4,1,gray,gray,B,B,B,0,0,MCQ,grec_hard_composition_gate,GroundedResidualEnergyCompositionHard,true_mcq_grec_hard,,
MMBench_DEV_CN_V11,LLaVA-NeXT-8B_Biased_Test,2003370,vcf_only,vcf_only,D,A,0.0,0,1,0.0,0.9739427235772044,B,B,B,D,4,4,1,centermask,centermask,D,D,D,0,0,MCQ,grec_hard_composition_gate,GroundedResidualEnergyCompositionHard,true_mcq_grec_hard,,
MMBench_DEV_CN_V11,LLaVA-NeXT-8B_Biased_Test,2003375,vcf_only,vcf_only,C,C,1.0,0,1,0.0,0.6936162674355176,B,B,B,C,4,4,1,centermask,centermask,C,C,C,0,0,MCQ,grec_hard_composition_gate,GroundedResidualEnergyCompositionHard,true_mcq_grec_hard,,
MMBench_DEV_CN_V11,LLaVA-NeXT-8B_Biased_Test,2003392,vcf_only,vcf_only,D,D,1.0,0,1,0.0,0.1666059857503113,B,B,B,D,4,4,1,centermask,centermask,D,D,D,0,0,MCQ,grec_hard_composition_gate,GroundedResidualEnergyCompositionHard,true_mcq_grec_hard,,
MMBench_DEV_CN_V11,LLaVA-NeXT-8B_Biased_Test,2003394,vcf_only,vcf_only,D,A,0.0,0,1,0.0,0.17727375188786307,B,B,B,D,4,4,1,centermask,centermask,D,D,D,0,0,MCQ,grec_hard_composition_gate,GroundedResidualEnergyCompositionHard,true_mcq_grec_hard,,
MMBench_DEV_CN_V11,LLaVA-NeXT-8B_Biased_Test,2003396,vcf_only,vcf_only,D,C,0.0,0,1,0.0,0.45619199949927214,B,B,B,B,4,4,1,gray,gray,D,D,D,1,0,MCQ,grec_hard_composition_gate,GroundedResidualEnergyCompositionHard,true_mcq_grec_hard,,
MMBench_DEV_CN_V11,LLaVA-NeXT-8B_Biased_Test,2003417,vcf_only,vcf_only,C,D,0.0,0,1,0.0,0.1834888981049828,D,D,B,D,4,4,1,centermask,gray,C,C,C,1,0,MCQ,grec_hard_composition_gate,GroundedResidualEnergyCompositionHard,true_mcq_grec_hard,,
MMBench_DEV_CN_V11,LLaVA-NeXT-8B_Biased_Test,2003426,tcf_only,tcf_only,D,D,1.0,1,0,1.0,0.0,D,D,D,D,1,4,0,centermask,centermask,D,D,D,1,0,MCQ,grec_hard_composition_gate,GroundedResidualEnergyCompositionHard,true_mcq_grec_hard,,
MMBench_DEV_CN_V11,LLaVA-NeXT-8B_Biased_Test,2003467,vcf_only,vcf_only,A,A,1.0,0,1,0.0,0.26922010968431864,A,A,A,A,4,4,0,centermask,gray,A,A,A,1,0,MCQ,grec_hard_composition_gate,GroundedResidualEnergyCompositionHard,true_mcq_grec_hard,,
MMBench_DEV_CN_V11,LLaVA-NeXT-8B_Biased_Test,2003474,vcf_only,vcf_only,A,B,0.0,0,1,0.0,1.0,B,B,B,A,4,4,1,strongblur,gray,A,A,A,0,0,MCQ,grec_hard_composition_gate,GroundedResidualEnergyCompositionHard,true_mcq_grec_hard,,
MMBench_DEV_CN_V11,LLaVA-NeXT-8B_Biased_Test,2003495,vcf_only,vcf_only,B,B,1.0,0,1,0.0,1.0,B,B,B,B,4,4,0,centermask,gray,B,B,B,1,0,MCQ,grec_hard_composition_gate,GroundedResidualEnergyCompositionHard,true_mcq_grec_hard,,
MMBench_DEV_CN_V11,LLaVA-NeXT-8B_Biased_Test,2003512,tcf_only,tcf_only,D,A,0.0,1,0,1.0,0.0,D,A,A,D,2,4,0,strongblur,strongblur,D,D,D,1,0,MCQ,grec_hard_composition_gate,GroundedResidualEnergyCompositionHard,true_mcq_grec_hard,,
MMBench_DEV_CN_V11,LLaVA-NeXT-8B_Biased_Test,2003554,both,both,D,D,1.0,1,1,0.0,0.9976408233513522,D,B,B,A,2,4,1,strongblur,gray,D,D,D,0,1,MCQ,grec_hard_composition_gate,GroundedResidualEnergyCompositionHard,true_mcq_grec_hard,,
MMBench_DEV_CN_V11,LLaVA-NeXT-8B_Biased_Test,2003556,vcf_only,vcf_only,D,A,0.0,0,1,0.0,1.0,D,C,C,D,4,4,0,centermask,gray,D,D,D,1,0,MCQ,grec_hard_composition_gate,GroundedResidualEnergyCompositionHard,true_mcq_grec_hard,,
MMBench_DEV_CN_V11,LLaVA-NeXT-8B_Biased_Test,2003599,vcf_only,vcf_only,A,A,1.0,0,1,0.0,1.0,D,B,C,A,4,4,1,strongblur,gray,A,A,A,0,0,MCQ,grec_hard_composition_gate,GroundedResidualEnergyCompositionHard,true_mcq_grec_hard,,
MMBench_DEV_CN_V11,LLaVA-NeXT-8B_Biased_Test,2003600,tcf_only,both,A,A,1.0,1,1,0.16052630846537097,0.30977799964357233,A,D,A,D,1,4,0,centermask,gray,A,A,A,0,1,MCQ,grec_hard_composition_gate,GroundedResidualEnergyCompositionHard,true_mcq_grec_hard,,
MMBench_DEV_CN_V11,LLaVA-NeXT-8B_Biased_Test,2003607,vcf_only,vcf_only,D,A,0.0,0,1,0.0,0.7715398424419997,D,D,C,D,4,4,0,strongblur,strongblur,D,D,D,1,0,MCQ,grec_hard_composition_gate,GroundedResidualEnergyCompositionHard,true_mcq_grec_hard,,
MMBench_DEV_CN_V11,LLaVA-NeXT-8B_Biased_Test,2003609,vcf_only,vcf_only,B,B,1.0,0,1,0.0,1.0,B,B,C,B,4,4,0,strongblur,strongblur,B,B,B,1,0,MCQ,grec_hard_composition_gate,GroundedResidualEnergyCompositionHard,true_mcq_grec_hard,,
MMBench_DEV_CN_V11,LLaVA-NeXT-8B_Biased_Test,2003611,vcf_only,vcf_only,B,B,1.0,0,1,0.0,1.0,D,D,D,B,4,4,1,strongblur,strongblur,B,B,B,0,0,MCQ,grec_hard_composition_gate,GroundedResidualEnergyCompositionHard,true_mcq_grec_hard,,
MMBench_DEV_CN_V11,LLaVA-NeXT-8B_Biased_Test,2003619,both,both,A,D,0.0,1,1,0.09709897174205429,1.0,A,A,A,A,1,4,0,strongblur,gray,A,A,A,1,0,MCQ,grec_hard_composition_gate,GroundedResidualEnergyCompositionHard,true_mcq_grec_hard,,
MMBench_DEV_CN_V11,LLaVA-NeXT-8B_Biased_Test,2003625,vcf_only,vcf_only,D,D,1.0,0,1,0.0,0.36755856019123284,D,C,C,D,4,4,0,strongblur,centermask,D,D,D,1,0,MCQ,grec_hard_composition_gate,GroundedResidualEnergyCompositionHard,true_mcq_grec_hard,,
MMBench_DEV_CN_V11,LLaVA-NeXT-8B_Biased_Test,2003626,vcf_only,vcf_only,D,D,1.0,0,1,0.0,1.0,B,B,B,C,4,4,1,strongblur,centermask,D,D,D,0,0,MCQ,grec_hard_composition_gate,GroundedResidualEnergyCompositionHard,true_mcq_grec_hard,,
MMBench_DEV_CN_V11,LLaVA-NeXT-8B_Biased_Test,2003631,both,both,B,D,0.0,1,1,0.037839687994802196,0.3925091226124584,B,C,C,A,2,4,0,gray,gray,B,B,B,0,1,MCQ,grec_hard_composition_gate,GroundedResidualEnergyCompositionHard,true_mcq_grec_hard,,
MMBench_DEV_CN_V11,LLaVA-NeXT-8B_Biased_Test,2003632,both,both,B,A,0.0,1,1,0.02053248384622286,1.0,B,B,B,B,1,4,0,gray,gray,B,B,B,1,0,MCQ,grec_hard_composition_gate,GroundedResidualEnergyCompositionHard,true_mcq_grec_hard,,
MMBench_DEV_CN_V11,LLaVA-NeXT-8B_Biased_Test,2003633,both,both,B,A,0.0,1,1,1.0,1.0,B,B,B,B,1,4,0,strongblur,strongblur,B,B,B,1,0,MCQ,grec_hard_composition_gate,GroundedResidualEnergyCompositionHard,true_mcq_grec_hard,,
MMBench_DEV_CN_V11,LLaVA-NeXT-8B_Biased_Test,2003646,vcf_only,vcf_only,A,A,1.0,0,1,0.0,1.0,B,C,C,A,4,4,1,strongblur,strongblur,A,A,A,0,0,MCQ,grec_hard_composition_gate,GroundedResidualEnergyCompositionHard,true_mcq_grec_hard,,
MMBench_DEV_CN_V11,LLaVA-NeXT-8B_Biased_Test,2003653,vcf_only,vcf_only,B,D,0.0,0,1,0.0,1.0,D,D,C,B,4,4,1,strongblur,gray,B,B,B,0,0,MCQ,grec_hard_composition_gate,GroundedResidualEnergyCompositionHard,true_mcq_grec_hard,,
MMBench_DEV_CN_V11,LLaVA-NeXT-8B_Biased_Test,2003664,vcf_only,vcf_only,D,A,0.0,0,1,0.0,0.6921222135880118,B,C,C,C,4,4,1,gray,gray,D,D,D,0,0,MCQ,grec_hard_composition_gate,GroundedResidualEnergyCompositionHard,true_mcq_grec_hard,,
MMBench_DEV_CN_V11,LLaVA-NeXT-8B_Biased_Test,2003665,tcf_only,tcf_only,A,C,0.0,1,0,1.0,0.0,A,C,A,C,1,4,1,gray,gray,A,A,A,0,0,MCQ,grec_hard_composition_gate,GroundedResidualEnergyCompositionHard,true_mcq_grec_hard,,
MMBench_DEV_CN_V11,LLaVA-NeXT-8B_Biased_Test,2003672,both,both,D,D,1.0,1,1,1.0,1.0,D,D,B,D,2,4,0,strongblur,gray,D,D,D,1,0,MCQ,grec_hard_composition_gate,GroundedResidualEnergyCompositionHard,true_mcq_grec_hard,,
MMBench_DEV_CN_V11,LLaVA-NeXT-8B_Biased_Test,2003717,vcf_only,vcf_only,A,A,1.0,0,1,0.0,0.7193436347689685,C,C,C,C,4,4,1,centermask,centermask,A,A,A,1,0,MCQ,grec_hard_composition_gate,GroundedResidualEnergyCompositionHard,true_mcq_grec_hard,,
MMBench_DEV_CN_V11,LLaVA-NeXT-8B_Biased_Test,2003736,vcf_only,vcf_only,C,A,0.0,0,1,0.0,1.0,C,C,D,C,4,4,0,strongblur,gray,C,C,C,1,0,MCQ,grec_hard_composition_gate,GroundedResidualEnergyCompositionHard,true_mcq_grec_hard,,
MMBench_DEV_CN_V11,LLaVA-NeXT-8B_Biased_Test,2003740,tcf_only,tcf_only,C,C,1.0,1,0,0.09320886441211695,0.0,C,C,C,D,2,4,1,centermask,gray,C,C,C,0,0,MCQ,grec_hard_composition_gate,GroundedResidualEnergyCompositionHard,true_mcq_grec_hard,,
MMBench_DEV_CN_V11,LLaVA-NeXT-8B_Biased_Test,2003742,vcf_only,vcf_only,C,B,0.0,0,1,0.0,1.0,C,C,A,C,4,4,0,strongblur,strongblur,C,C,C,1,0,MCQ,grec_hard_composition_gate,GroundedResidualEnergyCompositionHard,true_mcq_grec_hard,,
MMBench_DEV_CN_V11,LLaVA-NeXT-8B_Biased_Test,2003744,both,both,C,B,0.0,1,1,0.09888139412115926,0.3925091226124584,C,C,D,C,1,4,0,strongblur,strongblur,C,C,C,1,0,MCQ,grec_hard_composition_gate,GroundedResidualEnergyCompositionHard,true_mcq_grec_hard,,
MMBench_DEV_CN_V11,LLaVA-NeXT-8B_Biased_Test,2003764,vcf_only,vcf_only,C,A,0.0,0,1,0.0,0.9113046042593149,D,B,B,B,4,4,1,gray,gray,C,C,C,0,0,MCQ,grec_hard_composition_gate,GroundedResidualEnergyCompositionHard,true_mcq_grec_hard,,
MMBench_DEV_CN_V11,LLaVA-NeXT-8B_Biased_Test,3000002,tcf_only,tcf_only,C,C,1.0,1,0,0.1649929176985121,0.0,C,C,C,A,1,4,1,strongblur,gray,C,C,C,0,0,MCQ,grec_hard_composition_gate,GroundedResidualEnergyCompositionHard,true_mcq_grec_hard,,
MMBench_DEV_CN_V11,LLaVA-NeXT-8B_Biased_Test,3000011,vcf_only,vcf_only,D,D,1.0,0,1,0.0,0.3545602686567469,D,A,A,A,4,4,0,centermask,gray,D,D,D,0,0,MCQ,grec_hard_composition_gate,GroundedResidualEnergyCompositionHard,true_mcq_grec_hard,,
MMBench_DEV_CN_V11,LLaVA-NeXT-8B_Biased_Test,3000018,both,both,A,A,1.0,1,1,0.1996084700167362,1.0,A,A,A,D,1,4,1,strongblur,gray,A,A,A,0,1,MCQ,grec_hard_composition_gate,GroundedResidualEnergyCompositionHard,true_mcq_grec_hard,,
MMBench_DEV_CN_V11,LLaVA-NeXT-8B_Biased_Test,3000335,vcf_only,vcf_only,C,A,0.0,0,1,0.0,0.696006363490436,D,D,D,C,4,4,1,gray,gray,C,C,C,0,0,MCQ,grec_hard_composition_gate,GroundedResidualEnergyCompositionHard,true_mcq_grec_hard,,
MMBench_DEV_CN_V11,LLaVA-NeXT-8B_Biased_Test,3000345,vcf_only,neither,A,D,0.0,0,0,0.0,0.0,A,A,A,A,4,4,0,centermask,centermask,A,A,A,1,0,MCQ,grec_hard_composition_gate,GroundedResidualEnergyCompositionHard,true_mcq_grec_hard,,
MMBench_DEV_CN_V11,LLaVA-NeXT-8B_Biased_Test,3000352,vcf_only,vcf_only,A,D,0.0,0,1,0.0,1.0,C,C,C,B,4,4,1,strongblur,centermask,A,A,A,0,0,MCQ,grec_hard_composition_gate,GroundedResidualEnergyCompositionHard,true_mcq_grec_hard,,
MMBench_DEV_CN_V11,LLaVA-NeXT-8B_Biased_Test,3000461,tcf_only,both,D,A,0.0,1,1,0.5317803184760606,1.0,D,D,D,D,1,4,0,strongblur,centermask,D,D,D,1,0,MCQ,grec_hard_composition_gate,GroundedResidualEnergyCompositionHard,true_mcq_grec_hard,,
MMBench_DEV_CN_V11,LLaVA-NeXT-8B_Biased_Test,3000465,vcf_only,vcf_only,D,A,0.0,0,1,0.0,1.0,A,A,B,D,4,4,1,strongblur,strongblur,D,D,D,0,0,MCQ,grec_hard_composition_gate,GroundedResidualEnergyCompositionHard,true_mcq_grec_hard,,
MMBench_DEV_CN_V11,LLaVA-NeXT-8B_Biased_Test,3000494,tcf_only,both,A,D,0.0,1,1,1.0,0.9768310118800156,A,A,A,A,1,4,0,strongblur,strongblur,A,A,A,1,0,MCQ,grec_hard_composition_gate,GroundedResidualEnergyCompositionHard,true_mcq_grec_hard,,
MMBench_DEV_CN_V11,LLaVA-NeXT-8B_Biased_Test,3000506,vcf_only,vcf_only,D,D,1.0,0,1,0.0,0.7694532242191902,A,A,A,D,4,4,1,centermask,gray,D,D,D,0,0,MCQ,grec_hard_composition_gate,GroundedResidualEnergyCompositionHard,true_mcq_grec_hard,,
MMBench_DEV_CN_V11,LLaVA-NeXT-8B_Biased_Test,3000510,vcf_only,vcf_only,D,D,1.0,0,1,0.0,1.0,D,D,D,D,4,4,0,strongblur,gray,D,D,D,1,0,MCQ,grec_hard_composition_gate,GroundedResidualEnergyCompositionHard,true_mcq_grec_hard,,
MMBench_DEV_CN_V11,LLaVA-NeXT-8B_Biased_Test,3000511,vcf_only,vcf_only,D,D,1.0,0,1,0.0,0.7203185302195533,B,B,B,D,4,4,1,gray,gray,D,D,D,0,0,MCQ,grec_hard_composition_gate,GroundedResidualEnergyCompositionHard,true_mcq_grec_hard,,
MMBench_DEV_CN_V11,LLaVA-NeXT-8B_Biased_Test,3000535,vcf_only,vcf_only,A,C,0.0,0,1,0.0,0.25619735005023625,D,D,D,D,4,4,1,gray,gray,A,A,A,1,0,MCQ,grec_hard_composition_gate,GroundedResidualEnergyCompositionHard,true_mcq_grec_hard,,
MMBench_DEV_CN_V11,LLaVA-NeXT-8B_Biased_Test,3000565,tcf_only,tcf_only,D,D,1.0,1,0,0.0929528430629265,0.0,D,D,D,D,1,4,0,strongblur,centermask,D,D,D,1,0,MCQ,grec_hard_composition_gate,GroundedResidualEnergyCompositionHard,true_mcq_grec_hard,,
MMBench_DEV_CN_V11,LLaVA-NeXT-8B_Biased_Test,3000573,vcf_only,vcf_only,D,D,1.0,0,1,0.0,1.0,D,D,C,D,4,4,0,gray,gray,D,D,D,1,0,MCQ,grec_hard_composition_gate,GroundedResidualEnergyCompositionHard,true_mcq_grec_hard,,
MMBench_DEV_CN_V11,LLaVA-NeXT-8B_Biased_Test,3000582,tcf_only,tcf_only,B,B,1.0,1,0,1.0,0.0,B,B,B,B,1,4,0,strongblur,gray,B,B,B,1,0,MCQ,grec_hard_composition_gate,GroundedResidualEnergyCompositionHard,true_mcq_grec_hard,,
MMBench_DEV_CN_V11,LLaVA-NeXT-8B_Biased_Test,3000587,vcf_only,vcf_only,A,A,1.0,0,1,0.0,0.8999734831953345,B,B,B,B,4,4,1,strongblur,strongblur,A,A,A,1,0,MCQ,grec_hard_composition_gate,GroundedResidualEnergyCompositionHard,true_mcq_grec_hard,,
MMBench_DEV_CN_V11,LLaVA-NeXT-8B_Biased_Test,3000591,both,tcf_only,A,B,0.0,1,0,1.0,0.0,A,B,A,B,1,4,1,centermask,gray,A,A,A,0,0,MCQ,grec_hard_composition_gate,GroundedResidualEnergyCompositionHard,true_mcq_grec_hard,,
MMBench_DEV_CN_V11,LLaVA-NeXT-8B_Biased_Test,3000629,tcf_only,tcf_only,D,C,0.0,1,0,0.0,0.0,D,D,D,C,1,4,1,strongblur,gray,D,D,D,0,0,MCQ,grec_hard_composition_gate,GroundedResidualEnergyCompositionHard,true_mcq_grec_hard,,
MMBench_DEV_CN_V11,LLaVA-NeXT-8B_Biased_Test,3000647,both,both,A,B,0.0,1,1,1.0,0.9459381231547006,A,D,D,D,2,4,1,centermask,centermask,D,A,A,0,1,MCQ,grec_hard_composition_gate,GroundedResidualEnergyCompositionHard,true_mcq_grec_hard,,
MMBench_DEV_CN_V11,LLaVA-NeXT-8B_Biased_Test,3000656,both,both,D,D,1.0,1,1,0.16354228488751454,0.3925091226124584,D,D,D,D,1,4,0,strongblur,strongblur,D,D,D,1,0,MCQ,grec_hard_composition_gate,GroundedResidualEnergyCompositionHard,true_mcq_grec_hard,,
MMBench_DEV_CN_V11,LLaVA-NeXT-8B_Biased_Test,3000673,tcf_only,tcf_only,C,D,0.0,1,0,0.12202604408820727,0.0,C,C,C,B,1,4,0,strongblur,centermask,C,C,C,0,0,MCQ,grec_hard_composition_gate,GroundedResidualEnergyCompositionHard,true_mcq_grec_hard,,
MMBench_DEV_CN_V11,LLaVA-NeXT-8B_Biased_Test,3000689,vcf_only,vcf_only,A,D,0.0,0,1,0.0,0.23905599508504613,A,A,A,A,4,4,0,centermask,centermask,A,A,A,1,0,MCQ,grec_hard_composition_gate,GroundedResidualEnergyCompositionHard,true_mcq_grec_hard,,
MMBench_DEV_CN_V11,LLaVA-NeXT-8B_Biased_Test,3000729,tcf_only,tcf_only,A,A,1.0,1,0,0.042029474677553136,0.0,A,A,A,A,1,4,0,gray,gray,A,A,A,1,0,MCQ,grec_hard_composition_gate,GroundedResidualEnergyCompositionHard,true_mcq_grec_hard,,
MMBench_DEV_CN_V11,LLaVA-NeXT-8B_Biased_Test,3000773,vcf_only,vcf_only,C,C,1.0,0,1,0.0,1.0,C,C,C,C,4,4,0,strongblur,strongblur,C,C,C,1,0,MCQ,grec_hard_composition_gate,GroundedResidualEnergyCompositionHard,true_mcq_grec_hard,,
MMBench_DEV_CN_V11,LLaVA-NeXT-8B_Biased_Test,3000776,vcf_only,vcf_only,D,B,0.0,0,1,0.0,0.6740128658387253,D,D,D,D,4,4,0,strongblur,strongblur,D,D,D,1,0,MCQ,grec_hard_composition_gate,GroundedResidualEnergyCompositionHard,true_mcq_grec_hard,,
MMBench_DEV_CN_V11,LLaVA-NeXT-8B_Biased_Test,3000778,vcf_only,vcf_only,A,B,0.0,0,1,0.0,1.0,A,A,A,D,4,4,0,strongblur,gray,A,A,A,0,0,MCQ,grec_hard_composition_gate,GroundedResidualEnergyCompositionHard,true_mcq_grec_hard,,
MMBench_DEV_CN_V11,LLaVA-NeXT-8B_Biased_Test,3000779,vcf_only,vcf_only,C,B,0.0,0,1,0.0,0.9482065760288251,C,B,D,C,4,4,0,strongblur,strongblur,C,C,C,1,0,MCQ,grec_hard_composition_gate,GroundedResidualEnergyCompositionHard,true_mcq_grec_hard,,
MMBench_DEV_CN_V11,LLaVA-NeXT-8B_Biased_Test,3000785,vcf_only,vcf_only,C,A,0.0,0,1,0.0,0.841177428929454,C,D,D,C,4,4,0,strongblur,strongblur,C,C,C,1,0,MCQ,grec_hard_composition_gate,GroundedResidualEnergyCompositionHard,true_mcq_grec_hard,,
MMBench_DEV_CN_V11,LLaVA-NeXT-8B_Biased_Test,3000792,both,both,B,A,0.0,1,1,0.0985616148706816,1.0,B,B,D,B,2,4,0,centermask,gray,B,B,B,1,0,MCQ,grec_hard_composition_gate,GroundedResidualEnergyCompositionHard,true_mcq_grec_hard,,
MMBench_DEV_CN_V11,LLaVA-NeXT-8B_Biased_Test,3000799,tcf_only,tcf_only,C,A,0.0,1,0,1.0,0.0,C,C,C,A,1,4,1,strongblur,gray,C,C,C,0,0,MCQ,grec_hard_composition_gate,GroundedResidualEnergyCompositionHard,true_mcq_grec_hard,,
MMBench_DEV_CN_V11,LLaVA-NeXT-8B_Biased_Test,3000800,vcf_only,vcf_only,D,C,0.0,0,1,0.0,0.9850253031810003,C,D,D,D,4,4,1,gray,gray,D,D,D,0,0,MCQ,grec_hard_composition_gate,GroundedResidualEnergyCompositionHard,true_mcq_grec_hard,,
MMBench_DEV_CN_V11,LLaVA-NeXT-8B_Biased_Test,3000826,vcf_only,vcf_only,A,B,0.0,0,1,0.0,0.7755078219840675,A,A,A,A,4,4,0,gray,gray,A,A,A,1,0,MCQ,grec_hard_composition_gate,GroundedResidualEnergyCompositionHard,true_mcq_grec_hard,,
MMBench_DEV_CN_V11,LLaVA-NeXT-8B_Biased_Test,3000865,vcf_only,vcf_only,D,C,0.0,0,1,0.0,1.0,A,B,B,A,4,4,1,strongblur,centermask,D,D,D,1,0,MCQ,grec_hard_composition_gate,GroundedResidualEnergyCompositionHard,true_mcq_grec_hard,,
MMBench_DEV_CN_V11,LLaVA-NeXT-8B_Biased_Test,3000866,vcf_only,vcf_only,D,D,1.0,0,1,0.0,0.949766294406588,D,B,B,B,4,4,0,gray,gray,D,D,D,0,0,MCQ,grec_hard_composition_gate,GroundedResidualEnergyCompositionHard,true_mcq_grec_hard,,
MMBench_DEV_CN_V11,LLaVA-NeXT-8B_Biased_Test,3000904,tcf_only,tcf_only,A,A,1.0,1,0,1.0,0.0,A,C,A,C,1,4,0,gray,gray,A,A,A,0,0,MCQ,grec_hard_composition_gate,GroundedResidualEnergyCompositionHard,true_mcq_grec_hard,,
MMBench_DEV_CN_V11,LLaVA-NeXT-8B_Biased_Test,3000911,tcf_only,both,A,D,0.0,1,1,1.0,0.3925091226124584,A,A,A,A,1,4,0,gray,gray,A,A,A,1,0,MCQ,grec_hard_composition_gate,GroundedResidualEnergyCompositionHard,true_mcq_grec_hard,,
MMBench_DEV_CN_V11,LLaVA-NeXT-8B_Biased_Test,3000914,vcf_only,vcf_only,B,A,0.0,0,1,0.0,1.0,B,C,D,B,4,4,0,strongblur,gray,B,B,B,1,0,MCQ,grec_hard_composition_gate,GroundedResidualEnergyCompositionHard,true_mcq_grec_hard,,
MMBench_DEV_CN_V11,LLaVA-NeXT-8B_Biased_Test,3000923,vcf_only,vcf_only,D,C,0.0,0,1,0.0,0.12705562797034084,D,D,D,D,4,4,0,centermask,centermask,D,D,D,1,0,MCQ,grec_hard_composition_gate,GroundedResidualEnergyCompositionHard,true_mcq_grec_hard,,
MMBench_DEV_CN_V11,LLaVA-NeXT-8B_Biased_Test,3000975,vcf_only,vcf_only,C,A,0.0,0,1,0.0,0.3925091226124584,C,B,B,B,4,4,0,gray,gray,C,C,C,0,0,MCQ,grec_hard_composition_gate,GroundedResidualEnergyCompositionHard,true_mcq_grec_hard,,
MMBench_DEV_CN_V11,LLaVA-NeXT-8B_Biased_Test,3000976,vcf_only,vcf_only,A,D,0.0,0,1,0.0,0.8233857315822329,A,C,C,A,4,4,0,gray,gray,A,A,A,1,0,MCQ,grec_hard_composition_gate,GroundedResidualEnergyCompositionHard,true_mcq_grec_hard,,
MMBench_DEV_CN_V11,LLaVA-NeXT-8B_Biased_Test,3000986,vcf_only,vcf_only,B,B,1.0,0,1,0.0,0.2083280693479856,B,B,D,B,4,4,0,gray,gray,B,B,B,1,0,MCQ,grec_hard_composition_gate,GroundedResidualEnergyCompositionHard,true_mcq_grec_hard,,
MMBench_DEV_CN_V11,LLaVA-NeXT-8B_Biased_Test,3000991,vcf_only,vcf_only,A,B,0.0,0,1,0.0,0.20226397252177475,A,A,A,A,4,4,0,gray,gray,A,A,A,1,0,MCQ,grec_hard_composition_gate,GroundedResidualEnergyCompositionHard,true_mcq_grec_hard,,
MMBench_DEV_CN_V11,LLaVA-NeXT-8B_Biased_Test,3001003,vcf_only,vcf_only,A,B,0.0,0,1,0.0,0.49997150400480717,A,A,A,A,4,4,0,gray,gray,A,A,A,1,0,MCQ,grec_hard_composition_gate,GroundedResidualEnergyCompositionHard,true_mcq_grec_hard,,
MMBench_DEV_CN_V11,LLaVA-NeXT-8B_Biased_Test,3001013,vcf_only,vcf_only,D,D,1.0,0,1,0.0,0.3637545244383035,C,C,C,D,4,4,1,gray,gray,D,D,D,0,0,MCQ,grec_hard_composition_gate,GroundedResidualEnergyCompositionHard,true_mcq_grec_hard,,
MMBench_DEV_CN_V11,LLaVA-NeXT-8B_Biased_Test,3001015,vcf_only,vcf_only,A,C,0.0,0,1,0.0,0.45689255112269167,B,B,B,B,4,4,1,gray,gray,A,A,A,1,0,MCQ,grec_hard_composition_gate,GroundedResidualEnergyCompositionHard,true_mcq_grec_hard,,
MMBench_DEV_CN_V11,LLaVA-NeXT-8B_Biased_Test,3001021,both,both,C,B,0.0,1,1,0.07109030696964269,1.0,C,C,C,C,1,4,0,strongblur,centermask,C,C,C,1,0,MCQ,grec_hard_composition_gate,GroundedResidualEnergyCompositionHard,true_mcq_grec_hard,,
MMBench_DEV_CN_V11,LLaVA-NeXT-8B_Biased_Test,3001037,both,both,B,B,1.0,1,1,1.0,1.0,B,B,B,D,1,4,0,strongblur,centermask,B,B,B,0,1,MCQ,grec_hard_composition_gate,GroundedResidualEnergyCompositionHard,true_mcq_grec_hard,,
MMBench_DEV_CN_V11,LLaVA-NeXT-8B_Biased_Test,3001058,tcf_only,tcf_only,B,B,1.0,1,0,1.0,0.0,B,A,A,D,1,4,0,strongblur,gray,B,B,B,0,0,MCQ,grec_hard_composition_gate,GroundedResidualEnergyCompositionHard,true_mcq_grec_hard,,
MMBench_DEV_CN_V11,LLaVA-NeXT-8B_Biased_Test,3001083,vcf_only,vcf_only,C,B,0.0,0,1,0.0,1.0,B,B,B,C,4,4,1,strongblur,gray,C,C,C,0,0,MCQ,grec_hard_composition_gate,GroundedResidualEnergyCompositionHard,true_mcq_grec_hard,,
MMBench_DEV_CN_V11,LLaVA-NeXT-8B_Biased_Test,3001187,vcf_only,vcf_only,A,A,1.0,0,1,0.0,0.24159268467451098,A,A,B,A,4,4,0,centermask,centermask,A,A,A,1,0,MCQ,grec_hard_composition_gate,GroundedResidualEnergyCompositionHard,true_mcq_grec_hard,,
MMBench_DEV_CN_V11,LLaVA-NeXT-8B_Biased_Test,3001294,tcf_only,both,A,D,0.0,1,1,0.13371665199993776,0.3925091226124584,A,A,A,B,1,4,0,centermask,gray,A,A,A,0,1,MCQ,grec_hard_composition_gate,GroundedResidualEnergyCompositionHard,true_mcq_grec_hard,,
MMBench_DEV_CN_V11,LLaVA-NeXT-8B_Biased_Test,3001300,vcf_only,vcf_only,C,C,1.0,0,1,0.0,0.3925091226124584,C,D,C,C,4,4,0,centermask,centermask,C,C,C,1,0,MCQ,grec_hard_composition_gate,GroundedResidualEnergyCompositionHard,true_mcq_grec_hard,,
MMBench_DEV_CN_V11,LLaVA-NeXT-8B_Biased_Test,3001338,vcf_only,vcf_only,D,D,1.0,0,1,0.0,0.3925091226124584,B,B,B,D,4,4,1,strongblur,gray,D,D,D,0,0,MCQ,grec_hard_composition_gate,GroundedResidualEnergyCompositionHard,true_mcq_grec_hard,,
MMBench_DEV_CN_V11,LLaVA-NeXT-8B_Biased_Test,3001425,vcf_only,vcf_only,B,D,0.0,0,1,0.0,0.030039693877620108,B,B,B,B,4,4,0,gray,gray,B,B,B,1,0,MCQ,grec_hard_composition_gate,GroundedResidualEnergyCompositionHard,true_mcq_grec_hard,,
MMBench_DEV_CN_V11,LLaVA-NeXT-8B_Biased_Test,3001428,vcf_only,vcf_only,C,C,1.0,0,1,0.0,0.34641346468532713,B,B,B,C,4,4,1,gray,gray,C,C,C,0,0,MCQ,grec_hard_composition_gate,GroundedResidualEnergyCompositionHard,true_mcq_grec_hard,,
MMBench_DEV_CN_V11,LLaVA-NeXT-8B_Biased_Test,3001500,tcf_only,tcf_only,B,A,0.0,1,0,1.0,0.0,B,B,B,B,1,4,0,strongblur,strongblur,B,B,B,1,0,MCQ,grec_hard_composition_gate,GroundedResidualEnergyCompositionHard,true_mcq_grec_hard,,
MMBench_DEV_CN_V11,LLaVA-NeXT-8B_Biased_Test,3001532,both,both,C,D,0.0,1,1,1.0,1.0,C,C,C,B,1,4,0,centermask,centermask,C,C,C,0,1,MCQ,grec_hard_composition_gate,GroundedResidualEnergyCompositionHard,true_mcq_grec_hard,,
MMBench_DEV_CN_V11,LLaVA-NeXT-8B_Biased_Test,3001538,vcf_only,vcf_only,C,D,0.0,0,1,0.0,0.2807310153179918,C,C,C,C,4,4,0,strongblur,centermask,C,C,C,1,0,MCQ,grec_hard_composition_gate,GroundedResidualEnergyCompositionHard,true_mcq_grec_hard,,
MMBench_DEV_CN_V11,LLaVA-NeXT-8B_Biased_Test,3001589,tcf_only,tcf_only,A,A,1.0,1,0,1.0,0.0,A,A,A,B,1,4,0,centermask,gray,A,A,A,0,0,MCQ,grec_hard_composition_gate,GroundedResidualEnergyCompositionHard,true_mcq_grec_hard,,
MMBench_DEV_CN_V11,LLaVA-NeXT-8B_Biased_Test,3001591,tcf_only,tcf_only,A,A,1.0,1,0,1.0,0.0,A,A,A,A,1,4,0,gray,gray,A,A,A,1,0,MCQ,grec_hard_composition_gate,GroundedResidualEnergyCompositionHard,true_mcq_grec_hard,,
MMBench_DEV_CN_V11,LLaVA-NeXT-8B_Biased_Test,3001602,both,both,C,B,0.0,1,1,1.0,0.3925091226124584,C,C,C,B,1,4,1,strongblur,gray,B,C,C,0,1,MCQ,grec_hard_composition_gate,GroundedResidualEnergyCompositionHard,true_mcq_grec_hard,,
MMBench_DEV_CN_V11,LLaVA-NeXT-8B_Biased_Test,3001632,vcf_only,vcf_only,D,D,1.0,0,1,0.0,0.1804053215145814,A,A,A,A,4,4,1,gray,gray,D,D,D,1,0,MCQ,grec_hard_composition_gate,GroundedResidualEnergyCompositionHard,true_mcq_grec_hard,,
MMBench_DEV_CN_V11,LLaVA-NeXT-8B_Biased_Test,3001636,tcf_only,tcf_only,A,A,1.0,1,0,0.224667407929398,0.0,A,A,A,A,1,4,0,strongblur,strongblur,A,A,A,1,0,MCQ,grec_hard_composition_gate,GroundedResidualEnergyCompositionHard,true_mcq_grec_hard,,
MMBench_DEV_CN_V11,LLaVA-NeXT-8B_Biased_Test,3001639,vcf_only,vcf_only,D,D,1.0,0,1,0.0,0.9034387499755693,D,B,B,D,4,4,0,strongblur,centermask,D,D,D,1,0,MCQ,grec_hard_composition_gate,GroundedResidualEnergyCompositionHard,true_mcq_grec_hard,,
MMBench_DEV_CN_V11,LLaVA-NeXT-8B_Biased_Test,3001642,both,both,A,C,0.0,1,1,0.19805602523876886,1.0,A,C,B,C,2,4,1,strongblur,centermask,A,A,A,0,1,MCQ,grec_hard_composition_gate,GroundedResidualEnergyCompositionHard,true_mcq_grec_hard,,
MMBench_DEV_CN_V11,LLaVA-NeXT-8B_Biased_Test,3001658,vcf_only,vcf_only,B,B,1.0,0,1,0.0,0.2945456037403072,A,A,A,B,4,4,1,centermask,centermask,B,B,B,0,0,MCQ,grec_hard_composition_gate,GroundedResidualEnergyCompositionHard,true_mcq_grec_hard,,
MMBench_DEV_CN_V11,LLaVA-NeXT-8B_Biased_Test,3001659,tcf_only,tcf_only,B,A,0.0,1,0,0.10286176405036462,0.0,B,A,A,B,2,4,0,strongblur,centermask,B,B,B,1,0,MCQ,grec_hard_composition_gate,GroundedResidualEnergyCompositionHard,true_mcq_grec_hard,,
MMBench_DEV_CN_V11,LLaVA-NeXT-8B_Biased_Test,3001660,tcf_only,tcf_only,A,A,1.0,1,0,0.0,0.0,A,A,A,D,1,4,1,strongblur,centermask,A,A,A,0,0,MCQ,grec_hard_composition_gate,GroundedResidualEnergyCompositionHard,true_mcq_grec_hard,,
MMBench_DEV_CN_V11,LLaVA-NeXT-8B_Biased_Test,3001668,tcf_only,tcf_only,D,D,1.0,1,0,1.0,0.0,D,D,D,D,1,4,0,strongblur,strongblur,D,D,D,1,0,MCQ,grec_hard_composition_gate,GroundedResidualEnergyCompositionHard,true_mcq_grec_hard,,
MMBench_DEV_CN_V11,LLaVA-NeXT-8B_Biased_Test,3001684,vcf_only,vcf_only,B,C,0.0,0,1,0.0,0.8765270235615078,B,B,B,B,4,4,0,gray,gray,B,B,B,1,0,MCQ,grec_hard_composition_gate,GroundedResidualEnergyCompositionHard,true_mcq_grec_hard,,
MMBench_DEV_CN_V11,LLaVA-NeXT-8B_Biased_Test,3001703,vcf_only,vcf_only,B,B,1.0,0,1,0.0,1.0,B,B,B,B,4,4,0,strongblur,gray,B,B,B,1,0,MCQ,grec_hard_composition_gate,GroundedResidualEnergyCompositionHard,true_mcq_grec_hard,,
MMBench_DEV_CN_V11,LLaVA-NeXT-8B_Biased_Test,3001707,both,both,B,B,1.0,1,1,0.2186281032752111,1.0,B,B,A,C,1,4,0,strongblur,strongblur,B,B,B,0,1,MCQ,grec_hard_composition_gate,GroundedResidualEnergyCompositionHard,true_mcq_grec_hard,,
MMBench_DEV_CN_V11,LLaVA-NeXT-8B_Biased_Test,3001712,vcf_only,vcf_only,C,C,1.0,0,1,0.0,1.0,C,C,C,C,4,4,0,strongblur,gray,C,C,C,1,0,MCQ,grec_hard_composition_gate,GroundedResidualEnergyCompositionHard,true_mcq_grec_hard,,
MMBench_DEV_CN_V11,LLaVA-NeXT-8B_Biased_Test,3001715,both,both,B,B,1.0,1,1,1.0,1.0,B,B,B,B,1,4,0,strongblur,gray,B,B,B,1,0,MCQ,grec_hard_composition_gate,GroundedResidualEnergyCompositionHard,true_mcq_grec_hard,,
MMBench_DEV_CN_V11,LLaVA-NeXT-8B_Biased_Test,3001720,tcf_only,tcf_only,C,C,1.0,1,0,0.16315769618085785,0.0,C,C,C,C,1,4,0,gray,gray,C,C,C,1,0,MCQ,grec_hard_composition_gate,GroundedResidualEnergyCompositionHard,true_mcq_grec_hard,,
MMBench_DEV_CN_V11,LLaVA-NeXT-8B_Biased_Test,3001740,vcf_only,vcf_only,D,D,1.0,0,1,0.0,1.0,B,B,C,C,4,4,1,strongblur,gray,D,D,D,0,0,MCQ,grec_hard_composition_gate,GroundedResidualEnergyCompositionHard,true_mcq_grec_hard,,
MMBench_DEV_CN_V11,LLaVA-NeXT-8B_Biased_Test,3001741,vcf_only,vcf_only,D,A,0.0,0,1,0.0,1.0,A,C,C,C,4,4,1,strongblur,centermask,D,D,D,0,0,MCQ,grec_hard_composition_gate,GroundedResidualEnergyCompositionHard,true_mcq_grec_hard,,
MMBench_DEV_CN_V11,LLaVA-NeXT-8B_Biased_Test,3001757,vcf_only,vcf_only,A,C,0.0,0,1,0.0,0.03363964059741925,B,B,B,A,4,4,1,centermask,gray,A,A,A,0,0,MCQ,grec_hard_composition_gate,GroundedResidualEnergyCompositionHard,true_mcq_grec_hard,,
MMBench_DEV_CN_V11,LLaVA-NeXT-8B_Biased_Test,3001760,both,both,B,D,0.0,1,1,0.10638156245932628,0.17012732431529962,B,B,B,C,1,4,1,centermask,gray,B,B,B,0,1,MCQ,grec_hard_composition_gate,GroundedResidualEnergyCompositionHard,true_mcq_grec_hard,,
MMBench_DEV_CN_V11,LLaVA-NeXT-8B_Biased_Test,3001762,tcf_only,tcf_only,B,D,0.0,1,0,0.011469353523087644,0.0,D,B,B,B,2,4,0,strongblur,strongblur,B,B,B,0,0,MCQ,grec_hard_composition_gate,GroundedResidualEnergyCompositionHard,true_mcq_grec_hard,,
MMBench_DEV_CN_V11,LLaVA-NeXT-8B_Biased_Test,3001765,tcf_only,tcf_only,A,B,0.0,1,0,0.0,0.0,A,A,A,A,1,4,0,strongblur,strongblur,A,A,A,1,0,MCQ,grec_hard_composition_gate,GroundedResidualEnergyCompositionHard,true_mcq_grec_hard,,
MMBench_DEV_CN_V11,LLaVA-NeXT-8B_Biased_Test,3001769,tcf_only,tcf_only,C,C,1.0,1,0,1.0,0.0,C,A,C,C,1,4,0,strongblur,gray,C,C,C,1,0,MCQ,grec_hard_composition_gate,GroundedResidualEnergyCompositionHard,true_mcq_grec_hard,,
MMBench_DEV_CN_V11,LLaVA-NeXT-8B_Biased_Test,3001772,vcf_only,vcf_only,B,D,0.0,0,1,0.0,0.9923627421527156,C,A,A,A,4,4,1,centermask,centermask,B,B,B,0,0,MCQ,grec_hard_composition_gate,GroundedResidualEnergyCompositionHard,true_mcq_grec_hard,,
MMBench_DEV_CN_V11,LLaVA-NeXT-8B_Biased_Test,3001774,tcf_only,tcf_only,A,C,0.0,1,0,1.0,0.0,A,D,D,C,1,4,1,strongblur,gray,A,A,A,0,0,MCQ,grec_hard_composition_gate,GroundedResidualEnergyCompositionHard,true_mcq_grec_hard,,
MMBench_DEV_CN_V11,LLaVA-NeXT-8B_Biased_Test,3001842,vcf_only,vcf_only,C,C,1.0,0,1,0.0,1.0,C,D,D,B,4,4,0,strongblur,gray,C,C,C,0,0,MCQ,grec_hard_composition_gate,GroundedResidualEnergyCompositionHard,true_mcq_grec_hard,,
MMBench_DEV_CN_V11,LLaVA-NeXT-8B_Biased_Test,3001847,vcf_only,vcf_only,B,C,0.0,0,1,0.0,0.9500879472112796,B,A,A,B,4,4,0,gray,gray,B,B,B,1,0,MCQ,grec_hard_composition_gate,GroundedResidualEnergyCompositionHard,true_mcq_grec_hard,,
MMBench_DEV_CN_V11,LLaVA-NeXT-8B_Biased_Test,3001849,vcf_only,vcf_only,D,C,0.0,0,1,0.0,0.8379874298811838,D,A,A,D,4,4,0,gray,gray,D,D,D,1,0,MCQ,grec_hard_composition_gate,GroundedResidualEnergyCompositionHard,true_mcq_grec_hard,,
MMBench_DEV_CN_V11,LLaVA-NeXT-8B_Biased_Test,3001854,vcf_only,vcf_only,C,B,0.0,0,1,0.0,1.0,C,C,C,C,4,4,0,strongblur,centermask,C,C,C,1,0,MCQ,grec_hard_composition_gate,GroundedResidualEnergyCompositionHard,true_mcq_grec_hard,,
MMBench_DEV_CN_V11,LLaVA-NeXT-8B_Biased_Test,3001857,vcf_only,vcf_only,C,A,0.0,0,1,0.0,1.0,A,D,A,C,4,4,1,gray,gray,C,C,C,0,0,MCQ,grec_hard_composition_gate,GroundedResidualEnergyCompositionHard,true_mcq_grec_hard,,
MMBench_DEV_CN_V11,LLaVA-NeXT-8B_Biased_Test,3001858,vcf_only,vcf_only,C,B,0.0,0,1,0.0,0.5826442424641572,A,D,D,C,4,4,1,gray,gray,C,C,C,0,0,MCQ,grec_hard_composition_gate,GroundedResidualEnergyCompositionHard,true_mcq_grec_hard,,
MMBench_DEV_CN_V11,LLaVA-NeXT-8B_Biased_Test,3001867,both,both,C,C,1.0,1,1,0.16311143953123186,1.0,C,B,D,C,2,4,0,strongblur,gray,C,C,C,1,0,MCQ,grec_hard_composition_gate,GroundedResidualEnergyCompositionHard,true_mcq_grec_hard,,
MMBench_DEV_CN_V11,LLaVA-NeXT-8B_Biased_Test,3001875,vcf_only,vcf_only,B,B,1.0,0,1,0.0,0.6517573172035817,A,A,A,B,4,4,1,gray,gray,B,B,B,0,0,MCQ,grec_hard_composition_gate,GroundedResidualEnergyCompositionHard,true_mcq_grec_hard,,
MMBench_DEV_CN_V11,LLaVA-NeXT-8B_Biased_Test,3001876,tcf_only,both,D,B,0.0,1,1,1.0,0.9218670164577983,D,A,A,A,2,4,1,strongblur,strongblur,A,D,D,0,1,MCQ,grec_hard_composition_gate,GroundedResidualEnergyCompositionHard,true_mcq_grec_hard,,
MMBench_DEV_CN_V11,LLaVA-NeXT-8B_Biased_Test,3001878,vcf_only,vcf_only,B,C,0.0,0,1,0.0,0.7005891978994729,A,A,A,B,4,4,1,gray,gray,B,B,B,0,0,MCQ,grec_hard_composition_gate,GroundedResidualEnergyCompositionHard,true_mcq_grec_hard,,
MMBench_DEV_CN_V11,LLaVA-NeXT-8B_Biased_Test,3001879,vcf_only,vcf_only,C,C,1.0,0,1,0.0,0.25135946641940676,A,A,A,B,4,4,1,gray,gray,C,C,C,0,0,MCQ,grec_hard_composition_gate,GroundedResidualEnergyCompositionHard,true_mcq_grec_hard,,
MMBench_DEV_CN_V11,LLaVA-NeXT-8B_Biased_Test,3001882,vcf_only,vcf_only,C,C,1.0,0,1,0.0,1.0,C,B,B,C,4,4,0,gray,gray,C,C,C,1,0,MCQ,grec_hard_composition_gate,GroundedResidualEnergyCompositionHard,true_mcq_grec_hard,,
MMBench_DEV_CN_V11,LLaVA-NeXT-8B_Biased_Test,3001952,both,both,B,D,0.0,1,1,1.0,1.0,B,B,B,B,2,4,0,centermask,centermask,B,B,B,1,0,MCQ,grec_hard_composition_gate,GroundedResidualEnergyCompositionHard,true_mcq_grec_hard,,
MMBench_DEV_CN_V11,LLaVA-NeXT-8B_Biased_Test,3001953,vcf_only,vcf_only,B,A,0.0,0,1,0.0,0.6246530823364239,C,C,C,C,4,4,1,gray,gray,B,B,B,1,0,MCQ,grec_hard_composition_gate,GroundedResidualEnergyCompositionHard,true_mcq_grec_hard,,
MMBench_DEV_CN_V11,LLaVA-NeXT-8B_Biased_Test,3001967,tcf_only,tcf_only,D,A,0.0,1,0,0.13892556600947992,0.0,D,A,D,A,2,4,1,centermask,gray,D,D,D,0,0,MCQ,grec_hard_composition_gate,GroundedResidualEnergyCompositionHard,true_mcq_grec_hard,,
MMBench_DEV_CN_V11,LLaVA-NeXT-8B_Biased_Test,3001977,tcf_only,tcf_only,A,A,1.0,1,0,0.0,0.0,A,D,A,A,1,4,0,strongblur,strongblur,A,A,A,1,0,MCQ,grec_hard_composition_gate,GroundedResidualEnergyCompositionHard,true_mcq_grec_hard,,
MMBench_DEV_CN_V11,LLaVA-NeXT-8B_Biased_Test,3002404,vcf_only,vcf_only,C,D,0.0,0,1,0.0,0.7244039198350837,B,B,B,B,4,4,1,gray,gray,C,C,C,1,0,MCQ,grec_hard_composition_gate,GroundedResidualEnergyCompositionHard,true_mcq_grec_hard,,
MMBench_DEV_CN_V11,LLaVA-NeXT-8B_Biased_Test,3002624,both,both,B,B,1.0,1,1,0.0032486581857071872,1.0,B,B,D,B,1,4,0,gray,gray,B,B,B,1,0,MCQ,grec_hard_composition_gate,GroundedResidualEnergyCompositionHard,true_mcq_grec_hard,,
MMBench_DEV_CN_V11,LLaVA-NeXT-8B_Biased_Test,3002637,tcf_only,tcf_only,A,A,1.0,1,0,1.0,0.0,A,A,A,A,1,4,0,centermask,centermask,A,A,A,1,0,MCQ,grec_hard_composition_gate,GroundedResidualEnergyCompositionHard,true_mcq_grec_hard,,
MMBench_DEV_CN_V11,LLaVA-NeXT-8B_Biased_Test,3002961,vcf_only,vcf_only,C,D,0.0,0,1,0.0,0.7552008027826174,C,C,C,C,4,4,0,gray,gray,C,C,C,1,0,MCQ,grec_hard_composition_gate,GroundedResidualEnergyCompositionHard,true_mcq_grec_hard,,
MMBench_DEV_CN_V11,LLaVA-NeXT-8B_Biased_Test,3003067,vcf_only,vcf_only,C,C,1.0,0,1,0.0,1.0,C,C,B,C,4,4,0,gray,gray,C,C,C,1,0,MCQ,grec_hard_composition_gate,GroundedResidualEnergyCompositionHard,true_mcq_grec_hard,,
MMBench_DEV_CN_V11,LLaVA-NeXT-8B_Biased_Test,3003068,vcf_only,vcf_only,B,D,0.0,0,1,0.0,0.8480231613916546,B,B,B,B,4,4,0,strongblur,strongblur,B,B,B,1,0,MCQ,grec_hard_composition_gate,GroundedResidualEnergyCompositionHard,true_mcq_grec_hard,,
MMBench_DEV_CN_V11,LLaVA-NeXT-8B_Biased_Test,3003079,vcf_only,vcf_only,A,D,0.0,0,1,0.0,1.0,A,C,B,A,4,4,0,centermask,centermask,A,A,A,1,0,MCQ,grec_hard_composition_gate,GroundedResidualEnergyCompositionHard,true_mcq_grec_hard,,
MMBench_DEV_CN_V11,LLaVA-NeXT-8B_Biased_Test,3003088,vcf_only,vcf_only,A,D,0.0,0,1,0.0,0.9377307475725617,B,B,B,A,4,4,1,centermask,centermask,A,A,A,0,0,MCQ,grec_hard_composition_gate,GroundedResidualEnergyCompositionHard,true_mcq_grec_hard,,
MMBench_DEV_CN_V11,LLaVA-NeXT-8B_Biased_Test,3003128,vcf_only,vcf_only,A,D,0.0,0,1,0.0,0.8444435081466934,B,A,A,A,4,4,1,centermask,centermask,A,A,A,0,0,MCQ,grec_hard_composition_gate,GroundedResidualEnergyCompositionHard,true_mcq_grec_hard,,
MMBench_DEV_CN_V11,LLaVA-NeXT-8B_Biased_Test,3003131,vcf_only,vcf_only,B,C,0.0,0,1,0.0,0.6117730737261319,A,A,A,B,4,4,1,centermask,centermask,B,B,B,0,0,MCQ,grec_hard_composition_gate,GroundedResidualEnergyCompositionHard,true_mcq_grec_hard,,
MMBench_DEV_CN_V11,LLaVA-NeXT-8B_Biased_Test,3003166,vcf_only,vcf_only,D,A,0.0,0,1,0.0,0.9825657434077979,A,D,D,D,4,4,1,gray,gray,D,D,D,0,0,MCQ,grec_hard_composition_gate,GroundedResidualEnergyCompositionHard,true_mcq_grec_hard,,
MMBench_DEV_CN_V11,LLaVA-NeXT-8B_Biased_Test,3003202,vcf_only,neither,D,A,0.0,0,0,0.0,0.0,D,D,D,D,4,4,0,centermask,centermask,D,D,D,1,0,MCQ,grec_hard_composition_gate,GroundedResidualEnergyCompositionHard,true_mcq_grec_hard,,
MMBench_DEV_CN_V11,LLaVA-NeXT-8B_Biased_Test,3003210,vcf_only,vcf_only,C,D,0.0,0,1,0.0,0.9004499497299383,D,C,C,C,4,4,1,strongblur,strongblur,C,C,C,0,0,MCQ,grec_hard_composition_gate,GroundedResidualEnergyCompositionHard,true_mcq_grec_hard,,
MMBench_DEV_CN_V11,LLaVA-NeXT-8B_Biased_Test,3003211,vcf_only,vcf_only,B,A,0.0,0,1,0.0,0.18000281116197067,B,B,B,B,4,4,0,gray,gray,B,B,B,1,0,MCQ,grec_hard_composition_gate,GroundedResidualEnergyCompositionHard,true_mcq_grec_hard,,
MMBench_DEV_CN_V11,LLaVA-NeXT-8B_Biased_Test,3003225,vcf_only,vcf_only,C,A,0.0,0,1,0.0,0.28433026742327877,C,C,C,C,4,4,0,gray,gray,C,C,C,1,0,MCQ,grec_hard_composition_gate,GroundedResidualEnergyCompositionHard,true_mcq_grec_hard,,
MMBench_DEV_CN_V11,LLaVA-NeXT-8B_Biased_Test,3003242,vcf_only,vcf_only,C,C,1.0,0,1,0.0,0.3925091226124584,C,A,B,C,4,4,0,strongblur,gray,C,C,C,1,0,MCQ,grec_hard_composition_gate,GroundedResidualEnergyCompositionHard,true_mcq_grec_hard,,
MMBench_DEV_CN_V11,LLaVA-NeXT-8B_Biased_Test,3003245,both,both,B,B,1.0,1,1,0.20235327024319538,0.3925091226124584,B,D,D,B,2,4,0,gray,gray,B,B,B,1,0,MCQ,grec_hard_composition_gate,GroundedResidualEnergyCompositionHard,true_mcq_grec_hard,,
MMBench_DEV_CN_V11,LLaVA-NeXT-8B_Biased_Test,3003354,vcf_only,vcf_only,A,D,0.0,0,1,0.0,0.4536356465579473,A,A,A,A,4,4,0,gray,gray,A,A,A,1,0,MCQ,grec_hard_composition_gate,GroundedResidualEnergyCompositionHard,true_mcq_grec_hard,,
MMBench_DEV_CN_V11,LLaVA-NeXT-8B_Biased_Test,3003366,tcf_only,tcf_only,A,D,0.0,1,0,0.17432421244919794,0.0,A,C,C,C,1,4,1,strongblur,gray,A,A,A,0,0,MCQ,grec_hard_composition_gate,GroundedResidualEnergyCompositionHard,true_mcq_grec_hard,,
MMBench_DEV_CN_V11,LLaVA-NeXT-8B_Biased_Test,3003372,vcf_only,vcf_only,C,A,0.0,0,1,0.0,0.26829836288004305,B,B,B,B,4,4,1,gray,gray,C,C,C,1,0,MCQ,grec_hard_composition_gate,GroundedResidualEnergyCompositionHard,true_mcq_grec_hard,,
MMBench_DEV_CN_V11,LLaVA-NeXT-8B_Biased_Test,3003379,vcf_only,vcf_only,C,A,0.0,0,1,0.0,1.0,A,B,B,D,4,4,1,centermask,centermask,C,C,C,0,0,MCQ,grec_hard_composition_gate,GroundedResidualEnergyCompositionHard,true_mcq_grec_hard,,
MMBench_DEV_CN_V11,LLaVA-NeXT-8B_Biased_Test,3003396,both,both,B,D,0.0,1,1,1.0,0.7924424654083492,B,C,C,B,1,4,1,gray,gray,B,B,B,1,0,MCQ,grec_hard_composition_gate,GroundedResidualEnergyCompositionHard,true_mcq_grec_hard,,
MMBench_DEV_CN_V11,LLaVA-NeXT-8B_Biased_Test,3003427,tcf_only,tcf_only,C,D,0.0,1,0,0.10150037011027391,0.0,C,D,C,D,1,4,1,centermask,gray,C,C,C,0,0,MCQ,grec_hard_composition_gate,GroundedResidualEnergyCompositionHard,true_mcq_grec_hard,,
MMBench_DEV_CN_V11,LLaVA-NeXT-8B_Biased_Test,3003436,tcf_only,tcf_only,C,C,1.0,1,0,0.1757733867855964,0.0,C,C,C,C,1,4,0,centermask,centermask,C,C,C,1,0,MCQ,grec_hard_composition_gate,GroundedResidualEnergyCompositionHard,true_mcq_grec_hard,,
MMBench_DEV_CN_V11,LLaVA-NeXT-8B_Biased_Test,3003474,vcf_only,vcf_only,B,C,0.0,0,1,0.0,1.0,A,A,A,A,4,4,1,gray,gray,B,B,B,1,0,MCQ,grec_hard_composition_gate,GroundedResidualEnergyCompositionHard,true_mcq_grec_hard,,
MMBench_DEV_CN_V11,LLaVA-NeXT-8B_Biased_Test,3003519,vcf_only,vcf_only,B,B,1.0,0,1,0.0,0.18071387902274028,B,B,C,B,4,4,0,centermask,centermask,B,B,B,1,0,MCQ,grec_hard_composition_gate,GroundedResidualEnergyCompositionHard,true_mcq_grec_hard,,
MMBench_DEV_CN_V11,LLaVA-NeXT-8B_Biased_Test,3003556,vcf_only,vcf_only,A,B,0.0,0,1,0.0,0.968468021335292,D,B,C,A,4,4,1,centermask,gray,A,A,A,0,0,MCQ,grec_hard_composition_gate,GroundedResidualEnergyCompositionHard,true_mcq_grec_hard,,
MMBench_DEV_CN_V11,LLaVA-NeXT-8B_Biased_Test,3003597,tcf_only,both,C,B,0.0,1,1,0.0,0.3925091226124584,C,B,B,A,1,4,1,strongblur,gray,C,C,C,0,1,MCQ,grec_hard_composition_gate,GroundedResidualEnergyCompositionHard,true_mcq_grec_hard,,
MMBench_DEV_CN_V11,LLaVA-NeXT-8B_Biased_Test,3003598,vcf_only,vcf_only,A,C,0.0,0,1,0.0,0.3697002076856072,C,A,B,A,4,4,1,centermask,gray,A,A,A,0,0,MCQ,grec_hard_composition_gate,GroundedResidualEnergyCompositionHard,true_mcq_grec_hard,,
MMBench_DEV_CN_V11,LLaVA-NeXT-8B_Biased_Test,3003601,tcf_only,tcf_only,C,B,0.0,1,0,0.05276386762079843,0.0,C,A,A,A,1,4,0,gray,gray,C,C,C,0,0,MCQ,grec_hard_composition_gate,GroundedResidualEnergyCompositionHard,true_mcq_grec_hard,,
MMBench_DEV_CN_V11,LLaVA-NeXT-8B_Biased_Test,3003607,vcf_only,vcf_only,A,B,0.0,0,1,0.0,0.8593023437648742,A,D,D,A,4,4,0,strongblur,strongblur,A,A,A,1,0,MCQ,grec_hard_composition_gate,GroundedResidualEnergyCompositionHard,true_mcq_grec_hard,,
MMBench_DEV_CN_V11,LLaVA-NeXT-8B_Biased_Test,3003611,vcf_only,vcf_only,A,C,0.0,0,1,0.0,1.0,A,A,A,A,4,4,0,strongblur,strongblur,A,A,A,1,0,MCQ,grec_hard_composition_gate,GroundedResidualEnergyCompositionHard,true_mcq_grec_hard,,
MMBench_DEV_CN_V11,LLaVA-NeXT-8B_Biased_Test,3003619,both,both,B,A,0.0,1,1,1.0,1.0,B,B,B,B,1,4,0,strongblur,gray,B,B,B,1,0,MCQ,grec_hard_composition_gate,GroundedResidualEnergyCompositionHard,true_mcq_grec_hard,,
MMBench_DEV_CN_V11,LLaVA-NeXT-8B_Biased_Test,3003625,vcf_only,vcf_only,A,A,1.0,0,1,0.0,0.3656849224315044,A,D,D,A,4,4,0,centermask,centermask,A,A,A,1,0,MCQ,grec_hard_composition_gate,GroundedResidualEnergyCompositionHard,true_mcq_grec_hard,,
MMBench_DEV_CN_V11,LLaVA-NeXT-8B_Biased_Test,3003626,vcf_only,vcf_only,C,A,0.0,0,1,0.0,1.0,C,B,D,C,4,4,0,strongblur,strongblur,C,C,C,1,0,MCQ,grec_hard_composition_gate,GroundedResidualEnergyCompositionHard,true_mcq_grec_hard,,
MMBench_DEV_CN_V11,LLaVA-NeXT-8B_Biased_Test,3003631,vcf_only,vcf_only,C,A,0.0,0,1,0.0,0.9349136371380066,C,D,D,C,4,4,0,strongblur,strongblur,C,C,C,1,0,MCQ,grec_hard_composition_gate,GroundedResidualEnergyCompositionHard,true_mcq_grec_hard,,
MMBench_DEV_CN_V11,LLaVA-NeXT-8B_Biased_Test,3003633,both,both,C,B,0.0,1,1,0.1287239480936324,1.0,C,B,D,B,2,4,0,strongblur,strongblur,C,C,C,0,1,MCQ,grec_hard_composition_gate,GroundedResidualEnergyCompositionHard,true_mcq_grec_hard,,
MMBench_DEV_CN_V11,LLaVA-NeXT-8B_Biased_Test,3003639,tcf_only,both,C,D,0.0,1,1,0.09581508541095562,1.0,C,C,D,C,1,4,0,strongblur,gray,C,C,C,1,0,MCQ,grec_hard_composition_gate,GroundedResidualEnergyCompositionHard,true_mcq_grec_hard,,
MMBench_DEV_CN_V11,LLaVA-NeXT-8B_Biased_Test,3003641,tcf_only,both,C,D,0.0,1,1,0.0,1.0,C,B,B,A,1,4,0,strongblur,centermask,C,C,C,0,1,MCQ,grec_hard_composition_gate,GroundedResidualEnergyCompositionHard,true_mcq_grec_hard,,
MMBench_DEV_CN_V11,LLaVA-NeXT-8B_Biased_Test,3003646,vcf_only,vcf_only,A,B,0.0,0,1,0.0,1.0,C,B,D,D,4,4,1,strongblur,gray,A,A,A,0,0,MCQ,grec_hard_composition_gate,GroundedResidualEnergyCompositionHard,true_mcq_grec_hard,,
MMBench_DEV_CN_V11,LLaVA-NeXT-8B_Biased_Test,3003653,vcf_only,vcf_only,C,A,0.0,0,1,0.0,0.9572105504194592,C,A,D,C,4,4,0,strongblur,strongblur,C,C,C,1,0,MCQ,grec_hard_composition_gate,GroundedResidualEnergyCompositionHard,true_mcq_grec_hard,,
MMBench_DEV_CN_V11,LLaVA-NeXT-8B_Biased_Test,3003657,tcf_only,both,C,D,0.0,1,1,1.0,1.0,C,B,B,B,1,4,1,strongblur,gray,C,C,C,0,1,MCQ,grec_hard_composition_gate,GroundedResidualEnergyCompositionHard,true_mcq_grec_hard,,
MMBench_DEV_CN_V11,LLaVA-NeXT-8B_Biased_Test,3003659,both,both,B,A,0.0,1,1,1.0,1.0,B,B,B,B,2,4,0,strongblur,gray,B,B,B,1,0,MCQ,grec_hard_composition_gate,GroundedResidualEnergyCompositionHard,true_mcq_grec_hard,,
MMBench_DEV_CN_V11,LLaVA-NeXT-8B_Biased_Test,3003668,vcf_only,vcf_only,C,A,0.0,0,1,0.0,0.782069747114483,C,D,D,C,4,4,0,gray,gray,C,C,C,1,0,MCQ,grec_hard_composition_gate,GroundedResidualEnergyCompositionHard,true_mcq_grec_hard,,
MMBench_DEV_CN_V11,LLaVA-NeXT-8B_Biased_Test,3003672,tcf_only,neither,B,A,0.0,0,0,0.0,0.0,C,C,C,A,4,4,1,strongblur,gray,B,B,B,0,0,MCQ,grec_hard_composition_gate,GroundedResidualEnergyCompositionHard,true_mcq_grec_hard,,
MMBench_DEV_CN_V11,LLaVA-NeXT-8B_Biased_Test,3003717,vcf_only,vcf_only,D,B,0.0,0,1,0.0,0.29238871398410043,D,D,D,D,4,4,0,gray,gray,D,D,D,1,0,MCQ,grec_hard_composition_gate,GroundedResidualEnergyCompositionHard,true_mcq_grec_hard,,
MMBench_DEV_CN_V11,LLaVA-NeXT-8B_Biased_Test,3003728,tcf_only,tcf_only,B,B,1.0,1,0,1.0,0.0,B,B,B,A,1,4,1,strongblur,gray,B,B,B,0,0,MCQ,grec_hard_composition_gate,GroundedResidualEnergyCompositionHard,true_mcq_grec_hard,,
MMBench_DEV_CN_V11,LLaVA-NeXT-8B_Biased_Test,3003740,vcf_only,vcf_only,B,D,0.0,0,1,0.0,0.7603324146487148,A,A,A,B,4,4,1,gray,gray,B,B,B,0,0,MCQ,grec_hard_composition_gate,GroundedResidualEnergyCompositionHard,true_mcq_grec_hard,,
MMBench_DEV_CN_V11,LLaVA-NeXT-8B_Biased_Test,3003744,vcf_only,vcf_only,D,C,0.0,0,1,0.0,0.9852413640270324,B,A,A,B,4,4,1,strongblur,strongblur,D,D,D,1,0,MCQ,grec_hard_composition_gate,GroundedResidualEnergyCompositionHard,true_mcq_grec_hard,,
MME,LLaVA-NeXT-8B_Biased_Test,2,tcf_only,tcf_only,Yes,Yes,1.0,,,1.0,0.0,,,,,,,,,,,,,,,Oth,tc_grounding_energy,TCGroundingEnergy,tc_grounding_energy,1.0,0.5
MME,LLaVA-NeXT-8B_Biased_Test,13,tcf_only,tcf_only,Yes,No,0.0,,,1.0,0.0,,,,,,,,,,,,,,,Oth,tc_grounding_energy,TCGroundingEnergy,tc_grounding_energy,0.0,0.5
MME,LLaVA-NeXT-8B_Biased_Test,22,tcf_only,tcf_only,Yes,Yes,1.0,,,1.0,0.0,,,,,,,,,,,,,,,Oth,tc_grounding_energy,TCGroundingEnergy,tc_grounding_energy,0.0,0.5
MME,LLaVA-NeXT-8B_Biased_Test,43,tcf_only,tcf_only,Yes,No,0.0,,,1.0,0.0,,,,,,,,,,,,,,,Oth,tc_grounding_energy,TCGroundingEnergy,tc_grounding_energy,0.0,0.5
MME,LLaVA-NeXT-8B_Biased_Test,51,vcf_only,vcf_only,Yes,No,0.0,,,0.0,0.5,,,,,,,,,,,,,,,Oth,grec_score,GREC-Score,true_oth_candidate_grec,0.0,0.0
MME,LLaVA-NeXT-8B_Biased_Test,57,tcf_only,tcf_only,Yes,No,0.0,,,1.0,0.0,,,,,,,,,,,,,,,Oth,tc_grounding_energy,TCGroundingEnergy,tc_grounding_energy,0.0,0.5
MME,LLaVA-NeXT-8B_Biased_Test,59,both,both,No,No,1.0,,,0.5,1.0,,,,,,,,,,,,,,,Oth,grec_score,GREC-Score,true_oth_candidate_grec,0.0,0.0
MME,LLaVA-NeXT-8B_Biased_Test,64,tcf_only,tcf_only,Yes,Yes,1.0,,,1.0,0.0,,,,,,,,,,,,,,,Oth,tc_grounding_energy,TCGroundingEnergy,tc_grounding_energy,1.0,0.5
MME,LLaVA-NeXT-8B_Biased_Test,66,both,tcf_only,Yes,Yes,1.0,,,1.0,0.0,,,,,,,,,,,,,,,Oth,tc_grounding_energy,TCGroundingEnergy,tc_grounding_energy,0.0,0.5
MME,LLaVA-NeXT-8B_Biased_Test,67,tcf_only,tcf_only,Yes,No,0.0,,,0.5,0.0,,,,,,,,,,,,,,,Oth,tc_grounding_energy,TCGroundingEnergy,tc_grounding_energy,0.0,0.0
MME,LLaVA-NeXT-8B_Biased_Test,71,tcf_only,tcf_only,Yes,No,0.0,,,0.5,0.0,,,,,,,,,,,,,,,Oth,tc_grounding_energy,TCGroundingEnergy,tc_grounding_energy,0.0,0.0
MME,LLaVA-NeXT-8B_Biased_Test,72,tcf_only,tcf_only,Yes,Yes,1.0,,,1.0,0.0,,,,,,,,,,,,,,,Oth,tc_grounding_energy,TCGroundingEnergy,tc_grounding_energy,1.0,0.5
MME,LLaVA-NeXT-8B_Biased_Test,73,tcf_only,tcf_only,Yes,No,0.0,,,1.0,0.0,,,,,,,,,,,,,,,Oth,tc_grounding_energy,TCGroundingEnergy,tc_grounding_energy,0.0,0.5
MME,LLaVA-NeXT-8B_Biased_Test,76,vcf_only,tcf_only,Yes,Yes,1.0,,,1.0,0.0,,,,,,,,,,,,,,,Oth,tc_grounding_energy,TCGroundingEnergy,tc_grounding_energy,0.0,0.5
MME,LLaVA-NeXT-8B_Biased_Test,78,tcf_only,tcf_only,No,Yes,0.0,,,1.0,0.0,,,,,,,,,,,,,,,Oth,tc_grounding_energy,TCGroundingEnergy,tc_grounding_energy,1.0,0.5
MME,LLaVA-NeXT-8B_Biased_Test,79,tcf_only,tcf_only,Yes,No,0.0,,,1.0,0.0,,,,,,,,,,,,,,,Oth,tc_grounding_energy,TCGroundingEnergy,tc_grounding_energy,0.0,0.5
MME,LLaVA-NeXT-8B_Biased_Test,87,tcf_only,tcf_only,Yes,No,0.0,,,1.0,0.0,,,,,,,,,,,,,,,Oth,tc_grounding_energy,TCGroundingEnergy,tc_grounding_energy,0.0,0.5
MME,LLaVA-NeXT-8B_Biased_Test,89,both,both,Yes,No,0.0,,,0.5,0.5,,,,,,,,,,,,,,,Oth,grec_score,GREC-Score,true_oth_candidate_grec,0.0,0.0
MME,LLaVA-NeXT-8B_Biased_Test,91,tcf_only,tcf_only,Yes,No,0.0,,,1.0,0.0,,,,,,,,,,,,,,,Oth,tc_grounding_energy,TCGroundingEnergy,tc_grounding_energy,0.0,0.5
MME,LLaVA-NeXT-8B_Biased_Test,94,tcf_only,tcf_only,Yes,Yes,1.0,,,1.0,0.0,,,,,,,,,,,,,,,Oth,tc_grounding_energy,TCGroundingEnergy,tc_grounding_energy,1.0,0.5
MME,LLaVA-NeXT-8B_Biased_Test,111,tcf_only,tcf_only,Yes,No,0.0,,,0.5,0.0,,,,,,,,,,,,,,,Oth,tc_grounding_energy,TCGroundingEnergy,tc_grounding_energy,0.0,0.0
MME,LLaVA-NeXT-8B_Biased_Test,114,tcf_only,tcf_only,Yes,Yes,1.0,,,0.5,0.0,,,,,,,,,,,,,,,Oth,tc_grounding_energy,TCGroundingEnergy,tc_grounding_energy,1.0,0.0
MME,LLaVA-NeXT-8B_Biased_Test,121,vcf_only,both,Yes,No,0.0,,,0.5,1.0,,,,,,,,,,,,,,,Oth,grec_score,GREC-Score,true_oth_candidate_grec,0.0,0.0
MME,LLaVA-NeXT-8B_Biased_Test,123,tcf_only,tcf_only,Yes,No,0.0,,,1.0,0.0,,,,,,,,,,,,,,,Oth,tc_grounding_energy,TCGroundingEnergy,tc_grounding_energy,0.0,0.5
MME,LLaVA-NeXT-8B_Biased_Test,127,tcf_only,tcf_only,Yes,No,0.0,,,0.5,0.0,,,,,,,,,,,,,,,Oth,tc_grounding_energy,TCGroundingEnergy,tc_grounding_energy,0.0,0.0
MME,LLaVA-NeXT-8B_Biased_Test,128,tcf_only,tcf_only,Yes,Yes,1.0,,,1.0,0.0,,,,,,,,,,,,,,,Oth,tc_grounding_energy,TCGroundingEnergy,tc_grounding_energy,0.0,0.5
MME,LLaVA-NeXT-8B_Biased_Test,136,tcf_only,tcf_only,Yes,Yes,1.0,,,1.0,0.0,,,,,,,,,,,,,,,Oth,tc_grounding_energy,TCGroundingEnergy,tc_grounding_energy,1.0,0.5
MME,LLaVA-NeXT-8B_Biased_Test,139,tcf_only,tcf_only,Yes,No,0.0,,,1.0,0.0,,,,,,,,,,,,,,,Oth,tc_grounding_energy,TCGroundingEnergy,tc_grounding_energy,0.0,0.5
MME,LLaVA-NeXT-8B_Biased_Test,143,both,tcf_only,Yes,No,0.0,,,1.0,0.0,,,,,,,,,,,,,,,Oth,tc_grounding_energy,TCGroundingEnergy,tc_grounding_energy,0.0,0.5
MME,LLaVA-NeXT-8B_Biased_Test,144,tcf_only,tcf_only,Yes,Yes,1.0,,,1.0,0.0,,,,,,,,,,,,,,,Oth,tc_grounding_energy,TCGroundingEnergy,tc_grounding_energy,1.0,0.5
MME,LLaVA-NeXT-8B_Biased_Test,146,tcf_only,tcf_only,Yes,Yes,1.0,,,1.0,0.0,,,,,,,,,,,,,,,Oth,tc_grounding_energy,TCGroundingEnergy,tc_grounding_energy,1.0,0.5
MME,LLaVA-NeXT-8B_Biased_Test,149,vcf_only,tcf_only,Yes,No,0.0,,,1.0,0.0,,,,,,,,,,,,,,,Oth,tc_grounding_energy,TCGroundingEnergy,tc_grounding_energy,0.0,0.5
MME,LLaVA-NeXT-8B_Biased_Test,156,tcf_only,tcf_only,Yes,Yes,1.0,,,1.0,0.0,,,,,,,,,,,,,,,Oth,tc_grounding_energy,TCGroundingEnergy,tc_grounding_energy,1.0,0.5
MME,LLaVA-NeXT-8B_Biased_Test,161,tcf_only,tcf_only,Yes,No,0.0,,,1.0,0.0,,,,,,,,,,,,,,,Oth,tc_grounding_energy,TCGroundingEnergy,tc_grounding_energy,0.0,0.5
MME,LLaVA-NeXT-8B_Biased_Test,166,both,tcf_only,Yes,Yes,1.0,,,1.0,0.0,,,,,,,,,,,,,,,Oth,tc_grounding_energy,TCGroundingEnergy,tc_grounding_energy,0.0,0.5
MME,LLaVA-NeXT-8B_Biased_Test,169,both,tcf_only,Yes,No,0.0,,,1.0,0.0,,,,,,,,,,,,,,,Oth,tc_grounding_energy,TCGroundingEnergy,tc_grounding_energy,0.0,0.5
MME,LLaVA-NeXT-8B_Biased_Test,173,both,both,Yes,No,0.0,,,1.0,1.0,,,,,,,,,,,,,,,Oth,grec_score,GREC-Score,true_oth_candidate_grec,0.0,0.5
MME,LLaVA-NeXT-8B_Biased_Test,174,tcf_only,tcf_only,Yes,Yes,1.0,,,1.0,0.0,,,,,,,,,,,,,,,Oth,tc_grounding_energy,TCGroundingEnergy,tc_grounding_energy,1.0,0.5
MME,LLaVA-NeXT-8B_Biased_Test,196,tcf_only,tcf_only,No,Yes,0.0,,,1.0,0.0,,,,,,,,,,,,,,,Oth,tc_grounding_energy,TCGroundingEnergy,tc_grounding_energy,1.0,0.5
MME,LLaVA-NeXT-8B_Biased_Test,202,tcf_only,tcf_only,Yes,Yes,1.0,,,1.0,0.0,,,,,,,,,,,,,,,Oth,tc_grounding_energy,TCGroundingEnergy,tc_grounding_energy,1.0,0.5
MME,LLaVA-NeXT-8B_Biased_Test,203,tcf_only,tcf_only,Yes,No,0.0,,,1.0,0.0,,,,,,,,,,,,,,,Oth,tc_grounding_energy,TCGroundingEnergy,tc_grounding_energy,0.0,0.5
MME,LLaVA-NeXT-8B_Biased_Test,204,tcf_only,tcf_only,Yes,Yes,1.0,,,1.0,0.0,,,,,,,,,,,,,,,Oth,tc_grounding_energy,TCGroundingEnergy,tc_grounding_energy,1.0,0.5
MME,LLaVA-NeXT-8B_Biased_Test,206,tcf_only,tcf_only,No,Yes,0.0,,,1.0,0.0,,,,,,,,,,,,,,,Oth,tc_grounding_energy,TCGroundingEnergy,tc_grounding_energy,1.0,0.5
MME,LLaVA-NeXT-8B_Biased_Test,208,tcf_only,tcf_only,Yes,Yes,1.0,,,0.5,0.0,,,,,,,,,,,,,,,Oth,tc_grounding_energy,TCGroundingEnergy,tc_grounding_energy,1.0,0.0
MME,LLaVA-NeXT-8B_Biased_Test,213,vcf_only,both,Yes,No,0.0,,,0.5,1.0,,,,,,,,,,,,,,,Oth,grec_score,GREC-Score,true_oth_candidate_grec,0.0,0.0
MME,LLaVA-NeXT-8B_Biased_Test,214,tcf_only,tcf_only,Yes,Yes,1.0,,,1.0,0.0,,,,,,,,,,,,,,,Oth,tc_grounding_energy,TCGroundingEnergy,tc_grounding_energy,1.0,0.5
MME,LLaVA-NeXT-8B_Biased_Test,216,tcf_only,tcf_only,Yes,Yes,1.0,,,1.0,0.0,,,,,,,,,,,,,,,Oth,tc_grounding_energy,TCGroundingEnergy,tc_grounding_energy,1.0,0.5
MME,LLaVA-NeXT-8B_Biased_Test,217,tcf_only,tcf_only,Yes,No,0.0,,,1.0,0.0,,,,,,,,,,,,,,,Oth,tc_grounding_energy,TCGroundingEnergy,tc_grounding_energy,0.0,0.5
MME,LLaVA-NeXT-8B_Biased_Test,219,tcf_only,tcf_only,Yes,No,0.0,,,1.0,0.0,,,,,,,,,,,,,,,Oth,tc_grounding_energy,TCGroundingEnergy,tc_grounding_energy,0.0,0.5
MME,LLaVA-NeXT-8B_Biased_Test,224,tcf_only,tcf_only,Yes,Yes,1.0,,,1.0,0.0,,,,,,,,,,,,,,,Oth,tc_grounding_energy,TCGroundingEnergy,tc_grounding_energy,1.0,0.5
MME,LLaVA-NeXT-8B_Biased_Test,227,both,both,Yes,No,0.0,,,0.5,1.0,,,,,,,,,,,,,,,Oth,grec_score,GREC-Score,true_oth_candidate_grec,0.0,0.0
MME,LLaVA-NeXT-8B_Biased_Test,231,tcf_only,tcf_only,Yes,No,0.0,,,1.0,0.0,,,,,,,,,,,,,,,Oth,tc_grounding_energy,TCGroundingEnergy,tc_grounding_energy,0.0,0.5
MME,LLaVA-NeXT-8B_Biased_Test,233,tcf_only,tcf_only,Yes,No,0.0,,,1.0,0.0,,,,,,,,,,,,,,,Oth,tc_grounding_energy,TCGroundingEnergy,tc_grounding_energy,0.0,0.5
MME,LLaVA-NeXT-8B_Biased_Test,243,both,both,Yes,No,0.0,,,0.5,0.5,,,,,,,,,,,,,,,Oth,grec_score,GREC-Score,true_oth_candidate_grec,0.0,0.0
MME,LLaVA-NeXT-8B_Biased_Test,246,tcf_only,tcf_only,Yes,Yes,1.0,,,1.0,0.0,,,,,,,,,,,,,,,Oth,tc_grounding_energy,TCGroundingEnergy,tc_grounding_energy,1.0,0.5
MME,LLaVA-NeXT-8B_Biased_Test,249,vcf_only,tcf_only,No,No,1.0,,,1.0,0.0,,,,,,,,,,,,,,,Oth,tc_grounding_energy,TCGroundingEnergy,tc_grounding_energy,0.0,0.5
MME,LLaVA-NeXT-8B_Biased_Test,254,tcf_only,tcf_only,Yes,Yes,1.0,,,1.0,0.0,,,,,,,,,,,,,,,Oth,tc_grounding_energy,TCGroundingEnergy,tc_grounding_energy,1.0,0.5
MME,LLaVA-NeXT-8B_Biased_Test,256,tcf_only,tcf_only,Yes,Yes,1.0,,,1.0,0.0,,,,,,,,,,,,,,,Oth,tc_grounding_energy,TCGroundingEnergy,tc_grounding_energy,1.0,0.5
MME,LLaVA-NeXT-8B_Biased_Test,257,tcf_only,tcf_only,Yes,No,0.0,,,1.0,0.0,,,,,,,,,,,,,,,Oth,tc_grounding_energy,TCGroundingEnergy,tc_grounding_energy,0.0,0.5
MME,LLaVA-NeXT-8B_Biased_Test,259,tcf_only,tcf_only,Yes,No,0.0,,,1.0,0.0,,,,,,,,,,,,,,,Oth,tc_grounding_energy,TCGroundingEnergy,tc_grounding_energy,0.0,0.5
MME,LLaVA-NeXT-8B_Biased_Test,273,vcf_only,tcf_only,Yes,No,0.0,,,1.0,0.0,,,,,,,,,,,,,,,Oth,tc_grounding_energy,TCGroundingEnergy,tc_grounding_energy,0.0,0.5
MME,LLaVA-NeXT-8B_Biased_Test,279,tcf_only,tcf_only,Yes,No,0.0,,,1.0,0.0,,,,,,,,,,,,,,,Oth,tc_grounding_energy,TCGroundingEnergy,tc_grounding_energy,0.0,0.5
MME,LLaVA-NeXT-8B_Biased_Test,282,tcf_only,tcf_only,Yes,Yes,1.0,,,1.0,0.0,,,,,,,,,,,,,,,Oth,tc_grounding_energy,TCGroundingEnergy,tc_grounding_energy,1.0,0.5
MME,LLaVA-NeXT-8B_Biased_Test,284,tcf_only,tcf_only,Yes,Yes,1.0,,,1.0,0.0,,,,,,,,,,,,,,,Oth,tc_grounding_energy,TCGroundingEnergy,tc_grounding_energy,1.0,0.5
MME,LLaVA-NeXT-8B_Biased_Test,286,tcf_only,tcf_only,Yes,Yes,1.0,,,1.0,0.0,,,,,,,,,,,,,,,Oth,tc_grounding_energy,TCGroundingEnergy,tc_grounding_energy,1.0,0.5
MME,LLaVA-NeXT-8B_Biased_Test,288,tcf_only,tcf_only,Yes,Yes,1.0,,,1.0,0.0,,,,,,,,,,,,,,,Oth,tc_grounding_energy,TCGroundingEnergy,tc_grounding_energy,1.0,0.5
MME,LLaVA-NeXT-8B_Biased_Test,293,vcf_only,both,Yes,No,0.0,,,0.5,0.5,,,,,,,,,,,,,,,Oth,grec_score,GREC-Score,true_oth_candidate_grec,0.0,0.0
MME,LLaVA-NeXT-8B_Biased_Test,299,tcf_only,tcf_only,Yes,No,0.0,,,1.0,0.0,,,,,,,,,,,,,,,Oth,tc_grounding_energy,TCGroundingEnergy,tc_grounding_energy,0.0,0.5
MME,LLaVA-NeXT-8B_Biased_Test,306,tcf_only,tcf_only,Yes,Yes,1.0,,,1.0,0.0,,,,,,,,,,,,,,,Oth,tc_grounding_energy,TCGroundingEnergy,tc_grounding_energy,1.0,0.5
MME,LLaVA-NeXT-8B_Biased_Test,322,both,tcf_only,No,Yes,0.0,,,1.0,0.0,,,,,,,,,,,,,,,Oth,tc_grounding_energy,TCGroundingEnergy,tc_grounding_energy,0.0,0.5
MME,LLaVA-NeXT-8B_Biased_Test,324,tcf_only,tcf_only,Yes,Yes,1.0,,,1.0,0.0,,,,,,,,,,,,,,,Oth,tc_grounding_energy,TCGroundingEnergy,tc_grounding_energy,1.0,0.5
MME,LLaVA-NeXT-8B_Biased_Test,329,both,tcf_only,Yes,No,0.0,,,1.0,0.0,,,,,,,,,,,,,,,Oth,tc_grounding_energy,TCGroundingEnergy,tc_grounding_energy,0.0,0.5
MME,LLaVA-NeXT-8B_Biased_Test,331,tcf_only,tcf_only,Yes,No,0.0,,,1.0,0.0,,,,,,,,,,,,,,,Oth,tc_grounding_energy,TCGroundingEnergy,tc_grounding_energy,0.0,0.5
MME,LLaVA-NeXT-8B_Biased_Test,339,tcf_only,tcf_only,Yes,No,0.0,,,1.0,0.0,,,,,,,,,,,,,,,Oth,tc_grounding_energy,TCGroundingEnergy,tc_grounding_energy,0.0,0.5
MME,LLaVA-NeXT-8B_Biased_Test,341,tcf_only,tcf_only,Yes,No,0.0,,,1.0,0.0,,,,,,,,,,,,,,,Oth,tc_grounding_energy,TCGroundingEnergy,tc_grounding_energy,0.0,0.5
MME,LLaVA-NeXT-8B_Biased_Test,343,vcf_only,both,Yes,No,0.0,,,0.5,1.0,,,,,,,,,,,,,,,Oth,grec_score,GREC-Score,true_oth_candidate_grec,0.0,0.0
MME,LLaVA-NeXT-8B_Biased_Test,347,vcf_only,tcf_only,No,No,1.0,,,1.0,0.0,,,,,,,,,,,,,,,Oth,tc_grounding_energy,TCGroundingEnergy,tc_grounding_energy,0.0,0.5
MME,LLaVA-NeXT-8B_Biased_Test,351,both,tcf_only,Yes,No,0.0,,,1.0,0.0,,,,,,,,,,,,,,,Oth,tc_grounding_energy,TCGroundingEnergy,tc_grounding_energy,0.0,0.5
MME,LLaVA-NeXT-8B_Biased_Test,353,tcf_only,tcf_only,Yes,No,0.0,,,1.0,0.0,,,,,,,,,,,,,,,Oth,tc_grounding_energy,TCGroundingEnergy,tc_grounding_energy,0.0,0.5
MME,LLaVA-NeXT-8B_Biased_Test,354,tcf_only,tcf_only,Yes,Yes,1.0,,,1.0,0.0,,,,,,,,,,,,,,,Oth,tc_grounding_energy,TCGroundingEnergy,tc_grounding_energy,1.0,0.5
MME,LLaVA-NeXT-8B_Biased_Test,361,tcf_only,tcf_only,Yes,No,0.0,,,1.0,0.0,,,,,,,,,,,,,,,Oth,tc_grounding_energy,TCGroundingEnergy,tc_grounding_energy,0.0,0.5
MME,LLaVA-NeXT-8B_Biased_Test,363,vcf_only,vcf_only,Yes,No,0.0,,,0.0,1.0,,,,,,,,,,,,,,,Oth,grec_score,GREC-Score,true_oth_candidate_grec,0.0,0.5
MME,LLaVA-NeXT-8B_Biased_Test,368,tcf_only,tcf_only,Yes,Yes,1.0,,,0.5,0.0,,,,,,,,,,,,,,,Oth,tc_grounding_energy,TCGroundingEnergy,tc_grounding_energy,1.0,0.0
MME,LLaVA-NeXT-8B_Biased_Test,372,vcf_only,tcf_only,Yes,Yes,1.0,,,1.0,0.0,,,,,,,,,,,,,,,Oth,tc_grounding_energy,TCGroundingEnergy,tc_grounding_energy,1.0,0.5
MME,LLaVA-NeXT-8B_Biased_Test,373,tcf_only,tcf_only,Yes,No,0.0,,,1.0,0.0,,,,,,,,,,,,,,,Oth,tc_grounding_energy,TCGroundingEnergy,tc_grounding_energy,0.0,0.5
MME,LLaVA-NeXT-8B_Biased_Test,378,tcf_only,tcf_only,Yes,Yes,1.0,,,1.0,0.0,,,,,,,,,,,,,,,Oth,tc_grounding_energy,TCGroundingEnergy,tc_grounding_energy,1.0,0.5
MME,LLaVA-NeXT-8B_Biased_Test,379,tcf_only,tcf_only,Yes,No,0.0,,,1.0,0.0,,,,,,,,,,,,,,,Oth,tc_grounding_energy,TCGroundingEnergy,tc_grounding_energy,0.0,0.5
MME,LLaVA-NeXT-8B_Biased_Test,382,tcf_only,tcf_only,Yes,Yes,1.0,,,0.5,0.0,,,,,,,,,,,,,,,Oth,tc_grounding_energy,TCGroundingEnergy,tc_grounding_energy,1.0,0.0
MME,LLaVA-NeXT-8B_Biased_Test,383,tcf_only,tcf_only,Yes,No,0.0,,,1.0,0.0,,,,,,,,,,,,,,,Oth,tc_grounding_energy,TCGroundingEnergy,tc_grounding_energy,0.0,0.5
MME,LLaVA-NeXT-8B_Biased_Test,388,tcf_only,tcf_only,Yes,Yes,1.0,,,1.0,0.0,,,,,,,,,,,,,,,Oth,tc_grounding_energy,TCGroundingEnergy,tc_grounding_energy,1.0,0.5
MME,LLaVA-NeXT-8B_Biased_Test,392,tcf_only,tcf_only,Yes,Yes,1.0,,,0.5,0.0,,,,,,,,,,,,,,,Oth,tc_grounding_energy,TCGroundingEnergy,tc_grounding_energy,1.0,0.0
MME,LLaVA-NeXT-8B_Biased_Test,394,tcf_only,tcf_only,Yes,Yes,1.0,,,1.0,0.0,,,,,,,,,,,,,,,Oth,tc_grounding_energy,TCGroundingEnergy,tc_grounding_energy,1.0,0.5
MME,LLaVA-NeXT-8B_Biased_Test,396,tcf_only,tcf_only,No,Yes,0.0,,,0.5,0.0,,,,,,,,,,,,,,,Oth,tc_grounding_energy,TCGroundingEnergy,tc_grounding_energy,1.0,0.0
MME,LLaVA-NeXT-8B_Biased_Test,398,tcf_only,tcf_only,Yes,Yes,1.0,,,1.0,0.0,,,,,,,,,,,,,,,Oth,tc_grounding_energy,TCGroundingEnergy,tc_grounding_energy,1.0,0.5
MME,LLaVA-NeXT-8B_Biased_Test,399,tcf_only,tcf_only,Yes,No,0.0,,,1.0,0.0,,,,,,,,,,,,,,,Oth,tc_grounding_energy,TCGroundingEnergy,tc_grounding_energy,0.0,0.5
MME,LLaVA-NeXT-8B_Biased_Test,402,tcf_only,tcf_only,Yes,Yes,1.0,,,1.0,0.0,,,,,,,,,,,,,,,Oth,tc_grounding_energy,TCGroundingEnergy,tc_grounding_energy,1.0,0.5
MME,LLaVA-NeXT-8B_Biased_Test,407,vcf_only,tcf_only,Yes,No,0.0,,,1.0,0.0,,,,,,,,,,,,,,,Oth,tc_grounding_energy,TCGroundingEnergy,tc_grounding_energy,0.0,0.5
MME,LLaVA-NeXT-8B_Biased_Test,408,tcf_only,tcf_only,Yes,Yes,1.0,,,1.0,0.0,,,,,,,,,,,,,,,Oth,tc_grounding_energy,TCGroundingEnergy,tc_grounding_energy,1.0,0.5
MME,LLaVA-NeXT-8B_Biased_Test,411,vcf_only,tcf_only,Yes,No,0.0,,,1.0,0.0,,,,,,,,,,,,,,,Oth,tc_grounding_energy,TCGroundingEnergy,tc_grounding_energy,0.0,0.5
MME,LLaVA-NeXT-8B_Biased_Test,413,tcf_only,tcf_only,Yes,No,0.0,,,1.0,0.0,,,,,,,,,,,,,,,Oth,tc_grounding_energy,TCGroundingEnergy,tc_grounding_energy,0.0,0.5
MME,LLaVA-NeXT-8B_Biased_Test,416,tcf_only,tcf_only,Yes,Yes,1.0,,,1.0,0.0,,,,,,,,,,,,,,,Oth,tc_grounding_energy,TCGroundingEnergy,tc_grounding_energy,1.0,0.5
MME,LLaVA-NeXT-8B_Biased_Test,419,vcf_only,tcf_only,Yes,No,0.0,,,1.0,0.0,,,,,,,,,,,,,,,Oth,tc_grounding_energy,TCGroundingEnergy,tc_grounding_energy,0.0,0.5
MME,LLaVA-NeXT-8B_Biased_Test,422,tcf_only,tcf_only,Yes,Yes,1.0,,,1.0,0.0,,,,,,,,,,,,,,,Oth,tc_grounding_energy,TCGroundingEnergy,tc_grounding_energy,1.0,0.5
MME,LLaVA-NeXT-8B_Biased_Test,427,tcf_only,tcf_only,Yes,No,0.0,,,1.0,0.0,,,,,,,,,,,,,,,Oth,tc_grounding_energy,TCGroundingEnergy,tc_grounding_energy,0.0,0.5
MME,LLaVA-NeXT-8B_Biased_Test,428,tcf_only,tcf_only,Yes,Yes,1.0,,,1.0,0.0,,,,,,,,,,,,,,,Oth,tc_grounding_energy,TCGroundingEnergy,tc_grounding_energy,1.0,0.5
MME,LLaVA-NeXT-8B_Biased_Test,431,tcf_only,tcf_only,Yes,No,0.0,,,1.0,0.0,,,,,,,,,,,,,,,Oth,tc_grounding_energy,TCGroundingEnergy,tc_grounding_energy,0.0,0.5
MME,LLaVA-NeXT-8B_Biased_Test,458,tcf_only,tcf_only,Yes,Yes,1.0,,,1.0,0.0,,,,,,,,,,,,,,,Oth,tc_grounding_energy,TCGroundingEnergy,tc_grounding_energy,1.0,0.5
MME,LLaVA-NeXT-8B_Biased_Test,462,tcf_only,tcf_only,Yes,Yes,1.0,,,0.5,0.0,,,,,,,,,,,,,,,Oth,tc_grounding_energy,TCGroundingEnergy,tc_grounding_energy,1.0,0.0
MME,LLaVA-NeXT-8B_Biased_Test,468,tcf_only,tcf_only,Yes,Yes,1.0,,,1.0,0.0,,,,,,,,,,,,,,,Oth,tc_grounding_energy,TCGroundingEnergy,tc_grounding_energy,1.0,0.5
MME,LLaVA-NeXT-8B_Biased_Test,472,both,vcf_only,Yes,Yes,1.0,,,0.0,1.0,,,,,,,,,,,,,,,Oth,grec_score,GREC-Score,true_oth_candidate_grec,0.0,0.5
MME,LLaVA-NeXT-8B_Biased_Test,474,tcf_only,tcf_only,Yes,Yes,1.0,,,0.5,0.0,,,,,,,,,,,,,,,Oth,tc_grounding_energy,TCGroundingEnergy,tc_grounding_energy,1.0,0.0
MME,LLaVA-NeXT-8B_Biased_Test,478,both,vcf_only,Yes,Yes,1.0,,,0.0,1.0,,,,,,,,,,,,,,,Oth,grec_score,GREC-Score,true_oth_candidate_grec,0.0,0.5
MME,LLaVA-NeXT-8B_Biased_Test,481,tcf_only,tcf_only,Yes,No,0.0,,,1.0,0.0,,,,,,,,,,,,,,,Oth,tc_grounding_energy,TCGroundingEnergy,tc_grounding_energy,0.0,0.5
MME,LLaVA-NeXT-8B_Biased_Test,486,tcf_only,tcf_only,Yes,Yes,1.0,,,0.5,0.0,,,,,,,,,,,,,,,Oth,tc_grounding_energy,TCGroundingEnergy,tc_grounding_energy,1.0,0.0
MME,LLaVA-NeXT-8B_Biased_Test,491,tcf_only,tcf_only,Yes,No,0.0,,,1.0,0.0,,,,,,,,,,,,,,,Oth,tc_grounding_energy,TCGroundingEnergy,tc_grounding_energy,0.0,0.5
MME,LLaVA-NeXT-8B_Biased_Test,492,tcf_only,tcf_only,Yes,Yes,1.0,,,1.0,0.0,,,,,,,,,,,,,,,Oth,tc_grounding_energy,TCGroundingEnergy,tc_grounding_energy,1.0,0.5
MME,LLaVA-NeXT-8B_Biased_Test,498,tcf_only,tcf_only,Yes,Yes,1.0,,,1.0,0.0,,,,,,,,,,,,,,,Oth,tc_grounding_energy,TCGroundingEnergy,tc_grounding_energy,1.0,0.5
MME,LLaVA-NeXT-8B_Biased_Test,502,both,vcf_only,Yes,Yes,1.0,,,0.0,1.0,,,,,,,,,,,,,,,Oth,grec_score,GREC-Score,true_oth_candidate_grec,0.0,0.5
MME,LLaVA-NeXT-8B_Biased_Test,504,tcf_only,tcf_only,Yes,Yes,1.0,,,1.0,0.0,,,,,,,,,,,,,,,Oth,tc_grounding_energy,TCGroundingEnergy,tc_grounding_energy,0.0,0.5
MME,LLaVA-NeXT-8B_Biased_Test,514,both,vcf_only,Yes,Yes,1.0,,,0.0,1.0,,,,,,,,,,,,,,,Oth,grec_score,GREC-Score,true_oth_candidate_grec,0.0,0.5
MME,LLaVA-NeXT-8B_Biased_Test,516,both,vcf_only,Yes,Yes,1.0,,,0.0,1.0,,,,,,,,,,,,,,,Oth,grec_score,GREC-Score,true_oth_candidate_grec,0.0,0.5
MME,LLaVA-NeXT-8B_Biased_Test,526,both,vcf_only,Yes,Yes,1.0,,,0.0,1.0,,,,,,,,,,,,,,,Oth,grec_score,GREC-Score,true_oth_candidate_grec,0.0,0.5
MME,LLaVA-NeXT-8B_Biased_Test,528,both,vcf_only,Yes,Yes,1.0,,,0.0,1.0,,,,,,,,,,,,,,,Oth,grec_score,GREC-Score,true_oth_candidate_grec,0.0,0.5
MME,LLaVA-NeXT-8B_Biased_Test,532,both,vcf_only,Yes,Yes,1.0,,,0.0,1.0,,,,,,,,,,,,,,,Oth,grec_score,GREC-Score,true_oth_candidate_grec,0.0,0.5
MME,LLaVA-NeXT-8B_Biased_Test,534,tcf_only,tcf_only,Yes,Yes,1.0,,,1.0,0.0,,,,,,,,,,,,,,,Oth,tc_grounding_energy,TCGroundingEnergy,tc_grounding_energy,1.0,0.5
MME,LLaVA-NeXT-8B_Biased_Test,542,tcf_only,tcf_only,Yes,Yes,1.0,,,1.0,0.0,,,,,,,,,,,,,,,Oth,tc_grounding_energy,TCGroundingEnergy,tc_grounding_energy,1.0,0.5
MME,LLaVA-NeXT-8B_Biased_Test,544,tcf_only,tcf_only,Yes,Yes,1.0,,,1.0,0.0,,,,,,,,,,,,,,,Oth,tc_grounding_energy,TCGroundingEnergy,tc_grounding_energy,1.0,0.5
MME,LLaVA-NeXT-8B_Biased_Test,548,both,vcf_only,Yes,Yes,1.0,,,0.0,1.0,,,,,,,,,,,,,,,Oth,grec_score,GREC-Score,true_oth_candidate_grec,0.0,0.5
MME,LLaVA-NeXT-8B_Biased_Test,552,both,vcf_only,Yes,Yes,1.0,,,0.0,1.0,,,,,,,,,,,,,,,Oth,grec_score,GREC-Score,true_oth_candidate_grec,0.0,0.5
MME,LLaVA-NeXT-8B_Biased_Test,556,tcf_only,tcf_only,Yes,Yes,1.0,,,1.0,0.0,,,,,,,,,,,,,,,Oth,tc_grounding_energy,TCGroundingEnergy,tc_grounding_energy,1.0,0.5
MME,LLaVA-NeXT-8B_Biased_Test,562,both,vcf_only,Yes,Yes,1.0,,,0.0,1.0,,,,,,,,,,,,,,,Oth,grec_score,GREC-Score,true_oth_candidate_grec,0.0,0.5
MME,LLaVA-NeXT-8B_Biased_Test,563,tcf_only,tcf_only,Yes,No,0.0,,,1.0,0.0,,,,,,,,,,,,,,,Oth,tc_grounding_energy,TCGroundingEnergy,tc_grounding_energy,0.0,0.5
MME,LLaVA-NeXT-8B_Biased_Test,564,both,vcf_only,Yes,Yes,1.0,,,0.0,1.0,,,,,,,,,,,,,,,Oth,grec_score,GREC-Score,true_oth_candidate_grec,0.0,0.5
MME,LLaVA-NeXT-8B_Biased_Test,574,tcf_only,tcf_only,Yes,Yes,1.0,,,0.5,0.0,,,,,,,,,,,,,,,Oth,tc_grounding_energy,TCGroundingEnergy,tc_grounding_energy,1.0,0.0
MME,LLaVA-NeXT-8B_Biased_Test,576,tcf_only,tcf_only,Yes,Yes,1.0,,,1.0,0.0,,,,,,,,,,,,,,,Oth,tc_grounding_energy,TCGroundingEnergy,tc_grounding_energy,1.0,0.5
MME,LLaVA-NeXT-8B_Biased_Test,578,both,vcf_only,Yes,Yes,1.0,,,0.0,1.0,,,,,,,,,,,,,,,Oth,grec_score,GREC-Score,true_oth_candidate_grec,0.0,0.5
MME,LLaVA-NeXT-8B_Biased_Test,584,both,vcf_only,Yes,Yes,1.0,,,0.0,1.0,,,,,,,,,,,,,,,Oth,grec_score,GREC-Score,true_oth_candidate_grec,0.0,0.5
MME,LLaVA-NeXT-8B_Biased_Test,586,both,vcf_only,Yes,Yes,1.0,,,0.0,1.0,,,,,,,,,,,,,,,Oth,grec_score,GREC-Score,true_oth_candidate_grec,0.0,0.5
MME,LLaVA-NeXT-8B_Biased_Test,588,tcf_only,tcf_only,Yes,Yes,1.0,,,1.0,0.0,,,,,,,,,,,,,,,Oth,tc_grounding_energy,TCGroundingEnergy,tc_grounding_energy,1.0,0.5
MME,LLaVA-NeXT-8B_Biased_Test,593,tcf_only,tcf_only,Yes,No,0.0,,,1.0,0.0,,,,,,,,,,,,,,,Oth,tc_grounding_energy,TCGroundingEnergy,tc_grounding_energy,0.0,0.5
MME,LLaVA-NeXT-8B_Biased_Test,594,tcf_only,tcf_only,Yes,Yes,1.0,,,0.5,0.0,,,,,,,,,,,,,,,Oth,tc_grounding_energy,TCGroundingEnergy,tc_grounding_energy,1.0,0.0
MME,LLaVA-NeXT-8B_Biased_Test,596,both,vcf_only,Yes,Yes,1.0,,,0.0,1.0,,,,,,,,,,,,,,,Oth,grec_score,GREC-Score,true_oth_candidate_grec,0.0,0.5
MME,LLaVA-NeXT-8B_Biased_Test,598,both,vcf_only,Yes,Yes,1.0,,,0.0,1.0,,,,,,,,,,,,,,,Oth,grec_score,GREC-Score,true_oth_candidate_grec,0.0,0.5
MME,LLaVA-NeXT-8B_Biased_Test,602,both,vcf_only,Yes,Yes,1.0,,,0.0,1.0,,,,,,,,,,,,,,,Oth,grec_score,GREC-Score,true_oth_candidate_grec,0.0,0.5
MME,LLaVA-NeXT-8B_Biased_Test,608,both,vcf_only,Yes,Yes,1.0,,,0.0,1.0,,,,,,,,,,,,,,,Oth,grec_score,GREC-Score,true_oth_candidate_grec,0.0,0.5
MME,LLaVA-NeXT-8B_Biased_Test,614,both,vcf_only,Yes,Yes,1.0,,,0.0,1.0,,,,,,,,,,,,,,,Oth,grec_score,GREC-Score,true_oth_candidate_grec,0.0,0.5
MME,LLaVA-NeXT-8B_Biased_Test,616,both,vcf_only,Yes,Yes,1.0,,,0.0,1.0,,,,,,,,,,,,,,,Oth,grec_score,GREC-Score,true_oth_candidate_grec,0.0,0.5
MME,LLaVA-NeXT-8B_Biased_Test,618,tcf_only,tcf_only,Yes,Yes,1.0,,,0.5,0.0,,,,,,,,,,,,,,,Oth,tc_grounding_energy,TCGroundingEnergy,tc_grounding_energy,1.0,0.0
MME,LLaVA-NeXT-8B_Biased_Test,619,tcf_only,tcf_only,Yes,No,0.0,,,1.0,0.0,,,,,,,,,,,,,,,Oth,tc_grounding_energy,TCGroundingEnergy,tc_grounding_energy,0.0,0.5
MME,LLaVA-NeXT-8B_Biased_Test,621,tcf_only,tcf_only,Yes,No,0.0,,,1.0,0.0,,,,,,,,,,,,,,,Oth,tc_grounding_energy,TCGroundingEnergy,tc_grounding_energy,0.0,0.5
MME,LLaVA-NeXT-8B_Biased_Test,622,tcf_only,tcf_only,Yes,Yes,1.0,,,0.5,0.0,,,,,,,,,,,,,,,Oth,tc_grounding_energy,TCGroundingEnergy,tc_grounding_energy,1.0,0.0
MME,LLaVA-NeXT-8B_Biased_Test,623,tcf_only,tcf_only,Yes,No,0.0,,,1.0,0.0,,,,,,,,,,,,,,,Oth,tc_grounding_energy,TCGroundingEnergy,tc_grounding_energy,0.0,0.5
MME,LLaVA-NeXT-8B_Biased_Test,628,tcf_only,tcf_only,Yes,Yes,1.0,,,1.0,0.0,,,,,,,,,,,,,,,Oth,tc_grounding_energy,TCGroundingEnergy,tc_grounding_energy,1.0,0.5
MME,LLaVA-NeXT-8B_Biased_Test,632,tcf_only,tcf_only,Yes,Yes,1.0,,,1.0,0.0,,,,,,,,,,,,,,,Oth,tc_grounding_energy,TCGroundingEnergy,tc_grounding_energy,1.0,0.5
MME,LLaVA-NeXT-8B_Biased_Test,634,tcf_only,tcf_only,Yes,Yes,1.0,,,0.5,0.0,,,,,,,,,,,,,,,Oth,tc_grounding_energy,TCGroundingEnergy,tc_grounding_energy,1.0,0.0
MME,LLaVA-NeXT-8B_Biased_Test,636,both,vcf_only,Yes,Yes,1.0,,,0.0,1.0,,,,,,,,,,,,,,,Oth,grec_score,GREC-Score,true_oth_candidate_grec,0.0,0.5
MME,LLaVA-NeXT-8B_Biased_Test,642,tcf_only,tcf_only,Yes,Yes,1.0,,,1.0,0.0,,,,,,,,,,,,,,,Oth,tc_grounding_energy,TCGroundingEnergy,tc_grounding_energy,1.0,0.5
MME,LLaVA-NeXT-8B_Biased_Test,646,tcf_only,tcf_only,Yes,Yes,1.0,,,0.5,0.0,,,,,,,,,,,,,,,Oth,tc_grounding_energy,TCGroundingEnergy,tc_grounding_energy,1.0,0.0
MME,LLaVA-NeXT-8B_Biased_Test,652,tcf_only,tcf_only,Yes,Yes,1.0,,,1.0,0.0,,,,,,,,,,,,,,,Oth,tc_grounding_energy,TCGroundingEnergy,tc_grounding_energy,1.0,0.5
MME,LLaVA-NeXT-8B_Biased_Test,654,tcf_only,tcf_only,Yes,Yes,1.0,,,0.5,0.0,,,,,,,,,,,,,,,Oth,tc_grounding_energy,TCGroundingEnergy,tc_grounding_energy,1.0,0.0
MME,LLaVA-NeXT-8B_Biased_Test,656,tcf_only,tcf_only,Yes,Yes,1.0,,,1.0,0.0,,,,,,,,,,,,,,,Oth,tc_grounding_energy,TCGroundingEnergy,tc_grounding_energy,1.0,0.5
MME,LLaVA-NeXT-8B_Biased_Test,658,both,vcf_only,Yes,Yes,1.0,,,0.0,1.0,,,,,,,,,,,,,,,Oth,grec_score,GREC-Score,true_oth_candidate_grec,0.0,0.5
MME,LLaVA-NeXT-8B_Biased_Test,661,tcf_only,tcf_only,Yes,No,0.0,,,1.0,0.0,,,,,,,,,,,,,,,Oth,tc_grounding_energy,TCGroundingEnergy,tc_grounding_energy,0.0,0.5
MME,LLaVA-NeXT-8B_Biased_Test,662,tcf_only,tcf_only,Yes,Yes,1.0,,,1.0,0.0,,,,,,,,,,,,,,,Oth,tc_grounding_energy,TCGroundingEnergy,tc_grounding_energy,1.0,0.5
MME,LLaVA-NeXT-8B_Biased_Test,664,vcf_only,vcf_only,No,Yes,0.0,,,0.0,1.0,,,,,,,,,,,,,,,Oth,grec_score,GREC-Score,true_oth_candidate_grec,0.0,0.5
MME,LLaVA-NeXT-8B_Biased_Test,666,vcf_only,vcf_only,Yes,Yes,1.0,,,0.0,1.0,,,,,,,,,,,,,,,Oth,grec_score,GREC-Score,true_oth_candidate_grec,0.0,0.5
MME,LLaVA-NeXT-8B_Biased_Test,668,both,vcf_only,Yes,Yes,1.0,,,0.0,1.0,,,,,,,,,,,,,,,Oth,grec_score,GREC-Score,true_oth_candidate_grec,0.0,0.5
MME,LLaVA-NeXT-8B_Biased_Test,672,both,vcf_only,Yes,Yes,1.0,,,0.0,1.0,,,,,,,,,,,,,,,Oth,grec_score,GREC-Score,true_oth_candidate_grec,0.0,0.5
MME,LLaVA-NeXT-8B_Biased_Test,674,tcf_only,tcf_only,Yes,Yes,1.0,,,0.5,0.0,,,,,,,,,,,,,,,Oth,tc_grounding_energy,TCGroundingEnergy,tc_grounding_energy,1.0,0.0
MME,LLaVA-NeXT-8B_Biased_Test,684,tcf_only,tcf_only,Yes,Yes,1.0,,,0.5,0.0,,,,,,,,,,,,,,,Oth,tc_grounding_energy,TCGroundingEnergy,tc_grounding_energy,1.0,0.0
MME,LLaVA-NeXT-8B_Biased_Test,696,both,vcf_only,Yes,Yes,1.0,,,0.0,1.0,,,,,,,,,,,,,,,Oth,grec_score,GREC-Score,true_oth_candidate_grec,0.0,0.5
MME,LLaVA-NeXT-8B_Biased_Test,698,tcf_only,tcf_only,Yes,Yes,1.0,,,1.0,0.0,,,,,,,,,,,,,,,Oth,tc_grounding_energy,TCGroundingEnergy,tc_grounding_energy,1.0,0.5
MME,LLaVA-NeXT-8B_Biased_Test,702,both,vcf_only,Yes,Yes,1.0,,,0.0,1.0,,,,,,,,,,,,,,,Oth,grec_score,GREC-Score,true_oth_candidate_grec,0.0,0.5
MME,LLaVA-NeXT-8B_Biased_Test,706,tcf_only,tcf_only,Yes,Yes,1.0,,,0.5,0.0,,,,,,,,,,,,,,,Oth,tc_grounding_energy,TCGroundingEnergy,tc_grounding_energy,1.0,0.0
MME,LLaVA-NeXT-8B_Biased_Test,708,tcf_only,tcf_only,Yes,Yes,1.0,,,1.0,0.0,,,,,,,,,,,,,,,Oth,tc_grounding_energy,TCGroundingEnergy,tc_grounding_energy,1.0,0.5
MME,LLaVA-NeXT-8B_Biased_Test,714,tcf_only,tcf_only,Yes,Yes,1.0,,,0.5,0.0,,,,,,,,,,,,,,,Oth,tc_grounding_energy,TCGroundingEnergy,tc_grounding_energy,1.0,0.0
MME,LLaVA-NeXT-8B_Biased_Test,718,both,vcf_only,Yes,Yes,1.0,,,0.0,1.0,,,,,,,,,,,,,,,Oth,grec_score,GREC-Score,true_oth_candidate_grec,0.0,0.5
MME,LLaVA-NeXT-8B_Biased_Test,724,both,vcf_only,Yes,Yes,1.0,,,0.0,1.0,,,,,,,,,,,,,,,Oth,grec_score,GREC-Score,true_oth_candidate_grec,0.0,0.5
MME,LLaVA-NeXT-8B_Biased_Test,736,tcf_only,tcf_only,Yes,Yes,1.0,,,1.0,0.0,,,,,,,,,,,,,,,Oth,tc_grounding_energy,TCGroundingEnergy,tc_grounding_energy,1.0,0.5
MME,LLaVA-NeXT-8B_Biased_Test,738,both,vcf_only,Yes,Yes,1.0,,,0.0,1.0,,,,,,,,,,,,,,,Oth,grec_score,GREC-Score,true_oth_candidate_grec,0.0,0.5
MME,LLaVA-NeXT-8B_Biased_Test,741,tcf_only,tcf_only,Yes,No,0.0,,,1.0,0.0,,,,,,,,,,,,,,,Oth,tc_grounding_energy,TCGroundingEnergy,tc_grounding_energy,0.0,0.5
MME,LLaVA-NeXT-8B_Biased_Test,742,both,vcf_only,No,Yes,0.0,,,0.0,1.0,,,,,,,,,,,,,,,Oth,grec_score,GREC-Score,true_oth_candidate_grec,0.0,0.5
MME,LLaVA-NeXT-8B_Biased_Test,747,tcf_only,tcf_only,Yes,No,0.0,,,1.0,0.0,,,,,,,,,,,,,,,Oth,tc_grounding_energy,TCGroundingEnergy,tc_grounding_energy,0.0,0.5
MME,LLaVA-NeXT-8B_Biased_Test,751,tcf_only,tcf_only,Yes,No,0.0,,,0.5,0.0,,,,,,,,,,,,,,,Oth,tc_grounding_energy,TCGroundingEnergy,tc_grounding_energy,0.0,0.0
MME,LLaVA-NeXT-8B_Biased_Test,752,both,vcf_only,Yes,Yes,1.0,,,0.0,1.0,,,,,,,,,,,,,,,Oth,grec_score,GREC-Score,true_oth_candidate_grec,0.0,0.5
MME,LLaVA-NeXT-8B_Biased_Test,754,both,vcf_only,Yes,Yes,1.0,,,0.0,1.0,,,,,,,,,,,,,,,Oth,grec_score,GREC-Score,true_oth_candidate_grec,0.0,0.5
MME,LLaVA-NeXT-8B_Biased_Test,756,tcf_only,tcf_only,Yes,Yes,1.0,,,1.0,0.0,,,,,,,,,,,,,,,Oth,tc_grounding_energy,TCGroundingEnergy,tc_grounding_energy,1.0,0.5
MME,LLaVA-NeXT-8B_Biased_Test,758,tcf_only,tcf_only,Yes,Yes,1.0,,,0.5,0.0,,,,,,,,,,,,,,,Oth,tc_grounding_energy,TCGroundingEnergy,tc_grounding_energy,1.0,0.0
MME,LLaVA-NeXT-8B_Biased_Test,764,tcf_only,tcf_only,Yes,Yes,1.0,,,0.5,0.0,,,,,,,,,,,,,,,Oth,tc_grounding_energy,TCGroundingEnergy,tc_grounding_energy,1.0,0.0
MME,LLaVA-NeXT-8B_Biased_Test,766,both,vcf_only,No,Yes,0.0,,,0.0,1.0,,,,,,,,,,,,,,,Oth,grec_score,GREC-Score,true_oth_candidate_grec,0.0,0.5
MME,LLaVA-NeXT-8B_Biased_Test,767,tcf_only,tcf_only,Yes,No,0.0,,,1.0,0.0,,,,,,,,,,,,,,,Oth,tc_grounding_energy,TCGroundingEnergy,tc_grounding_energy,0.0,0.5
MME,LLaVA-NeXT-8B_Biased_Test,768,both,vcf_only,Yes,Yes,1.0,,,0.0,1.0,,,,,,,,,,,,,,,Oth,grec_score,GREC-Score,true_oth_candidate_grec,0.0,0.5
MME,LLaVA-NeXT-8B_Biased_Test,774,tcf_only,tcf_only,Yes,Yes,1.0,,,1.0,0.0,,,,,,,,,,,,,,,Oth,tc_grounding_energy,TCGroundingEnergy,tc_grounding_energy,1.0,0.5
MME,LLaVA-NeXT-8B_Biased_Test,776,tcf_only,tcf_only,Yes,Yes,1.0,,,0.5,0.0,,,,,,,,,,,,,,,Oth,tc_grounding_energy,TCGroundingEnergy,tc_grounding_energy,1.0,0.0
MME,LLaVA-NeXT-8B_Biased_Test,778,both,vcf_only,Yes,Yes,1.0,,,0.0,1.0,,,,,,,,,,,,,,,Oth,grec_score,GREC-Score,true_oth_candidate_grec,0.0,0.5
MME,LLaVA-NeXT-8B_Biased_Test,781,tcf_only,tcf_only,Yes,No,0.0,,,1.0,0.0,,,,,,,,,,,,,,,Oth,tc_grounding_energy,TCGroundingEnergy,tc_grounding_energy,0.0,0.5
MME,LLaVA-NeXT-8B_Biased_Test,782,both,tcf_only,Yes,Yes,1.0,,,1.0,0.0,,,,,,,,,,,,,,,Oth,tc_grounding_energy,TCGroundingEnergy,tc_grounding_energy,0.0,0.5
MME,LLaVA-NeXT-8B_Biased_Test,784,both,tcf_only,Yes,Yes,1.0,,,0.5,0.0,,,,,,,,,,,,,,,Oth,tc_grounding_energy,TCGroundingEnergy,tc_grounding_energy,0.0,0.0
MME,LLaVA-NeXT-8B_Biased_Test,786,tcf_only,tcf_only,Yes,Yes,1.0,,,1.0,0.0,,,,,,,,,,,,,,,Oth,tc_grounding_energy,TCGroundingEnergy,tc_grounding_energy,1.0,0.5
MME,LLaVA-NeXT-8B_Biased_Test,787,tcf_only,tcf_only,Yes,No,0.0,,,1.0,0.0,,,,,,,,,,,,,,,Oth,tc_grounding_energy,TCGroundingEnergy,tc_grounding_energy,0.0,0.5
MME,LLaVA-NeXT-8B_Biased_Test,788,tcf_only,tcf_only,Yes,Yes,1.0,,,1.0,0.0,,,,,,,,,,,,,,,Oth,tc_grounding_energy,TCGroundingEnergy,tc_grounding_energy,1.0,0.5
MME,LLaVA-NeXT-8B_Biased_Test,789,both,both,Yes,No,0.0,,,1.0,0.5,,,,,,,,,,,,,,,Oth,grec_score,GREC-Score,true_oth_candidate_grec,0.0,0.0
MME,LLaVA-NeXT-8B_Biased_Test,792,both,tcf_only,Yes,Yes,1.0,,,1.0,0.0,,,,,,,,,,,,,,,Oth,tc_grounding_energy,TCGroundingEnergy,tc_grounding_energy,0.0,0.5
MME,LLaVA-NeXT-8B_Biased_Test,793,tcf_only,tcf_only,Yes,No,0.0,,,0.5,0.0,,,,,,,,,,,,,,,Oth,tc_grounding_energy,TCGroundingEnergy,tc_grounding_energy,0.0,0.0
MME,LLaVA-NeXT-8B_Biased_Test,794,both,tcf_only,Yes,Yes,1.0,,,1.0,0.0,,,,,,,,,,,,,,,Oth,tc_grounding_energy,TCGroundingEnergy,tc_grounding_energy,0.0,0.5
MME,LLaVA-NeXT-8B_Biased_Test,796,both,tcf_only,Yes,Yes,1.0,,,1.0,0.0,,,,,,,,,,,,,,,Oth,tc_grounding_energy,TCGroundingEnergy,tc_grounding_energy,0.0,0.5
MME,LLaVA-NeXT-8B_Biased_Test,797,both,both,Yes,No,0.0,,,1.0,0.5,,,,,,,,,,,,,,,Oth,grec_score,GREC-Score,true_oth_candidate_grec,0.0,0.0
MME,LLaVA-NeXT-8B_Biased_Test,798,tcf_only,both,Yes,Yes,1.0,,,1.0,0.5,,,,,,,,,,,,,,,Oth,grec_score,GREC-Score,true_oth_candidate_grec,1.0,0.0
MME,LLaVA-NeXT-8B_Biased_Test,799,both,both,Yes,No,0.0,,,1.0,0.5,,,,,,,,,,,,,,,Oth,grec_score,GREC-Score,true_oth_candidate_grec,0.0,0.0
MME,LLaVA-NeXT-8B_Biased_Test,801,both,both,Yes,No,0.0,,,1.0,0.5,,,,,,,,,,,,,,,Oth,grec_score,GREC-Score,true_oth_candidate_grec,0.0,0.0
MME,LLaVA-NeXT-8B_Biased_Test,802,both,tcf_only,Yes,Yes,1.0,,,1.0,0.0,,,,,,,,,,,,,,,Oth,tc_grounding_energy,TCGroundingEnergy,tc_grounding_energy,0.0,0.5
MME,LLaVA-NeXT-8B_Biased_Test,804,both,tcf_only,Yes,Yes,1.0,,,1.0,0.0,,,,,,,,,,,,,,,Oth,tc_grounding_energy,TCGroundingEnergy,tc_grounding_energy,0.0,0.5
MME,LLaVA-NeXT-8B_Biased_Test,806,tcf_only,tcf_only,Yes,Yes,1.0,,,1.0,0.0,,,,,,,,,,,,,,,Oth,tc_grounding_energy,TCGroundingEnergy,tc_grounding_energy,1.0,0.5
MME,LLaVA-NeXT-8B_Biased_Test,807,both,both,Yes,No,0.0,,,1.0,0.5,,,,,,,,,,,,,,,Oth,grec_score,GREC-Score,true_oth_candidate_grec,0.0,0.0
MME,LLaVA-NeXT-8B_Biased_Test,808,tcf_only,tcf_only,Yes,Yes,1.0,,,1.0,0.0,,,,,,,,,,,,,,,Oth,tc_grounding_energy,TCGroundingEnergy,tc_grounding_energy,1.0,0.5
MME,LLaVA-NeXT-8B_Biased_Test,809,tcf_only,tcf_only,Yes,No,0.0,,,1.0,0.0,,,,,,,,,,,,,,,Oth,tc_grounding_energy,TCGroundingEnergy,tc_grounding_energy,0.0,0.5
MME,LLaVA-NeXT-8B_Biased_Test,812,tcf_only,tcf_only,Yes,Yes,1.0,,,1.0,0.0,,,,,,,,,,,,,,,Oth,tc_grounding_energy,TCGroundingEnergy,tc_grounding_energy,1.0,0.5
MME,LLaVA-NeXT-8B_Biased_Test,814,both,tcf_only,Yes,Yes,1.0,,,1.0,0.0,,,,,,,,,,,,,,,Oth,tc_grounding_energy,TCGroundingEnergy,tc_grounding_energy,0.0,0.5
MME,LLaVA-NeXT-8B_Biased_Test,816,tcf_only,tcf_only,Yes,Yes,1.0,,,1.0,0.0,,,,,,,,,,,,,,,Oth,tc_grounding_energy,TCGroundingEnergy,tc_grounding_energy,1.0,0.5
MME,LLaVA-NeXT-8B_Biased_Test,818,both,tcf_only,Yes,Yes,1.0,,,1.0,0.0,,,,,,,,,,,,,,,Oth,tc_grounding_energy,TCGroundingEnergy,tc_grounding_energy,0.0,0.5
MME,LLaVA-NeXT-8B_Biased_Test,851,tcf_only,tcf_only,Yes,No,0.0,,,0.5,0.0,,,,,,,,,,,,,,,Oth,tc_grounding_energy,TCGroundingEnergy,tc_grounding_energy,0.0,0.0
MME,LLaVA-NeXT-8B_Biased_Test,861,tcf_only,tcf_only,Yes,No,0.0,,,1.0,0.0,,,,,,,,,,,,,,,Oth,tc_grounding_energy,TCGroundingEnergy,tc_grounding_energy,0.0,0.5
MME,LLaVA-NeXT-8B_Biased_Test,881,both,both,Yes,No,0.0,,,1.0,1.0,,,,,,,,,,,,,,,Oth,grec_score,GREC-Score,true_oth_candidate_grec,0.0,0.5
MME,LLaVA-NeXT-8B_Biased_Test,884,vcf_only,vcf_only,Yes,Yes,1.0,,,0.0,1.0,,,,,,,,,,,,,,,Oth,grec_score,GREC-Score,true_oth_candidate_grec,0.0,0.5
MME,LLaVA-NeXT-8B_Biased_Test,887,tcf_only,tcf_only,Yes,No,0.0,,,0.5,0.0,,,,,,,,,,,,,,,Oth,tc_grounding_energy,TCGroundingEnergy,tc_grounding_energy,0.0,0.0
MME,LLaVA-NeXT-8B_Biased_Test,888,tcf_only,tcf_only,No,Yes,0.0,,,1.0,0.0,,,,,,,,,,,,,,,Oth,tc_grounding_energy,TCGroundingEnergy,tc_grounding_energy,0.0,0.5
MME,LLaVA-NeXT-8B_Biased_Test,889,tcf_only,tcf_only,Yes,No,0.0,,,1.0,0.0,,,,,,,,,,,,,,,Oth,tc_grounding_energy,TCGroundingEnergy,tc_grounding_energy,0.0,0.5
MME,LLaVA-NeXT-8B_Biased_Test,892,both,tcf_only,Yes,Yes,1.0,,,0.5,0.0,,,,,,,,,,,,,,,Oth,tc_grounding_energy,TCGroundingEnergy,tc_grounding_energy,0.0,0.0
MME,LLaVA-NeXT-8B_Biased_Test,894,tcf_only,tcf_only,No,Yes,0.0,,,1.0,0.0,,,,,,,,,,,,,,,Oth,tc_grounding_energy,TCGroundingEnergy,tc_grounding_energy,0.0,0.5
MME,LLaVA-NeXT-8B_Biased_Test,896,both,tcf_only,No,Yes,0.0,,,1.0,0.0,,,,,,,,,,,,,,,Oth,tc_grounding_energy,TCGroundingEnergy,tc_grounding_energy,0.0,0.5
MME,LLaVA-NeXT-8B_Biased_Test,907,both,both,Yes,No,0.0,,,1.0,1.0,,,,,,,,,,,,,,,Oth,grec_score,GREC-Score,true_oth_candidate_grec,0.0,0.5
MME,LLaVA-NeXT-8B_Biased_Test,908,both,vcf_only,No,Yes,0.0,,,0.0,0.5,,,,,,,,,,,,,,,Oth,grec_score,GREC-Score,true_oth_candidate_grec,0.0,0.0
MME,LLaVA-NeXT-8B_Biased_Test,911,tcf_only,tcf_only,No,No,1.0,,,1.0,0.0,,,,,,,,,,,,,,,Oth,tc_grounding_energy,TCGroundingEnergy,tc_grounding_energy,1.0,0.5
MME,LLaVA-NeXT-8B_Biased_Test,919,tcf_only,tcf_only,Yes,No,0.0,,,1.0,0.0,,,,,,,,,,,,,,,Oth,tc_grounding_energy,TCGroundingEnergy,tc_grounding_energy,0.0,0.5
MME,LLaVA-NeXT-8B_Biased_Test,924,both,tcf_only,Yes,Yes,1.0,,,1.0,0.0,,,,,,,,,,,,,,,Oth,tc_grounding_energy,TCGroundingEnergy,tc_grounding_energy,0.0,0.5
MME,LLaVA-NeXT-8B_Biased_Test,926,both,tcf_only,No,Yes,0.0,,,1.0,0.0,,,,,,,,,,,,,,,Oth,tc_grounding_energy,TCGroundingEnergy,tc_grounding_energy,0.0,0.5
MME,LLaVA-NeXT-8B_Biased_Test,937,tcf_only,tcf_only,Yes,No,0.0,,,0.5,0.0,,,,,,,,,,,,,,,Oth,tc_grounding_energy,TCGroundingEnergy,tc_grounding_energy,0.0,0.0
MME,LLaVA-NeXT-8B_Biased_Test,938,vcf_only,vcf_only,Yes,Yes,1.0,,,0.0,1.0,,,,,,,,,,,,,,,Oth,grec_score,GREC-Score,true_oth_candidate_grec,0.0,0.5
MME,LLaVA-NeXT-8B_Biased_Test,943,vcf_only,vcf_only,Yes,No,0.0,,,0.0,1.0,,,,,,,,,,,,,,,Oth,grec_score,GREC-Score,true_oth_candidate_grec,0.0,0.5
MME,LLaVA-NeXT-8B_Biased_Test,944,tcf_only,tcf_only,No,Yes,0.0,,,0.5,0.0,,,,,,,,,,,,,,,Oth,tc_grounding_energy,TCGroundingEnergy,tc_grounding_energy,1.0,0.0
MME,LLaVA-NeXT-8B_Biased_Test,946,tcf_only,tcf_only,Yes,Yes,1.0,,,1.0,0.0,,,,,,,,,,,,,,,Oth,tc_grounding_energy,TCGroundingEnergy,tc_grounding_energy,1.0,0.5
MME,LLaVA-NeXT-8B_Biased_Test,948,both,both,Yes,Yes,1.0,,,0.5,0.5,,,,,,,,,,,,,,,Oth,grec_score,GREC-Score,true_oth_candidate_grec,0.0,0.0
MME,LLaVA-NeXT-8B_Biased_Test,949,both,both,Yes,No,0.0,,,0.5,0.5,,,,,,,,,,,,,,,Oth,grec_score,GREC-Score,true_oth_candidate_grec,0.0,0.0
MME,LLaVA-NeXT-8B_Biased_Test,954,tcf_only,tcf_only,Yes,Yes,1.0,,,1.0,0.0,,,,,,,,,,,,,,,Oth,tc_grounding_energy,TCGroundingEnergy,tc_grounding_energy,1.0,0.5
MME,LLaVA-NeXT-8B_Biased_Test,957,vcf_only,tcf_only,Yes,No,0.0,,,1.0,0.0,,,,,,,,,,,,,,,Oth,tc_grounding_energy,TCGroundingEnergy,tc_grounding_energy,0.0,0.5
MME,LLaVA-NeXT-8B_Biased_Test,958,vcf_only,vcf_only,Yes,Yes,1.0,,,0.0,0.5,,,,,,,,,,,,,,,Oth,grec_score,GREC-Score,true_oth_candidate_grec,0.0,0.0
MME,LLaVA-NeXT-8B_Biased_Test,961,both,both,No,No,1.0,,,0.5,0.5,,,,,,,,,,,,,,,Oth,grec_score,GREC-Score,true_oth_candidate_grec,0.0,0.0
MME,LLaVA-NeXT-8B_Biased_Test,966,tcf_only,tcf_only,Yes,Yes,1.0,,,1.0,0.0,,,,,,,,,,,,,,,Oth,tc_grounding_energy,TCGroundingEnergy,tc_grounding_energy,1.0,0.5
MME,LLaVA-NeXT-8B_Biased_Test,967,tcf_only,tcf_only,Yes,No,0.0,,,1.0,0.0,,,,,,,,,,,,,,,Oth,tc_grounding_energy,TCGroundingEnergy,tc_grounding_energy,0.0,0.5
MME,LLaVA-NeXT-8B_Biased_Test,968,both,both,No,Yes,0.0,,,0.5,1.0,,,,,,,,,,,,,,,Oth,grec_score,GREC-Score,true_oth_candidate_grec,0.0,0.0
MME,LLaVA-NeXT-8B_Biased_Test,972,tcf_only,both,Yes,Yes,1.0,,,1.0,1.0,,,,,,,,,,,,,,,Oth,grec_score,GREC-Score,true_oth_candidate_grec,1.0,0.5
MME,LLaVA-NeXT-8B_Biased_Test,973,tcf_only,tcf_only,Yes,No,0.0,,,1.0,0.0,,,,,,,,,,,,,,,Oth,tc_grounding_energy,TCGroundingEnergy,tc_grounding_energy,0.0,0.5
MME,LLaVA-NeXT-8B_Biased_Test,976,tcf_only,tcf_only,No,Yes,0.0,,,1.0,0.0,,,,,,,,,,,,,,,Oth,tc_grounding_energy,TCGroundingEnergy,tc_grounding_energy,0.0,0.5
MME,LLaVA-NeXT-8B_Biased_Test,977,tcf_only,tcf_only,No,No,1.0,,,1.0,0.0,,,,,,,,,,,,,,,Oth,tc_grounding_energy,TCGroundingEnergy,tc_grounding_energy,0.0,0.5
MME,LLaVA-NeXT-8B_Biased_Test,983,tcf_only,tcf_only,No,No,1.0,,,1.0,0.0,,,,,,,,,,,,,,,Oth,tc_grounding_energy,TCGroundingEnergy,tc_grounding_energy,0.0,0.5
MME,LLaVA-NeXT-8B_Biased_Test,984,tcf_only,tcf_only,Yes,Yes,1.0,,,0.5,0.0,,,,,,,,,,,,,,,Oth,tc_grounding_energy,TCGroundingEnergy,tc_grounding_energy,1.0,0.0
MME,LLaVA-NeXT-8B_Biased_Test,989,tcf_only,tcf_only,Yes,No,0.0,,,0.5,0.0,,,,,,,,,,,,,,,Oth,tc_grounding_energy,TCGroundingEnergy,tc_grounding_energy,0.0,0.0
MME,LLaVA-NeXT-8B_Biased_Test,994,both,both,No,Yes,0.0,,,1.0,0.5,,,,,,,,,,,,,,,Oth,grec_score,GREC-Score,true_oth_candidate_grec,0.0,0.0
MME,LLaVA-NeXT-8B_Biased_Test,1002,both,tcf_only,Yes,Yes,1.0,,,1.0,0.0,,,,,,,,,,,,,,,Oth,tc_grounding_energy,TCGroundingEnergy,tc_grounding_energy,0.0,0.5
MME,LLaVA-NeXT-8B_Biased_Test,1006,tcf_only,tcf_only,Yes,Yes,1.0,,,1.0,0.0,,,,,,,,,,,,,,,Oth,tc_grounding_energy,TCGroundingEnergy,tc_grounding_energy,1.0,0.5
MME,LLaVA-NeXT-8B_Biased_Test,1012,both,tcf_only,Yes,Yes,1.0,,,1.0,0.0,,,,,,,,,,,,,,,Oth,tc_grounding_energy,TCGroundingEnergy,tc_grounding_energy,0.0,0.5
MME,LLaVA-NeXT-8B_Biased_Test,1013,tcf_only,tcf_only,Yes,No,0.0,,,1.0,0.0,,,,,,,,,,,,,,,Oth,tc_grounding_energy,TCGroundingEnergy,tc_grounding_energy,0.0,0.5
MME,LLaVA-NeXT-8B_Biased_Test,1017,vcf_only,vcf_only,Yes,No,0.0,,,0.0,0.5,,,,,,,,,,,,,,,Oth,grec_score,GREC-Score,true_oth_candidate_grec,0.0,0.0
MME,LLaVA-NeXT-8B_Biased_Test,1018,tcf_only,tcf_only,Yes,Yes,1.0,,,1.0,0.0,,,,,,,,,,,,,,,Oth,tc_grounding_energy,TCGroundingEnergy,tc_grounding_energy,1.0,0.5
MME,LLaVA-NeXT-8B_Biased_Test,1054,tcf_only,tcf_only,No,Yes,0.0,,,0.5,0.0,,,,,,,,,,,,,,,Oth,tc_grounding_energy,TCGroundingEnergy,tc_grounding_energy,0.0,0.0
MME,LLaVA-NeXT-8B_Biased_Test,1059,tcf_only,tcf_only,No,No,1.0,,,0.5,0.0,,,,,,,,,,,,,,,Oth,tc_grounding_energy,TCGroundingEnergy,tc_grounding_energy,0.0,0.0
MME,LLaVA-NeXT-8B_Biased_Test,1074,tcf_only,tcf_only,No,Yes,0.0,,,1.0,0.0,,,,,,,,,,,,,,,Oth,tc_grounding_energy,TCGroundingEnergy,tc_grounding_energy,1.0,0.5
MME,LLaVA-NeXT-8B_Biased_Test,1079,both,both,No,No,1.0,,,0.5,1.0,,,,,,,,,,,,,,,Oth,grec_score,GREC-Score,true_oth_candidate_grec,0.0,0.0
MME,LLaVA-NeXT-8B_Biased_Test,1094,tcf_only,tcf_only,Yes,Yes,1.0,,,1.0,0.0,,,,,,,,,,,,,,,Oth,tc_grounding_energy,TCGroundingEnergy,tc_grounding_energy,1.0,0.5
MME,LLaVA-NeXT-8B_Biased_Test,1098,tcf_only,tcf_only,Yes,Yes,1.0,,,1.0,0.0,,,,,,,,,,,,,,,Oth,tc_grounding_energy,TCGroundingEnergy,tc_grounding_energy,1.0,0.5
MME,LLaVA-NeXT-8B_Biased_Test,1128,tcf_only,tcf_only,Yes,Yes,1.0,,,1.0,0.0,,,,,,,,,,,,,,,Oth,tc_grounding_energy,TCGroundingEnergy,tc_grounding_energy,1.0,0.5
MME,LLaVA-NeXT-8B_Biased_Test,1142,tcf_only,tcf_only,Yes,Yes,1.0,,,1.0,0.0,,,,,,,,,,,,,,,Oth,tc_grounding_energy,TCGroundingEnergy,tc_grounding_energy,1.0,0.5
MME,LLaVA-NeXT-8B_Biased_Test,1144,vcf_only,tcf_only,Yes,Yes,1.0,,,0.5,0.0,,,,,,,,,,,,,,,Oth,tc_grounding_energy,TCGroundingEnergy,tc_grounding_energy,0.0,0.0
MME,LLaVA-NeXT-8B_Biased_Test,1148,tcf_only,tcf_only,Yes,Yes,1.0,,,1.0,0.0,,,,,,,,,,,,,,,Oth,tc_grounding_energy,TCGroundingEnergy,tc_grounding_energy,0.0,0.5
MME,LLaVA-NeXT-8B_Biased_Test,1151,tcf_only,tcf_only,Yes,No,0.0,,,1.0,0.0,,,,,,,,,,,,,,,Oth,tc_grounding_energy,TCGroundingEnergy,tc_grounding_energy,0.0,0.5
MME,LLaVA-NeXT-8B_Biased_Test,1154,tcf_only,tcf_only,Yes,Yes,1.0,,,1.0,0.0,,,,,,,,,,,,,,,Oth,tc_grounding_energy,TCGroundingEnergy,tc_grounding_energy,1.0,0.5
MME,LLaVA-NeXT-8B_Biased_Test,1162,tcf_only,tcf_only,Yes,Yes,1.0,,,1.0,0.0,,,,,,,,,,,,,,,Oth,tc_grounding_energy,TCGroundingEnergy,tc_grounding_energy,1.0,0.5
MME,LLaVA-NeXT-8B_Biased_Test,1168,tcf_only,tcf_only,Yes,Yes,1.0,,,1.0,0.0,,,,,,,,,,,,,,,Oth,tc_grounding_energy,TCGroundingEnergy,tc_grounding_energy,1.0,0.5
MME,LLaVA-NeXT-8B_Biased_Test,1169,tcf_only,tcf_only,Yes,No,0.0,,,1.0,0.0,,,,,,,,,,,,,,,Oth,tc_grounding_energy,TCGroundingEnergy,tc_grounding_energy,0.0,0.5
MME,LLaVA-NeXT-8B_Biased_Test,1174,tcf_only,tcf_only,Yes,Yes,1.0,,,1.0,0.0,,,,,,,,,,,,,,,Oth,tc_grounding_energy,TCGroundingEnergy,tc_grounding_energy,1.0,0.5
MME,LLaVA-NeXT-8B_Biased_Test,1178,both,tcf_only,Yes,Yes,1.0,,,1.0,0.0,,,,,,,,,,,,,,,Oth,tc_grounding_energy,TCGroundingEnergy,tc_grounding_energy,0.0,0.5
MME,LLaVA-NeXT-8B_Biased_Test,1182,tcf_only,tcf_only,Yes,Yes,1.0,,,1.0,0.0,,,,,,,,,,,,,,,Oth,tc_grounding_energy,TCGroundingEnergy,tc_grounding_energy,1.0,0.5
MME,LLaVA-NeXT-8B_Biased_Test,1183,tcf_only,tcf_only,Yes,No,0.0,,,1.0,0.0,,,,,,,,,,,,,,,Oth,tc_grounding_energy,TCGroundingEnergy,tc_grounding_energy,0.0,0.5
MME,LLaVA-NeXT-8B_Biased_Test,1186,tcf_only,tcf_only,Yes,Yes,1.0,,,1.0,0.0,,,,,,,,,,,,,,,Oth,tc_grounding_energy,TCGroundingEnergy,tc_grounding_energy,0.0,0.5
MME,LLaVA-NeXT-8B_Biased_Test,1192,tcf_only,tcf_only,Yes,Yes,1.0,,,1.0,0.0,,,,,,,,,,,,,,,Oth,tc_grounding_energy,TCGroundingEnergy,tc_grounding_energy,1.0,0.5
MME,LLaVA-NeXT-8B_Biased_Test,1202,both,tcf_only,No,Yes,0.0,,,1.0,0.0,,,,,,,,,,,,,,,Oth,tc_grounding_energy,TCGroundingEnergy,tc_grounding_energy,0.0,0.5
MME,LLaVA-NeXT-8B_Biased_Test,1204,tcf_only,tcf_only,Yes,Yes,1.0,,,1.0,0.0,,,,,,,,,,,,,,,Oth,tc_grounding_energy,TCGroundingEnergy,tc_grounding_energy,0.0,0.5
MME,LLaVA-NeXT-8B_Biased_Test,1206,tcf_only,tcf_only,Yes,Yes,1.0,,,1.0,0.0,,,,,,,,,,,,,,,Oth,tc_grounding_energy,TCGroundingEnergy,tc_grounding_energy,1.0,0.5
MME,LLaVA-NeXT-8B_Biased_Test,1207,tcf_only,tcf_only,Yes,No,0.0,,,1.0,0.0,,,,,,,,,,,,,,,Oth,tc_grounding_energy,TCGroundingEnergy,tc_grounding_energy,0.0,0.5
MME,LLaVA-NeXT-8B_Biased_Test,1212,tcf_only,tcf_only,Yes,Yes,1.0,,,1.0,0.0,,,,,,,,,,,,,,,Oth,tc_grounding_energy,TCGroundingEnergy,tc_grounding_energy,0.0,0.5
MME,LLaVA-NeXT-8B_Biased_Test,1216,tcf_only,tcf_only,Yes,Yes,1.0,,,1.0,0.0,,,,,,,,,,,,,,,Oth,tc_grounding_energy,TCGroundingEnergy,tc_grounding_energy,1.0,0.5
MME,LLaVA-NeXT-8B_Biased_Test,1218,both,tcf_only,Yes,Yes,1.0,,,1.0,0.0,,,,,,,,,,,,,,,Oth,tc_grounding_energy,TCGroundingEnergy,tc_grounding_energy,0.0,0.5
MME,LLaVA-NeXT-8B_Biased_Test,1222,tcf_only,tcf_only,Yes,Yes,1.0,,,1.0,0.0,,,,,,,,,,,,,,,Oth,tc_grounding_energy,TCGroundingEnergy,tc_grounding_energy,1.0,0.5
MME,LLaVA-NeXT-8B_Biased_Test,1224,tcf_only,tcf_only,Yes,Yes,1.0,,,1.0,0.0,,,,,,,,,,,,,,,Oth,tc_grounding_energy,TCGroundingEnergy,tc_grounding_energy,1.0,0.5
MME,LLaVA-NeXT-8B_Biased_Test,1228,tcf_only,tcf_only,Yes,Yes,1.0,,,0.5,0.0,,,,,,,,,,,,,,,Oth,tc_grounding_energy,TCGroundingEnergy,tc_grounding_energy,1.0,0.0
MME,LLaVA-NeXT-8B_Biased_Test,1232,tcf_only,tcf_only,Yes,Yes,1.0,,,1.0,0.0,,,,,,,,,,,,,,,Oth,tc_grounding_energy,TCGroundingEnergy,tc_grounding_energy,1.0,0.5
MME,LLaVA-NeXT-8B_Biased_Test,1234,tcf_only,tcf_only,Yes,Yes,1.0,,,1.0,0.0,,,,,,,,,,,,,,,Oth,tc_grounding_energy,TCGroundingEnergy,tc_grounding_energy,0.0,0.5
MME,LLaVA-NeXT-8B_Biased_Test,1238,tcf_only,tcf_only,Yes,Yes,1.0,,,1.0,0.0,,,,,,,,,,,,,,,Oth,tc_grounding_energy,TCGroundingEnergy,tc_grounding_energy,1.0,0.5
MME,LLaVA-NeXT-8B_Biased_Test,1242,tcf_only,tcf_only,Yes,Yes,1.0,,,1.0,0.0,,,,,,,,,,,,,,,Oth,tc_grounding_energy,TCGroundingEnergy,tc_grounding_energy,1.0,0.5
MME,LLaVA-NeXT-8B_Biased_Test,1244,tcf_only,tcf_only,Yes,Yes,1.0,,,0.5,0.0,,,,,,,,,,,,,,,Oth,tc_grounding_energy,TCGroundingEnergy,tc_grounding_energy,1.0,0.0
MME,LLaVA-NeXT-8B_Biased_Test,1246,tcf_only,tcf_only,Yes,Yes,1.0,,,1.0,0.0,,,,,,,,,,,,,,,Oth,tc_grounding_energy,TCGroundingEnergy,tc_grounding_energy,1.0,0.5
MME,LLaVA-NeXT-8B_Biased_Test,1247,tcf_only,tcf_only,Yes,No,0.0,,,1.0,0.0,,,,,,,,,,,,,,,Oth,tc_grounding_energy,TCGroundingEnergy,tc_grounding_energy,0.0,0.5
MME,LLaVA-NeXT-8B_Biased_Test,1252,tcf_only,tcf_only,Yes,Yes,1.0,,,1.0,0.0,,,,,,,,,,,,,,,Oth,tc_grounding_energy,TCGroundingEnergy,tc_grounding_energy,1.0,0.5
MME,LLaVA-NeXT-8B_Biased_Test,1254,tcf_only,tcf_only,Yes,Yes,1.0,,,1.0,0.0,,,,,,,,,,,,,,,Oth,tc_grounding_energy,TCGroundingEnergy,tc_grounding_energy,0.0,0.5
MME,LLaVA-NeXT-8B_Biased_Test,1256,tcf_only,tcf_only,Yes,Yes,1.0,,,1.0,0.0,,,,,,,,,,,,,,,Oth,tc_grounding_energy,TCGroundingEnergy,tc_grounding_energy,0.0,0.5
MME,LLaVA-NeXT-8B_Biased_Test,1258,tcf_only,tcf_only,Yes,Yes,1.0,,,1.0,0.0,,,,,,,,,,,,,,,Oth,tc_grounding_energy,TCGroundingEnergy,tc_grounding_energy,1.0,0.5
MME,LLaVA-NeXT-8B_Biased_Test,1259,tcf_only,tcf_only,Yes,No,0.0,,,1.0,0.0,,,,,,,,,,,,,,,Oth,tc_grounding_energy,TCGroundingEnergy,tc_grounding_energy,0.0,0.5
MME,LLaVA-NeXT-8B_Biased_Test,1266,tcf_only,tcf_only,Yes,Yes,1.0,,,1.0,0.0,,,,,,,,,,,,,,,Oth,tc_grounding_energy,TCGroundingEnergy,tc_grounding_energy,1.0,0.5
MME,LLaVA-NeXT-8B_Biased_Test,1268,tcf_only,tcf_only,Yes,Yes,1.0,,,1.0,0.0,,,,,,,,,,,,,,,Oth,tc_grounding_energy,TCGroundingEnergy,tc_grounding_energy,1.0,0.5
MME,LLaVA-NeXT-8B_Biased_Test,1272,tcf_only,tcf_only,Yes,Yes,1.0,,,1.0,0.0,,,,,,,,,,,,,,,Oth,tc_grounding_energy,TCGroundingEnergy,tc_grounding_energy,0.0,0.5
MME,LLaVA-NeXT-8B_Biased_Test,1274,tcf_only,tcf_only,Yes,Yes,1.0,,,1.0,0.0,,,,,,,,,,,,,,,Oth,tc_grounding_energy,TCGroundingEnergy,tc_grounding_energy,1.0,0.5
MME,LLaVA-NeXT-8B_Biased_Test,1276,tcf_only,tcf_only,Yes,Yes,1.0,,,1.0,0.0,,,,,,,,,,,,,,,Oth,tc_grounding_energy,TCGroundingEnergy,tc_grounding_energy,0.0,0.5
MME,LLaVA-NeXT-8B_Biased_Test,1282,tcf_only,tcf_only,Yes,Yes,1.0,,,1.0,0.0,,,,,,,,,,,,,,,Oth,tc_grounding_energy,TCGroundingEnergy,tc_grounding_energy,1.0,0.5
MME,LLaVA-NeXT-8B_Biased_Test,1293,tcf_only,tcf_only,Yes,No,0.0,,,0.5,0.0,,,,,,,,,,,,,,,Oth,tc_grounding_energy,TCGroundingEnergy,tc_grounding_energy,0.0,0.0
MME,LLaVA-NeXT-8B_Biased_Test,1294,tcf_only,tcf_only,Yes,Yes,1.0,,,1.0,0.0,,,,,,,,,,,,,,,Oth,tc_grounding_energy,TCGroundingEnergy,tc_grounding_energy,0.0,0.5
MME,LLaVA-NeXT-8B_Biased_Test,1296,tcf_only,tcf_only,Yes,Yes,1.0,,,1.0,0.0,,,,,,,,,,,,,,,Oth,tc_grounding_energy,TCGroundingEnergy,tc_grounding_energy,1.0,0.5
MME,LLaVA-NeXT-8B_Biased_Test,1302,tcf_only,tcf_only,Yes,Yes,1.0,,,1.0,0.0,,,,,,,,,,,,,,,Oth,tc_grounding_energy,TCGroundingEnergy,tc_grounding_energy,0.0,0.5
MME,LLaVA-NeXT-8B_Biased_Test,1304,tcf_only,tcf_only,Yes,Yes,1.0,,,1.0,0.0,,,,,,,,,,,,,,,Oth,tc_grounding_energy,TCGroundingEnergy,tc_grounding_energy,1.0,0.5
MME,LLaVA-NeXT-8B_Biased_Test,1312,tcf_only,tcf_only,Yes,Yes,1.0,,,1.0,0.0,,,,,,,,,,,,,,,Oth,tc_grounding_energy,TCGroundingEnergy,tc_grounding_energy,0.0,0.5
MME,LLaVA-NeXT-8B_Biased_Test,1322,tcf_only,tcf_only,Yes,Yes,1.0,,,1.0,0.0,,,,,,,,,,,,,,,Oth,tc_grounding_energy,TCGroundingEnergy,tc_grounding_energy,1.0,0.5
MME,LLaVA-NeXT-8B_Biased_Test,1324,tcf_only,tcf_only,Yes,Yes,1.0,,,1.0,0.0,,,,,,,,,,,,,,,Oth,tc_grounding_energy,TCGroundingEnergy,tc_grounding_energy,0.0,0.5
MME,LLaVA-NeXT-8B_Biased_Test,1327,tcf_only,tcf_only,Yes,No,0.0,,,1.0,0.0,,,,,,,,,,,,,,,Oth,tc_grounding_energy,TCGroundingEnergy,tc_grounding_energy,0.0,0.5
MME,LLaVA-NeXT-8B_Biased_Test,1328,tcf_only,tcf_only,Yes,Yes,1.0,,,1.0,0.0,,,,,,,,,,,,,,,Oth,tc_grounding_energy,TCGroundingEnergy,tc_grounding_energy,1.0,0.5
MME,LLaVA-NeXT-8B_Biased_Test,1338,tcf_only,tcf_only,Yes,Yes,1.0,,,0.5,0.0,,,,,,,,,,,,,,,Oth,tc_grounding_energy,TCGroundingEnergy,tc_grounding_energy,1.0,0.0
MME,LLaVA-NeXT-8B_Biased_Test,1339,tcf_only,tcf_only,Yes,No,0.0,,,1.0,0.0,,,,,,,,,,,,,,,Oth,tc_grounding_energy,TCGroundingEnergy,tc_grounding_energy,0.0,0.5
MME,LLaVA-NeXT-8B_Biased_Test,1343,tcf_only,tcf_only,Yes,No,0.0,,,1.0,0.0,,,,,,,,,,,,,,,Oth,tc_grounding_energy,TCGroundingEnergy,tc_grounding_energy,0.0,0.5
MME,LLaVA-NeXT-8B_Biased_Test,1344,tcf_only,tcf_only,Yes,Yes,1.0,,,1.0,0.0,,,,,,,,,,,,,,,Oth,tc_grounding_energy,TCGroundingEnergy,tc_grounding_energy,1.0,0.5
MME,LLaVA-NeXT-8B_Biased_Test,1352,tcf_only,tcf_only,Yes,Yes,1.0,,,1.0,0.0,,,,,,,,,,,,,,,Oth,tc_grounding_energy,TCGroundingEnergy,tc_grounding_energy,1.0,0.5
MME,LLaVA-NeXT-8B_Biased_Test,1358,tcf_only,tcf_only,Yes,Yes,1.0,,,1.0,0.0,,,,,,,,,,,,,,,Oth,tc_grounding_energy,TCGroundingEnergy,tc_grounding_energy,1.0,0.5
MME,LLaVA-NeXT-8B_Biased_Test,1368,tcf_only,tcf_only,Yes,Yes,1.0,,,1.0,0.0,,,,,,,,,,,,,,,Oth,tc_grounding_energy,TCGroundingEnergy,tc_grounding_energy,1.0,0.5
MME,LLaVA-NeXT-8B_Biased_Test,1369,tcf_only,tcf_only,Yes,No,0.0,,,1.0,0.0,,,,,,,,,,,,,,,Oth,tc_grounding_energy,TCGroundingEnergy,tc_grounding_energy,0.0,0.5
MME,LLaVA-NeXT-8B_Biased_Test,1372,tcf_only,tcf_only,Yes,Yes,1.0,,,1.0,0.0,,,,,,,,,,,,,,,Oth,tc_grounding_energy,TCGroundingEnergy,tc_grounding_energy,0.0,0.5
MME,LLaVA-NeXT-8B_Biased_Test,1374,tcf_only,tcf_only,Yes,Yes,1.0,,,1.0,0.0,,,,,,,,,,,,,,,Oth,tc_grounding_energy,TCGroundingEnergy,tc_grounding_energy,0.0,0.5
MME,LLaVA-NeXT-8B_Biased_Test,1376,tcf_only,tcf_only,Yes,Yes,1.0,,,1.0,0.0,,,,,,,,,,,,,,,Oth,tc_grounding_energy,TCGroundingEnergy,tc_grounding_energy,1.0,0.5
MME,LLaVA-NeXT-8B_Biased_Test,1382,tcf_only,tcf_only,Yes,Yes,1.0,,,1.0,0.0,,,,,,,,,,,,,,,Oth,tc_grounding_energy,TCGroundingEnergy,tc_grounding_energy,0.0,0.5
MME,LLaVA-NeXT-8B_Biased_Test,1386,tcf_only,tcf_only,Yes,Yes,1.0,,,1.0,0.0,,,,,,,,,,,,,,,Oth,tc_grounding_energy,TCGroundingEnergy,tc_grounding_energy,0.0,0.5
MME,LLaVA-NeXT-8B_Biased_Test,1387,tcf_only,tcf_only,Yes,No,0.0,,,1.0,0.0,,,,,,,,,,,,,,,Oth,tc_grounding_energy,TCGroundingEnergy,tc_grounding_energy,0.0,0.5
MME,LLaVA-NeXT-8B_Biased_Test,1392,tcf_only,tcf_only,Yes,Yes,1.0,,,1.0,0.0,,,,,,,,,,,,,,,Oth,tc_grounding_energy,TCGroundingEnergy,tc_grounding_energy,1.0,0.5
MME,LLaVA-NeXT-8B_Biased_Test,1394,tcf_only,tcf_only,Yes,Yes,1.0,,,0.5,0.0,,,,,,,,,,,,,,,Oth,tc_grounding_energy,TCGroundingEnergy,tc_grounding_energy,0.0,0.0
MME,LLaVA-NeXT-8B_Biased_Test,1396,tcf_only,tcf_only,Yes,Yes,1.0,,,1.0,0.0,,,,,,,,,,,,,,,Oth,tc_grounding_energy,TCGroundingEnergy,tc_grounding_energy,0.0,0.5
MME,LLaVA-NeXT-8B_Biased_Test,1398,tcf_only,tcf_only,Yes,Yes,1.0,,,1.0,0.0,,,,,,,,,,,,,,,Oth,tc_grounding_energy,TCGroundingEnergy,tc_grounding_energy,0.0,0.5
MME,LLaVA-NeXT-8B_Biased_Test,1399,tcf_only,tcf_only,Yes,No,0.0,,,1.0,0.0,,,,,,,,,,,,,,,Oth,tc_grounding_energy,TCGroundingEnergy,tc_grounding_energy,0.0,0.5
MME,LLaVA-NeXT-8B_Biased_Test,1402,tcf_only,tcf_only,Yes,Yes,1.0,,,1.0,0.0,,,,,,,,,,,,,,,Oth,tc_grounding_energy,TCGroundingEnergy,tc_grounding_energy,0.0,0.5
MME,LLaVA-NeXT-8B_Biased_Test,1404,tcf_only,tcf_only,Yes,Yes,1.0,,,1.0,0.0,,,,,,,,,,,,,,,Oth,tc_grounding_energy,TCGroundingEnergy,tc_grounding_energy,1.0,0.5
MME,LLaVA-NeXT-8B_Biased_Test,1406,tcf_only,tcf_only,Yes,Yes,1.0,,,1.0,0.0,,,,,,,,,,,,,,,Oth,tc_grounding_energy,TCGroundingEnergy,tc_grounding_energy,1.0,0.5
MME,LLaVA-NeXT-8B_Biased_Test,1408,tcf_only,tcf_only,Yes,Yes,1.0,,,1.0,0.0,,,,,,,,,,,,,,,Oth,tc_grounding_energy,TCGroundingEnergy,tc_grounding_energy,1.0,0.5
MME,LLaVA-NeXT-8B_Biased_Test,1409,tcf_only,tcf_only,Yes,No,0.0,,,1.0,0.0,,,,,,,,,,,,,,,Oth,tc_grounding_energy,TCGroundingEnergy,tc_grounding_energy,0.0,0.5
MME,LLaVA-NeXT-8B_Biased_Test,1412,tcf_only,tcf_only,Yes,Yes,1.0,,,1.0,0.0,,,,,,,,,,,,,,,Oth,tc_grounding_energy,TCGroundingEnergy,tc_grounding_energy,0.0,0.5
MME,LLaVA-NeXT-8B_Biased_Test,1414,tcf_only,tcf_only,Yes,Yes,1.0,,,1.0,0.0,,,,,,,,,,,,,,,Oth,tc_grounding_energy,TCGroundingEnergy,tc_grounding_energy,1.0,0.5
MME,LLaVA-NeXT-8B_Biased_Test,1422,both,tcf_only,Yes,Yes,1.0,,,0.5,0.0,,,,,,,,,,,,,,,Oth,tc_grounding_energy,TCGroundingEnergy,tc_grounding_energy,0.0,0.0
MME,LLaVA-NeXT-8B_Biased_Test,1424,tcf_only,tcf_only,Yes,Yes,1.0,,,1.0,0.0,,,,,,,,,,,,,,,Oth,tc_grounding_energy,TCGroundingEnergy,tc_grounding_energy,1.0,0.5
MME,LLaVA-NeXT-8B_Biased_Test,1438,tcf_only,tcf_only,Yes,Yes,1.0,,,1.0,0.0,,,,,,,,,,,,,,,Oth,tc_grounding_energy,TCGroundingEnergy,tc_grounding_energy,1.0,0.5
MME,LLaVA-NeXT-8B_Biased_Test,1446,tcf_only,tcf_only,Yes,Yes,1.0,,,1.0,0.0,,,,,,,,,,,,,,,Oth,tc_grounding_energy,TCGroundingEnergy,tc_grounding_energy,1.0,0.5
MME,LLaVA-NeXT-8B_Biased_Test,1457,tcf_only,tcf_only,Yes,No,0.0,,,1.0,0.0,,,,,,,,,,,,,,,Oth,tc_grounding_energy,TCGroundingEnergy,tc_grounding_energy,0.0,0.5
MME,LLaVA-NeXT-8B_Biased_Test,1462,both,tcf_only,Yes,Yes,1.0,,,1.0,0.0,,,,,,,,,,,,,,,Oth,tc_grounding_energy,TCGroundingEnergy,tc_grounding_energy,0.0,0.5
MME,LLaVA-NeXT-8B_Biased_Test,1468,tcf_only,tcf_only,Yes,Yes,1.0,,,1.0,0.0,,,,,,,,,,,,,,,Oth,tc_grounding_energy,TCGroundingEnergy,tc_grounding_energy,0.0,0.5
MME,LLaVA-NeXT-8B_Biased_Test,1472,tcf_only,tcf_only,Yes,Yes,1.0,,,1.0,0.0,,,,,,,,,,,,,,,Oth,tc_grounding_energy,TCGroundingEnergy,tc_grounding_energy,0.0,0.5
MME,LLaVA-NeXT-8B_Biased_Test,1474,tcf_only,tcf_only,Yes,Yes,1.0,,,1.0,0.0,,,,,,,,,,,,,,,Oth,tc_grounding_energy,TCGroundingEnergy,tc_grounding_energy,1.0,0.5
MME,LLaVA-NeXT-8B_Biased_Test,1476,tcf_only,tcf_only,Yes,Yes,1.0,,,1.0,0.0,,,,,,,,,,,,,,,Oth,tc_grounding_energy,TCGroundingEnergy,tc_grounding_energy,0.0,0.5
MME,LLaVA-NeXT-8B_Biased_Test,1487,tcf_only,tcf_only,Yes,No,0.0,,,1.0,0.0,,,,,,,,,,,,,,,Oth,tc_grounding_energy,TCGroundingEnergy,tc_grounding_energy,0.0,0.5
MME,LLaVA-NeXT-8B_Biased_Test,1488,tcf_only,tcf_only,Yes,Yes,1.0,,,1.0,0.0,,,,,,,,,,,,,,,Oth,tc_grounding_energy,TCGroundingEnergy,tc_grounding_energy,0.0,0.5
MME,LLaVA-NeXT-8B_Biased_Test,1492,tcf_only,tcf_only,Yes,Yes,1.0,,,1.0,0.0,,,,,,,,,,,,,,,Oth,tc_grounding_energy,TCGroundingEnergy,tc_grounding_energy,0.0,0.5
MME,LLaVA-NeXT-8B_Biased_Test,1494,tcf_only,tcf_only,Yes,Yes,1.0,,,1.0,0.0,,,,,,,,,,,,,,,Oth,tc_grounding_energy,TCGroundingEnergy,tc_grounding_energy,0.0,0.5
MME,LLaVA-NeXT-8B_Biased_Test,1497,tcf_only,tcf_only,Yes,No,0.0,,,1.0,0.0,,,,,,,,,,,,,,,Oth,tc_grounding_energy,TCGroundingEnergy,tc_grounding_energy,0.0,0.5
MME,LLaVA-NeXT-8B_Biased_Test,1502,tcf_only,tcf_only,Yes,Yes,1.0,,,1.0,0.0,,,,,,,,,,,,,,,Oth,tc_grounding_energy,TCGroundingEnergy,tc_grounding_energy,1.0,0.5
MME,LLaVA-NeXT-8B_Biased_Test,1508,tcf_only,tcf_only,Yes,Yes,1.0,,,1.0,0.0,,,,,,,,,,,,,,,Oth,tc_grounding_energy,TCGroundingEnergy,tc_grounding_energy,0.0,0.5
MME,LLaVA-NeXT-8B_Biased_Test,1514,tcf_only,tcf_only,Yes,Yes,1.0,,,1.0,0.0,,,,,,,,,,,,,,,Oth,tc_grounding_energy,TCGroundingEnergy,tc_grounding_energy,1.0,0.5
MME,LLaVA-NeXT-8B_Biased_Test,1516,tcf_only,tcf_only,Yes,Yes,1.0,,,1.0,0.0,,,,,,,,,,,,,,,Oth,tc_grounding_energy,TCGroundingEnergy,tc_grounding_energy,1.0,0.5
MME,LLaVA-NeXT-8B_Biased_Test,1518,tcf_only,tcf_only,Yes,Yes,1.0,,,1.0,0.0,,,,,,,,,,,,,,,Oth,tc_grounding_energy,TCGroundingEnergy,tc_grounding_energy,1.0,0.5
MME,LLaVA-NeXT-8B_Biased_Test,1526,tcf_only,tcf_only,Yes,Yes,1.0,,,1.0,0.0,,,,,,,,,,,,,,,Oth,tc_grounding_energy,TCGroundingEnergy,tc_grounding_energy,0.0,0.5
MME,LLaVA-NeXT-8B_Biased_Test,1527,tcf_only,tcf_only,Yes,No,0.0,,,1.0,0.0,,,,,,,,,,,,,,,Oth,tc_grounding_energy,TCGroundingEnergy,tc_grounding_energy,0.0,0.5
MME,LLaVA-NeXT-8B_Biased_Test,1528,tcf_only,tcf_only,Yes,Yes,1.0,,,1.0,0.0,,,,,,,,,,,,,,,Oth,tc_grounding_energy,TCGroundingEnergy,tc_grounding_energy,1.0,0.5
MME,LLaVA-NeXT-8B_Biased_Test,1536,tcf_only,tcf_only,Yes,Yes,1.0,,,1.0,0.0,,,,,,,,,,,,,,,Oth,tc_grounding_energy,TCGroundingEnergy,tc_grounding_energy,1.0,0.5
MME,LLaVA-NeXT-8B_Biased_Test,1538,tcf_only,tcf_only,Yes,Yes,1.0,,,1.0,0.0,,,,,,,,,,,,,,,Oth,tc_grounding_energy,TCGroundingEnergy,tc_grounding_energy,1.0,0.5
MME,LLaVA-NeXT-8B_Biased_Test,1541,tcf_only,tcf_only,Yes,No,0.0,,,1.0,0.0,,,,,,,,,,,,,,,Oth,tc_grounding_energy,TCGroundingEnergy,tc_grounding_energy,0.0,0.5
MME,LLaVA-NeXT-8B_Biased_Test,1542,tcf_only,tcf_only,No,Yes,0.0,,,1.0,0.0,,,,,,,,,,,,,,,Oth,tc_grounding_energy,TCGroundingEnergy,tc_grounding_energy,0.0,0.5
MME,LLaVA-NeXT-8B_Biased_Test,1544,tcf_only,tcf_only,No,Yes,0.0,,,1.0,0.0,,,,,,,,,,,,,,,Oth,tc_grounding_energy,TCGroundingEnergy,tc_grounding_energy,0.0,0.5
MME,LLaVA-NeXT-8B_Biased_Test,1546,tcf_only,tcf_only,No,Yes,0.0,,,1.0,0.0,,,,,,,,,,,,,,,Oth,tc_grounding_energy,TCGroundingEnergy,tc_grounding_energy,0.0,0.5
MME,LLaVA-NeXT-8B_Biased_Test,1548,both,tcf_only,No,Yes,0.0,,,1.0,0.0,,,,,,,,,,,,,,,Oth,tc_grounding_energy,TCGroundingEnergy,tc_grounding_energy,0.0,0.5
MME,LLaVA-NeXT-8B_Biased_Test,1552,both,vcf_only,No,Yes,0.0,,,0.0,1.0,,,,,,,,,,,,,,,Oth,grec_score,GREC-Score,true_oth_candidate_grec,0.0,0.5
MME,LLaVA-NeXT-8B_Biased_Test,1554,tcf_only,tcf_only,Yes,Yes,1.0,,,1.0,0.0,,,,,,,,,,,,,,,Oth,tc_grounding_energy,TCGroundingEnergy,tc_grounding_energy,0.0,0.5
MME,LLaVA-NeXT-8B_Biased_Test,1556,tcf_only,tcf_only,Yes,Yes,1.0,,,1.0,0.0,,,,,,,,,,,,,,,Oth,tc_grounding_energy,TCGroundingEnergy,tc_grounding_energy,0.0,0.5
MME,LLaVA-NeXT-8B_Biased_Test,1558,tcf_only,tcf_only,Yes,Yes,1.0,,,0.5,0.0,,,,,,,,,,,,,,,Oth,tc_grounding_energy,TCGroundingEnergy,tc_grounding_energy,1.0,0.0
MME,LLaVA-NeXT-8B_Biased_Test,1562,tcf_only,tcf_only,Yes,Yes,1.0,,,1.0,0.0,,,,,,,,,,,,,,,Oth,tc_grounding_energy,TCGroundingEnergy,tc_grounding_energy,0.0,0.5
MME,LLaVA-NeXT-8B_Biased_Test,1563,tcf_only,tcf_only,Yes,No,0.0,,,1.0,0.0,,,,,,,,,,,,,,,Oth,tc_grounding_energy,TCGroundingEnergy,tc_grounding_energy,0.0,0.5
MME,LLaVA-NeXT-8B_Biased_Test,1564,both,tcf_only,No,Yes,0.0,,,1.0,0.0,,,,,,,,,,,,,,,Oth,tc_grounding_energy,TCGroundingEnergy,tc_grounding_energy,0.0,0.5
MME,LLaVA-NeXT-8B_Biased_Test,1566,tcf_only,tcf_only,Yes,Yes,1.0,,,1.0,0.0,,,,,,,,,,,,,,,Oth,tc_grounding_energy,TCGroundingEnergy,tc_grounding_energy,0.0,0.5
MME,LLaVA-NeXT-8B_Biased_Test,1568,tcf_only,tcf_only,No,Yes,0.0,,,1.0,0.0,,,,,,,,,,,,,,,Oth,tc_grounding_energy,TCGroundingEnergy,tc_grounding_energy,0.0,0.5
MME,LLaVA-NeXT-8B_Biased_Test,1572,tcf_only,tcf_only,No,Yes,0.0,,,1.0,0.0,,,,,,,,,,,,,,,Oth,tc_grounding_energy,TCGroundingEnergy,tc_grounding_energy,0.0,0.5
MME,LLaVA-NeXT-8B_Biased_Test,1574,tcf_only,tcf_only,Yes,Yes,1.0,,,1.0,0.0,,,,,,,,,,,,,,,Oth,tc_grounding_energy,TCGroundingEnergy,tc_grounding_energy,1.0,0.5
MME,LLaVA-NeXT-8B_Biased_Test,1576,tcf_only,tcf_only,No,Yes,0.0,,,1.0,0.0,,,,,,,,,,,,,,,Oth,tc_grounding_energy,TCGroundingEnergy,tc_grounding_energy,0.0,0.5
MME,LLaVA-NeXT-8B_Biased_Test,1578,tcf_only,tcf_only,Yes,Yes,1.0,,,1.0,0.0,,,,,,,,,,,,,,,Oth,tc_grounding_energy,TCGroundingEnergy,tc_grounding_energy,0.0,0.5
MME,LLaVA-NeXT-8B_Biased_Test,1579,tcf_only,tcf_only,Yes,No,0.0,,,1.0,0.0,,,,,,,,,,,,,,,Oth,tc_grounding_energy,TCGroundingEnergy,tc_grounding_energy,0.0,0.5
MME,LLaVA-NeXT-8B_Biased_Test,1583,tcf_only,tcf_only,Yes,No,0.0,,,0.5,0.0,,,,,,,,,,,,,,,Oth,tc_grounding_energy,TCGroundingEnergy,tc_grounding_energy,0.0,0.0
MME,LLaVA-NeXT-8B_Biased_Test,1586,tcf_only,tcf_only,Yes,Yes,1.0,,,0.5,0.0,,,,,,,,,,,,,,,Oth,tc_grounding_energy,TCGroundingEnergy,tc_grounding_energy,1.0,0.0
MME,LLaVA-NeXT-8B_Biased_Test,1589,tcf_only,tcf_only,No,No,1.0,,,1.0,0.0,,,,,,,,,,,,,,,Oth,tc_grounding_energy,TCGroundingEnergy,tc_grounding_energy,1.0,0.5
MME,LLaVA-NeXT-8B_Biased_Test,1593,tcf_only,tcf_only,No,No,1.0,,,1.0,0.0,,,,,,,,,,,,,,,Oth,tc_grounding_energy,TCGroundingEnergy,tc_grounding_energy,0.0,0.5
MME,LLaVA-NeXT-8B_Biased_Test,1594,tcf_only,tcf_only,Yes,Yes,1.0,,,1.0,0.0,,,,,,,,,,,,,,,Oth,tc_grounding_energy,TCGroundingEnergy,tc_grounding_energy,1.0,0.5
MME,LLaVA-NeXT-8B_Biased_Test,1601,vcf_only,tcf_only,Yes,No,0.0,,,1.0,0.0,,,,,,,,,,,,,,,Oth,tc_grounding_energy,TCGroundingEnergy,tc_grounding_energy,0.0,0.5
MME,LLaVA-NeXT-8B_Biased_Test,1609,tcf_only,tcf_only,No,No,1.0,,,0.5,0.0,,,,,,,,,,,,,,,Oth,tc_grounding_energy,TCGroundingEnergy,tc_grounding_energy,1.0,0.0
MME,LLaVA-NeXT-8B_Biased_Test,1613,tcf_only,tcf_only,Yes,No,0.0,,,0.5,0.0,,,,,,,,,,,,,,,Oth,tc_grounding_energy,TCGroundingEnergy,tc_grounding_energy,0.0,0.0
MME,LLaVA-NeXT-8B_Biased_Test,1617,vcf_only,vcf_only,Yes,No,0.0,,,0.0,1.0,,,,,,,,,,,,,,,Oth,grec_score,GREC-Score,true_oth_candidate_grec,0.0,0.5
MME,LLaVA-NeXT-8B_Biased_Test,1618,both,vcf_only,No,Yes,0.0,,,0.0,1.0,,,,,,,,,,,,,,,Oth,grec_score,GREC-Score,true_oth_candidate_grec,0.0,0.5
MME,LLaVA-NeXT-8B_Biased_Test,1619,tcf_only,tcf_only,Yes,No,0.0,,,0.5,0.0,,,,,,,,,,,,,,,Oth,tc_grounding_energy,TCGroundingEnergy,tc_grounding_energy,0.0,0.0
MME,LLaVA-NeXT-8B_Biased_Test,1623,vcf_only,vcf_only,Yes,No,0.0,,,0.0,1.0,,,,,,,,,,,,,,,Oth,grec_score,GREC-Score,true_oth_candidate_grec,0.0,0.5
MME,LLaVA-NeXT-8B_Biased_Test,1624,tcf_only,tcf_only,Yes,Yes,1.0,,,1.0,0.0,,,,,,,,,,,,,,,Oth,tc_grounding_energy,TCGroundingEnergy,tc_grounding_energy,0.0,0.5
MME,LLaVA-NeXT-8B_Biased_Test,1631,vcf_only,vcf_only,Yes,No,0.0,,,0.0,0.5,,,,,,,,,,,,,,,Oth,grec_score,GREC-Score,true_oth_candidate_grec,0.0,0.0
MME,LLaVA-NeXT-8B_Biased_Test,1633,tcf_only,tcf_only,Yes,No,0.0,,,0.5,0.0,,,,,,,,,,,,,,,Oth,tc_grounding_energy,TCGroundingEnergy,tc_grounding_energy,1.0,0.0
MME,LLaVA-NeXT-8B_Biased_Test,1637,tcf_only,tcf_only,Yes,No,0.0,,,0.5,0.0,,,,,,,,,,,,,,,Oth,tc_grounding_energy,TCGroundingEnergy,tc_grounding_energy,0.0,0.0
MME,LLaVA-NeXT-8B_Biased_Test,1652,both,tcf_only,Yes,Yes,1.0,,,1.0,0.0,,,,,,,,,,,,,,,Oth,tc_grounding_energy,TCGroundingEnergy,tc_grounding_energy,0.0,0.5
MME,LLaVA-NeXT-8B_Biased_Test,1654,tcf_only,tcf_only,Yes,Yes,1.0,,,1.0,0.0,,,,,,,,,,,,,,,Oth,tc_grounding_energy,TCGroundingEnergy,tc_grounding_energy,0.0,0.5
MME,LLaVA-NeXT-8B_Biased_Test,1664,vcf_only,vcf_only,Yes,Yes,1.0,,,0.0,1.0,,,,,,,,,,,,,,,Oth,grec_score,GREC-Score,true_oth_candidate_grec,0.0,0.5
MME,LLaVA-NeXT-8B_Biased_Test,1666,tcf_only,tcf_only,Yes,Yes,1.0,,,1.0,0.0,,,,,,,,,,,,,,,Oth,tc_grounding_energy,TCGroundingEnergy,tc_grounding_energy,0.0,0.5
MME,LLaVA-NeXT-8B_Biased_Test,1671,tcf_only,tcf_only,Yes,No,0.0,,,0.5,0.0,,,,,,,,,,,,,,,Oth,tc_grounding_energy,TCGroundingEnergy,tc_grounding_energy,0.0,0.0
MME,LLaVA-NeXT-8B_Biased_Test,1674,tcf_only,tcf_only,Yes,Yes,1.0,,,0.5,0.0,,,,,,,,,,,,,,,Oth,tc_grounding_energy,TCGroundingEnergy,tc_grounding_energy,1.0,0.0
MME,LLaVA-NeXT-8B_Biased_Test,1682,tcf_only,tcf_only,Yes,Yes,1.0,,,1.0,0.0,,,,,,,,,,,,,,,Oth,tc_grounding_energy,TCGroundingEnergy,tc_grounding_energy,0.0,0.5
MME,LLaVA-NeXT-8B_Biased_Test,1683,tcf_only,tcf_only,Yes,No,0.0,,,1.0,0.0,,,,,,,,,,,,,,,Oth,tc_grounding_energy,TCGroundingEnergy,tc_grounding_energy,0.0,0.5
MME,LLaVA-NeXT-8B_Biased_Test,1684,tcf_only,tcf_only,Yes,Yes,1.0,,,0.5,0.0,,,,,,,,,,,,,,,Oth,tc_grounding_energy,TCGroundingEnergy,tc_grounding_energy,1.0,0.0
MME,LLaVA-NeXT-8B_Biased_Test,1688,tcf_only,tcf_only,Yes,Yes,1.0,,,1.0,0.0,,,,,,,,,,,,,,,Oth,tc_grounding_energy,TCGroundingEnergy,tc_grounding_energy,0.0,0.5
MME,LLaVA-NeXT-8B_Biased_Test,1694,tcf_only,tcf_only,Yes,Yes,1.0,,,1.0,0.0,,,,,,,,,,,,,,,Oth,tc_grounding_energy,TCGroundingEnergy,tc_grounding_energy,0.0,0.5
MME,LLaVA-NeXT-8B_Biased_Test,1696,both,vcf_only,No,Yes,0.0,,,0.0,1.0,,,,,,,,,,,,,,,Oth,grec_score,GREC-Score,true_oth_candidate_grec,0.0,0.5
MME,LLaVA-NeXT-8B_Biased_Test,1702,tcf_only,tcf_only,Yes,Yes,1.0,,,1.0,0.0,,,,,,,,,,,,,,,Oth,tc_grounding_energy,TCGroundingEnergy,tc_grounding_energy,1.0,0.5
MME,LLaVA-NeXT-8B_Biased_Test,1726,tcf_only,tcf_only,No,Yes,0.0,,,1.0,0.0,,,,,,,,,,,,,,,Oth,tc_grounding_energy,TCGroundingEnergy,tc_grounding_energy,0.0,0.5
MME,LLaVA-NeXT-8B_Biased_Test,1754,tcf_only,tcf_only,Yes,Yes,1.0,,,0.5,0.0,,,,,,,,,,,,,,,Oth,tc_grounding_energy,TCGroundingEnergy,tc_grounding_energy,1.0,0.0
MME,LLaVA-NeXT-8B_Biased_Test,1764,both,vcf_only,Yes,Yes,1.0,,,0.0,1.0,,,,,,,,,,,,,,,Oth,grec_score,GREC-Score,true_oth_candidate_grec,0.0,0.5
MME,LLaVA-NeXT-8B_Biased_Test,1766,tcf_only,tcf_only,Yes,Yes,1.0,,,1.0,0.0,,,,,,,,,,,,,,,Oth,tc_grounding_energy,TCGroundingEnergy,tc_grounding_energy,0.0,0.5
MME,LLaVA-NeXT-8B_Biased_Test,1772,tcf_only,tcf_only,No,Yes,0.0,,,1.0,0.0,,,,,,,,,,,,,,,Oth,tc_grounding_energy,TCGroundingEnergy,tc_grounding_energy,0.0,0.5
MME,LLaVA-NeXT-8B_Biased_Test,1774,tcf_only,tcf_only,No,Yes,0.0,,,1.0,0.0,,,,,,,,,,,,,,,Oth,tc_grounding_energy,TCGroundingEnergy,tc_grounding_energy,0.0,0.5
MME,LLaVA-NeXT-8B_Biased_Test,1779,tcf_only,tcf_only,Yes,No,0.0,,,1.0,0.0,,,,,,,,,,,,,,,Oth,tc_grounding_energy,TCGroundingEnergy,tc_grounding_energy,0.0,0.5
MME,LLaVA-NeXT-8B_Biased_Test,1782,tcf_only,tcf_only,No,Yes,0.0,,,1.0,0.0,,,,,,,,,,,,,,,Oth,tc_grounding_energy,TCGroundingEnergy,tc_grounding_energy,0.0,0.5
MME,LLaVA-NeXT-8B_Biased_Test,1792,tcf_only,tcf_only,Yes,Yes,1.0,,,1.0,0.0,,,,,,,,,,,,,,,Oth,tc_grounding_energy,TCGroundingEnergy,tc_grounding_energy,0.0,0.5
MME,LLaVA-NeXT-8B_Biased_Test,1794,vcf_only,vcf_only,Yes,Yes,1.0,,,0.0,1.0,,,,,,,,,,,,,,,Oth,grec_score,GREC-Score,true_oth_candidate_grec,0.0,0.5
MME,LLaVA-NeXT-8B_Biased_Test,1797,tcf_only,tcf_only,No,No,1.0,,,1.0,0.0,,,,,,,,,,,,,,,Oth,tc_grounding_energy,TCGroundingEnergy,tc_grounding_energy,0.0,0.5
MME,LLaVA-NeXT-8B_Biased_Test,1798,tcf_only,tcf_only,Yes,Yes,1.0,,,0.5,0.0,,,,,,,,,,,,,,,Oth,tc_grounding_energy,TCGroundingEnergy,tc_grounding_energy,1.0,0.0
MME,LLaVA-NeXT-8B_Biased_Test,1802,tcf_only,tcf_only,Yes,Yes,1.0,,,1.0,0.0,,,,,,,,,,,,,,,Oth,tc_grounding_energy,TCGroundingEnergy,tc_grounding_energy,0.0,0.5
MME,LLaVA-NeXT-8B_Biased_Test,1812,tcf_only,tcf_only,Yes,Yes,1.0,,,1.0,0.0,,,,,,,,,,,,,,,Oth,tc_grounding_energy,TCGroundingEnergy,tc_grounding_energy,0.0,0.5
MME,LLaVA-NeXT-8B_Biased_Test,1818,tcf_only,tcf_only,Yes,Yes,1.0,,,1.0,0.0,,,,,,,,,,,,,,,Oth,tc_grounding_energy,TCGroundingEnergy,tc_grounding_energy,0.0,0.5
MME,LLaVA-NeXT-8B_Biased_Test,1828,tcf_only,tcf_only,No,Yes,0.0,,,1.0,0.0,,,,,,,,,,,,,,,Oth,tc_grounding_energy,TCGroundingEnergy,tc_grounding_energy,0.0,0.5
MME,LLaVA-NeXT-8B_Biased_Test,1838,both,tcf_only,Yes,Yes,1.0,,,1.0,0.0,,,,,,,,,,,,,,,Oth,tc_grounding_energy,TCGroundingEnergy,tc_grounding_energy,0.0,0.5
MME,LLaVA-NeXT-8B_Biased_Test,1844,tcf_only,tcf_only,No,Yes,0.0,,,1.0,0.0,,,,,,,,,,,,,,,Oth,tc_grounding_energy,TCGroundingEnergy,tc_grounding_energy,1.0,0.5
MME,LLaVA-NeXT-8B_Biased_Test,1862,tcf_only,tcf_only,Yes,Yes,1.0,,,1.0,0.0,,,,,,,,,,,,,,,Oth,tc_grounding_energy,TCGroundingEnergy,tc_grounding_energy,0.0,0.5
MME,LLaVA-NeXT-8B_Biased_Test,1868,tcf_only,tcf_only,Yes,Yes,1.0,,,1.0,0.0,,,,,,,,,,,,,,,Oth,tc_grounding_energy,TCGroundingEnergy,tc_grounding_energy,0.0,0.5
MME,LLaVA-NeXT-8B_Biased_Test,1876,tcf_only,tcf_only,Yes,Yes,1.0,,,1.0,0.0,,,,,,,,,,,,,,,Oth,tc_grounding_energy,TCGroundingEnergy,tc_grounding_energy,1.0,0.5
MME,LLaVA-NeXT-8B_Biased_Test,1894,both,vcf_only,No,Yes,0.0,,,0.0,1.0,,,,,,,,,,,,,,,Oth,grec_score,GREC-Score,true_oth_candidate_grec,0.0,0.5
MME,LLaVA-NeXT-8B_Biased_Test,1898,both,vcf_only,Yes,Yes,1.0,,,0.0,1.0,,,,,,,,,,,,,,,Oth,grec_score,GREC-Score,true_oth_candidate_grec,0.0,0.5
MME,LLaVA-NeXT-8B_Biased_Test,1914,tcf_only,tcf_only,Yes,Yes,1.0,,,1.0,0.0,,,,,,,,,,,,,,,Oth,tc_grounding_energy,TCGroundingEnergy,tc_grounding_energy,1.0,0.5
MME,LLaVA-NeXT-8B_Biased_Test,1922,tcf_only,tcf_only,Yes,Yes,1.0,,,0.5,0.0,,,,,,,,,,,,,,,Oth,tc_grounding_energy,TCGroundingEnergy,tc_grounding_energy,1.0,0.0
MME,LLaVA-NeXT-8B_Biased_Test,1924,both,tcf_only,Yes,Yes,1.0,,,1.0,0.0,,,,,,,,,,,,,,,Oth,tc_grounding_energy,TCGroundingEnergy,tc_grounding_energy,0.0,0.5
MME,LLaVA-NeXT-8B_Biased_Test,1928,tcf_only,tcf_only,Yes,Yes,1.0,,,1.0,0.0,,,,,,,,,,,,,,,Oth,tc_grounding_energy,TCGroundingEnergy,tc_grounding_energy,1.0,0.5
MME,LLaVA-NeXT-8B_Biased_Test,1934,both,tcf_only,No,Yes,0.0,,,1.0,0.0,,,,,,,,,,,,,,,Oth,tc_grounding_energy,TCGroundingEnergy,tc_grounding_energy,0.0,0.5
MME,LLaVA-NeXT-8B_Biased_Test,1936,tcf_only,tcf_only,Yes,Yes,1.0,,,1.0,0.0,,,,,,,,,,,,,,,Oth,tc_grounding_energy,TCGroundingEnergy,tc_grounding_energy,0.0,0.5
MME,LLaVA-NeXT-8B_Biased_Test,1937,tcf_only,tcf_only,Yes,No,0.0,,,1.0,0.0,,,,,,,,,,,,,,,Oth,tc_grounding_energy,TCGroundingEnergy,tc_grounding_energy,0.0,0.5
MME,LLaVA-NeXT-8B_Biased_Test,1952,both,vcf_only,No,Yes,0.0,,,0.0,1.0,,,,,,,,,,,,,,,Oth,grec_score,GREC-Score,true_oth_candidate_grec,0.0,0.5
MME,LLaVA-NeXT-8B_Biased_Test,1959,tcf_only,tcf_only,Yes,No,0.0,,,1.0,0.0,,,,,,,,,,,,,,,Oth,tc_grounding_energy,TCGroundingEnergy,tc_grounding_energy,0.0,0.5
MME,LLaVA-NeXT-8B_Biased_Test,1986,tcf_only,tcf_only,Yes,Yes,1.0,,,1.0,0.0,,,,,,,,,,,,,,,Oth,tc_grounding_energy,TCGroundingEnergy,tc_grounding_energy,0.0,0.5
MME,LLaVA-NeXT-8B_Biased_Test,1988,tcf_only,tcf_only,Yes,Yes,1.0,,,1.0,0.0,,,,,,,,,,,,,,,Oth,tc_grounding_energy,TCGroundingEnergy,tc_grounding_energy,1.0,0.5
MME,LLaVA-NeXT-8B_Biased_Test,1998,tcf_only,tcf_only,Yes,Yes,1.0,,,1.0,0.0,,,,,,,,,,,,,,,Oth,tc_grounding_energy,TCGroundingEnergy,tc_grounding_energy,0.0,0.5
MME,LLaVA-NeXT-8B_Biased_Test,2002,tcf_only,tcf_only,Yes,Yes,1.0,,,1.0,0.0,,,,,,,,,,,,,,,Oth,tc_grounding_energy,TCGroundingEnergy,tc_grounding_energy,0.0,0.5
MME,LLaVA-NeXT-8B_Biased_Test,2012,tcf_only,tcf_only,Yes,Yes,1.0,,,1.0,0.0,,,,,,,,,,,,,,,Oth,tc_grounding_energy,TCGroundingEnergy,tc_grounding_energy,0.0,0.5
MME,LLaVA-NeXT-8B_Biased_Test,2013,tcf_only,tcf_only,Yes,No,0.0,,,1.0,0.0,,,,,,,,,,,,,,,Oth,tc_grounding_energy,TCGroundingEnergy,tc_grounding_energy,1.0,0.5
MME,LLaVA-NeXT-8B_Biased_Test,2032,tcf_only,tcf_only,Yes,Yes,1.0,,,1.0,0.0,,,,,,,,,,,,,,,Oth,tc_grounding_energy,TCGroundingEnergy,tc_grounding_energy,1.0,0.5
MME,LLaVA-NeXT-8B_Biased_Test,2068,tcf_only,tcf_only,Yes,Yes,1.0,,,1.0,0.0,,,,,,,,,,,,,,,Oth,tc_grounding_energy,TCGroundingEnergy,tc_grounding_energy,0.0,0.5
MME,LLaVA-NeXT-8B_Biased_Test,2071,tcf_only,tcf_only,Yes,No,0.0,,,1.0,0.0,,,,,,,,,,,,,,,Oth,tc_grounding_energy,TCGroundingEnergy,tc_grounding_energy,0.0,0.5
MME,LLaVA-NeXT-8B_Biased_Test,2074,tcf_only,tcf_only,Yes,Yes,1.0,,,1.0,0.0,,,,,,,,,,,,,,,Oth,tc_grounding_energy,TCGroundingEnergy,tc_grounding_energy,0.0,0.5
MME,LLaVA-NeXT-8B_Biased_Test,2084,tcf_only,tcf_only,Yes,Yes,1.0,,,1.0,0.0,,,,,,,,,,,,,,,Oth,tc_grounding_energy,TCGroundingEnergy,tc_grounding_energy,1.0,0.5
MME,LLaVA-NeXT-8B_Biased_Test,2092,tcf_only,tcf_only,No,Yes,0.0,,,1.0,0.0,,,,,,,,,,,,,,,Oth,tc_grounding_energy,TCGroundingEnergy,tc_grounding_energy,0.0,0.5
MME,LLaVA-NeXT-8B_Biased_Test,2096,tcf_only,tcf_only,Yes,Yes,1.0,,,1.0,0.0,,,,,,,,,,,,,,,Oth,tc_grounding_energy,TCGroundingEnergy,tc_grounding_energy,1.0,0.5
MME,LLaVA-NeXT-8B_Biased_Test,2097,tcf_only,tcf_only,Yes,No,0.0,,,1.0,0.0,,,,,,,,,,,,,,,Oth,tc_grounding_energy,TCGroundingEnergy,tc_grounding_energy,0.0,0.5
MME,LLaVA-NeXT-8B_Biased_Test,2098,tcf_only,tcf_only,Yes,Yes,1.0,,,1.0,0.0,,,,,,,,,,,,,,,Oth,tc_grounding_energy,TCGroundingEnergy,tc_grounding_energy,1.0,0.5
MME,LLaVA-NeXT-8B_Biased_Test,2106,tcf_only,tcf_only,Yes,Yes,1.0,,,1.0,0.0,,,,,,,,,,,,,,,Oth,tc_grounding_energy,TCGroundingEnergy,tc_grounding_energy,0.0,0.5
MME,LLaVA-NeXT-8B_Biased_Test,2111,tcf_only,tcf_only,No,No,1.0,,,1.0,0.0,,,,,,,,,,,,,,,Oth,tc_grounding_energy,TCGroundingEnergy,tc_grounding_energy,0.0,0.5
MME,LLaVA-NeXT-8B_Biased_Test,2123,tcf_only,tcf_only,Yes,No,0.0,,,1.0,0.0,,,,,,,,,,,,,,,Oth,tc_grounding_energy,TCGroundingEnergy,tc_grounding_energy,0.0,0.5
MME,LLaVA-NeXT-8B_Biased_Test,2142,tcf_only,tcf_only,Yes,Yes,1.0,,,1.0,0.0,,,,,,,,,,,,,,,Oth,tc_grounding_energy,TCGroundingEnergy,tc_grounding_energy,0.0,0.5
MME,LLaVA-NeXT-8B_Biased_Test,2146,tcf_only,tcf_only,Yes,Yes,1.0,,,1.0,0.0,,,,,,,,,,,,,,,Oth,tc_grounding_energy,TCGroundingEnergy,tc_grounding_energy,1.0,0.5
MME,LLaVA-NeXT-8B_Biased_Test,2148,tcf_only,tcf_only,Yes,Yes,1.0,,,1.0,0.0,,,,,,,,,,,,,,,Oth,tc_grounding_energy,TCGroundingEnergy,tc_grounding_energy,0.0,0.5
MME,LLaVA-NeXT-8B_Biased_Test,2162,tcf_only,tcf_only,Yes,Yes,1.0,,,1.0,0.0,,,,,,,,,,,,,,,Oth,tc_grounding_energy,TCGroundingEnergy,tc_grounding_energy,1.0,0.5
MME,LLaVA-NeXT-8B_Biased_Test,2168,tcf_only,tcf_only,Yes,Yes,1.0,,,1.0,0.0,,,,,,,,,,,,,,,Oth,tc_grounding_energy,TCGroundingEnergy,tc_grounding_energy,0.0,0.5
MME,LLaVA-NeXT-8B_Biased_Test,2172,tcf_only,tcf_only,Yes,Yes,1.0,,,1.0,0.0,,,,,,,,,,,,,,,Oth,tc_grounding_energy,TCGroundingEnergy,tc_grounding_energy,0.0,0.5
MME,LLaVA-NeXT-8B_Biased_Test,2182,tcf_only,tcf_only,No,Yes,0.0,,,1.0,0.0,,,,,,,,,,,,,,,Oth,tc_grounding_energy,TCGroundingEnergy,tc_grounding_energy,0.0,0.5
MME,LLaVA-NeXT-8B_Biased_Test,2214,tcf_only,tcf_only,Yes,Yes,1.0,,,1.0,0.0,,,,,,,,,,,,,,,Oth,tc_grounding_energy,TCGroundingEnergy,tc_grounding_energy,0.0,0.5
MME,LLaVA-NeXT-8B_Biased_Test,2216,tcf_only,tcf_only,Yes,Yes,1.0,,,1.0,0.0,,,,,,,,,,,,,,,Oth,tc_grounding_energy,TCGroundingEnergy,tc_grounding_energy,1.0,0.5
MME,LLaVA-NeXT-8B_Biased_Test,2229,tcf_only,tcf_only,Yes,No,0.0,,,1.0,0.0,,,,,,,,,,,,,,,Oth,tc_grounding_energy,TCGroundingEnergy,tc_grounding_energy,0.0,0.5
MME,LLaVA-NeXT-8B_Biased_Test,2234,tcf_only,tcf_only,Yes,Yes,1.0,,,1.0,0.0,,,,,,,,,,,,,,,Oth,tc_grounding_energy,TCGroundingEnergy,tc_grounding_energy,0.0,0.5
MME,LLaVA-NeXT-8B_Biased_Test,2246,both,tcf_only,Yes,Yes,1.0,,,1.0,0.0,,,,,,,,,,,,,,,Oth,tc_grounding_energy,TCGroundingEnergy,tc_grounding_energy,0.0,0.5
MME,LLaVA-NeXT-8B_Biased_Test,2264,tcf_only,tcf_only,No,Yes,0.0,,,1.0,0.0,,,,,,,,,,,,,,,Oth,tc_grounding_energy,TCGroundingEnergy,tc_grounding_energy,0.0,0.5
MME,LLaVA-NeXT-8B_Biased_Test,2266,tcf_only,tcf_only,Yes,Yes,1.0,,,1.0,0.0,,,,,,,,,,,,,,,Oth,tc_grounding_energy,TCGroundingEnergy,tc_grounding_energy,1.0,0.5
MME,LLaVA-NeXT-8B_Biased_Test,2272,tcf_only,tcf_only,Yes,Yes,1.0,,,1.0,0.0,,,,,,,,,,,,,,,Oth,tc_grounding_energy,TCGroundingEnergy,tc_grounding_energy,0.0,0.5
MME,LLaVA-NeXT-8B_Biased_Test,2282,tcf_only,tcf_only,Yes,Yes,1.0,,,1.0,0.0,,,,,,,,,,,,,,,Oth,tc_grounding_energy,TCGroundingEnergy,tc_grounding_energy,0.0,0.5
MME,LLaVA-NeXT-8B_Biased_Test,2288,tcf_only,tcf_only,Yes,Yes,1.0,,,1.0,0.0,,,,,,,,,,,,,,,Oth,tc_grounding_energy,TCGroundingEnergy,tc_grounding_energy,1.0,0.5
MME,LLaVA-NeXT-8B_Biased_Test,2294,tcf_only,tcf_only,Yes,Yes,1.0,,,1.0,0.0,,,,,,,,,,,,,,,Oth,tc_grounding_energy,TCGroundingEnergy,tc_grounding_energy,0.0,0.5
MME,LLaVA-NeXT-8B_Biased_Test,2302,tcf_only,tcf_only,Yes,Yes,1.0,,,1.0,0.0,,,,,,,,,,,,,,,Oth,tc_grounding_energy,TCGroundingEnergy,tc_grounding_energy,0.0,0.5
MME,LLaVA-NeXT-8B_Biased_Test,2312,tcf_only,tcf_only,Yes,Yes,1.0,,,1.0,0.0,,,,,,,,,,,,,,,Oth,tc_grounding_energy,TCGroundingEnergy,tc_grounding_energy,0.0,0.5
MME,LLaVA-NeXT-8B_Biased_Test,2318,tcf_only,tcf_only,Yes,Yes,1.0,,,1.0,0.0,,,,,,,,,,,,,,,Oth,tc_grounding_energy,TCGroundingEnergy,tc_grounding_energy,0.0,0.5
MME,LLaVA-NeXT-8B_Biased_Test,2324,tcf_only,tcf_only,Yes,Yes,1.0,,,1.0,0.0,,,,,,,,,,,,,,,Oth,tc_grounding_energy,TCGroundingEnergy,tc_grounding_energy,0.0,0.5
MME,LLaVA-NeXT-8B_Biased_Test,2334,tcf_only,both,Yes,Yes,1.0,,,1.0,0.5,,,,,,,,,,,,,,,Oth,grec_score,GREC-Score,true_oth_candidate_grec,1.0,0.0
MME,LLaVA-NeXT-8B_Biased_Test,2336,both,tcf_only,No,Yes,0.0,,,1.0,0.0,,,,,,,,,,,,,,,Oth,tc_grounding_energy,TCGroundingEnergy,tc_grounding_energy,0.0,0.5
MME,LLaVA-NeXT-8B_Biased_Test,2338,tcf_only,tcf_only,No,Yes,0.0,,,1.0,0.0,,,,,,,,,,,,,,,Oth,tc_grounding_energy,TCGroundingEnergy,tc_grounding_energy,0.0,0.5
MME,LLaVA-NeXT-8B_Biased_Test,2342,vcf_only,vcf_only,Yes,Yes,1.0,,,0.0,1.0,,,,,,,,,,,,,,,Oth,grec_score,GREC-Score,true_oth_candidate_grec,0.0,0.5
MME,LLaVA-NeXT-8B_Biased_Test,2344,tcf_only,both,Yes,Yes,1.0,,,0.5,0.5,,,,,,,,,,,,,,,Oth,grec_score,GREC-Score,true_oth_candidate_grec,1.0,0.0
MME,LLaVA-NeXT-8B_Biased_Test,2346,tcf_only,tcf_only,No,Yes,0.0,,,1.0,0.0,,,,,,,,,,,,,,,Oth,tc_grounding_energy,TCGroundingEnergy,tc_grounding_energy,0.0,0.5
MME,LLaVA-NeXT-8B_Biased_Test,2348,tcf_only,tcf_only,No,Yes,0.0,,,1.0,0.0,,,,,,,,,,,,,,,Oth,tc_grounding_energy,TCGroundingEnergy,tc_grounding_energy,1.0,0.5
MME,LLaVA-NeXT-8B_Biased_Test,2349,tcf_only,tcf_only,Yes,No,0.0,,,1.0,0.0,,,,,,,,,,,,,,,Oth,tc_grounding_energy,TCGroundingEnergy,tc_grounding_energy,0.0,0.5
MME,LLaVA-NeXT-8B_Biased_Test,2352,tcf_only,tcf_only,No,Yes,0.0,,,1.0,0.0,,,,,,,,,,,,,,,Oth,tc_grounding_energy,TCGroundingEnergy,tc_grounding_energy,0.0,0.5
MME,LLaVA-NeXT-8B_Biased_Test,2353,both,tcf_only,No,No,1.0,,,1.0,0.0,,,,,,,,,,,,,,,Oth,tc_grounding_energy,TCGroundingEnergy,tc_grounding_energy,0.0,0.5
MME,LLaVA-NeXT-8B_Biased_Test,2354,both,tcf_only,No,Yes,0.0,,,1.0,0.0,,,,,,,,,,,,,,,Oth,tc_grounding_energy,TCGroundingEnergy,tc_grounding_energy,0.0,0.5
MME,LLaVA-NeXT-8B_Biased_Test,2356,tcf_only,both,Yes,Yes,1.0,,,1.0,0.5,,,,,,,,,,,,,,,Oth,grec_score,GREC-Score,true_oth_candidate_grec,1.0,0.0
MME,LLaVA-NeXT-8B_Biased_Test,2357,both,both,Yes,No,0.0,,,1.0,0.5,,,,,,,,,,,,,,,Oth,grec_score,GREC-Score,true_oth_candidate_grec,0.0,0.0
MME,LLaVA-NeXT-8B_Biased_Test,2358,tcf_only,tcf_only,No,Yes,0.0,,,1.0,0.0,,,,,,,,,,,,,,,Oth,tc_grounding_energy,TCGroundingEnergy,tc_grounding_energy,0.0,0.5
MME,LLaVA-NeXT-8B_Biased_Test,2362,both,tcf_only,No,Yes,0.0,,,1.0,0.0,,,,,,,,,,,,,,,Oth,tc_grounding_energy,TCGroundingEnergy,tc_grounding_energy,0.0,0.5
MME,LLaVA-NeXT-8B_Biased_Test,2364,both,tcf_only,No,Yes,0.0,,,1.0,0.0,,,,,,,,,,,,,,,Oth,tc_grounding_energy,TCGroundingEnergy,tc_grounding_energy,0.0,0.5
MME,LLaVA-NeXT-8B_Biased_Test,2366,both,tcf_only,No,Yes,0.0,,,1.0,0.0,,,,,,,,,,,,,,,Oth,tc_grounding_energy,TCGroundingEnergy,tc_grounding_energy,0.0,0.5
MME,LLaVA-NeXT-8B_Biased_Test,2368,both,tcf_only,No,Yes,0.0,,,1.0,0.0,,,,,,,,,,,,,,,Oth,tc_grounding_energy,TCGroundingEnergy,tc_grounding_energy,0.0,0.5
MME,LLaVA-NeXT-8B_Biased_Test,2372,tcf_only,tcf_only,Yes,Yes,1.0,,,1.0,0.0,,,,,,,,,,,,,,,Oth,tc_grounding_energy,TCGroundingEnergy,tc_grounding_energy,1.0,0.5
ViLP,LLaVA-NeXT-8B_Biased_Test,1,vcf_only,vcf_only,4,6,0.0,,,0.0,1.0,,,,,,,,,,,,,,,Oth,grec_score,GREC-Score,true_oth_candidate_grec,0.0,0.5
ViLP,LLaVA-NeXT-8B_Biased_Test,3,tcf_only,both,Hexagon,Sphere,0.0,,,0.5,1.0,,,,,,,,,,,,,,,Oth,grec_score,GREC-Score,true_oth_candidate_grec,1.0,0.0
ViLP,LLaVA-NeXT-8B_Biased_Test,8,vcf_only,vcf_only,Octogon,Hexagon,0.0,,,0.0,1.0,,,,,,,,,,,,,,,Oth,grec_score,GREC-Score,true_oth_candidate_grec,0.0,0.5
ViLP,LLaVA-NeXT-8B_Biased_Test,9,vcf_only,vcf_only,Oval,Spherical,0.0,,,0.0,1.0,,,,,,,,,,,,,,,Oth,grec_score,GREC-Score,true_oth_candidate_grec,0.0,0.5
ViLP,LLaVA-NeXT-8B_Biased_Test,16,vcf_only,vcf_only,4,3,0.0,,,0.0,1.0,,,,,,,,,,,,,,,Oth,grec_score,GREC-Score,true_oth_candidate_grec,0.0,0.5
ViLP,LLaVA-NeXT-8B_Biased_Test,17,vcf_only,vcf_only,4,5,0.0,,,0.0,1.0,,,,,,,,,,,,,,,Oth,grec_score,GREC-Score,true_oth_candidate_grec,0.0,0.5
ViLP,LLaVA-NeXT-8B_Biased_Test,22,vcf_only,vcf_only,Eight,11,0.0,,,0.0,1.0,,,,,,,,,,,,,,,Oth,grec_score,GREC-Score,true_oth_candidate_grec,0.0,0.5
ViLP,LLaVA-NeXT-8B_Biased_Test,23,vcf_only,vcf_only,Eight,13,0.0,,,0.0,1.0,,,,,,,,,,,,,,,Oth,grec_score,GREC-Score,true_oth_candidate_grec,0.0,0.5
ViLP,LLaVA-NeXT-8B_Biased_Test,32,vcf_only,vcf_only,Rabbit,Rabbit,1.0,,,0.0,1.0,,,,,,,,,,,,,,,Oth,grec_score,GREC-Score,true_oth_candidate_grec,0.0,0.5
ViLP,LLaVA-NeXT-8B_Biased_Test,37,both,both,Yes,Snake,0.0,,,1.0,1.0,,,,,,,,,,,,,,,Oth,grec_score,GREC-Score,true_oth_candidate_grec,0.0,0.5
ViLP,LLaVA-NeXT-8B_Biased_Test,38,both,both,Yes,Fox,0.0,,,1.0,1.0,,,,,,,,,,,,,,,Oth,grec_score,GREC-Score,true_oth_candidate_grec,0.0,0.5
ViLP,LLaVA-NeXT-8B_Biased_Test,41,vcf_only,vcf_only,Monkey,Sloth,0.0,,,0.0,1.0,,,,,,,,,,,,,,,Oth,grec_score,GREC-Score,true_oth_candidate_grec,0.0,0.5
ViLP,LLaVA-NeXT-8B_Biased_Test,43,vcf_only,vcf_only,6,8,0.0,,,0.0,1.0,,,,,,,,,,,,,,,Oth,grec_score,GREC-Score,true_oth_candidate_grec,0.0,0.5
ViLP,LLaVA-NeXT-8B_Biased_Test,44,vcf_only,vcf_only,6,10,0.0,,,0.0,1.0,,,,,,,,,,,,,,,Oth,grec_score,GREC-Score,true_oth_candidate_grec,0.0,0.5
ViLP,LLaVA-NeXT-8B_Biased_Test,46,vcf_only,vcf_only,Yes,Shrimp,0.0,,,0.0,1.0,,,,,,,,,,,,,,,Oth,grec_score,GREC-Score,true_oth_candidate_grec,0.0,0.5
ViLP,LLaVA-NeXT-8B_Biased_Test,47,vcf_only,vcf_only,Yes,Eel,0.0,,,0.0,1.0,,,,,,,,,,,,,,,Oth,grec_score,GREC-Score,true_oth_candidate_grec,0.0,0.5
ViLP,LLaVA-NeXT-8B_Biased_Test,49,tcf_only,tcf_only,Octopus,Squid,0.0,,,0.5,0.0,,,,,,,,,,,,,,,Oth,tc_grounding_energy,TCGroundingEnergy,tc_grounding_energy,0.0,0.0
ViLP,LLaVA-NeXT-8B_Biased_Test,52,vcf_only,vcf_only,8,10,0.0,,,0.0,1.0,,,,,,,,,,,,,,,Oth,grec_score,GREC-Score,true_oth_candidate_grec,0.0,0.5
ViLP,LLaVA-NeXT-8B_Biased_Test,53,vcf_only,vcf_only,8,12,0.0,,,0.0,1.0,,,,,,,,,,,,,,,Oth,grec_score,GREC-Score,true_oth_candidate_grec,0.0,0.5
ViLP,LLaVA-NeXT-8B_Biased_Test,56,tcf_only,tcf_only,20,16,0.0,,,0.5,0.0,,,,,,,,,,,,,,,Oth,tc_grounding_energy,TCGroundingEnergy,tc_grounding_energy,1.0,0.0
ViLP,LLaVA-NeXT-8B_Biased_Test,58,vcf_only,vcf_only,1000000,200,0.0,,,0.0,1.0,,,,,,,,,,,,,,,Oth,grec_score,GREC-Score,true_oth_candidate_grec,0.0,0.5
ViLP,LLaVA-NeXT-8B_Biased_Test,61,tcf_only,tcf_only,90,90,1.0,,,0.5,0.0,,,,,,,,,,,,,,,Oth,tc_grounding_energy,TCGroundingEnergy,tc_grounding_energy,1.0,0.0
ViLP,LLaVA-NeXT-8B_Biased_Test,62,tcf_only,tcf_only,110,110,1.0,,,0.5,0.0,,,,,,,,,,,,,,,Oth,tc_grounding_energy,TCGroundingEnergy,tc_grounding_energy,1.0,0.0
ViLP,LLaVA-NeXT-8B_Biased_Test,64,vcf_only,vcf_only,0,10,0.0,,,0.0,1.0,,,,,,,,,,,,,,,Oth,grec_score,GREC-Score,true_oth_candidate_grec,0.0,0.5
ViLP,LLaVA-NeXT-8B_Biased_Test,68,vcf_only,vcf_only,Elephant,Hippo,0.0,,,0.0,1.0,,,,,,,,,,,,,,,Oth,grec_score,GREC-Score,true_oth_candidate_grec,0.0,0.5
ViLP,LLaVA-NeXT-8B_Biased_Test,71,vcf_only,vcf_only,Round,Diamond,0.0,,,0.0,1.0,,,,,,,,,,,,,,,Oth,grec_score,GREC-Score,true_oth_candidate_grec,0.0,0.5
ViLP,LLaVA-NeXT-8B_Biased_Test,73,vcf_only,vcf_only,Round,Oval,0.0,,,0.0,1.0,,,,,,,,,,,,,,,Oth,grec_score,GREC-Score,true_oth_candidate_grec,0.0,0.5
ViLP,LLaVA-NeXT-8B_Biased_Test,76,tcf_only,tcf_only,Triangle,Triangle,1.0,,,0.5,0.0,,,,,,,,,,,,,,,Oth,tc_grounding_energy,TCGroundingEnergy,tc_grounding_energy,1.0,0.0
ViLP,LLaVA-NeXT-8B_Biased_Test,79,vcf_only,vcf_only,Zebra has black and white stripes,Horse,0.0,,,0.0,1.0,,,,,,,,,,,,,,,Oth,grec_score,GREC-Score,true_oth_candidate_grec,0.0,0.5
ViLP,LLaVA-NeXT-8B_Biased_Test,91,vcf_only,vcf_only,Smooth,Matte,0.0,,,0.0,1.0,,,,,,,,,,,,,,,Oth,grec_score,GREC-Score,true_oth_candidate_grec,0.0,0.5
ViLP,LLaVA-NeXT-8B_Biased_Test,97,vcf_only,vcf_only,Velvet,Bumpy,0.0,,,0.0,1.0,,,,,,,,,,,,,,,Oth,grec_score,GREC-Score,true_oth_candidate_grec,0.0,0.5
ViLP,LLaVA-NeXT-8B_Biased_Test,98,vcf_only,vcf_only,Velvet,Grainy,0.0,,,0.0,1.0,,,,,,,,,,,,,,,Oth,grec_score,GREC-Score,true_oth_candidate_grec,0.0,0.5
ViLP,LLaVA-NeXT-8B_Biased_Test,103,vcf_only,vcf_only,Rough,Smooth,0.0,,,0.0,1.0,,,,,,,,,,,,,,,Oth,grec_score,GREC-Score,true_oth_candidate_grec,0.0,0.5
ViLP,LLaVA-NeXT-8B_Biased_Test,106,vcf_only,vcf_only,2,1,0.0,,,0.0,1.0,,,,,,,,,,,,,,,Oth,grec_score,GREC-Score,true_oth_candidate_grec,0.0,0.5
ViLP,LLaVA-NeXT-8B_Biased_Test,107,tcf_only,tcf_only,3,5,0.0,,,1.0,0.0,,,,,,,,,,,,,,,Oth,tc_grounding_energy,TCGroundingEnergy,tc_grounding_energy,0.0,0.5
ViLP,LLaVA-NeXT-8B_Biased_Test,108,vcf_only,vcf_only,Statue of Liberty,Liberty,0.0,,,0.0,1.0,,,,,,,,,,,,,,,Oth,grec_score,GREC-Score,true_oth_candidate_grec,0.0,0.5
ViLP,LLaVA-NeXT-8B_Biased_Test,109,tcf_only,tcf_only,Jesus,Christ,0.0,,,0.5,0.0,,,,,,,,,,,,,,,Oth,tc_grounding_energy,TCGroundingEnergy,tc_grounding_energy,0.0,0.0
ViLP,LLaVA-NeXT-8B_Biased_Test,118,vcf_only,vcf_only,Canada,USA,0.0,,,0.0,1.0,,,,,,,,,,,,,,,Oth,grec_score,GREC-Score,true_oth_candidate_grec,0.0,0.5
ViLP,LLaVA-NeXT-8B_Biased_Test,119,vcf_only,vcf_only,Canada,Australia,0.0,,,0.0,1.0,,,,,,,,,,,,,,,Oth,grec_score,GREC-Score,true_oth_candidate_grec,0.0,0.5
ViLP,LLaVA-NeXT-8B_Biased_Test,121,both,both,New york city,LA,0.0,,,0.5,1.0,,,,,,,,,,,,,,,Oth,grec_score,GREC-Score,true_oth_candidate_grec,0.0,0.0
ViLP,LLaVA-NeXT-8B_Biased_Test,122,vcf_only,vcf_only,New york city,Seattle,0.0,,,0.0,1.0,,,,,,,,,,,,,,,Oth,grec_score,GREC-Score,true_oth_candidate_grec,0.0,0.5
ViLP,LLaVA-NeXT-8B_Biased_Test,123,vcf_only,vcf_only,Bee,Bee,1.0,,,0.0,1.0,,,,,,,,,,,,,,,Oth,grec_score,GREC-Score,true_oth_candidate_grec,0.0,0.5
ViLP,LLaVA-NeXT-8B_Biased_Test,127,tcf_only,tcf_only,Hybrid,Electric,0.0,,,0.5,0.0,,,,,,,,,,,,,,,Oth,tc_grounding_energy,TCGroundingEnergy,tc_grounding_energy,0.0,0.0
ViLP,LLaVA-NeXT-8B_Biased_Test,129,both,both,Gray,Grey,0.0,,,0.5,0.5,,,,,,,,,,,,,,,Oth,grec_score,GREC-Score,true_oth_candidate_grec,0.0,0.0
ViLP,LLaVA-NeXT-8B_Biased_Test,133,vcf_only,vcf_only,Butterfly,Moth,0.0,,,0.0,1.0,,,,,,,,,,,,,,,Oth,grec_score,GREC-Score,true_oth_candidate_grec,0.0,0.5
ViLP,LLaVA-NeXT-8B_Biased_Test,136,tcf_only,tcf_only,Grainy,Bumpy,0.0,,,0.5,0.0,,,,,,,,,,,,,,,Oth,tc_grounding_energy,TCGroundingEnergy,tc_grounding_energy,1.0,0.0
ViLP,LLaVA-NeXT-8B_Biased_Test,139,tcf_only,tcf_only,Velvety,Velvety,1.0,,,0.5,0.0,,,,,,,,,,,,,,,Oth,tc_grounding_energy,TCGroundingEnergy,tc_grounding_energy,0.0,0.0
ViLP,LLaVA-NeXT-8B_Biased_Test,143,vcf_only,both,Flowers,Nectar,0.0,,,0.5,1.0,,,,,,,,,,,,,,,Oth,grec_score,GREC-Score,true_oth_candidate_grec,0.0,0.0
ViLP,LLaVA-NeXT-8B_Biased_Test,146,vcf_only,vcf_only,8,13,0.0,,,0.0,1.0,,,,,,,,,,,,,,,Oth,grec_score,GREC-Score,true_oth_candidate_grec,0.0,0.5
ViLP,LLaVA-NeXT-8B_Biased_Test,148,vcf_only,vcf_only,Nyc,Paris,0.0,,,0.0,1.0,,,,,,,,,,,,,,,Oth,grec_score,GREC-Score,true_oth_candidate_grec,0.0,0.5
ViLP,LLaVA-NeXT-8B_Biased_Test,149,vcf_only,vcf_only,Nyc,Beijing,0.0,,,0.0,1.0,,,,,,,,,,,,,,,Oth,grec_score,GREC-Score,true_oth_candidate_grec,0.0,0.5
ViLP,LLaVA-NeXT-8B_Biased_Test,151,vcf_only,vcf_only,Yes,Paris,0.0,,,0.0,1.0,,,,,,,,,,,,,,,Oth,grec_score,GREC-Score,true_oth_candidate_grec,0.0,0.5
ViLP,LLaVA-NeXT-8B_Biased_Test,152,vcf_only,vcf_only,Yes,Dubai,0.0,,,0.0,1.0,,,,,,,,,,,,,,,Oth,grec_score,GREC-Score,true_oth_candidate_grec,0.0,0.5
ViLP,LLaVA-NeXT-8B_Biased_Test,154,vcf_only,vcf_only,New york city,Dubai,0.0,,,0.0,1.0,,,,,,,,,,,,,,,Oth,grec_score,GREC-Score,true_oth_candidate_grec,0.0,0.5
ViLP,LLaVA-NeXT-8B_Biased_Test,157,vcf_only,vcf_only,Beijing,Paris,0.0,,,0.0,1.0,,,,,,,,,,,,,,,Oth,grec_score,GREC-Score,true_oth_candidate_grec,0.0,0.5
ViLP,LLaVA-NeXT-8B_Biased_Test,158,vcf_only,vcf_only,Beijing,NYC,0.0,,,0.0,1.0,,,,,,,,,,,,,,,Oth,grec_score,GREC-Score,true_oth_candidate_grec,0.0,0.5
ViLP,LLaVA-NeXT-8B_Biased_Test,161,vcf_only,vcf_only,Beijing,Paris,0.0,,,0.0,1.0,,,,,,,,,,,,,,,Oth,grec_score,GREC-Score,true_oth_candidate_grec,0.0,0.5
ViLP,LLaVA-NeXT-8B_Biased_Test,162,tcf_only,tcf_only,Forest,Shrub,0.0,,,0.5,0.0,,,,,,,,,,,,,,,Oth,tc_grounding_energy,TCGroundingEnergy,tc_grounding_energy,0.0,0.0
ViLP,LLaVA-NeXT-8B_Biased_Test,163,tcf_only,tcf_only,Computer,Laptop,0.0,,,1.0,0.0,,,,,,,,,,,,,,,Oth,tc_grounding_energy,TCGroundingEnergy,tc_grounding_energy,0.0,0.5
ViLP,LLaVA-NeXT-8B_Biased_Test,166,vcf_only,vcf_only,Kangaroo,Koala,0.0,,,0.0,1.0,,,,,,,,,,,,,,,Oth,grec_score,GREC-Score,true_oth_candidate_grec,1.0,0.5
ViLP,LLaVA-NeXT-8B_Biased_Test,167,vcf_only,vcf_only,Kangaroo,Wombat,0.0,,,0.0,1.0,,,,,,,,,,,,,,,Oth,grec_score,GREC-Score,true_oth_candidate_grec,0.0,0.5
ViLP,LLaVA-NeXT-8B_Biased_Test,169,vcf_only,vcf_only,Koala bear,Koala,1.0,,,0.0,1.0,,,,,,,,,,,,,,,Oth,grec_score,GREC-Score,true_oth_candidate_grec,1.0,0.5
ViLP,LLaVA-NeXT-8B_Biased_Test,178,vcf_only,vcf_only,Seattle wa,Rome,0.0,,,0.0,1.0,,,,,,,,,,,,,,,Oth,grec_score,GREC-Score,true_oth_candidate_grec,0.0,0.5
ViLP,LLaVA-NeXT-8B_Biased_Test,179,vcf_only,vcf_only,Seattle wa,Paris,0.0,,,0.0,1.0,,,,,,,,,,,,,,,Oth,grec_score,GREC-Score,true_oth_candidate_grec,0.0,0.5
ViLP,LLaVA-NeXT-8B_Biased_Test,181,vcf_only,vcf_only,Seattle wa,Rome,0.0,,,0.0,1.0,,,,,,,,,,,,,,,Oth,grec_score,GREC-Score,true_oth_candidate_grec,0.0,0.5
ViLP,LLaVA-NeXT-8B_Biased_Test,182,vcf_only,vcf_only,Seattle wa,Paris,0.0,,,0.0,1.0,,,,,,,,,,,,,,,Oth,grec_score,GREC-Score,true_oth_candidate_grec,0.0,0.5
ViLP,LLaVA-NeXT-8B_Biased_Test,184,vcf_only,vcf_only,"Paris, france",Beijing,0.0,,,0.0,1.0,,,,,,,,,,,,,,,Oth,grec_score,GREC-Score,true_oth_candidate_grec,0.0,0.5
ViLP,LLaVA-NeXT-8B_Biased_Test,187,vcf_only,vcf_only,Paris,Beijing,0.0,,,0.0,1.0,,,,,,,,,,,,,,,Oth,grec_score,GREC-Score,true_oth_candidate_grec,0.0,0.5
ViLP,LLaVA-NeXT-8B_Biased_Test,188,vcf_only,vcf_only,"Paris, france",Dubai,0.0,,,0.0,1.0,,,,,,,,,,,,,,,Oth,grec_score,GREC-Score,true_oth_candidate_grec,0.0,0.5
ViLP,LLaVA-NeXT-8B_Biased_Test,192,tcf_only,tcf_only,Field,Tree,0.0,,,0.5,0.0,,,,,,,,,,,,,,,Oth,tc_grounding_energy,TCGroundingEnergy,tc_grounding_energy,0.0,0.0
ViLP,LLaVA-NeXT-8B_Biased_Test,194,tcf_only,tcf_only,Foot,Sock,0.0,,,0.5,0.0,,,,,,,,,,,,,,,Oth,tc_grounding_energy,TCGroundingEnergy,tc_grounding_energy,0.0,0.0
ViLP,LLaVA-NeXT-8B_Biased_Test,198,tcf_only,both,Forest,Bush,0.0,,,0.5,1.0,,,,,,,,,,,,,,,Oth,grec_score,GREC-Score,true_oth_candidate_grec,1.0,0.0
ViLP,LLaVA-NeXT-8B_Biased_Test,201,vcf_only,vcf_only,Underground,Fields,0.0,,,0.0,1.0,,,,,,,,,,,,,,,Oth,grec_score,GREC-Score,true_oth_candidate_grec,0.0,0.5
ViLP,LLaVA-NeXT-8B_Biased_Test,206,vcf_only,vcf_only,"Rome,italy",Dubai,0.0,,,0.0,1.0,,,,,,,,,,,,,,,Oth,grec_score,GREC-Score,true_oth_candidate_grec,0.0,0.5
ViLP,LLaVA-NeXT-8B_Biased_Test,208,vcf_only,vcf_only,Sydney,Paris,0.0,,,0.0,1.0,,,,,,,,,,,,,,,Oth,grec_score,GREC-Score,true_oth_candidate_grec,0.0,0.5
ViLP,LLaVA-NeXT-8B_Biased_Test,209,vcf_only,vcf_only,Sydney,Beijing,0.0,,,0.0,1.0,,,,,,,,,,,,,,,Oth,grec_score,GREC-Score,true_oth_candidate_grec,0.0,0.5
ViLP,LLaVA-NeXT-8B_Biased_Test,211,vcf_only,vcf_only,London,Paris,0.0,,,0.0,1.0,,,,,,,,,,,,,,,Oth,grec_score,GREC-Score,true_oth_candidate_grec,0.0,0.5
ViLP,LLaVA-NeXT-8B_Biased_Test,212,vcf_only,vcf_only,London,NYC,0.0,,,0.0,1.0,,,,,,,,,,,,,,,Oth,grec_score,GREC-Score,true_oth_candidate_grec,0.0,0.5
ViLP,LLaVA-NeXT-8B_Biased_Test,214,vcf_only,vcf_only,Paris,Rome,0.0,,,0.0,1.0,,,,,,,,,,,,,,,Oth,grec_score,GREC-Score,true_oth_candidate_grec,0.0,0.5
ViLP,LLaVA-NeXT-8B_Biased_Test,217,vcf_only,vcf_only,Pisa,Rome,0.0,,,0.0,1.0,,,,,,,,,,,,,,,Oth,grec_score,GREC-Score,true_oth_candidate_grec,0.0,0.5
ViLP,LLaVA-NeXT-8B_Biased_Test,218,vcf_only,vcf_only,"Pisa, italy",NYC,0.0,,,0.0,1.0,,,,,,,,,,,,,,,Oth,grec_score,GREC-Score,true_oth_candidate_grec,0.0,0.5
ViLP,LLaVA-NeXT-8B_Biased_Test,221,vcf_only,vcf_only,"Dubai, uae",London,0.0,,,0.0,1.0,,,,,,,,,,,,,,,Oth,grec_score,GREC-Score,true_oth_candidate_grec,0.0,0.5
ViLP,LLaVA-NeXT-8B_Biased_Test,223,vcf_only,vcf_only,Beijing,NYC,0.0,,,0.0,1.0,,,,,,,,,,,,,,,Oth,grec_score,GREC-Score,true_oth_candidate_grec,0.0,0.5
ViLP,LLaVA-NeXT-8B_Biased_Test,224,vcf_only,vcf_only,Beijing,Paris,0.0,,,0.0,1.0,,,,,,,,,,,,,,,Oth,grec_score,GREC-Score,true_oth_candidate_grec,0.0,0.5
ViLP,LLaVA-NeXT-8B_Biased_Test,226,vcf_only,vcf_only,Lond,Paris,0.0,,,0.0,1.0,,,,,,,,,,,,,,,Oth,grec_score,GREC-Score,true_oth_candidate_grec,0.0,0.5
ViLP,LLaVA-NeXT-8B_Biased_Test,227,vcf_only,vcf_only,London,Dubai,0.0,,,0.0,1.0,,,,,,,,,,,,,,,Oth,grec_score,GREC-Score,true_oth_candidate_grec,0.0,0.5
ViLP,LLaVA-NeXT-8B_Biased_Test,229,vcf_only,vcf_only,La,Beijing,0.0,,,0.0,1.0,,,,,,,,,,,,,,,Oth,grec_score,GREC-Score,true_oth_candidate_grec,0.0,0.5
ViLP,LLaVA-NeXT-8B_Biased_Test,232,vcf_only,vcf_only,Seattle wa,Rome,0.0,,,0.0,1.0,,,,,,,,,,,,,,,Oth,grec_score,GREC-Score,true_oth_candidate_grec,0.0,0.5
ViLP,LLaVA-NeXT-8B_Biased_Test,233,vcf_only,vcf_only,Seattle wa,Paris,0.0,,,0.0,1.0,,,,,,,,,,,,,,,Oth,grec_score,GREC-Score,true_oth_candidate_grec,0.0,0.5
ViLP,LLaVA-NeXT-8B_Biased_Test,236,vcf_only,vcf_only,Mos,Paris,0.0,,,0.0,1.0,,,,,,,,,,,,,,,Oth,grec_score,GREC-Score,true_oth_candidate_grec,0.0,0.5
ViLP,LLaVA-NeXT-8B_Biased_Test,238,vcf_only,vcf_only,Piano,Guitar,0.0,,,0.0,1.0,,,,,,,,,,,,,,,Oth,grec_score,GREC-Score,true_oth_candidate_grec,0.0,0.5
ViLP,LLaVA-NeXT-8B_Biased_Test,239,vcf_only,vcf_only,Piano,Violin,0.0,,,0.0,1.0,,,,,,,,,,,,,,,Oth,grec_score,GREC-Score,true_oth_candidate_grec,0.0,0.5
ViLP,LLaVA-NeXT-8B_Biased_Test,242,both,both,Shark,Shark,1.0,,,1.0,1.0,,,,,,,,,,,,,,,Oth,grec_score,GREC-Score,true_oth_candidate_grec,0.0,0.5
ViLP,LLaVA-NeXT-8B_Biased_Test,244,tcf_only,tcf_only,Bunny,Rabbit,0.0,,,1.0,0.0,,,,,,,,,,,,,,,Oth,tc_grounding_energy,TCGroundingEnergy,tc_grounding_energy,1.0,0.5
ViLP,LLaVA-NeXT-8B_Biased_Test,247,tcf_only,tcf_only,Paper,Paper,1.0,,,0.5,0.0,,,,,,,,,,,,,,,Oth,tc_grounding_energy,TCGroundingEnergy,tc_grounding_energy,0.0,0.0
ViLP,LLaVA-NeXT-8B_Biased_Test,253,vcf_only,vcf_only,500,500,1.0,,,0.0,1.0,,,,,,,,,,,,,,,Oth,grec_score,GREC-Score,true_oth_candidate_grec,0.0,0.5
ViLP,LLaVA-NeXT-8B_Biased_Test,254,vcf_only,vcf_only,1000000,200,0.0,,,0.0,1.0,,,,,,,,,,,,,,,Oth,grec_score,GREC-Score,true_oth_candidate_grec,0.0,0.5
ViLP,LLaVA-NeXT-8B_Biased_Test,256,vcf_only,vcf_only,8,5,0.0,,,0.0,0.5,,,,,,,,,,,,,,,Oth,grec_score,GREC-Score,true_oth_candidate_grec,0.0,0.0
ViLP,LLaVA-NeXT-8B_Biased_Test,259,vcf_only,vcf_only,Quill,Pencil,0.0,,,0.0,1.0,,,,,,,,,,,,,,,Oth,grec_score,GREC-Score,true_oth_candidate_grec,0.0,0.5
ViLP,LLaVA-NeXT-8B_Biased_Test,268,vcf_only,vcf_only,Nectar and pollen,Sand,0.0,,,0.0,1.0,,,,,,,,,,,,,,,Oth,grec_score,GREC-Score,true_oth_candidate_grec,0.0,0.5
ViLP,LLaVA-NeXT-8B_Biased_Test,269,vcf_only,vcf_only,Nectar and pollen,Diamond,0.0,,,0.0,1.0,,,,,,,,,,,,,,,Oth,grec_score,GREC-Score,true_oth_candidate_grec,0.0,0.5
ViLP,LLaVA-NeXT-8B_Biased_Test,274,vcf_only,vcf_only,Whale,Whale,1.0,,,0.0,1.0,,,,,,,,,,,,,,,Oth,grec_score,GREC-Score,true_oth_candidate_grec,0.0,0.5
ViLP,LLaVA-NeXT-8B_Biased_Test,277,vcf_only,tcf_only,Ant,Ant,1.0,,,0.5,0.0,,,,,,,,,,,,,,,Oth,tc_grounding_energy,TCGroundingEnergy,tc_grounding_energy,0.0,0.0
ViLP,LLaVA-NeXT-8B_Biased_Test,286,both,both,Horse,Horse,1.0,,,0.5,1.0,,,,,,,,,,,,,,,Oth,grec_score,GREC-Score,true_oth_candidate_grec,0.0,0.0
ViLP,LLaVA-NeXT-8B_Biased_Test,287,vcf_only,vcf_only,Camel,Tiger,0.0,,,0.0,1.0,,,,,,,,,,,,,,,Oth,grec_score,GREC-Score,true_oth_candidate_grec,0.0,0.5
ViLP,LLaVA-NeXT-8B_Biased_Test,289,vcf_only,vcf_only,None,Dolphin,0.0,,,0.0,1.0,,,,,,,,,,,,,,,Oth,grec_score,GREC-Score,true_oth_candidate_grec,0.0,0.5
ViLP,LLaVA-NeXT-8B_Biased_Test,292,vcf_only,vcf_only,Piano,Guitar,0.0,,,0.0,1.0,,,,,,,,,,,,,,,Oth,grec_score,GREC-Score,true_oth_candidate_grec,0.0,0.5
ViLP,LLaVA-NeXT-8B_Biased_Test,293,both,both,Trombone,Trumpet,0.0,,,0.5,1.0,,,,,,,,,,,,,,,Oth,grec_score,GREC-Score,true_oth_candidate_grec,0.0,0.0
ViLP,LLaVA-NeXT-8B_Biased_Test,294,tcf_only,both,Yes,Clock,0.0,,,1.0,1.0,,,,,,,,,,,,,,,Oth,grec_score,GREC-Score,true_oth_candidate_grec,1.0,0.5
ViLP,LLaVA-NeXT-8B_Biased_Test,298,vcf_only,vcf_only,Pen,Hammer,0.0,,,0.0,1.0,,,,,,,,,,,,,,,Oth,grec_score,GREC-Score,true_oth_candidate_grec,0.0,0.5
ViLP,LLaVA-NeXT-8B_Biased_Test,299,vcf_only,vcf_only,Pen,Shoe,0.0,,,0.0,1.0,,,,,,,,,,,,,,,Oth,grec_score,GREC-Score,true_oth_candidate_grec,0.0,0.5
ViLP,LLaVA-NeXT-8B_Biased_Test,301,vcf_only,vcf_only,Hammer,Hammer,1.0,,,0.0,1.0,,,,,,,,,,,,,,,Oth,grec_score,GREC-Score,true_oth_candidate_grec,0.0,0.5
ViLP,LLaVA-NeXT-8B_Biased_Test,302,vcf_only,vcf_only,Screw driver,Scissors,0.0,,,0.0,1.0,,,,,,,,,,,,,,,Oth,grec_score,GREC-Score,true_oth_candidate_grec,0.0,0.5
ViLP,LLaVA-NeXT-8B_Biased_Test,304,vcf_only,vcf_only,Scissors,Wrench,0.0,,,0.0,1.0,,,,,,,,,,,,,,,Oth,grec_score,GREC-Score,true_oth_candidate_grec,0.0,0.5
ViLP,LLaVA-NeXT-8B_Biased_Test,311,vcf_only,vcf_only,Brush,Eraser,0.0,,,0.0,1.0,,,,,,,,,,,,,,,Oth,grec_score,GREC-Score,true_oth_candidate_grec,0.0,0.5
ViLP,LLaVA-NeXT-8B_Biased_Test,314,tcf_only,tcf_only,Switzerland,Austria,0.0,,,0.5,0.0,,,,,,,,,,,,,,,Oth,tc_grounding_energy,TCGroundingEnergy,tc_grounding_energy,0.0,0.0
ViLP,LLaVA-NeXT-8B_Biased_Test,316,both,both,Saw,Saw,1.0,,,0.5,1.0,,,,,,,,,,,,,,,Oth,grec_score,GREC-Score,true_oth_candidate_grec,0.0,0.0
ViLP,LLaVA-NeXT-8B_Biased_Test,323,vcf_only,vcf_only,Plane,Wrench,0.0,,,0.0,1.0,,,,,,,,,,,,,,,Oth,grec_score,GREC-Score,true_oth_candidate_grec,0.0,0.5
ViLP,LLaVA-NeXT-8B_Biased_Test,327,tcf_only,both,Moss,Leaves,0.0,,,1.0,1.0,,,,,,,,,,,,,,,Oth,grec_score,GREC-Score,true_oth_candidate_grec,1.0,0.5
ViLP,LLaVA-NeXT-8B_Biased_Test,331,both,both,Fluff,Cotton,0.0,,,0.5,1.0,,,,,,,,,,,,,,,Oth,grec_score,GREC-Score,true_oth_candidate_grec,0.0,0.0
ViLP,LLaVA-NeXT-8B_Biased_Test,332,both,both,Smoke,Smoke,1.0,,,0.5,1.0,,,,,,,,,,,,,,,Oth,grec_score,GREC-Score,true_oth_candidate_grec,0.0,0.0
ViLP,LLaVA-NeXT-8B_Biased_Test,357,vcf_only,vcf_only,Brick,Bricks,0.0,,,0.0,1.0,,,,,,,,,,,,,,,Oth,grec_score,GREC-Score,true_oth_candidate_grec,1.0,0.5
ViLP,LLaVA-NeXT-8B_Biased_Test,373,vcf_only,vcf_only,Square,Hexagon,0.0,,,0.0,1.0,,,,,,,,,,,,,,,Oth,grec_score,GREC-Score,true_oth_candidate_grec,0.0,0.5
ViLP,LLaVA-NeXT-8B_Biased_Test,374,vcf_only,vcf_only,Square,Triangle,0.0,,,0.0,1.0,,,,,,,,,,,,,,,Oth,grec_score,GREC-Score,true_oth_candidate_grec,0.0,0.5
ViLP,LLaVA-NeXT-8B_Biased_Test,376,both,both,Wood,Lava,0.0,,,0.5,1.0,,,,,,,,,,,,,,,Oth,grec_score,GREC-Score,true_oth_candidate_grec,0.0,0.0
ViLP,LLaVA-NeXT-8B_Biased_Test,379,both,both,Steel,Metal,0.0,,,0.5,1.0,,,,,,,,,,,,,,,Oth,grec_score,GREC-Score,true_oth_candidate_grec,0.0,0.0
ViLP,LLaVA-NeXT-8B_Biased_Test,381,vcf_only,vcf_only,Brick,Bricks,0.0,,,0.0,0.5,,,,,,,,,,,,,,,Oth,grec_score,GREC-Score,true_oth_candidate_grec,1.0,0.0
ViLP,LLaVA-NeXT-8B_Biased_Test,387,tcf_only,both,Bus,Bus,1.0,,,0.5,0.5,,,,,,,,,,,,,,,Oth,grec_score,GREC-Score,true_oth_candidate_grec,1.0,0.0
ViLP,LLaVA-NeXT-8B_Biased_Test,388,both,both,Bike,Unicycle,0.0,,,1.0,0.5,,,,,,,,,,,,,,,Oth,grec_score,GREC-Score,true_oth_candidate_grec,0.0,0.0
ViLP,LLaVA-NeXT-8B_Biased_Test,394,vcf_only,vcf_only,Gondola,Kayak,0.0,,,0.0,1.0,,,,,,,,,,,,,,,Oth,grec_score,GREC-Score,true_oth_candidate_grec,0.0,0.5
ViLP,LLaVA-NeXT-8B_Biased_Test,396,tcf_only,both,Sailboat,Boat,0.0,,,1.0,1.0,,,,,,,,,,,,,,,Oth,grec_score,GREC-Score,true_oth_candidate_grec,1.0,0.5
ViLP,LLaVA-NeXT-8B_Biased_Test,397,tcf_only,tcf_only,Dolphin,Dolphin,1.0,,,0.5,0.0,,,,,,,,,,,,,,,Oth,tc_grounding_energy,TCGroundingEnergy,tc_grounding_energy,0.0,0.0
ViLP,LLaVA-NeXT-8B_Biased_Test,403,both,both,Pumpkin,Pumpkin ,0.0,,,0.5,1.0,,,,,,,,,,,,,,,Oth,grec_score,GREC-Score,true_oth_candidate_grec,0.0,0.0
ViLP,LLaVA-NeXT-8B_Biased_Test,404,both,both,Orange,Orange,1.0,,,0.5,1.0,,,,,,,,,,,,,,,Oth,grec_score,GREC-Score,true_oth_candidate_grec,0.0,0.0
ViLP,LLaVA-NeXT-8B_Biased_Test,406,vcf_only,vcf_only,Wind mill,Lighthouse,0.0,,,0.0,1.0,,,,,,,,,,,,,,,Oth,grec_score,GREC-Score,true_oth_candidate_grec,0.0,0.5
ViLP,LLaVA-NeXT-8B_Biased_Test,409,vcf_only,vcf_only,Octopus,Whale,0.0,,,0.0,1.0,,,,,,,,,,,,,,,Oth,grec_score,GREC-Score,true_oth_candidate_grec,0.0,0.5
ViLP,LLaVA-NeXT-8B_Biased_Test,418,both,both,Pineapple and banana,Pineapple,1.0,,,1.0,1.0,,,,,,,,,,,,,,,Oth,grec_score,GREC-Score,true_oth_candidate_grec,0.0,0.5
ViLP,LLaVA-NeXT-8B_Biased_Test,421,tcf_only,tcf_only,Horse,Horse,1.0,,,0.5,0.0,,,,,,,,,,,,,,,Oth,tc_grounding_energy,TCGroundingEnergy,tc_grounding_energy,1.0,0.0
ViLP,LLaVA-NeXT-8B_Biased_Test,424,vcf_only,vcf_only,Dinosaur,Dragon,0.0,,,0.0,1.0,,,,,,,,,,,,,,,Oth,grec_score,GREC-Score,true_oth_candidate_grec,0.0,0.5
ViLP,LLaVA-NeXT-8B_Biased_Test,427,vcf_only,vcf_only,None,Bitcoin,0.0,,,0.0,1.0,,,,,,,,,,,,,,,Oth,grec_score,GREC-Score,true_oth_candidate_grec,0.0,0.5
ViLP,LLaVA-NeXT-8B_Biased_Test,429,tcf_only,tcf_only,Ambulance,Firetruck,0.0,,,0.5,0.0,,,,,,,,,,,,,,,Oth,tc_grounding_energy,TCGroundingEnergy,tc_grounding_energy,1.0,0.0
ViLP,LLaVA-NeXT-8B_Biased_Test,431,both,both,Camel,Camel,1.0,,,0.5,1.0,,,,,,,,,,,,,,,Oth,grec_score,GREC-Score,true_oth_candidate_grec,0.0,0.0
ViLP,LLaVA-NeXT-8B_Biased_Test,434,both,both,Goat,Goat,1.0,,,0.5,1.0,,,,,,,,,,,,,,,Oth,grec_score,GREC-Score,true_oth_candidate_grec,0.0,0.0
ViLP,LLaVA-NeXT-8B_Biased_Test,437,vcf_only,vcf_only,Yes,Camel,0.0,,,0.0,1.0,,,,,,,,,,,,,,,Oth,grec_score,GREC-Score,true_oth_candidate_grec,0.0,0.5
ViLP,LLaVA-NeXT-8B_Biased_Test,439,vcf_only,vcf_only,Bicycle,Camel,0.0,,,0.0,1.0,,,,,,,,,,,,,,,Oth,grec_score,GREC-Score,true_oth_candidate_grec,0.0,0.5
ViLP,LLaVA-NeXT-8B_Biased_Test,442,vcf_only,vcf_only,Rainbow,Cloud,0.0,,,0.0,1.0,,,,,,,,,,,,,,,Oth,grec_score,GREC-Score,true_oth_candidate_grec,0.0,0.5
ViLP,LLaVA-NeXT-8B_Biased_Test,443,vcf_only,vcf_only,Rainbow,Bird,0.0,,,0.0,1.0,,,,,,,,,,,,,,,Oth,grec_score,GREC-Score,true_oth_candidate_grec,0.0,0.5
ViLP,LLaVA-NeXT-8B_Biased_Test,446,both,both,Crab,Crab,1.0,,,0.5,1.0,,,,,,,,,,,,,,,Oth,grec_score,GREC-Score,true_oth_candidate_grec,0.0,0.0
ViLP,LLaVA-NeXT-8B_Biased_Test,452,vcf_only,vcf_only,Pumpkin,Pepper,0.0,,,0.0,1.0,,,,,,,,,,,,,,,Oth,grec_score,GREC-Score,true_oth_candidate_grec,0.0,0.5
ViLP,LLaVA-NeXT-8B_Biased_Test,453,tcf_only,both,Flippers,Dog,0.0,,,0.5,1.0,,,,,,,,,,,,,,,Oth,grec_score,GREC-Score,true_oth_candidate_grec,1.0,0.0
ViLP,LLaVA-NeXT-8B_Biased_Test,456,vcf_only,vcf_only,Bus,Bus,1.0,,,0.0,0.5,,,,,,,,,,,,,,,Oth,grec_score,GREC-Score,true_oth_candidate_grec,0.0,0.0
ViLP,LLaVA-NeXT-8B_Biased_Test,458,vcf_only,vcf_only,Bus,LLama,0.0,,,0.0,0.5,,,,,,,,,,,,,,,Oth,grec_score,GREC-Score,true_oth_candidate_grec,0.0,0.0
ViLP,LLaVA-NeXT-8B_Biased_Test,461,tcf_only,tcf_only,Crystals,Diamonds,0.0,,,0.5,0.0,,,,,,,,,,,,,,,Oth,tc_grounding_energy,TCGroundingEnergy,tc_grounding_energy,0.0,0.0
ViLP,LLaVA-NeXT-8B_Biased_Test,469,tcf_only,tcf_only,Paper,Paper,1.0,,,0.5,0.0,,,,,,,,,,,,,,,Oth,tc_grounding_energy,TCGroundingEnergy,tc_grounding_energy,1.0,0.0
ViLP,LLaVA-NeXT-8B_Biased_Test,476,both,both,Space,Space,1.0,,,0.5,1.0,,,,,,,,,,,,,,,Oth,grec_score,GREC-Score,true_oth_candidate_grec,0.0,0.0
ViLP,LLaVA-NeXT-8B_Biased_Test,479,vcf_only,vcf_only,Sky,Space,0.0,,,0.0,1.0,,,,,,,,,,,,,,,Oth,grec_score,GREC-Score,true_oth_candidate_grec,0.0,0.5
ViLP,LLaVA-NeXT-8B_Biased_Test,484,vcf_only,vcf_only,Scissors,Wrench,0.0,,,0.0,1.0,,,,,,,,,,,,,,,Oth,grec_score,GREC-Score,true_oth_candidate_grec,0.0,0.5
ViLP,LLaVA-NeXT-8B_Biased_Test,488,vcf_only,vcf_only,Hour glass,Sundial,0.0,,,0.0,1.0,,,,,,,,,,,,,,,Oth,grec_score,GREC-Score,true_oth_candidate_grec,0.0,0.5
ViLP,LLaVA-NeXT-8B_Biased_Test,491,both,both,Clock,Sundial,0.0,,,0.5,1.0,,,,,,,,,,,,,,,Oth,grec_score,GREC-Score,true_oth_candidate_grec,0.0,0.0
ViLP,LLaVA-NeXT-8B_Biased_Test,493,tcf_only,tcf_only,Plane,Airplane,0.0,,,0.5,0.0,,,,,,,,,,,,,,,Oth,tc_grounding_energy,TCGroundingEnergy,tc_grounding_energy,0.0,0.0
ViLP,LLaVA-NeXT-8B_Biased_Test,496,vcf_only,vcf_only,Telescope,Microscope,0.0,,,0.0,1.0,,,,,,,,,,,,,,,Oth,grec_score,GREC-Score,true_oth_candidate_grec,0.0,0.5
ViLP,LLaVA-NeXT-8B_Biased_Test,497,both,both,Calculator,Calculator,1.0,,,0.5,1.0,,,,,,,,,,,,,,,Oth,grec_score,GREC-Score,true_oth_candidate_grec,0.0,0.0
ViLP,LLaVA-NeXT-8B_Biased_Test,498,vcf_only,vcf_only,Watering can,WateringCan,0.0,,,0.0,1.0,,,,,,,,,,,,,,,Oth,grec_score,GREC-Score,true_oth_candidate_grec,1.0,0.5
ViLP,LLaVA-NeXT-8B_Biased_Test,504,vcf_only,vcf_only,0,One,0.0,,,0.0,1.0,,,,,,,,,,,,,,,Oth,grec_score,GREC-Score,true_oth_candidate_grec,0.0,0.5
ViLP,LLaVA-NeXT-8B_Biased_Test,506,vcf_only,vcf_only,0,Five,0.0,,,0.0,1.0,,,,,,,,,,,,,,,Oth,grec_score,GREC-Score,true_oth_candidate_grec,0.0,0.5
ViLP,LLaVA-NeXT-8B_Biased_Test,522,tcf_only,both,Caterpillar,Butterfly,0.0,,,0.5,1.0,,,,,,,,,,,,,,,Oth,grec_score,GREC-Score,true_oth_candidate_grec,1.0,0.0
ViLP,LLaVA-NeXT-8B_Biased_Test,523,vcf_only,vcf_only,Butterfly,Ant,0.0,,,0.0,1.0,,,,,,,,,,,,,,,Oth,grec_score,GREC-Score,true_oth_candidate_grec,0.0,0.5
ViLP,LLaVA-NeXT-8B_Biased_Test,524,vcf_only,vcf_only,Butterfly,Beetle,0.0,,,0.0,1.0,,,,,,,,,,,,,,,Oth,grec_score,GREC-Score,true_oth_candidate_grec,0.0,0.5
ViLP,LLaVA-NeXT-8B_Biased_Test,526,both,both,Suitcase,Plane,0.0,,,1.0,1.0,,,,,,,,,,,,,,,Oth,grec_score,GREC-Score,true_oth_candidate_grec,0.0,0.5
ViLP,LLaVA-NeXT-8B_Biased_Test,527,vcf_only,vcf_only,Wings,Boat,0.0,,,0.0,1.0,,,,,,,,,,,,,,,Oth,grec_score,GREC-Score,true_oth_candidate_grec,0.0,0.5
ViLP,LLaVA-NeXT-8B_Biased_Test,529,tcf_only,tcf_only,Tongue,Fork,0.0,,,0.5,0.0,,,,,,,,,,,,,,,Oth,tc_grounding_energy,TCGroundingEnergy,tc_grounding_energy,0.0,0.0
ViLP,LLaVA-NeXT-8B_Biased_Test,532,tcf_only,tcf_only,Lung,Lungs,0.0,,,0.5,0.0,,,,,,,,,,,,,,,Oth,tc_grounding_energy,TCGroundingEnergy,tc_grounding_energy,1.0,0.0
ViLP,LLaVA-NeXT-8B_Biased_Test,533,vcf_only,vcf_only,Tank,Mask,0.0,,,0.0,1.0,,,,,,,,,,,,,,,Oth,grec_score,GREC-Score,true_oth_candidate_grec,0.0,0.5
ViLP,LLaVA-NeXT-8B_Biased_Test,536,both,both,Trombone,Trumpet,0.0,,,0.5,1.0,,,,,,,,,,,,,,,Oth,grec_score,GREC-Score,true_oth_candidate_grec,0.0,0.0
ViLP,LLaVA-NeXT-8B_Biased_Test,537,tcf_only,both,Trees,Wood,0.0,,,0.5,1.0,,,,,,,,,,,,,,,Oth,grec_score,GREC-Score,true_oth_candidate_grec,1.0,0.0
ViLP,LLaVA-NeXT-8B_Biased_Test,538,tcf_only,tcf_only,Plastic,Plastic,1.0,,,1.0,0.0,,,,,,,,,,,,,,,Oth,tc_grounding_energy,TCGroundingEnergy,tc_grounding_energy,1.0,0.5
ViLP,LLaVA-NeXT-8B_Biased_Test,539,vcf_only,vcf_only,Steel,Metal,0.0,,,0.0,1.0,,,,,,,,,,,,,,,Oth,grec_score,GREC-Score,true_oth_candidate_grec,0.0,0.5
ViLP,LLaVA-NeXT-8B_Biased_Test,541,vcf_only,vcf_only,Spinneret,Needle,0.0,,,0.0,1.0,,,,,,,,,,,,,,,Oth,grec_score,GREC-Score,true_oth_candidate_grec,0.0,0.5
ViLP,LLaVA-NeXT-8B_Biased_Test,546,tcf_only,tcf_only,Moonlight,Eyes,0.0,,,0.5,0.0,,,,,,,,,,,,,,,Oth,tc_grounding_energy,TCGroundingEnergy,tc_grounding_energy,0.0,0.0
ViLP,LLaVA-NeXT-8B_Biased_Test,552,tcf_only,tcf_only,Nails,Paws,0.0,,,1.0,0.0,,,,,,,,,,,,,,,Oth,tc_grounding_energy,TCGroundingEnergy,tc_grounding_energy,0.0,0.5
ViLP,LLaVA-NeXT-8B_Biased_Test,553,tcf_only,tcf_only,Shovels,Shovel,0.0,,,1.0,0.0,,,,,,,,,,,,,,,Oth,tc_grounding_energy,TCGroundingEnergy,tc_grounding_energy,1.0,0.5
ViLP,LLaVA-NeXT-8B_Biased_Test,554,vcf_only,vcf_only,Paw,Drill,0.0,,,0.0,1.0,,,,,,,,,,,,,,,Oth,grec_score,GREC-Score,true_oth_candidate_grec,0.0,0.5
ViLP,LLaVA-NeXT-8B_Biased_Test,563,vcf_only,vcf_only,Violin,Flute,0.0,,,0.0,1.0,,,,,,,,,,,,,,,Oth,grec_score,GREC-Score,true_oth_candidate_grec,0.0,0.5
ViLP,LLaVA-NeXT-8B_Biased_Test,566,vcf_only,vcf_only,Pipe,Pipe,1.0,,,0.0,1.0,,,,,,,,,,,,,,,Oth,grec_score,GREC-Score,true_oth_candidate_grec,0.0,0.5
ViLP,LLaVA-NeXT-8B_Biased_Test,568,tcf_only,tcf_only,Hammer,Hammer,1.0,,,0.5,0.0,,,,,,,,,,,,,,,Oth,tc_grounding_energy,TCGroundingEnergy,tc_grounding_energy,0.0,0.0
ViLP,LLaVA-NeXT-8B_Biased_Test,569,tcf_only,tcf_only,Saw,Saw,1.0,,,0.5,0.0,,,,,,,,,,,,,,,Oth,tc_grounding_energy,TCGroundingEnergy,tc_grounding_energy,1.0,0.0
ViLP,LLaVA-NeXT-8B_Biased_Test,571,vcf_only,vcf_only,Wind,Wheels,0.0,,,0.0,1.0,,,,,,,,,,,,,,,Oth,grec_score,GREC-Score,true_oth_candidate_grec,0.0,0.5
ViLP,LLaVA-NeXT-8B_Biased_Test,592,both,both,Tree,Tent,0.0,,,0.5,1.0,,,,,,,,,,,,,,,Oth,grec_score,GREC-Score,true_oth_candidate_grec,0.0,0.0
ViLP,LLaVA-NeXT-8B_Biased_Test,596,vcf_only,vcf_only,Lid,Fire,0.0,,,0.0,1.0,,,,,,,,,,,,,,,Oth,grec_score,GREC-Score,true_oth_candidate_grec,0.0,0.5
ViLP,LLaVA-NeXT-8B_Biased_Test,598,tcf_only,tcf_only,Saw,Saw,1.0,,,0.5,0.0,,,,,,,,,,,,,,,Oth,tc_grounding_energy,TCGroundingEnergy,tc_grounding_energy,1.0,0.0
ViLP,LLaVA-NeXT-8B_Biased_Test,599,vcf_only,vcf_only,Comb,Zipper,0.0,,,0.0,1.0,,,,,,,,,,,,,,,Oth,grec_score,GREC-Score,true_oth_candidate_grec,0.0,0.5
ViLP,LLaVA-NeXT-8B_Biased_Test,604,vcf_only,vcf_only,Seed,Flower,0.0,,,0.0,1.0,,,,,,,,,,,,,,,Oth,grec_score,GREC-Score,true_oth_candidate_grec,0.0,0.5
ViLP,LLaVA-NeXT-8B_Biased_Test,607,vcf_only,vcf_only,Wind,Rain,0.0,,,0.0,1.0,,,,,,,,,,,,,,,Oth,grec_score,GREC-Score,true_oth_candidate_grec,0.0,0.5
ViLP,LLaVA-NeXT-8B_Biased_Test,608,vcf_only,vcf_only,Wind,Bird,0.0,,,0.0,1.0,,,,,,,,,,,,,,,Oth,grec_score,GREC-Score,true_oth_candidate_grec,0.0,0.5
ViLP,LLaVA-NeXT-8B_Biased_Test,611,vcf_only,vcf_only,Water,Brick,0.0,,,0.0,1.0,,,,,,,,,,,,,,,Oth,grec_score,GREC-Score,true_oth_candidate_grec,0.0,0.5
ViLP,LLaVA-NeXT-8B_Biased_Test,612,tcf_only,tcf_only,Bucket,Water,0.0,,,1.0,0.0,,,,,,,,,,,,,,,Oth,tc_grounding_energy,TCGroundingEnergy,tc_grounding_energy,0.0,0.5
ViLP,LLaVA-NeXT-8B_Biased_Test,614,vcf_only,vcf_only,Water,Brick,0.0,,,0.0,1.0,,,,,,,,,,,,,,,Oth,grec_score,GREC-Score,true_oth_candidate_grec,0.0,0.5
ViLP,LLaVA-NeXT-8B_Biased_Test,619,vcf_only,vcf_only,Butterfly,Moth,0.0,,,0.0,1.0,,,,,,,,,,,,,,,Oth,grec_score,GREC-Score,true_oth_candidate_grec,0.0,0.5
ViLP,LLaVA-NeXT-8B_Biased_Test,629,vcf_only,vcf_only,Anchor,Rope,0.0,,,0.0,1.0,,,,,,,,,,,,,,,Oth,grec_score,GREC-Score,true_oth_candidate_grec,0.0,0.5
ViLP,LLaVA-NeXT-8B_Biased_Test,633,tcf_only,tcf_only,Albert einstein,Einstein,0.0,,,0.5,0.0,,,,,,,,,,,,,,,Oth,tc_grounding_energy,TCGroundingEnergy,tc_grounding_energy,0.0,0.0
ViLP,LLaVA-NeXT-8B_Biased_Test,634,vcf_only,vcf_only,Albert einstein,Newton,0.0,,,0.0,1.0,,,,,,,,,,,,,,,Oth,grec_score,GREC-Score,true_oth_candidate_grec,0.0,0.5
ViLP,LLaVA-NeXT-8B_Biased_Test,637,vcf_only,vcf_only,Hexagon,Square,0.0,,,0.0,1.0,,,,,,,,,,,,,,,Oth,grec_score,GREC-Score,true_oth_candidate_grec,0.0,0.5
ViLP,LLaVA-NeXT-8B_Biased_Test,638,tcf_only,tcf_only,Circle,Circle,1.0,,,0.5,0.0,,,,,,,,,,,,,,,Oth,tc_grounding_energy,TCGroundingEnergy,tc_grounding_energy,1.0,0.0
ViLP,LLaVA-NeXT-8B_Biased_Test,646,vcf_only,vcf_only,5,6,0.0,,,0.0,1.0,,,,,,,,,,,,,,,Oth,grec_score,GREC-Score,true_oth_candidate_grec,0.0,0.5
ViLP,LLaVA-NeXT-8B_Biased_Test,647,vcf_only,vcf_only,5,8,0.0,,,0.0,1.0,,,,,,,,,,,,,,,Oth,grec_score,GREC-Score,true_oth_candidate_grec,0.0,0.5
ViLP,LLaVA-NeXT-8B_Biased_Test,649,vcf_only,vcf_only,Dolphin,Dolphin,1.0,,,0.0,1.0,,,,,,,,,,,,,,,Oth,grec_score,GREC-Score,true_oth_candidate_grec,0.0,0.5
ViLP,LLaVA-NeXT-8B_Biased_Test,652,vcf_only,vcf_only,Pig,Pig,1.0,,,0.0,1.0,,,,,,,,,,,,,,,Oth,grec_score,GREC-Score,true_oth_candidate_grec,0.0,0.5
ViLP,LLaVA-NeXT-8B_Biased_Test,653,vcf_only,vcf_only,Chicken,Chicken,1.0,,,0.0,1.0,,,,,,,,,,,,,,,Oth,grec_score,GREC-Score,true_oth_candidate_grec,0.0,0.5
ViLP,LLaVA-NeXT-8B_Biased_Test,656,vcf_only,vcf_only,Penguin,Penguin,1.0,,,0.0,1.0,,,,,,,,,,,,,,,Oth,grec_score,GREC-Score,true_oth_candidate_grec,0.0,0.5
ViLP,LLaVA-NeXT-8B_Biased_Test,657,tcf_only,tcf_only,Octagon,Round,0.0,,,0.5,0.0,,,,,,,,,,,,,,,Oth,tc_grounding_energy,TCGroundingEnergy,tc_grounding_energy,0.0,0.0
ViLP,LLaVA-NeXT-8B_Biased_Test,659,vcf_only,vcf_only,Oval,Dodecagon,0.0,,,0.0,1.0,,,,,,,,,,,,,,,Oth,grec_score,GREC-Score,true_oth_candidate_grec,0.0,0.5
ViLP,LLaVA-NeXT-8B_Biased_Test,668,tcf_only,tcf_only,Curve,Zigzag,0.0,,,1.0,0.0,,,,,,,,,,,,,,,Oth,tc_grounding_energy,TCGroundingEnergy,tc_grounding_energy,0.0,0.5
ViLP,LLaVA-NeXT-8B_Biased_Test,676,tcf_only,tcf_only,Bananas,Handle,0.0,,,0.5,0.0,,,,,,,,,,,,,,,Oth,tc_grounding_energy,TCGroundingEnergy,tc_grounding_energy,0.0,0.0
ViLP,LLaVA-NeXT-8B_Biased_Test,682,vcf_only,vcf_only,Leonardo,Vincent,0.0,,,0.0,1.0,,,,,,,,,,,,,,,Oth,grec_score,GREC-Score,true_oth_candidate_grec,0.0,0.5
ViLP,LLaVA-NeXT-8B_Biased_Test,683,vcf_only,vcf_only,Leonardo,Claude,0.0,,,0.0,1.0,,,,,,,,,,,,,,,Oth,grec_score,GREC-Score,true_oth_candidate_grec,0.0,0.5
ViLP,LLaVA-NeXT-8B_Biased_Test,688,vcf_only,vcf_only,Chainsaw,Blender,0.0,,,0.0,1.0,,,,,,,,,,,,,,,Oth,grec_score,GREC-Score,true_oth_candidate_grec,0.0,0.5
ViLP,LLaVA-NeXT-8B_Biased_Test,689,vcf_only,vcf_only,Chainsaw,Stapler,0.0,,,0.0,1.0,,,,,,,,,,,,,,,Oth,grec_score,GREC-Score,true_oth_candidate_grec,0.0,0.5
ViLP,LLaVA-NeXT-8B_Biased_Test,692,tcf_only,tcf_only,Dome,Igloo,0.0,,,0.5,0.0,,,,,,,,,,,,,,,Oth,tc_grounding_energy,TCGroundingEnergy,tc_grounding_energy,0.0,0.0
ViLP,LLaVA-NeXT-8B_Biased_Test,694,vcf_only,vcf_only,Corkscrew,Plunger,0.0,,,0.0,1.0,,,,,,,,,,,,,,,Oth,grec_score,GREC-Score,true_oth_candidate_grec,0.0,0.5
ViLP,LLaVA-NeXT-8B_Biased_Test,697,vcf_only,vcf_only,Anchor,Spoon,0.0,,,0.0,1.0,,,,,,,,,,,,,,,Oth,grec_score,GREC-Score,true_oth_candidate_grec,0.0,0.5
ViLP,LLaVA-NeXT-8B_Biased_Test,698,vcf_only,vcf_only,Anchor,Toothbrush,0.0,,,0.0,1.0,,,,,,,,,,,,,,,Oth,grec_score,GREC-Score,true_oth_candidate_grec,0.0,0.5
ViLP,LLaVA-NeXT-8B_Biased_Test,701,vcf_only,vcf_only,Umbrella,Umbrella,1.0,,,0.0,1.0,,,,,,,,,,,,,,,Oth,grec_score,GREC-Score,true_oth_candidate_grec,0.0,0.5
ViLP,LLaVA-NeXT-8B_Biased_Test,703,vcf_only,vcf_only,Gavel,Drill,0.0,,,0.0,1.0,,,,,,,,,,,,,,,Oth,grec_score,GREC-Score,true_oth_candidate_grec,0.0,0.5
ViLP,LLaVA-NeXT-8B_Biased_Test,704,vcf_only,vcf_only,Gavel,Wrench,0.0,,,0.0,1.0,,,,,,,,,,,,,,,Oth,grec_score,GREC-Score,true_oth_candidate_grec,0.0,0.5
ViLP,LLaVA-NeXT-8B_Biased_Test,706,vcf_only,vcf_only,Scissor,Scissor,1.0,,,0.0,1.0,,,,,,,,,,,,,,,Oth,grec_score,GREC-Score,true_oth_candidate_grec,0.0,0.5
ViLP,LLaVA-NeXT-8B_Biased_Test,707,vcf_only,vcf_only,Syringe,Drill,0.0,,,0.0,1.0,,,,,,,,,,,,,,,Oth,grec_score,GREC-Score,true_oth_candidate_grec,0.0,0.5
ViLP,LLaVA-NeXT-8B_Biased_Test,709,vcf_only,vcf_only,Satellite dish,Blender,0.0,,,0.0,1.0,,,,,,,,,,,,,,,Oth,grec_score,GREC-Score,true_oth_candidate_grec,0.0,0.5
ViLP,LLaVA-NeXT-8B_Biased_Test,712,vcf_only,vcf_only,Compass,Plunger,0.0,,,0.0,1.0,,,,,,,,,,,,,,,Oth,grec_score,GREC-Score,true_oth_candidate_grec,0.0,0.5
ViLP,LLaVA-NeXT-8B_Biased_Test,713,vcf_only,vcf_only,Compass,Protractor,0.0,,,0.0,1.0,,,,,,,,,,,,,,,Oth,grec_score,GREC-Score,true_oth_candidate_grec,0.0,0.5
ViLP,LLaVA-NeXT-8B_Biased_Test,718,vcf_only,vcf_only,Thermometer,Ruler,0.0,,,0.0,1.0,,,,,,,,,,,,,,,Oth,grec_score,GREC-Score,true_oth_candidate_grec,0.0,0.5
ViLP,LLaVA-NeXT-8B_Biased_Test,719,vcf_only,vcf_only,Thermometer,Flashlight,0.0,,,0.0,1.0,,,,,,,,,,,,,,,Oth,grec_score,GREC-Score,true_oth_candidate_grec,0.0,0.5
ViLP,LLaVA-NeXT-8B_Biased_Test,721,vcf_only,vcf_only,Chopstick,Wrench,0.0,,,0.0,1.0,,,,,,,,,,,,,,,Oth,grec_score,GREC-Score,true_oth_candidate_grec,0.0,0.5
ViLP,LLaVA-NeXT-8B_Biased_Test,722,vcf_only,vcf_only,Chopsticks and spoon,Sponge,0.0,,,0.0,1.0,,,,,,,,,,,,,,,Oth,grec_score,GREC-Score,true_oth_candidate_grec,0.0,0.5
ViLP,LLaVA-NeXT-8B_Biased_Test,724,vcf_only,vcf_only,Barometer,Stapler,0.0,,,0.0,1.0,,,,,,,,,,,,,,,Oth,grec_score,GREC-Score,true_oth_candidate_grec,0.0,0.5
ViLP,LLaVA-NeXT-8B_Biased_Test,727,vcf_only,vcf_only,Blender,Blender,1.0,,,0.0,1.0,,,,,,,,,,,,,,,Oth,grec_score,GREC-Score,true_oth_candidate_grec,0.0,0.5
ViLP,LLaVA-NeXT-8B_Biased_Test,728,vcf_only,vcf_only,Umbrella,Umbrella,1.0,,,0.0,1.0,,,,,,,,,,,,,,,Oth,grec_score,GREC-Score,true_oth_candidate_grec,0.0,0.5
ViLP,LLaVA-NeXT-8B_Biased_Test,731,vcf_only,vcf_only,Sextant,Paintbrush,0.0,,,0.0,1.0,,,,,,,,,,,,,,,Oth,grec_score,GREC-Score,true_oth_candidate_grec,0.0,0.5
ViLP,LLaVA-NeXT-8B_Biased_Test,733,tcf_only,tcf_only,Kettle,Kettle,1.0,,,0.5,0.0,,,,,,,,,,,,,,,Oth,tc_grounding_energy,TCGroundingEnergy,tc_grounding_energy,0.0,0.0
ViLP,LLaVA-NeXT-8B_Biased_Test,734,vcf_only,vcf_only,Microscope,Stapler,0.0,,,0.0,1.0,,,,,,,,,,,,,,,Oth,grec_score,GREC-Score,true_oth_candidate_grec,0.0,0.5
ViLP,LLaVA-NeXT-8B_Biased_Test,737,vcf_only,vcf_only,Loom,Pillow,0.0,,,0.0,1.0,,,,,,,,,,,,,,,Oth,grec_score,GREC-Score,true_oth_candidate_grec,0.0,0.5
ViLP,LLaVA-NeXT-8B_Biased_Test,742,vcf_only,vcf_only,Brush,Toothbrush,0.0,,,0.0,1.0,,,,,,,,,,,,,,,Oth,grec_score,GREC-Score,true_oth_candidate_grec,0.0,0.5
ViLP,LLaVA-NeXT-8B_Biased_Test,743,vcf_only,vcf_only,Pillow,Pillow,1.0,,,0.0,1.0,,,,,,,,,,,,,,,Oth,grec_score,GREC-Score,true_oth_candidate_grec,1.0,0.5
ViLP,LLaVA-NeXT-8B_Biased_Test,746,vcf_only,vcf_only,Theodolite,Umbrella,0.0,,,0.0,1.0,,,,,,,,,,,,,,,Oth,grec_score,GREC-Score,true_oth_candidate_grec,0.0,0.5
ViLP,LLaVA-NeXT-8B_Biased_Test,749,vcf_only,vcf_only,Chakram,Microwave,0.0,,,0.0,1.0,,,,,,,,,,,,,,,Oth,grec_score,GREC-Score,true_oth_candidate_grec,0.0,0.5
ViLP,LLaVA-NeXT-8B_Biased_Test,751,tcf_only,tcf_only,Lion,lion,1.0,,,0.5,0.0,,,,,,,,,,,,,,,Oth,tc_grounding_energy,TCGroundingEnergy,tc_grounding_energy,0.0,0.0
ViLP,LLaVA-NeXT-8B_Biased_Test,757,tcf_only,tcf_only,Sloth,sloth,1.0,,,0.5,0.0,,,,,,,,,,,,,,,Oth,tc_grounding_energy,TCGroundingEnergy,tc_grounding_energy,1.0,0.0
ViLP,LLaVA-NeXT-8B_Biased_Test,766,both,tcf_only,Pickle,pickle,1.0,,,1.0,0.0,,,,,,,,,,,,,,,Oth,tc_grounding_energy,TCGroundingEnergy,tc_grounding_energy,0.0,0.5
ViLP,LLaVA-NeXT-8B_Biased_Test,783,vcf_only,vcf_only,Refrigerator,fridge,0.0,,,0.0,1.0,,,,,,,,,,,,,,,Oth,grec_score,GREC-Score,true_oth_candidate_grec,0.0,0.5
ViLP,LLaVA-NeXT-8B_Biased_Test,784,vcf_only,vcf_only,Refrigerator,oven,0.0,,,0.0,1.0,,,,,,,,,,,,,,,Oth,grec_score,GREC-Score,true_oth_candidate_grec,0.0,0.5
ViLP,LLaVA-NeXT-8B_Biased_Test,789,tcf_only,both,Umbrella,umbrella,1.0,,,1.0,1.0,,,,,,,,,,,,,,,Oth,grec_score,GREC-Score,true_oth_candidate_grec,1.0,0.5
ViLP,LLaVA-NeXT-8B_Biased_Test,791,tcf_only,tcf_only,Blender,blender,1.0,,,0.5,0.0,,,,,,,,,,,,,,,Oth,tc_grounding_energy,TCGroundingEnergy,tc_grounding_energy,1.0,0.0
ViLP,LLaVA-NeXT-8B_Biased_Test,796,vcf_only,vcf_only,Blender,blender,1.0,,,0.0,1.0,,,,,,,,,,,,,,,Oth,grec_score,GREC-Score,true_oth_candidate_grec,0.0,0.5
ViLP,LLaVA-NeXT-8B_Biased_Test,797,vcf_only,vcf_only,None,cushion,0.0,,,0.0,1.0,,,,,,,,,,,,,,,Oth,grec_score,GREC-Score,true_oth_candidate_grec,0.0,0.5
ViLP,LLaVA-NeXT-8B_Biased_Test,799,vcf_only,vcf_only,Sextant,spoon,0.0,,,0.0,1.0,,,,,,,,,,,,,,,Oth,grec_score,GREC-Score,true_oth_candidate_grec,1.0,0.5
ViLP,LLaVA-NeXT-8B_Biased_Test,802,vcf_only,vcf_only,Printer,stapler,0.0,,,0.0,1.0,,,,,,,,,,,,,,,Oth,grec_score,GREC-Score,true_oth_candidate_grec,0.0,0.5
ViLP,LLaVA-NeXT-8B_Biased_Test,803,both,both,Cup,mug,0.0,,,0.5,1.0,,,,,,,,,,,,,,,Oth,grec_score,GREC-Score,true_oth_candidate_grec,0.0,0.0
ViLP,LLaVA-NeXT-8B_Biased_Test,806,tcf_only,tcf_only,Shoe,shoe,1.0,,,0.5,0.0,,,,,,,,,,,,,,,Oth,tc_grounding_energy,TCGroundingEnergy,tc_grounding_energy,0.0,0.0
ViLP,LLaVA-NeXT-8B_Biased_Test,812,vcf_only,vcf_only,Slippers,shoe,0.0,,,0.0,1.0,,,,,,,,,,,,,,,Oth,grec_score,GREC-Score,true_oth_candidate_grec,0.0,0.5
ViLP,LLaVA-NeXT-8B_Biased_Test,814,tcf_only,tcf_only,Piano,stapler,0.0,,,0.5,0.0,,,,,,,,,,,,,,,Oth,tc_grounding_energy,TCGroundingEnergy,tc_grounding_energy,0.0,0.0
ViLP,LLaVA-NeXT-8B_Biased_Test,816,vcf_only,vcf_only,Clock,gnomon,0.0,,,0.0,0.5,,,,,,,,,,,,,,,Oth,grec_score,GREC-Score,true_oth_candidate_grec,0.0,0.0
ViLP,LLaVA-NeXT-8B_Biased_Test,817,tcf_only,tcf_only,Tea pot,kettle,0.0,,,1.0,0.0,,,,,,,,,,,,,,,Oth,tc_grounding_energy,TCGroundingEnergy,tc_grounding_energy,0.0,0.5
ViLP,LLaVA-NeXT-8B_Biased_Test,818,tcf_only,tcf_only,Shoe,shoelace,0.0,,,0.5,0.0,,,,,,,,,,,,,,,Oth,tc_grounding_energy,TCGroundingEnergy,tc_grounding_energy,1.0,0.0
ViLP,LLaVA-NeXT-8B_Biased_Test,821,tcf_only,tcf_only,Whisk,whisk,1.0,,,1.0,0.0,,,,,,,,,,,,,,,Oth,tc_grounding_energy,TCGroundingEnergy,tc_grounding_energy,1.0,0.5
ViLP,LLaVA-NeXT-8B_Biased_Test,822,tcf_only,tcf_only,Galaxy,Hologram,0.0,,,0.5,0.0,,,,,,,,,,,,,,,Oth,tc_grounding_energy,TCGroundingEnergy,tc_grounding_energy,0.0,0.0
ViLP,LLaVA-NeXT-8B_Biased_Test,826,tcf_only,tcf_only,Speaker,Ruler,0.0,,,0.5,0.0,,,,,,,,,,,,,,,Oth,tc_grounding_energy,TCGroundingEnergy,tc_grounding_energy,0.0,0.0
ViLP,LLaVA-NeXT-8B_Biased_Test,827,tcf_only,tcf_only,Hand,Glove,0.0,,,1.0,0.0,,,,,,,,,,,,,,,Oth,tc_grounding_energy,TCGroundingEnergy,tc_grounding_energy,0.0,0.5
ViLP,LLaVA-NeXT-8B_Biased_Test,829,tcf_only,tcf_only,Toaster,Toaster,1.0,,,0.5,0.0,,,,,,,,,,,,,,,Oth,tc_grounding_energy,TCGroundingEnergy,tc_grounding_energy,1.0,0.0
ViLP,LLaVA-NeXT-8B_Biased_Test,832,tcf_only,tcf_only,Coconut,Coconut,1.0,,,0.5,0.0,,,,,,,,,,,,,,,Oth,tc_grounding_energy,TCGroundingEnergy,tc_grounding_energy,1.0,0.0
ViLP,LLaVA-NeXT-8B_Biased_Test,833,vcf_only,neither,,Violin,0.0,,,0.0,0.0,,,,,,,,,,,,,,,Oth,stable_preserve,Stable-PreserveOriginal,stable_preserve,0.0,0.5
ViLP,LLaVA-NeXT-8B_Biased_Test,838,vcf_only,vcf_only,Refrigerator,Cactus,0.0,,,0.0,1.0,,,,,,,,,,,,,,,Oth,grec_score,GREC-Score,true_oth_candidate_grec,0.0,0.5
ViLP,LLaVA-NeXT-8B_Biased_Test,839,vcf_only,vcf_only,Refrigerator,Violin,0.0,,,0.0,1.0,,,,,,,,,,,,,,,Oth,grec_score,GREC-Score,true_oth_candidate_grec,0.0,0.5
ViLP,LLaVA-NeXT-8B_Biased_Test,841,vcf_only,vcf_only,Shoe,Slipper,0.0,,,0.0,1.0,,,,,,,,,,,,,,,Oth,grec_score,GREC-Score,true_oth_candidate_grec,0.0,0.5
ViLP,LLaVA-NeXT-8B_Biased_Test,842,vcf_only,vcf_only,Vacuum cleaner,Ukulele,0.0,,,0.0,1.0,,,,,,,,,,,,,,,Oth,grec_score,GREC-Score,true_oth_candidate_grec,0.0,0.5
ViLP,LLaVA-NeXT-8B_Biased_Test,847,tcf_only,tcf_only,Lollipop,Lollipop,1.0,,,0.5,0.0,,,,,,,,,,,,,,,Oth,tc_grounding_energy,TCGroundingEnergy,tc_grounding_energy,1.0,0.0
ViLP,LLaVA-NeXT-8B_Biased_Test,848,tcf_only,tcf_only,Bicycle,Unicycle,0.0,,,0.5,0.0,,,,,,,,,,,,,,,Oth,tc_grounding_energy,TCGroundingEnergy,tc_grounding_energy,0.0,0.0
ViLP,LLaVA-NeXT-8B_Biased_Test,872,tcf_only,tcf_only,Paper,Paper,1.0,,,0.5,0.0,,,,,,,,,,,,,,,Oth,tc_grounding_energy,TCGroundingEnergy,tc_grounding_energy,1.0,0.0
ViLP,LLaVA-NeXT-8B_Biased_Test,881,tcf_only,tcf_only,Coconut,Coconut,1.0,,,0.5,0.0,,,,,,,,,,,,,,,Oth,tc_grounding_energy,TCGroundingEnergy,tc_grounding_energy,1.0,0.0
ViLP,LLaVA-NeXT-8B_Biased_Test,883,vcf_only,vcf_only,Apple on pig,Pig,0.0,,,0.0,1.0,,,,,,,,,,,,,,,Oth,grec_score,GREC-Score,true_oth_candidate_grec,0.0,0.5
ViLP,LLaVA-NeXT-8B_Biased_Test,884,vcf_only,vcf_only,Apple on tiger,Tiger,0.0,,,0.0,1.0,,,,,,,,,,,,,,,Oth,grec_score,GREC-Score,true_oth_candidate_grec,0.0,0.5
ViLP,LLaVA-NeXT-8B_Biased_Test,892,vcf_only,vcf_only,Apple and kangaroo,Kangaroo,0.0,,,0.0,1.0,,,,,,,,,,,,,,,Oth,grec_score,GREC-Score,true_oth_candidate_grec,0.0,0.5
ViLP,LLaVA-NeXT-8B_Biased_Test,893,vcf_only,vcf_only,Apple on tiger,Tiger,0.0,,,0.0,1.0,,,,,,,,,,,,,,,Oth,grec_score,GREC-Score,true_oth_candidate_grec,0.0,0.5
ViLP,LLaVA-NeXT-8B_Biased_Test,896,tcf_only,tcf_only,Diamonds,Diamonds,1.0,,,0.5,0.0,,,,,,,,,,,,,,,Oth,tc_grounding_energy,TCGroundingEnergy,tc_grounding_energy,1.0,0.0
ViLP,LLaVA-NeXT-8B_Biased_Test,899,tcf_only,tcf_only,Fruit,Pitaya,0.0,,,0.5,0.0,,,,,,,,,,,,,,,Oth,tc_grounding_energy,TCGroundingEnergy,tc_grounding_energy,0.0,0.0
