dataset,split_name,index,mode,route_mode,prediction,answer,hit,T_on,V_on,T_strength,V_strength,tc_pred,vc_pred,vc_envelope_pred,vc_sci_pred,support_size,labels_n,conflict,vc_source,vc_bridge_source,grec_soft_swcr,grec_hard_composition,grec_hard_argmax,operator_agree,joint_conflict,format,state,action,aggregation_status,stable_hit,mode_confidence
MMStar,Qwen2-VL-7B_Biased_Test,1,vcf_only,vcf_only,C,B,0.0,0,1,0.0,0.9987096061841656,D,C,C,C,4,4,1,gray,gray,C,C,C,0,0,MCQ,grec_hard_composition_gate,GroundedResidualEnergyCompositionHard,true_mcq_grec_hard,,
MMStar,Qwen2-VL-7B_Biased_Test,8,vcf_only,vcf_only,B,B,1.0,0,1,0.0,0.5132151328503403,D,D,D,B,4,4,1,gray,gray,B,B,B,0,0,MCQ,grec_hard_composition_gate,GroundedResidualEnergyCompositionHard,true_mcq_grec_hard,,
MMStar,Qwen2-VL-7B_Biased_Test,11,vcf_only,vcf_only,C,D,0.0,0,1,0.0,0.08225265095386093,C,C,C,C,4,4,0,strongblur,strongblur,C,C,C,1,0,MCQ,grec_hard_composition_gate,GroundedResidualEnergyCompositionHard,true_mcq_grec_hard,,
MMStar,Qwen2-VL-7B_Biased_Test,14,vcf_only,vcf_only,C,A,0.0,0,1,0.0,0.23278965904959004,C,C,C,C,4,4,0,strongblur,centermask,C,C,C,1,0,MCQ,grec_hard_composition_gate,GroundedResidualEnergyCompositionHard,true_mcq_grec_hard,,
MMStar,Qwen2-VL-7B_Biased_Test,29,vcf_only,vcf_only,C,A,0.0,0,1,0.0,0.9453288587425842,C,C,C,C,4,4,0,gray,gray,C,C,C,1,0,MCQ,grec_hard_composition_gate,GroundedResidualEnergyCompositionHard,true_mcq_grec_hard,,
MMStar,Qwen2-VL-7B_Biased_Test,33,vcf_only,vcf_only,A,A,1.0,0,1,0.0,0.16957569244689955,D,D,D,D,4,4,1,gray,centermask,A,A,A,1,0,MCQ,grec_hard_composition_gate,GroundedResidualEnergyCompositionHard,true_mcq_grec_hard,,
MMStar,Qwen2-VL-7B_Biased_Test,39,vcf_only,vcf_only,C,B,0.0,0,1,0.0,0.38206497989232596,B,B,B,C,4,4,1,strongblur,centermask,C,C,C,0,0,MCQ,grec_hard_composition_gate,GroundedResidualEnergyCompositionHard,true_mcq_grec_hard,,
MMStar,Qwen2-VL-7B_Biased_Test,41,vcf_only,vcf_only,B,B,1.0,0,1,0.0,0.620955949155143,B,B,C,B,4,4,0,centermask,centermask,B,B,B,1,0,MCQ,grec_hard_composition_gate,GroundedResidualEnergyCompositionHard,true_mcq_grec_hard,,
MMStar,Qwen2-VL-7B_Biased_Test,56,vcf_only,vcf_only,D,A,0.0,0,1,0.0,1.0,A,A,A,D,4,4,1,gray,centermask,D,D,D,0,0,MCQ,grec_hard_composition_gate,GroundedResidualEnergyCompositionHard,true_mcq_grec_hard,,
MMStar,Qwen2-VL-7B_Biased_Test,59,tcf_only,neither,A,D,0.0,0,0,0.0,0.0,A,A,A,A,4,4,0,strongblur,centermask,A,A,A,1,0,MCQ,grec_hard_composition_gate,GroundedResidualEnergyCompositionHard,true_mcq_grec_hard,,
MMStar,Qwen2-VL-7B_Biased_Test,61,vcf_only,vcf_only,A,B,0.0,0,1,0.0,0.38206497989232596,D,D,D,C,4,4,1,strongblur,centermask,A,A,A,0,0,MCQ,grec_hard_composition_gate,GroundedResidualEnergyCompositionHard,true_mcq_grec_hard,,
MMStar,Qwen2-VL-7B_Biased_Test,62,vcf_only,vcf_only,C,A,0.0,0,1,0.0,0.9440716336922588,A,C,C,C,4,4,1,gray,gray,C,C,C,0,0,MCQ,grec_hard_composition_gate,GroundedResidualEnergyCompositionHard,true_mcq_grec_hard,,
MMStar,Qwen2-VL-7B_Biased_Test,64,vcf_only,vcf_only,C,B,0.0,0,1,0.0,0.49948029250635395,B,C,C,C,4,4,1,strongblur,strongblur,C,C,C,0,0,MCQ,grec_hard_composition_gate,GroundedResidualEnergyCompositionHard,true_mcq_grec_hard,,
MMStar,Qwen2-VL-7B_Biased_Test,86,vcf_only,both,A,A,1.0,1,1,0.45421448211933796,0.38206497989232596,A,A,A,A,1,4,0,gray,gray,A,A,A,1,0,MCQ,grec_hard_composition_gate,GroundedResidualEnergyCompositionHard,true_mcq_grec_hard,,
MMStar,Qwen2-VL-7B_Biased_Test,89,vcf_only,vcf_only,A,A,1.0,0,1,0.0,0.8538018516948361,A,B,B,A,4,4,0,strongblur,strongblur,A,A,A,1,0,MCQ,grec_hard_composition_gate,GroundedResidualEnergyCompositionHard,true_mcq_grec_hard,,
MMStar,Qwen2-VL-7B_Biased_Test,94,vcf_only,vcf_only,B,A,0.0,0,1,0.0,0.617967056949536,B,B,B,B,4,4,0,gray,centermask,B,B,B,1,0,MCQ,grec_hard_composition_gate,GroundedResidualEnergyCompositionHard,true_mcq_grec_hard,,
MMStar,Qwen2-VL-7B_Biased_Test,96,vcf_only,vcf_only,A,A,1.0,0,1,0.0,0.8014378678762388,A,A,A,A,4,4,0,strongblur,strongblur,A,A,A,1,0,MCQ,grec_hard_composition_gate,GroundedResidualEnergyCompositionHard,true_mcq_grec_hard,,
MMStar,Qwen2-VL-7B_Biased_Test,103,vcf_only,both,A,A,1.0,1,1,0.45421448211933796,0.38206497989232596,A,D,A,B,1,4,1,strongblur,centermask,A,A,A,0,1,MCQ,grec_hard_composition_gate,GroundedResidualEnergyCompositionHard,true_mcq_grec_hard,,
MMStar,Qwen2-VL-7B_Biased_Test,113,vcf_only,vcf_only,B,B,1.0,0,1,0.0,0.021174397334381208,A,A,A,B,4,4,1,centermask,centermask,B,B,B,0,0,MCQ,grec_hard_composition_gate,GroundedResidualEnergyCompositionHard,true_mcq_grec_hard,,
MMStar,Qwen2-VL-7B_Biased_Test,114,vcf_only,neither,B,C,0.0,0,0,0.0,0.0,B,B,B,C,4,4,1,centermask,centermask,B,B,B,0,0,MCQ,grec_hard_composition_gate,GroundedResidualEnergyCompositionHard,true_mcq_grec_hard,,
MMStar,Qwen2-VL-7B_Biased_Test,117,vcf_only,vcf_only,C,C,1.0,0,1,0.0,0.27825441962248215,C,C,C,C,4,4,0,strongblur,strongblur,C,C,C,1,0,MCQ,grec_hard_composition_gate,GroundedResidualEnergyCompositionHard,true_mcq_grec_hard,,
MMStar,Qwen2-VL-7B_Biased_Test,123,vcf_only,vcf_only,A,A,1.0,0,1,0.0,0.38206497989232596,A,A,A,A,4,4,0,strongblur,centermask,A,A,A,1,0,MCQ,grec_hard_composition_gate,GroundedResidualEnergyCompositionHard,true_mcq_grec_hard,,
MMStar,Qwen2-VL-7B_Biased_Test,124,vcf_only,vcf_only,B,B,1.0,0,1,0.0,0.14501968988125755,B,C,C,B,4,4,0,centermask,centermask,B,B,B,1,0,MCQ,grec_hard_composition_gate,GroundedResidualEnergyCompositionHard,true_mcq_grec_hard,,
MMStar,Qwen2-VL-7B_Biased_Test,126,vcf_only,vcf_only,B,D,0.0,0,1,0.0,0.7154292599720506,B,B,B,B,4,4,0,gray,gray,B,B,B,1,0,MCQ,grec_hard_composition_gate,GroundedResidualEnergyCompositionHard,true_mcq_grec_hard,,
MMStar,Qwen2-VL-7B_Biased_Test,128,vcf_only,vcf_only,D,D,1.0,0,1,0.0,0.7835437315555285,C,C,C,D,4,4,1,strongblur,strongblur,D,D,D,0,0,MCQ,grec_hard_composition_gate,GroundedResidualEnergyCompositionHard,true_mcq_grec_hard,,
MMStar,Qwen2-VL-7B_Biased_Test,139,vcf_only,vcf_only,D,B,0.0,0,1,0.0,0.9159013843675208,D,D,D,D,4,4,0,gray,gray,D,D,D,1,0,MCQ,grec_hard_composition_gate,GroundedResidualEnergyCompositionHard,true_mcq_grec_hard,,
MMStar,Qwen2-VL-7B_Biased_Test,144,vcf_only,vcf_only,C,C,1.0,0,1,0.0,0.25743762720718294,A,A,A,C,4,4,1,centermask,centermask,C,C,C,0,0,MCQ,grec_hard_composition_gate,GroundedResidualEnergyCompositionHard,true_mcq_grec_hard,,
MMStar,Qwen2-VL-7B_Biased_Test,146,vcf_only,vcf_only,C,B,0.0,0,1,0.0,0.5672456394530775,C,A,A,C,4,4,0,centermask,centermask,C,C,C,1,0,MCQ,grec_hard_composition_gate,GroundedResidualEnergyCompositionHard,true_mcq_grec_hard,,
MMStar,Qwen2-VL-7B_Biased_Test,147,vcf_only,vcf_only,B,B,1.0,0,1,0.0,0.01597828899549512,D,D,D,B,4,4,1,gray,gray,B,B,B,0,0,MCQ,grec_hard_composition_gate,GroundedResidualEnergyCompositionHard,true_mcq_grec_hard,,
MMStar,Qwen2-VL-7B_Biased_Test,148,tcf_only,neither,C,C,1.0,0,0,0.0,0.0,D,C,C,D,4,4,0,strongblur,centermask,C,C,C,1,0,MCQ,grec_hard_composition_gate,GroundedResidualEnergyCompositionHard,true_mcq_grec_hard,,
MMStar,Qwen2-VL-7B_Biased_Test,152,vcf_only,vcf_only,C,C,1.0,0,1,0.0,0.01825486138049377,D,D,D,C,4,4,1,gray,gray,C,C,C,0,0,MCQ,grec_hard_composition_gate,GroundedResidualEnergyCompositionHard,true_mcq_grec_hard,,
MMStar,Qwen2-VL-7B_Biased_Test,158,vcf_only,vcf_only,B,B,1.0,0,1,0.0,1.0,B,A,A,B,2,2,0,gray,centermask,B,B,B,1,0,MCQ,grec_hard_composition_gate,GroundedResidualEnergyCompositionHard,true_mcq_grec_hard,,
MMStar,Qwen2-VL-7B_Biased_Test,167,vcf_only,vcf_only,A,A,1.0,0,1,0.0,0.3253471383404591,B,B,B,A,2,2,1,gray,centermask,A,A,A,0,0,MCQ,grec_hard_composition_gate,GroundedResidualEnergyCompositionHard,true_mcq_grec_hard,,
MMStar,Qwen2-VL-7B_Biased_Test,168,both,vcf_only,A,A,1.0,0,1,0.0,1.0,B,B,B,A,2,2,1,gray,centermask,A,A,A,0,0,MCQ,grec_hard_composition_gate,GroundedResidualEnergyCompositionHard,true_mcq_grec_hard,,
MMStar,Qwen2-VL-7B_Biased_Test,171,both,vcf_only,B,A,0.0,0,1,0.0,0.9988907098240554,B,B,B,B,2,2,0,centermask,centermask,B,B,B,1,0,MCQ,grec_hard_composition_gate,GroundedResidualEnergyCompositionHard,true_mcq_grec_hard,,
MMStar,Qwen2-VL-7B_Biased_Test,252,vcf_only,vcf_only,C,B,0.0,0,1,0.0,0.6792093542533334,C,C,C,C,4,4,0,gray,gray,C,C,C,1,0,MCQ,grec_hard_composition_gate,GroundedResidualEnergyCompositionHard,true_mcq_grec_hard,,
MMStar,Qwen2-VL-7B_Biased_Test,253,tcf_only,neither,A,C,0.0,0,0,0.0,0.0,A,A,A,A,4,4,0,strongblur,strongblur,A,A,A,1,0,MCQ,grec_hard_composition_gate,GroundedResidualEnergyCompositionHard,true_mcq_grec_hard,,
MMStar,Qwen2-VL-7B_Biased_Test,254,vcf_only,both,D,C,0.0,1,1,0.009899528899169514,0.6928782323046856,D,A,D,A,2,4,0,gray,gray,D,D,D,0,1,MCQ,grec_hard_composition_gate,GroundedResidualEnergyCompositionHard,true_mcq_grec_hard,,
MMStar,Qwen2-VL-7B_Biased_Test,256,vcf_only,vcf_only,A,C,0.0,0,1,0.0,0.11948073295265256,B,B,B,A,4,4,1,gray,centermask,A,A,A,0,0,MCQ,grec_hard_composition_gate,GroundedResidualEnergyCompositionHard,true_mcq_grec_hard,,
MMStar,Qwen2-VL-7B_Biased_Test,257,vcf_only,vcf_only,C,A,0.0,0,1,0.0,0.8985606942338241,C,C,C,C,4,4,0,centermask,centermask,C,C,C,1,0,MCQ,grec_hard_composition_gate,GroundedResidualEnergyCompositionHard,true_mcq_grec_hard,,
MMStar,Qwen2-VL-7B_Biased_Test,258,vcf_only,vcf_only,C,C,1.0,0,1,0.0,0.5550801226303099,A,C,A,C,4,4,1,gray,gray,C,C,C,0,0,MCQ,grec_hard_composition_gate,GroundedResidualEnergyCompositionHard,true_mcq_grec_hard,,
MMStar,Qwen2-VL-7B_Biased_Test,259,vcf_only,vcf_only,B,A,0.0,0,1,0.0,0.3425229561941381,C,C,C,B,4,4,1,centermask,centermask,B,B,B,0,0,MCQ,grec_hard_composition_gate,GroundedResidualEnergyCompositionHard,true_mcq_grec_hard,,
MMStar,Qwen2-VL-7B_Biased_Test,261,vcf_only,vcf_only,C,B,0.0,0,1,0.0,0.9048818325191714,D,D,D,D,4,4,1,gray,centermask,C,C,C,1,0,MCQ,grec_hard_composition_gate,GroundedResidualEnergyCompositionHard,true_mcq_grec_hard,,
MMStar,Qwen2-VL-7B_Biased_Test,262,vcf_only,vcf_only,D,D,1.0,0,1,0.0,0.32793954816441506,A,A,A,A,4,4,1,gray,gray,D,D,D,1,0,MCQ,grec_hard_composition_gate,GroundedResidualEnergyCompositionHard,true_mcq_grec_hard,,
MMStar,Qwen2-VL-7B_Biased_Test,269,vcf_only,vcf_only,D,D,1.0,0,1,0.0,0.9188235903186853,D,D,D,D,4,4,0,centermask,centermask,D,D,D,1,0,MCQ,grec_hard_composition_gate,GroundedResidualEnergyCompositionHard,true_mcq_grec_hard,,
MMStar,Qwen2-VL-7B_Biased_Test,281,vcf_only,vcf_only,B,D,0.0,0,1,0.0,0.06901119040462851,B,B,B,B,4,4,0,centermask,centermask,B,B,B,1,0,MCQ,grec_hard_composition_gate,GroundedResidualEnergyCompositionHard,true_mcq_grec_hard,,
MMStar,Qwen2-VL-7B_Biased_Test,282,vcf_only,vcf_only,B,B,1.0,0,1,0.0,0.32059629210064894,C,C,C,B,4,4,1,centermask,centermask,B,B,B,0,0,MCQ,grec_hard_composition_gate,GroundedResidualEnergyCompositionHard,true_mcq_grec_hard,,
MMStar,Qwen2-VL-7B_Biased_Test,284,vcf_only,vcf_only,A,A,1.0,0,1,0.0,0.20627325585239856,C,A,A,A,4,4,1,centermask,centermask,A,A,A,0,0,MCQ,grec_hard_composition_gate,GroundedResidualEnergyCompositionHard,true_mcq_grec_hard,,
MMStar,Qwen2-VL-7B_Biased_Test,286,vcf_only,vcf_only,D,B,0.0,0,1,0.0,0.8591968067271509,D,D,D,D,4,4,0,gray,gray,D,D,D,1,0,MCQ,grec_hard_composition_gate,GroundedResidualEnergyCompositionHard,true_mcq_grec_hard,,
MMStar,Qwen2-VL-7B_Biased_Test,288,vcf_only,vcf_only,B,D,0.0,0,1,0.0,0.8903962883342676,A,A,A,A,4,4,1,gray,centermask,B,B,B,1,0,MCQ,grec_hard_composition_gate,GroundedResidualEnergyCompositionHard,true_mcq_grec_hard,,
MMStar,Qwen2-VL-7B_Biased_Test,292,vcf_only,vcf_only,A,D,0.0,0,1,0.0,0.07493077478786972,A,A,A,A,4,4,0,centermask,centermask,A,A,A,1,0,MCQ,grec_hard_composition_gate,GroundedResidualEnergyCompositionHard,true_mcq_grec_hard,,
MMStar,Qwen2-VL-7B_Biased_Test,293,vcf_only,vcf_only,B,A,0.0,0,1,0.0,0.6615955050715964,B,B,B,B,4,4,0,strongblur,strongblur,B,B,B,1,0,MCQ,grec_hard_composition_gate,GroundedResidualEnergyCompositionHard,true_mcq_grec_hard,,
MMStar,Qwen2-VL-7B_Biased_Test,296,tcf_only,neither,B,B,1.0,0,0,0.0,0.0,B,B,B,B,4,4,0,gray,centermask,B,B,B,1,0,MCQ,grec_hard_composition_gate,GroundedResidualEnergyCompositionHard,true_mcq_grec_hard,,
MMStar,Qwen2-VL-7B_Biased_Test,299,vcf_only,vcf_only,D,A,0.0,0,1,0.0,0.8339026909257545,D,D,D,D,4,4,0,centermask,centermask,D,D,D,1,0,MCQ,grec_hard_composition_gate,GroundedResidualEnergyCompositionHard,true_mcq_grec_hard,,
MMStar,Qwen2-VL-7B_Biased_Test,302,vcf_only,vcf_only,B,D,0.0,0,1,0.0,0.005183940027625213,B,B,B,B,4,4,0,gray,gray,B,B,B,1,0,MCQ,grec_hard_composition_gate,GroundedResidualEnergyCompositionHard,true_mcq_grec_hard,,
MMStar,Qwen2-VL-7B_Biased_Test,304,vcf_only,neither,B,D,0.0,0,0,0.0,0.0,B,B,B,B,4,4,0,gray,gray,B,B,B,1,0,MCQ,grec_hard_composition_gate,GroundedResidualEnergyCompositionHard,true_mcq_grec_hard,,
MMStar,Qwen2-VL-7B_Biased_Test,311,vcf_only,vcf_only,A,B,0.0,0,1,0.0,0.9203807788122618,A,A,A,A,4,4,0,centermask,centermask,A,A,A,1,0,MCQ,grec_hard_composition_gate,GroundedResidualEnergyCompositionHard,true_mcq_grec_hard,,
MMStar,Qwen2-VL-7B_Biased_Test,314,vcf_only,both,B,C,0.0,1,1,0.009502115633367359,0.5501702121788878,B,B,B,B,1,4,0,strongblur,strongblur,B,B,B,1,0,MCQ,grec_hard_composition_gate,GroundedResidualEnergyCompositionHard,true_mcq_grec_hard,,
MMStar,Qwen2-VL-7B_Biased_Test,318,vcf_only,vcf_only,C,A,0.0,0,1,0.0,0.059651852574107975,C,C,C,C,4,4,0,strongblur,strongblur,C,C,C,1,0,MCQ,grec_hard_composition_gate,GroundedResidualEnergyCompositionHard,true_mcq_grec_hard,,
MMStar,Qwen2-VL-7B_Biased_Test,319,vcf_only,neither,D,A,0.0,0,0,0.0,0.0,D,D,D,D,4,4,0,centermask,centermask,D,D,D,1,0,MCQ,grec_hard_composition_gate,GroundedResidualEnergyCompositionHard,true_mcq_grec_hard,,
MMStar,Qwen2-VL-7B_Biased_Test,328,vcf_only,vcf_only,A,B,0.0,0,1,0.0,0.38206497989232596,A,B,B,A,4,4,0,centermask,centermask,A,A,A,1,0,MCQ,grec_hard_composition_gate,GroundedResidualEnergyCompositionHard,true_mcq_grec_hard,,
MMStar,Qwen2-VL-7B_Biased_Test,346,vcf_only,vcf_only,B,B,1.0,0,1,0.0,0.271259129172409,A,A,A,B,4,4,1,gray,gray,B,B,B,0,0,MCQ,grec_hard_composition_gate,GroundedResidualEnergyCompositionHard,true_mcq_grec_hard,,
MMStar,Qwen2-VL-7B_Biased_Test,374,vcf_only,vcf_only,D,D,1.0,0,1,0.0,0.424600491533338,C,C,C,D,4,4,1,centermask,centermask,D,D,D,0,0,MCQ,grec_hard_composition_gate,GroundedResidualEnergyCompositionHard,true_mcq_grec_hard,,
MMStar,Qwen2-VL-7B_Biased_Test,402,vcf_only,vcf_only,B,C,0.0,0,1,0.0,0.1058068318347707,D,D,D,D,4,4,1,strongblur,strongblur,B,B,B,1,0,MCQ,grec_hard_composition_gate,GroundedResidualEnergyCompositionHard,true_mcq_grec_hard,,
MMStar,Qwen2-VL-7B_Biased_Test,418,vcf_only,tcf_only,B,B,1.0,1,0,0.45421448211933796,0.0,B,C,B,C,2,4,1,centermask,centermask,B,B,B,0,0,MCQ,grec_hard_composition_gate,GroundedResidualEnergyCompositionHard,true_mcq_grec_hard,,
MMStar,Qwen2-VL-7B_Biased_Test,419,vcf_only,vcf_only,D,D,1.0,0,1,0.0,1.0,D,D,D,D,4,4,0,strongblur,centermask,D,D,D,1,0,MCQ,grec_hard_composition_gate,GroundedResidualEnergyCompositionHard,true_mcq_grec_hard,,
MMStar,Qwen2-VL-7B_Biased_Test,424,both,both,B,B,1.0,1,1,1.0,1.0,B,B,C,B,1,4,0,strongblur,centermask,B,B,B,1,0,MCQ,grec_hard_composition_gate,GroundedResidualEnergyCompositionHard,true_mcq_grec_hard,,
MMStar,Qwen2-VL-7B_Biased_Test,434,vcf_only,vcf_only,A,D,0.0,0,1,0.0,0.38206497989232596,A,A,A,A,4,4,0,gray,gray,A,A,A,1,0,MCQ,grec_hard_composition_gate,GroundedResidualEnergyCompositionHard,true_mcq_grec_hard,,
MMStar,Qwen2-VL-7B_Biased_Test,436,vcf_only,vcf_only,B,B,1.0,0,1,0.0,0.8572352991994474,B,A,A,A,4,4,0,gray,gray,B,B,B,0,0,MCQ,grec_hard_composition_gate,GroundedResidualEnergyCompositionHard,true_mcq_grec_hard,,
MMStar,Qwen2-VL-7B_Biased_Test,443,vcf_only,vcf_only,C,C,1.0,0,1,0.0,0.24863862344465232,A,C,A,C,4,4,1,gray,gray,C,C,C,0,0,MCQ,grec_hard_composition_gate,GroundedResidualEnergyCompositionHard,true_mcq_grec_hard,,
MMStar,Qwen2-VL-7B_Biased_Test,447,tcf_only,neither,B,D,0.0,0,0,0.0,0.0,B,B,B,C,4,4,1,strongblur,centermask,B,B,B,0,0,MCQ,grec_hard_composition_gate,GroundedResidualEnergyCompositionHard,true_mcq_grec_hard,,
MMStar,Qwen2-VL-7B_Biased_Test,451,vcf_only,vcf_only,B,A,0.0,0,1,0.0,1.0,A,C,C,B,4,4,1,strongblur,gray,B,B,B,0,0,MCQ,grec_hard_composition_gate,GroundedResidualEnergyCompositionHard,true_mcq_grec_hard,,
MMStar,Qwen2-VL-7B_Biased_Test,458,tcf_only,tcf_only,C,C,1.0,1,0,0.4740308303316545,0.0,C,C,C,A,1,4,0,strongblur,centermask,C,C,C,0,0,MCQ,grec_hard_composition_gate,GroundedResidualEnergyCompositionHard,true_mcq_grec_hard,,
MMStar,Qwen2-VL-7B_Biased_Test,464,both,vcf_only,B,C,0.0,0,1,0.0,0.1282804010565124,A,C,A,A,4,4,1,gray,centermask,B,B,B,1,0,MCQ,grec_hard_composition_gate,GroundedResidualEnergyCompositionHard,true_mcq_grec_hard,,
MMStar,Qwen2-VL-7B_Biased_Test,466,vcf_only,vcf_only,A,C,0.0,0,1,0.0,1.0,C,D,D,D,4,4,1,gray,gray,A,A,A,0,0,MCQ,grec_hard_composition_gate,GroundedResidualEnergyCompositionHard,true_mcq_grec_hard,,
MMStar,Qwen2-VL-7B_Biased_Test,472,vcf_only,vcf_only,A,B,0.0,0,1,0.0,0.16038378411276774,A,A,A,A,4,4,0,gray,gray,A,A,A,1,0,MCQ,grec_hard_composition_gate,GroundedResidualEnergyCompositionHard,true_mcq_grec_hard,,
MMStar,Qwen2-VL-7B_Biased_Test,477,tcf_only,neither,B,B,1.0,0,0,0.0,0.0,B,B,B,C,4,4,1,strongblur,centermask,B,B,B,0,0,MCQ,grec_hard_composition_gate,GroundedResidualEnergyCompositionHard,true_mcq_grec_hard,,
MMStar,Qwen2-VL-7B_Biased_Test,484,vcf_only,vcf_only,C,B,0.0,0,1,0.0,1.0,B,B,C,C,4,4,1,strongblur,centermask,C,C,C,0,0,MCQ,grec_hard_composition_gate,GroundedResidualEnergyCompositionHard,true_mcq_grec_hard,,
MMStar,Qwen2-VL-7B_Biased_Test,488,both,both,B,B,1.0,1,1,0.0469462356944092,0.8976073683136996,B,A,A,A,1,4,0,centermask,centermask,B,B,B,0,1,MCQ,grec_hard_composition_gate,GroundedResidualEnergyCompositionHard,true_mcq_grec_hard,,
MMStar,Qwen2-VL-7B_Biased_Test,491,tcf_only,both,A,A,1.0,1,1,0.5454363366919786,0.4869523798449199,A,A,A,C,1,4,1,centermask,centermask,C,A,A,0,1,MCQ,grec_hard_composition_gate,GroundedResidualEnergyCompositionHard,true_mcq_grec_hard,,
MMStar,Qwen2-VL-7B_Biased_Test,492,vcf_only,vcf_only,D,D,1.0,0,1,0.0,0.1080285004965156,C,C,C,D,4,4,1,centermask,centermask,D,D,D,0,0,MCQ,grec_hard_composition_gate,GroundedResidualEnergyCompositionHard,true_mcq_grec_hard,,
MMStar,Qwen2-VL-7B_Biased_Test,497,vcf_only,vcf_only,C,D,0.0,0,1,0.0,1.0,C,C,C,C,4,4,0,strongblur,strongblur,C,C,C,1,0,MCQ,grec_hard_composition_gate,GroundedResidualEnergyCompositionHard,true_mcq_grec_hard,,
MMStar,Qwen2-VL-7B_Biased_Test,498,vcf_only,vcf_only,B,D,0.0,0,1,0.0,0.15282034451343487,B,B,B,B,4,4,0,gray,gray,B,B,B,1,0,MCQ,grec_hard_composition_gate,GroundedResidualEnergyCompositionHard,true_mcq_grec_hard,,
MMStar,Qwen2-VL-7B_Biased_Test,504,vcf_only,vcf_only,D,A,0.0,0,1,0.0,0.4993210959783266,B,B,B,D,4,4,1,gray,gray,D,D,D,0,0,MCQ,grec_hard_composition_gate,GroundedResidualEnergyCompositionHard,true_mcq_grec_hard,,
MMStar,Qwen2-VL-7B_Biased_Test,506,vcf_only,both,B,C,0.0,1,1,0.0067655277653049,0.21286096518246342,A,A,A,A,1,4,1,gray,gray,B,B,A,1,0,MCQ,grec_hard_composition_gate,GroundedResidualEnergyCompositionHard,true_mcq_grec_hard,,
MMStar,Qwen2-VL-7B_Biased_Test,507,vcf_only,vcf_only,C,C,1.0,0,1,0.0,0.8551487323689324,D,D,D,A,4,4,1,gray,gray,C,C,C,0,0,MCQ,grec_hard_composition_gate,GroundedResidualEnergyCompositionHard,true_mcq_grec_hard,,
MMStar,Qwen2-VL-7B_Biased_Test,508,vcf_only,vcf_only,A,A,1.0,0,1,0.0,0.11121062565021353,B,B,B,A,3,3,1,centermask,centermask,A,A,A,0,0,MCQ,grec_hard_composition_gate,GroundedResidualEnergyCompositionHard,true_mcq_grec_hard,,
MMStar,Qwen2-VL-7B_Biased_Test,512,vcf_only,vcf_only,D,D,1.0,0,1,0.0,0.9594032158718566,A,A,A,A,4,4,1,strongblur,centermask,D,D,D,1,0,MCQ,grec_hard_composition_gate,GroundedResidualEnergyCompositionHard,true_mcq_grec_hard,,
MMStar,Qwen2-VL-7B_Biased_Test,513,both,both,A,D,0.0,1,1,0.025749386096226956,0.29694111660433337,A,D,D,D,3,4,1,centermask,centermask,D,A,A,0,1,MCQ,grec_hard_composition_gate,GroundedResidualEnergyCompositionHard,true_mcq_grec_hard,,
MMStar,Qwen2-VL-7B_Biased_Test,516,vcf_only,vcf_only,A,D,0.0,0,1,0.0,1.0,A,A,A,A,4,4,0,centermask,centermask,A,A,A,1,0,MCQ,grec_hard_composition_gate,GroundedResidualEnergyCompositionHard,true_mcq_grec_hard,,
MMStar,Qwen2-VL-7B_Biased_Test,518,vcf_only,vcf_only,C,B,0.0,0,1,0.0,0.38206497989232596,C,B,B,C,4,4,0,strongblur,centermask,C,C,C,1,0,MCQ,grec_hard_composition_gate,GroundedResidualEnergyCompositionHard,true_mcq_grec_hard,,
MMStar,Qwen2-VL-7B_Biased_Test,519,vcf_only,vcf_only,D,D,1.0,0,1,0.0,0.4804730989971663,B,B,B,D,4,4,1,centermask,centermask,D,D,D,0,0,MCQ,grec_hard_composition_gate,GroundedResidualEnergyCompositionHard,true_mcq_grec_hard,,
MMStar,Qwen2-VL-7B_Biased_Test,524,vcf_only,vcf_only,A,A,1.0,0,1,0.0,1.0,A,A,A,A,4,4,0,centermask,centermask,A,A,A,1,0,MCQ,grec_hard_composition_gate,GroundedResidualEnergyCompositionHard,true_mcq_grec_hard,,
MMStar,Qwen2-VL-7B_Biased_Test,526,vcf_only,vcf_only,C,D,0.0,0,1,0.0,0.21231271329094267,A,A,A,A,4,4,1,gray,gray,C,C,C,1,0,MCQ,grec_hard_composition_gate,GroundedResidualEnergyCompositionHard,true_mcq_grec_hard,,
MMStar,Qwen2-VL-7B_Biased_Test,531,vcf_only,vcf_only,C,D,0.0,0,1,0.0,0.6474548886178011,C,C,C,C,4,4,0,gray,gray,C,C,C,1,0,MCQ,grec_hard_composition_gate,GroundedResidualEnergyCompositionHard,true_mcq_grec_hard,,
MMStar,Qwen2-VL-7B_Biased_Test,533,vcf_only,vcf_only,D,B,0.0,0,1,0.0,1.0,D,C,C,C,4,4,0,centermask,centermask,D,D,D,0,0,MCQ,grec_hard_composition_gate,GroundedResidualEnergyCompositionHard,true_mcq_grec_hard,,
MMStar,Qwen2-VL-7B_Biased_Test,539,vcf_only,vcf_only,B,B,1.0,0,1,0.0,0.29300855996816094,D,D,D,B,4,4,1,gray,gray,B,B,B,0,0,MCQ,grec_hard_composition_gate,GroundedResidualEnergyCompositionHard,true_mcq_grec_hard,,
MMStar,Qwen2-VL-7B_Biased_Test,544,vcf_only,vcf_only,C,A,0.0,0,1,0.0,0.864325292293363,C,B,B,C,4,4,0,strongblur,strongblur,C,C,C,1,0,MCQ,grec_hard_composition_gate,GroundedResidualEnergyCompositionHard,true_mcq_grec_hard,,
MMStar,Qwen2-VL-7B_Biased_Test,546,tcf_only,tcf_only,D,B,0.0,1,0,0.5331159185201159,0.0,D,D,A,B,1,4,1,gray,centermask,D,D,D,0,0,MCQ,grec_hard_composition_gate,GroundedResidualEnergyCompositionHard,true_mcq_grec_hard,,
MMStar,Qwen2-VL-7B_Biased_Test,591,vcf_only,vcf_only,A,C,0.0,0,1,0.0,0.026224148873891517,A,A,A,A,4,4,0,centermask,centermask,A,A,A,1,0,MCQ,grec_hard_composition_gate,GroundedResidualEnergyCompositionHard,true_mcq_grec_hard,,
MMStar,Qwen2-VL-7B_Biased_Test,594,vcf_only,vcf_only,B,B,1.0,0,1,0.0,0.29106522437593557,A,B,A,B,2,2,1,centermask,centermask,B,B,B,0,0,MCQ,grec_hard_composition_gate,GroundedResidualEnergyCompositionHard,true_mcq_grec_hard,,
MMStar,Qwen2-VL-7B_Biased_Test,599,vcf_only,vcf_only,B,B,1.0,0,1,0.0,0.7213360249619543,D,D,D,B,4,4,1,centermask,centermask,B,B,B,0,0,MCQ,grec_hard_composition_gate,GroundedResidualEnergyCompositionHard,true_mcq_grec_hard,,
MMStar,Qwen2-VL-7B_Biased_Test,601,both,tcf_only,C,C,1.0,1,0,0.5188198059033537,0.0,C,C,C,C,1,4,0,strongblur,strongblur,C,C,C,1,0,MCQ,grec_hard_composition_gate,GroundedResidualEnergyCompositionHard,true_mcq_grec_hard,,
MMStar,Qwen2-VL-7B_Biased_Test,624,vcf_only,vcf_only,A,B,0.0,0,1,0.0,1.0,C,B,A,A,3,3,1,strongblur,centermask,A,A,A,0,0,MCQ,grec_hard_composition_gate,GroundedResidualEnergyCompositionHard,true_mcq_grec_hard,,
MMStar,Qwen2-VL-7B_Biased_Test,627,both,neither,B,A,0.0,0,0,0.0,0.0,B,B,C,C,3,3,1,gray,centermask,B,B,B,0,0,MCQ,grec_hard_composition_gate,GroundedResidualEnergyCompositionHard,true_mcq_grec_hard,,
MMStar,Qwen2-VL-7B_Biased_Test,643,vcf_only,vcf_only,A,D,0.0,0,1,0.0,1.0,A,B,B,A,4,4,0,strongblur,strongblur,A,A,A,1,0,MCQ,grec_hard_composition_gate,GroundedResidualEnergyCompositionHard,true_mcq_grec_hard,,
MMStar,Qwen2-VL-7B_Biased_Test,646,tcf_only,vcf_only,A,C,0.0,0,1,0.0,1.0,C,A,A,A,4,4,1,gray,centermask,A,A,A,0,0,MCQ,grec_hard_composition_gate,GroundedResidualEnergyCompositionHard,true_mcq_grec_hard,,
MMStar,Qwen2-VL-7B_Biased_Test,653,vcf_only,vcf_only,A,B,0.0,0,1,0.0,0.8474843602653738,A,A,A,A,4,4,0,gray,gray,A,A,A,1,0,MCQ,grec_hard_composition_gate,GroundedResidualEnergyCompositionHard,true_mcq_grec_hard,,
MMStar,Qwen2-VL-7B_Biased_Test,656,tcf_only,vcf_only,D,B,0.0,0,1,0.0,1.0,D,D,D,D,4,4,0,gray,gray,D,D,D,1,0,MCQ,grec_hard_composition_gate,GroundedResidualEnergyCompositionHard,true_mcq_grec_hard,,
MMStar,Qwen2-VL-7B_Biased_Test,659,vcf_only,vcf_only,B,B,1.0,0,1,0.0,0.695420416277118,A,A,A,B,3,3,1,gray,gray,B,B,B,0,0,MCQ,grec_hard_composition_gate,GroundedResidualEnergyCompositionHard,true_mcq_grec_hard,,
MMStar,Qwen2-VL-7B_Biased_Test,669,vcf_only,vcf_only,B,B,1.0,0,1,0.0,0.020735978077835955,D,D,D,B,4,4,1,gray,gray,B,B,B,0,0,MCQ,grec_hard_composition_gate,GroundedResidualEnergyCompositionHard,true_mcq_grec_hard,,
MMStar,Qwen2-VL-7B_Biased_Test,679,vcf_only,vcf_only,B,B,1.0,0,1,0.0,0.1331418719764847,A,A,A,B,4,4,1,gray,gray,B,B,B,0,0,MCQ,grec_hard_composition_gate,GroundedResidualEnergyCompositionHard,true_mcq_grec_hard,,
MMStar,Qwen2-VL-7B_Biased_Test,681,vcf_only,vcf_only,C,D,0.0,0,1,0.0,0.38206497989232596,B,B,A,C,4,4,1,gray,centermask,C,C,C,0,0,MCQ,grec_hard_composition_gate,GroundedResidualEnergyCompositionHard,true_mcq_grec_hard,,
MMStar,Qwen2-VL-7B_Biased_Test,688,tcf_only,tcf_only,D,D,1.0,1,0,0.45421448211933796,0.0,D,D,D,D,1,4,0,centermask,centermask,D,D,D,1,0,MCQ,grec_hard_composition_gate,GroundedResidualEnergyCompositionHard,true_mcq_grec_hard,,
MMStar,Qwen2-VL-7B_Biased_Test,737,vcf_only,vcf_only,A,B,0.0,0,1,0.0,0.769452016151714,D,D,D,A,4,4,1,gray,gray,A,A,A,0,0,MCQ,grec_hard_composition_gate,GroundedResidualEnergyCompositionHard,true_mcq_grec_hard,,
MMStar,Qwen2-VL-7B_Biased_Test,738,tcf_only,neither,A,A,1.0,0,0,0.0,0.0,A,A,A,A,4,4,0,strongblur,centermask,A,A,A,1,0,MCQ,grec_hard_composition_gate,GroundedResidualEnergyCompositionHard,true_mcq_grec_hard,,
MMStar,Qwen2-VL-7B_Biased_Test,739,vcf_only,vcf_only,A,A,1.0,0,1,0.0,0.16833177387478165,C,C,C,A,4,4,1,centermask,centermask,A,A,A,0,0,MCQ,grec_hard_composition_gate,GroundedResidualEnergyCompositionHard,true_mcq_grec_hard,,
MMStar,Qwen2-VL-7B_Biased_Test,752,vcf_only,vcf_only,B,D,0.0,0,1,0.0,0.4526776760504458,B,B,B,B,4,4,0,gray,gray,B,B,B,1,0,MCQ,grec_hard_composition_gate,GroundedResidualEnergyCompositionHard,true_mcq_grec_hard,,
MMStar,Qwen2-VL-7B_Biased_Test,754,vcf_only,vcf_only,B,B,1.0,0,1,0.0,0.9376215556498743,B,D,D,B,4,4,0,centermask,centermask,B,B,B,1,0,MCQ,grec_hard_composition_gate,GroundedResidualEnergyCompositionHard,true_mcq_grec_hard,,
MMStar,Qwen2-VL-7B_Biased_Test,757,vcf_only,neither,C,B,0.0,0,0,0.0,0.0,C,C,C,C,4,4,1,centermask,centermask,C,C,C,1,0,MCQ,grec_hard_composition_gate,GroundedResidualEnergyCompositionHard,true_mcq_grec_hard,,
MMStar,Qwen2-VL-7B_Biased_Test,761,vcf_only,neither,C,D,0.0,0,0,0.0,0.0,D,C,C,C,4,4,1,gray,gray,C,C,C,0,0,MCQ,grec_hard_composition_gate,GroundedResidualEnergyCompositionHard,true_mcq_grec_hard,,
MMStar,Qwen2-VL-7B_Biased_Test,763,vcf_only,vcf_only,C,D,0.0,0,1,0.0,0.14884853932041642,A,A,A,C,4,4,1,strongblur,centermask,C,C,C,0,0,MCQ,grec_hard_composition_gate,GroundedResidualEnergyCompositionHard,true_mcq_grec_hard,,
MMStar,Qwen2-VL-7B_Biased_Test,766,vcf_only,vcf_only,B,B,1.0,0,1,0.0,0.04076131326419248,C,C,C,A,4,4,1,centermask,centermask,B,B,B,0,0,MCQ,grec_hard_composition_gate,GroundedResidualEnergyCompositionHard,true_mcq_grec_hard,,
MMStar,Qwen2-VL-7B_Biased_Test,781,vcf_only,vcf_only,B,A,0.0,0,1,0.0,0.24487547891957995,C,C,C,D,4,4,1,centermask,centermask,B,B,B,0,0,MCQ,grec_hard_composition_gate,GroundedResidualEnergyCompositionHard,true_mcq_grec_hard,,
MMStar,Qwen2-VL-7B_Biased_Test,786,vcf_only,vcf_only,D,A,0.0,0,1,0.0,1.0,D,D,C,D,4,4,0,centermask,centermask,D,D,D,1,0,MCQ,grec_hard_composition_gate,GroundedResidualEnergyCompositionHard,true_mcq_grec_hard,,
MMStar,Qwen2-VL-7B_Biased_Test,787,vcf_only,vcf_only,D,A,0.0,0,1,0.0,0.7205088636698395,B,C,C,D,4,4,1,gray,gray,D,D,D,0,0,MCQ,grec_hard_composition_gate,GroundedResidualEnergyCompositionHard,true_mcq_grec_hard,,
MMStar,Qwen2-VL-7B_Biased_Test,789,tcf_only,neither,B,B,1.0,0,0,0.0,0.0,B,B,B,B,4,4,0,strongblur,centermask,B,B,B,1,0,MCQ,grec_hard_composition_gate,GroundedResidualEnergyCompositionHard,true_mcq_grec_hard,,
MMStar,Qwen2-VL-7B_Biased_Test,791,vcf_only,vcf_only,D,D,1.0,0,1,0.0,0.013317774144075758,C,C,C,D,4,4,1,gray,gray,D,D,D,0,0,MCQ,grec_hard_composition_gate,GroundedResidualEnergyCompositionHard,true_mcq_grec_hard,,
MMStar,Qwen2-VL-7B_Biased_Test,794,vcf_only,both,C,A,0.0,1,1,0.4871606689105164,1.0,C,A,A,A,2,4,1,strongblur,strongblur,A,C,C,0,1,MCQ,grec_hard_composition_gate,GroundedResidualEnergyCompositionHard,true_mcq_grec_hard,,
MMStar,Qwen2-VL-7B_Biased_Test,796,vcf_only,both,C,B,0.0,1,1,0.45421448211933796,0.9571326493902484,C,C,C,B,1,4,1,strongblur,gray,D,C,C,0,1,MCQ,grec_hard_composition_gate,GroundedResidualEnergyCompositionHard,true_mcq_grec_hard,,
MMStar,Qwen2-VL-7B_Biased_Test,799,vcf_only,both,B,D,0.0,1,1,0.05242904354979968,0.7966893953158953,B,A,B,B,3,4,0,gray,centermask,B,B,B,1,0,MCQ,grec_hard_composition_gate,GroundedResidualEnergyCompositionHard,true_mcq_grec_hard,,
MMStar,Qwen2-VL-7B_Biased_Test,804,vcf_only,vcf_only,A,A,1.0,0,1,0.0,0.09337359827582536,C,C,C,C,4,4,1,gray,gray,A,A,A,1,0,MCQ,grec_hard_composition_gate,GroundedResidualEnergyCompositionHard,true_mcq_grec_hard,,
MMStar,Qwen2-VL-7B_Biased_Test,818,tcf_only,neither,B,C,0.0,0,0,0.0,0.0,C,C,C,D,4,4,1,strongblur,centermask,B,B,B,0,0,MCQ,grec_hard_composition_gate,GroundedResidualEnergyCompositionHard,true_mcq_grec_hard,,
MMStar,Qwen2-VL-7B_Biased_Test,834,vcf_only,vcf_only,C,C,1.0,0,1,0.0,1.0,C,C,C,C,4,4,0,gray,gray,C,C,C,1,0,MCQ,grec_hard_composition_gate,GroundedResidualEnergyCompositionHard,true_mcq_grec_hard,,
MMStar,Qwen2-VL-7B_Biased_Test,851,vcf_only,vcf_only,A,A,1.0,0,1,0.0,1.0,A,B,B,B,2,2,0,centermask,centermask,A,A,A,0,0,MCQ,grec_hard_composition_gate,GroundedResidualEnergyCompositionHard,true_mcq_grec_hard,,
MMStar,Qwen2-VL-7B_Biased_Test,856,vcf_only,neither,C,A,0.0,0,0,0.0,0.0,C,C,C,C,4,4,0,gray,gray,C,C,C,1,0,MCQ,grec_hard_composition_gate,GroundedResidualEnergyCompositionHard,true_mcq_grec_hard,,
MMStar,Qwen2-VL-7B_Biased_Test,859,vcf_only,vcf_only,C,D,0.0,0,1,0.0,0.5288985621267732,C,C,C,C,4,4,0,centermask,centermask,C,C,C,1,0,MCQ,grec_hard_composition_gate,GroundedResidualEnergyCompositionHard,true_mcq_grec_hard,,
MMStar,Qwen2-VL-7B_Biased_Test,861,vcf_only,both,A,A,1.0,1,1,0.015399186330382553,1.0,A,B,B,B,1,2,1,centermask,centermask,B,A,A,0,1,MCQ,grec_hard_composition_gate,GroundedResidualEnergyCompositionHard,true_mcq_grec_hard,,
MMStar,Qwen2-VL-7B_Biased_Test,892,vcf_only,vcf_only,D,A,0.0,0,1,0.0,0.6075907855277574,B,B,B,B,4,4,1,gray,gray,D,D,D,1,0,MCQ,grec_hard_composition_gate,GroundedResidualEnergyCompositionHard,true_mcq_grec_hard,,
MMStar,Qwen2-VL-7B_Biased_Test,901,vcf_only,vcf_only,A,A,1.0,0,1,0.0,0.38206497989232596,A,A,A,A,2,2,0,gray,centermask,A,A,A,1,0,MCQ,grec_hard_composition_gate,GroundedResidualEnergyCompositionHard,true_mcq_grec_hard,,
MMStar,Qwen2-VL-7B_Biased_Test,909,vcf_only,vcf_only,A,A,1.0,0,1,0.0,0.6616118952087627,B,A,B,A,2,2,1,centermask,centermask,A,A,A,0,0,MCQ,grec_hard_composition_gate,GroundedResidualEnergyCompositionHard,true_mcq_grec_hard,,
MMStar,Qwen2-VL-7B_Biased_Test,917,vcf_only,vcf_only,B,B,1.0,0,1,0.0,0.10812098505420495,A,A,A,B,4,4,1,gray,gray,B,B,B,0,0,MCQ,grec_hard_composition_gate,GroundedResidualEnergyCompositionHard,true_mcq_grec_hard,,
MMStar,Qwen2-VL-7B_Biased_Test,919,vcf_only,vcf_only,C,C,1.0,0,1,0.0,0.345361834544805,B,C,C,C,4,4,1,centermask,centermask,C,C,C,0,0,MCQ,grec_hard_composition_gate,GroundedResidualEnergyCompositionHard,true_mcq_grec_hard,,
MMStar,Qwen2-VL-7B_Biased_Test,926,both,both,C,C,1.0,1,1,1.0,0.7413631778712388,C,D,D,D,1,4,1,centermask,centermask,C,C,C,0,1,MCQ,grec_hard_composition_gate,GroundedResidualEnergyCompositionHard,true_mcq_grec_hard,,
MMStar,Qwen2-VL-7B_Biased_Test,928,both,both,B,C,0.0,1,1,1.0,0.38206497989232596,B,D,D,B,1,4,0,strongblur,centermask,B,B,B,1,0,MCQ,grec_hard_composition_gate,GroundedResidualEnergyCompositionHard,true_mcq_grec_hard,,
MMStar,Qwen2-VL-7B_Biased_Test,931,vcf_only,vcf_only,A,A,1.0,0,1,0.0,0.9964343902390258,B,B,B,A,2,2,1,strongblur,strongblur,A,A,A,0,0,MCQ,grec_hard_composition_gate,GroundedResidualEnergyCompositionHard,true_mcq_grec_hard,,
MMStar,Qwen2-VL-7B_Biased_Test,933,vcf_only,vcf_only,A,C,0.0,0,1,0.0,0.3657247703381892,A,A,A,A,4,4,0,gray,gray,A,A,A,1,0,MCQ,grec_hard_composition_gate,GroundedResidualEnergyCompositionHard,true_mcq_grec_hard,,
MMStar,Qwen2-VL-7B_Biased_Test,937,vcf_only,vcf_only,B,A,0.0,0,1,0.0,1.0,B,D,D,B,4,4,0,strongblur,centermask,B,B,B,1,0,MCQ,grec_hard_composition_gate,GroundedResidualEnergyCompositionHard,true_mcq_grec_hard,,
MMStar,Qwen2-VL-7B_Biased_Test,938,vcf_only,vcf_only,B,C,0.0,0,1,0.0,0.025295977521291535,B,B,B,B,4,4,0,gray,gray,B,B,B,1,0,MCQ,grec_hard_composition_gate,GroundedResidualEnergyCompositionHard,true_mcq_grec_hard,,
MMStar,Qwen2-VL-7B_Biased_Test,946,tcf_only,neither,B,B,1.0,0,0,0.0,0.0,B,B,B,B,4,4,0,centermask,centermask,B,B,B,1,0,MCQ,grec_hard_composition_gate,GroundedResidualEnergyCompositionHard,true_mcq_grec_hard,,
MMStar,Qwen2-VL-7B_Biased_Test,951,tcf_only,tcf_only,A,C,0.0,1,0,0.4938667472541143,0.0,A,B,A,A,1,4,0,gray,centermask,A,A,A,1,0,MCQ,grec_hard_composition_gate,GroundedResidualEnergyCompositionHard,true_mcq_grec_hard,,
MMStar,Qwen2-VL-7B_Biased_Test,954,vcf_only,neither,D,C,0.0,0,0,0.0,0.0,D,D,D,D,4,4,0,centermask,centermask,D,D,D,1,0,MCQ,grec_hard_composition_gate,GroundedResidualEnergyCompositionHard,true_mcq_grec_hard,,
MMStar,Qwen2-VL-7B_Biased_Test,964,vcf_only,vcf_only,C,B,0.0,0,1,0.0,0.017093739615033295,C,C,C,C,4,4,0,gray,gray,C,C,C,1,0,MCQ,grec_hard_composition_gate,GroundedResidualEnergyCompositionHard,true_mcq_grec_hard,,
MMStar,Qwen2-VL-7B_Biased_Test,967,vcf_only,neither,C,B,0.0,0,0,0.0,0.0,C,C,C,C,4,4,0,gray,gray,C,C,C,1,0,MCQ,grec_hard_composition_gate,GroundedResidualEnergyCompositionHard,true_mcq_grec_hard,,
MMStar,Qwen2-VL-7B_Biased_Test,968,vcf_only,neither,D,A,0.0,0,0,0.0,0.0,B,D,A,A,4,4,1,strongblur,centermask,D,D,D,0,0,MCQ,grec_hard_composition_gate,GroundedResidualEnergyCompositionHard,true_mcq_grec_hard,,
MMStar,Qwen2-VL-7B_Biased_Test,982,vcf_only,vcf_only,C,B,0.0,0,1,0.0,0.16805511907581883,D,C,D,C,4,4,1,centermask,centermask,C,C,C,0,0,MCQ,grec_hard_composition_gate,GroundedResidualEnergyCompositionHard,true_mcq_grec_hard,,
MMStar,Qwen2-VL-7B_Biased_Test,1001,tcf_only,tcf_only,A,B,0.0,1,0,0.017027536449162276,0.0,A,A,A,A,1,4,0,centermask,centermask,A,A,A,1,0,MCQ,grec_hard_composition_gate,GroundedResidualEnergyCompositionHard,true_mcq_grec_hard,,
MMStar,Qwen2-VL-7B_Biased_Test,1002,vcf_only,vcf_only,D,A,0.0,0,1,0.0,0.8778134140024425,B,B,B,D,4,4,1,strongblur,strongblur,D,D,D,0,0,MCQ,grec_hard_composition_gate,GroundedResidualEnergyCompositionHard,true_mcq_grec_hard,,
MMStar,Qwen2-VL-7B_Biased_Test,1003,tcf_only,tcf_only,B,A,0.0,1,0,0.49769917445095363,0.0,B,B,B,C,1,4,1,gray,centermask,B,B,B,0,0,MCQ,grec_hard_composition_gate,GroundedResidualEnergyCompositionHard,true_mcq_grec_hard,,
MMStar,Qwen2-VL-7B_Biased_Test,1006,vcf_only,vcf_only,D,D,1.0,0,1,0.0,0.9063213013143027,B,B,B,C,4,4,1,strongblur,gray,D,D,D,0,0,MCQ,grec_hard_composition_gate,GroundedResidualEnergyCompositionHard,true_mcq_grec_hard,,
MMStar,Qwen2-VL-7B_Biased_Test,1012,vcf_only,vcf_only,A,A,1.0,0,1,0.0,0.8877779908572697,A,A,A,A,4,4,0,centermask,centermask,A,A,A,1,0,MCQ,grec_hard_composition_gate,GroundedResidualEnergyCompositionHard,true_mcq_grec_hard,,
MMStar,Qwen2-VL-7B_Biased_Test,1013,vcf_only,vcf_only,D,C,0.0,0,1,0.0,0.2974342434110005,A,A,A,A,4,4,1,centermask,centermask,D,D,D,1,0,MCQ,grec_hard_composition_gate,GroundedResidualEnergyCompositionHard,true_mcq_grec_hard,,
MMStar,Qwen2-VL-7B_Biased_Test,1016,vcf_only,vcf_only,A,B,0.0,0,1,0.0,0.9451316911619941,C,C,C,B,4,4,1,gray,gray,A,A,A,0,0,MCQ,grec_hard_composition_gate,GroundedResidualEnergyCompositionHard,true_mcq_grec_hard,,
MMStar,Qwen2-VL-7B_Biased_Test,1018,tcf_only,both,A,C,0.0,1,1,1.0,1.0,A,C,C,A,4,4,0,strongblur,strongblur,A,A,A,1,0,MCQ,grec_hard_composition_gate,GroundedResidualEnergyCompositionHard,true_mcq_grec_hard,,
MMStar,Qwen2-VL-7B_Biased_Test,1019,both,vcf_only,A,C,0.0,0,1,0.0,0.8895126667597525,B,A,A,A,4,4,1,strongblur,strongblur,A,A,A,0,0,MCQ,grec_hard_composition_gate,GroundedResidualEnergyCompositionHard,true_mcq_grec_hard,,
MMStar,Qwen2-VL-7B_Biased_Test,1033,vcf_only,vcf_only,C,D,0.0,0,1,0.0,0.25745942863138466,C,C,C,C,4,4,0,gray,gray,C,C,C,1,0,MCQ,grec_hard_composition_gate,GroundedResidualEnergyCompositionHard,true_mcq_grec_hard,,
MMStar,Qwen2-VL-7B_Biased_Test,1041,vcf_only,both,C,C,1.0,1,1,0.07145471024933658,1.0,C,C,C,C,3,4,0,strongblur,centermask,C,C,C,1,0,MCQ,grec_hard_composition_gate,GroundedResidualEnergyCompositionHard,true_mcq_grec_hard,,
MMStar,Qwen2-VL-7B_Biased_Test,1043,both,both,A,A,1.0,1,1,0.4549697612720906,1.0,A,A,A,A,1,4,0,centermask,centermask,A,A,A,1,0,MCQ,grec_hard_composition_gate,GroundedResidualEnergyCompositionHard,true_mcq_grec_hard,,
MMStar,Qwen2-VL-7B_Biased_Test,1044,vcf_only,vcf_only,D,A,0.0,0,1,0.0,0.08860257209972844,C,C,C,D,4,4,1,gray,gray,D,D,D,0,0,MCQ,grec_hard_composition_gate,GroundedResidualEnergyCompositionHard,true_mcq_grec_hard,,
MMStar,Qwen2-VL-7B_Biased_Test,1049,vcf_only,both,C,D,0.0,1,1,0.0513015862114752,1.0,C,A,A,C,4,4,0,centermask,centermask,C,C,C,1,0,MCQ,grec_hard_composition_gate,GroundedResidualEnergyCompositionHard,true_mcq_grec_hard,,
MMStar,Qwen2-VL-7B_Biased_Test,1051,vcf_only,vcf_only,B,A,0.0,0,1,0.0,0.5832614388448127,C,C,C,C,4,4,1,gray,gray,B,B,B,1,0,MCQ,grec_hard_composition_gate,GroundedResidualEnergyCompositionHard,true_mcq_grec_hard,,
MMStar,Qwen2-VL-7B_Biased_Test,1052,vcf_only,vcf_only,D,D,1.0,0,1,0.0,0.32377579944479923,A,B,B,B,4,4,1,gray,gray,D,D,D,0,0,MCQ,grec_hard_composition_gate,GroundedResidualEnergyCompositionHard,true_mcq_grec_hard,,
MMStar,Qwen2-VL-7B_Biased_Test,1057,vcf_only,vcf_only,A,A,1.0,0,1,0.0,0.889493412268135,A,C,C,A,4,4,0,gray,gray,A,A,A,1,0,MCQ,grec_hard_composition_gate,GroundedResidualEnergyCompositionHard,true_mcq_grec_hard,,
MMStar,Qwen2-VL-7B_Biased_Test,1058,vcf_only,both,B,D,0.0,1,1,0.06936633419319337,0.8012352393696044,B,B,B,B,3,4,0,centermask,centermask,B,B,B,1,0,MCQ,grec_hard_composition_gate,GroundedResidualEnergyCompositionHard,true_mcq_grec_hard,,
MMStar,Qwen2-VL-7B_Biased_Test,1059,vcf_only,vcf_only,D,C,0.0,0,1,0.0,0.7649868771377821,B,B,B,B,4,4,1,gray,gray,D,D,D,1,0,MCQ,grec_hard_composition_gate,GroundedResidualEnergyCompositionHard,true_mcq_grec_hard,,
MMStar,Qwen2-VL-7B_Biased_Test,1066,both,both,B,A,0.0,1,1,0.041764211397032604,0.26354402202578114,B,B,B,C,4,4,1,centermask,centermask,C,B,B,0,1,MCQ,grec_hard_composition_gate,GroundedResidualEnergyCompositionHard,true_mcq_grec_hard,,
MMStar,Qwen2-VL-7B_Biased_Test,1068,vcf_only,vcf_only,A,C,0.0,0,1,0.0,0.8660661511941643,C,B,B,B,4,4,1,gray,gray,A,A,A,0,0,MCQ,grec_hard_composition_gate,GroundedResidualEnergyCompositionHard,true_mcq_grec_hard,,
MMStar,Qwen2-VL-7B_Biased_Test,1071,tcf_only,neither,C,B,0.0,0,0,0.0,0.0,C,B,D,D,4,4,1,gray,centermask,C,C,C,0,0,MCQ,grec_hard_composition_gate,GroundedResidualEnergyCompositionHard,true_mcq_grec_hard,,
MMStar,Qwen2-VL-7B_Biased_Test,1073,vcf_only,vcf_only,D,B,0.0,0,1,0.0,0.7540293564404851,A,A,A,B,4,4,1,gray,centermask,D,D,D,0,0,MCQ,grec_hard_composition_gate,GroundedResidualEnergyCompositionHard,true_mcq_grec_hard,,
MMStar,Qwen2-VL-7B_Biased_Test,1077,vcf_only,vcf_only,B,D,0.0,0,1,0.0,0.25189507720379634,B,B,B,B,4,4,0,strongblur,strongblur,B,B,B,1,0,MCQ,grec_hard_composition_gate,GroundedResidualEnergyCompositionHard,true_mcq_grec_hard,,
MMStar,Qwen2-VL-7B_Biased_Test,1079,vcf_only,vcf_only,A,D,0.0,0,1,0.0,0.7262962402233851,B,B,B,B,4,4,1,gray,gray,A,A,A,1,0,MCQ,grec_hard_composition_gate,GroundedResidualEnergyCompositionHard,true_mcq_grec_hard,,
MMStar,Qwen2-VL-7B_Biased_Test,1081,vcf_only,vcf_only,B,B,1.0,0,1,0.0,0.3803618731280321,D,D,D,B,4,4,1,strongblur,strongblur,B,B,B,0,0,MCQ,grec_hard_composition_gate,GroundedResidualEnergyCompositionHard,true_mcq_grec_hard,,
MMStar,Qwen2-VL-7B_Biased_Test,1082,vcf_only,vcf_only,D,D,1.0,0,1,0.0,0.8343715004543547,B,B,B,B,4,4,1,gray,gray,D,D,D,1,0,MCQ,grec_hard_composition_gate,GroundedResidualEnergyCompositionHard,true_mcq_grec_hard,,
MMStar,Qwen2-VL-7B_Biased_Test,1086,vcf_only,vcf_only,C,A,0.0,0,1,0.0,1.0,A,B,B,A,3,3,1,strongblur,gray,C,C,C,1,0,MCQ,grec_hard_composition_gate,GroundedResidualEnergyCompositionHard,true_mcq_grec_hard,,
MMStar,Qwen2-VL-7B_Biased_Test,1092,vcf_only,vcf_only,A,B,0.0,0,1,0.0,0.023155353917129366,C,C,C,A,4,4,1,gray,gray,A,A,A,0,0,MCQ,grec_hard_composition_gate,GroundedResidualEnergyCompositionHard,true_mcq_grec_hard,,
MMStar,Qwen2-VL-7B_Biased_Test,1108,vcf_only,vcf_only,D,A,0.0,0,1,0.0,0.5879449909151764,A,C,C,C,4,4,1,gray,gray,D,D,D,0,0,MCQ,grec_hard_composition_gate,GroundedResidualEnergyCompositionHard,true_mcq_grec_hard,,
MMStar,Qwen2-VL-7B_Biased_Test,1119,vcf_only,vcf_only,B,A,0.0,0,1,0.0,0.9000530440692038,A,C,C,B,4,4,1,gray,gray,B,B,B,0,0,MCQ,grec_hard_composition_gate,GroundedResidualEnergyCompositionHard,true_mcq_grec_hard,,
MMStar,Qwen2-VL-7B_Biased_Test,1121,vcf_only,both,B,D,0.0,1,1,0.09862241224971534,0.923929676124108,B,B,B,D,2,4,1,centermask,centermask,D,B,B,0,1,MCQ,grec_hard_composition_gate,GroundedResidualEnergyCompositionHard,true_mcq_grec_hard,,
MMStar,Qwen2-VL-7B_Biased_Test,1132,tcf_only,tcf_only,D,A,0.0,1,0,1.0,0.0,D,B,D,B,2,4,1,centermask,centermask,D,D,D,0,0,MCQ,grec_hard_composition_gate,GroundedResidualEnergyCompositionHard,true_mcq_grec_hard,,
MMStar,Qwen2-VL-7B_Biased_Test,1134,both,both,B,C,0.0,1,1,0.5840606387178325,0.7449884078899847,D,D,D,D,2,4,1,gray,gray,B,B,D,1,0,MCQ,grec_hard_composition_gate,GroundedResidualEnergyCompositionHard,true_mcq_grec_hard,,
MMStar,Qwen2-VL-7B_Biased_Test,1136,vcf_only,vcf_only,A,A,1.0,0,1,0.0,0.902421447673894,B,B,B,A,4,4,1,centermask,centermask,A,A,A,0,0,MCQ,grec_hard_composition_gate,GroundedResidualEnergyCompositionHard,true_mcq_grec_hard,,
MMStar,Qwen2-VL-7B_Biased_Test,1137,vcf_only,vcf_only,B,D,0.0,0,1,0.0,0.29732338435156697,A,A,A,B,4,4,1,gray,gray,B,B,B,0,0,MCQ,grec_hard_composition_gate,GroundedResidualEnergyCompositionHard,true_mcq_grec_hard,,
MMStar,Qwen2-VL-7B_Biased_Test,1139,tcf_only,both,D,A,0.0,1,1,1.0,0.6913125756728471,D,D,A,D,1,4,0,centermask,centermask,D,D,D,1,0,MCQ,grec_hard_composition_gate,GroundedResidualEnergyCompositionHard,true_mcq_grec_hard,,
MMStar,Qwen2-VL-7B_Biased_Test,1143,vcf_only,vcf_only,A,A,1.0,0,1,0.0,0.9714407091290548,D,B,B,B,4,4,1,centermask,centermask,A,A,A,0,0,MCQ,grec_hard_composition_gate,GroundedResidualEnergyCompositionHard,true_mcq_grec_hard,,
MMStar,Qwen2-VL-7B_Biased_Test,1147,vcf_only,vcf_only,A,D,0.0,0,1,0.0,0.6577102053027274,B,B,B,A,4,4,1,gray,gray,A,A,A,0,0,MCQ,grec_hard_composition_gate,GroundedResidualEnergyCompositionHard,true_mcq_grec_hard,,
MMStar,Qwen2-VL-7B_Biased_Test,1159,vcf_only,vcf_only,D,D,1.0,0,1,0.0,1.0,B,A,A,D,4,4,1,centermask,centermask,D,D,D,0,0,MCQ,grec_hard_composition_gate,GroundedResidualEnergyCompositionHard,true_mcq_grec_hard,,
MMStar,Qwen2-VL-7B_Biased_Test,1166,vcf_only,vcf_only,D,C,0.0,0,1,0.0,0.7804753648400962,B,B,B,B,4,4,1,gray,gray,D,D,D,1,0,MCQ,grec_hard_composition_gate,GroundedResidualEnergyCompositionHard,true_mcq_grec_hard,,
MMStar,Qwen2-VL-7B_Biased_Test,1167,vcf_only,vcf_only,B,A,0.0,0,1,0.0,0.8008023668978679,A,C,A,B,4,4,1,centermask,centermask,B,B,B,0,0,MCQ,grec_hard_composition_gate,GroundedResidualEnergyCompositionHard,true_mcq_grec_hard,,
MMStar,Qwen2-VL-7B_Biased_Test,1172,vcf_only,vcf_only,A,A,1.0,0,1,0.0,0.29794308512330137,B,B,B,B,4,4,1,centermask,centermask,A,A,A,1,0,MCQ,grec_hard_composition_gate,GroundedResidualEnergyCompositionHard,true_mcq_grec_hard,,
MMStar,Qwen2-VL-7B_Biased_Test,1174,tcf_only,tcf_only,D,C,0.0,1,0,1.0,0.0,D,C,C,C,1,4,0,strongblur,centermask,D,D,D,0,0,MCQ,grec_hard_composition_gate,GroundedResidualEnergyCompositionHard,true_mcq_grec_hard,,
MMStar,Qwen2-VL-7B_Biased_Test,1177,vcf_only,vcf_only,A,B,0.0,0,1,0.0,0.8975477300726267,C,C,C,A,4,4,1,centermask,centermask,A,A,A,0,0,MCQ,grec_hard_composition_gate,GroundedResidualEnergyCompositionHard,true_mcq_grec_hard,,
MMStar,Qwen2-VL-7B_Biased_Test,1192,vcf_only,vcf_only,C,A,0.0,0,1,0.0,0.22262000872670196,B,C,B,C,4,4,1,centermask,centermask,C,C,C,0,0,MCQ,grec_hard_composition_gate,GroundedResidualEnergyCompositionHard,true_mcq_grec_hard,,
MMStar,Qwen2-VL-7B_Biased_Test,1194,both,vcf_only,B,D,0.0,0,1,0.0,0.28878068917368355,A,B,B,B,4,4,1,gray,centermask,B,B,B,0,0,MCQ,grec_hard_composition_gate,GroundedResidualEnergyCompositionHard,true_mcq_grec_hard,,
MMStar,Qwen2-VL-7B_Biased_Test,1198,vcf_only,vcf_only,C,D,0.0,0,1,0.0,0.7255698799149972,C,C,C,C,4,4,0,gray,gray,C,C,C,1,0,MCQ,grec_hard_composition_gate,GroundedResidualEnergyCompositionHard,true_mcq_grec_hard,,
MMStar,Qwen2-VL-7B_Biased_Test,1203,vcf_only,vcf_only,B,A,0.0,0,1,0.0,0.38206497989232596,A,B,B,B,2,2,1,centermask,centermask,B,B,B,0,0,MCQ,grec_hard_composition_gate,GroundedResidualEnergyCompositionHard,true_mcq_grec_hard,,
MMStar,Qwen2-VL-7B_Biased_Test,1204,vcf_only,both,D,B,0.0,1,1,0.03764932467187384,0.9490480349096119,D,D,D,A,3,4,1,centermask,centermask,A,D,D,0,1,MCQ,grec_hard_composition_gate,GroundedResidualEnergyCompositionHard,true_mcq_grec_hard,,
MMStar,Qwen2-VL-7B_Biased_Test,1207,vcf_only,both,A,C,0.0,1,1,0.03488810660247052,0.961535992196151,A,A,A,C,3,4,1,gray,centermask,C,A,A,0,1,MCQ,grec_hard_composition_gate,GroundedResidualEnergyCompositionHard,true_mcq_grec_hard,,
MMStar,Qwen2-VL-7B_Biased_Test,1212,vcf_only,neither,B,D,0.0,0,0,0.0,0.0,B,B,B,B,4,4,0,gray,gray,B,B,B,1,0,MCQ,grec_hard_composition_gate,GroundedResidualEnergyCompositionHard,true_mcq_grec_hard,,
MMStar,Qwen2-VL-7B_Biased_Test,1214,vcf_only,vcf_only,A,D,0.0,0,1,0.0,0.9488560315502805,B,B,B,B,4,4,1,gray,gray,A,A,A,1,0,MCQ,grec_hard_composition_gate,GroundedResidualEnergyCompositionHard,true_mcq_grec_hard,,
MMStar,Qwen2-VL-7B_Biased_Test,1216,vcf_only,vcf_only,C,A,0.0,0,1,0.0,0.9639845843982957,B,B,B,A,4,4,1,gray,gray,C,C,C,0,0,MCQ,grec_hard_composition_gate,GroundedResidualEnergyCompositionHard,true_mcq_grec_hard,,
MMStar,Qwen2-VL-7B_Biased_Test,1218,vcf_only,both,C,C,1.0,1,1,0.034569503046338844,1.0,C,D,D,B,4,4,1,strongblur,strongblur,B,C,C,0,1,MCQ,grec_hard_composition_gate,GroundedResidualEnergyCompositionHard,true_mcq_grec_hard,,
MMStar,Qwen2-VL-7B_Biased_Test,1222,vcf_only,vcf_only,D,D,1.0,0,1,0.0,0.047437021282817876,B,B,B,B,4,4,1,gray,gray,D,D,D,1,0,MCQ,grec_hard_composition_gate,GroundedResidualEnergyCompositionHard,true_mcq_grec_hard,,
MMStar,Qwen2-VL-7B_Biased_Test,1228,tcf_only,tcf_only,D,D,1.0,1,0,1.0,0.0,D,D,D,B,1,4,1,gray,gray,D,D,D,0,0,MCQ,grec_hard_composition_gate,GroundedResidualEnergyCompositionHard,true_mcq_grec_hard,,
MMStar,Qwen2-VL-7B_Biased_Test,1234,vcf_only,neither,C,D,0.0,0,0,0.0,0.0,D,C,C,A,4,4,1,centermask,centermask,C,C,C,0,0,MCQ,grec_hard_composition_gate,GroundedResidualEnergyCompositionHard,true_mcq_grec_hard,,
MMStar,Qwen2-VL-7B_Biased_Test,1238,vcf_only,vcf_only,A,A,1.0,0,1,0.0,1.0,A,D,D,A,4,4,0,strongblur,centermask,A,A,A,1,0,MCQ,grec_hard_composition_gate,GroundedResidualEnergyCompositionHard,true_mcq_grec_hard,,
MMStar,Qwen2-VL-7B_Biased_Test,1239,both,both,D,C,0.0,1,1,1.0,1.0,D,D,B,C,1,4,1,strongblur,gray,D,D,D,0,1,MCQ,grec_hard_composition_gate,GroundedResidualEnergyCompositionHard,true_mcq_grec_hard,,
MMStar,Qwen2-VL-7B_Biased_Test,1243,tcf_only,tcf_only,B,D,0.0,1,0,0.09416486817283795,0.0,B,B,B,B,2,4,0,strongblur,strongblur,B,B,B,1,0,MCQ,grec_hard_composition_gate,GroundedResidualEnergyCompositionHard,true_mcq_grec_hard,,
MMStar,Qwen2-VL-7B_Biased_Test,1248,vcf_only,neither,C,D,0.0,0,0,0.0,0.0,C,C,C,B,4,4,1,gray,gray,C,C,C,0,0,MCQ,grec_hard_composition_gate,GroundedResidualEnergyCompositionHard,true_mcq_grec_hard,,
MMStar,Qwen2-VL-7B_Biased_Test,1249,tcf_only,both,C,B,0.0,1,1,0.460162392056923,0.375192090729,C,C,C,C,2,4,0,centermask,centermask,C,C,C,1,0,MCQ,grec_hard_composition_gate,GroundedResidualEnergyCompositionHard,true_mcq_grec_hard,,
MMStar,Qwen2-VL-7B_Biased_Test,1251,vcf_only,vcf_only,A,B,0.0,0,1,0.0,0.6583740677915589,A,A,A,A,4,4,0,gray,gray,A,A,A,1,0,MCQ,grec_hard_composition_gate,GroundedResidualEnergyCompositionHard,true_mcq_grec_hard,,
MMStar,Qwen2-VL-7B_Biased_Test,1252,vcf_only,vcf_only,D,A,0.0,0,1,0.0,0.8987213845589757,C,C,C,B,4,4,1,gray,gray,D,D,D,0,0,MCQ,grec_hard_composition_gate,GroundedResidualEnergyCompositionHard,true_mcq_grec_hard,,
MMStar,Qwen2-VL-7B_Biased_Test,1257,vcf_only,neither,B,A,0.0,0,0,0.0,0.0,D,B,B,B,4,4,1,strongblur,gray,B,B,B,0,0,MCQ,grec_hard_composition_gate,GroundedResidualEnergyCompositionHard,true_mcq_grec_hard,,
MMStar,Qwen2-VL-7B_Biased_Test,1258,vcf_only,vcf_only,B,B,1.0,0,1,0.0,0.8752569265447433,A,B,B,B,4,4,1,centermask,centermask,B,B,B,0,0,MCQ,grec_hard_composition_gate,GroundedResidualEnergyCompositionHard,true_mcq_grec_hard,,
MMStar,Qwen2-VL-7B_Biased_Test,1264,vcf_only,neither,D,C,0.0,0,0,0.0,0.0,D,D,D,D,4,4,1,centermask,centermask,D,D,D,1,0,MCQ,grec_hard_composition_gate,GroundedResidualEnergyCompositionHard,true_mcq_grec_hard,,
MMStar,Qwen2-VL-7B_Biased_Test,1268,vcf_only,vcf_only,C,A,0.0,0,1,0.0,0.29249349988214346,C,C,C,C,4,4,0,gray,gray,C,C,C,1,0,MCQ,grec_hard_composition_gate,GroundedResidualEnergyCompositionHard,true_mcq_grec_hard,,
MMStar,Qwen2-VL-7B_Biased_Test,1271,vcf_only,vcf_only,A,A,1.0,0,1,0.0,0.7410357427312152,A,D,D,A,4,4,0,gray,gray,A,A,A,1,0,MCQ,grec_hard_composition_gate,GroundedResidualEnergyCompositionHard,true_mcq_grec_hard,,
MMStar,Qwen2-VL-7B_Biased_Test,1272,vcf_only,vcf_only,B,C,0.0,0,1,0.0,0.008301890753337303,B,B,B,B,4,4,0,gray,gray,B,B,B,1,0,MCQ,grec_hard_composition_gate,GroundedResidualEnergyCompositionHard,true_mcq_grec_hard,,
MMStar,Qwen2-VL-7B_Biased_Test,1279,tcf_only,both,B,A,0.0,1,1,0.03561214067548353,1.0,B,B,B,B,1,2,0,strongblur,strongblur,B,B,B,1,0,MCQ,grec_hard_composition_gate,GroundedResidualEnergyCompositionHard,true_mcq_grec_hard,,
MMStar,Qwen2-VL-7B_Biased_Test,1283,vcf_only,vcf_only,C,C,1.0,0,1,0.0,1.0,B,D,D,D,4,4,1,strongblur,centermask,C,C,C,0,0,MCQ,grec_hard_composition_gate,GroundedResidualEnergyCompositionHard,true_mcq_grec_hard,,
MMStar,Qwen2-VL-7B_Biased_Test,1287,vcf_only,vcf_only,A,A,1.0,0,1,0.0,0.960606967635433,A,B,B,A,2,2,0,strongblur,strongblur,A,A,A,1,0,MCQ,grec_hard_composition_gate,GroundedResidualEnergyCompositionHard,true_mcq_grec_hard,,
MMStar,Qwen2-VL-7B_Biased_Test,1292,vcf_only,both,A,A,1.0,1,1,0.021364294675749487,0.22314410431780854,A,D,C,D,4,4,0,centermask,centermask,A,A,A,0,1,MCQ,grec_hard_composition_gate,GroundedResidualEnergyCompositionHard,true_mcq_grec_hard,,
MMStar,Qwen2-VL-7B_Biased_Test,1296,vcf_only,vcf_only,B,B,1.0,0,1,0.0,0.47877459937235267,A,A,A,A,4,4,1,gray,gray,B,B,B,1,0,MCQ,grec_hard_composition_gate,GroundedResidualEnergyCompositionHard,true_mcq_grec_hard,,
MMStar,Qwen2-VL-7B_Biased_Test,1297,both,both,D,C,0.0,1,1,0.04688013641936856,1.0,D,D,D,D,2,4,0,centermask,centermask,D,D,D,1,0,MCQ,grec_hard_composition_gate,GroundedResidualEnergyCompositionHard,true_mcq_grec_hard,,
MMStar,Qwen2-VL-7B_Biased_Test,1298,tcf_only,both,A,A,1.0,1,1,1.0,0.37427199370075526,A,A,A,A,2,4,0,centermask,centermask,A,A,A,1,0,MCQ,grec_hard_composition_gate,GroundedResidualEnergyCompositionHard,true_mcq_grec_hard,,
MMStar,Qwen2-VL-7B_Biased_Test,1299,vcf_only,vcf_only,D,D,1.0,0,1,0.0,0.70233376183707,C,C,C,C,4,4,1,gray,gray,D,D,D,1,0,MCQ,grec_hard_composition_gate,GroundedResidualEnergyCompositionHard,true_mcq_grec_hard,,
MMStar,Qwen2-VL-7B_Biased_Test,1301,vcf_only,vcf_only,A,A,1.0,0,1,0.0,0.859324962895501,B,B,B,A,4,4,1,centermask,centermask,A,A,A,0,0,MCQ,grec_hard_composition_gate,GroundedResidualEnergyCompositionHard,true_mcq_grec_hard,,
MMStar,Qwen2-VL-7B_Biased_Test,1302,vcf_only,vcf_only,B,C,0.0,0,1,0.0,0.168351818179495,A,B,B,B,4,4,1,centermask,centermask,B,B,B,0,0,MCQ,grec_hard_composition_gate,GroundedResidualEnergyCompositionHard,true_mcq_grec_hard,,
MMStar,Qwen2-VL-7B_Biased_Test,1304,vcf_only,vcf_only,B,D,0.0,0,1,0.0,0.3126247990027319,A,C,C,C,4,4,1,gray,gray,B,B,B,0,0,MCQ,grec_hard_composition_gate,GroundedResidualEnergyCompositionHard,true_mcq_grec_hard,,
MMStar,Qwen2-VL-7B_Biased_Test,1307,both,both,C,A,0.0,1,1,0.621225102546895,0.38206497989232596,C,D,D,D,1,4,1,strongblur,strongblur,C,C,C,0,1,MCQ,grec_hard_composition_gate,GroundedResidualEnergyCompositionHard,true_mcq_grec_hard,,
MMStar,Qwen2-VL-7B_Biased_Test,1312,vcf_only,vcf_only,A,C,0.0,0,1,0.0,0.3339851283157406,A,A,A,A,4,4,0,gray,gray,A,A,A,1,0,MCQ,grec_hard_composition_gate,GroundedResidualEnergyCompositionHard,true_mcq_grec_hard,,
MMStar,Qwen2-VL-7B_Biased_Test,1317,vcf_only,vcf_only,A,B,0.0,0,1,0.0,0.052400590663885006,C,C,C,A,4,4,1,centermask,centermask,A,A,A,0,0,MCQ,grec_hard_composition_gate,GroundedResidualEnergyCompositionHard,true_mcq_grec_hard,,
MMStar,Qwen2-VL-7B_Biased_Test,1318,tcf_only,neither,B,B,1.0,0,0,0.0,0.0,D,B,B,B,4,4,1,centermask,centermask,B,B,B,0,0,MCQ,grec_hard_composition_gate,GroundedResidualEnergyCompositionHard,true_mcq_grec_hard,,
MMStar,Qwen2-VL-7B_Biased_Test,1321,vcf_only,vcf_only,A,C,0.0,0,1,0.0,0.9831460216651222,A,A,A,A,4,4,0,gray,gray,A,A,A,1,0,MCQ,grec_hard_composition_gate,GroundedResidualEnergyCompositionHard,true_mcq_grec_hard,,
MMStar,Qwen2-VL-7B_Biased_Test,1323,vcf_only,vcf_only,C,D,0.0,0,1,0.0,0.7093779578455841,B,B,B,B,4,4,1,gray,gray,C,C,C,1,0,MCQ,grec_hard_composition_gate,GroundedResidualEnergyCompositionHard,true_mcq_grec_hard,,
MMStar,Qwen2-VL-7B_Biased_Test,1326,vcf_only,vcf_only,C,B,0.0,0,1,0.0,0.9427428312703959,B,D,D,B,4,4,1,centermask,centermask,C,C,C,1,0,MCQ,grec_hard_composition_gate,GroundedResidualEnergyCompositionHard,true_mcq_grec_hard,,
MMStar,Qwen2-VL-7B_Biased_Test,1327,both,vcf_only,B,C,0.0,0,1,0.0,0.3534506146894858,B,B,A,B,4,4,0,centermask,centermask,B,B,B,1,0,MCQ,grec_hard_composition_gate,GroundedResidualEnergyCompositionHard,true_mcq_grec_hard,,
MMStar,Qwen2-VL-7B_Biased_Test,1332,tcf_only,vcf_only,B,A,0.0,0,1,0.0,1.0,B,B,B,B,3,3,0,strongblur,strongblur,B,B,B,1,0,MCQ,grec_hard_composition_gate,GroundedResidualEnergyCompositionHard,true_mcq_grec_hard,,
MMStar,Qwen2-VL-7B_Biased_Test,1333,vcf_only,vcf_only,C,B,0.0,0,1,0.0,1.0,C,A,A,C,4,4,0,strongblur,strongblur,C,C,C,1,0,MCQ,grec_hard_composition_gate,GroundedResidualEnergyCompositionHard,true_mcq_grec_hard,,
MMStar,Qwen2-VL-7B_Biased_Test,1339,vcf_only,both,B,B,1.0,1,1,0.035954531325510505,0.583993114505607,B,B,B,B,1,4,0,centermask,centermask,B,B,B,1,0,MCQ,grec_hard_composition_gate,GroundedResidualEnergyCompositionHard,true_mcq_grec_hard,,
MMStar,Qwen2-VL-7B_Biased_Test,1343,vcf_only,vcf_only,C,B,0.0,0,1,0.0,0.14639014271753023,C,C,C,C,3,3,0,centermask,centermask,C,C,C,1,0,MCQ,grec_hard_composition_gate,GroundedResidualEnergyCompositionHard,true_mcq_grec_hard,,
MMStar,Qwen2-VL-7B_Biased_Test,1346,tcf_only,tcf_only,D,D,1.0,1,0,1.0,0.0,D,D,D,D,1,4,0,centermask,centermask,D,D,D,1,0,MCQ,grec_hard_composition_gate,GroundedResidualEnergyCompositionHard,true_mcq_grec_hard,,
MMStar,Qwen2-VL-7B_Biased_Test,1347,both,vcf_only,A,D,0.0,0,1,0.0,0.38206497989232596,D,D,D,A,4,4,1,strongblur,centermask,A,A,A,0,0,MCQ,grec_hard_composition_gate,GroundedResidualEnergyCompositionHard,true_mcq_grec_hard,,
MMStar,Qwen2-VL-7B_Biased_Test,1348,both,both,B,B,1.0,1,1,0.08883016530979698,0.38206497989232596,B,B,A,A,3,3,1,strongblur,gray,B,B,B,0,1,MCQ,grec_hard_composition_gate,GroundedResidualEnergyCompositionHard,true_mcq_grec_hard,,
MMStar,Qwen2-VL-7B_Biased_Test,1349,both,both,D,D,1.0,1,1,0.4785538063492475,0.38206497989232596,D,B,D,B,1,4,1,centermask,centermask,C,D,D,0,1,MCQ,grec_hard_composition_gate,GroundedResidualEnergyCompositionHard,true_mcq_grec_hard,,
MMStar,Qwen2-VL-7B_Biased_Test,1351,vcf_only,vcf_only,D,D,1.0,0,1,0.0,1.0,C,B,B,C,4,4,1,strongblur,centermask,D,D,D,1,0,MCQ,grec_hard_composition_gate,GroundedResidualEnergyCompositionHard,true_mcq_grec_hard,,
MMStar,Qwen2-VL-7B_Biased_Test,1352,tcf_only,both,A,A,1.0,1,1,1.0,0.37092266115009653,A,A,A,B,2,4,0,centermask,centermask,A,A,A,0,1,MCQ,grec_hard_composition_gate,GroundedResidualEnergyCompositionHard,true_mcq_grec_hard,,
MMStar,Qwen2-VL-7B_Biased_Test,1356,vcf_only,both,B,C,0.0,1,1,0.18537429015844956,0.855420304579823,B,B,B,B,4,4,1,centermask,centermask,B,B,B,1,0,MCQ,grec_hard_composition_gate,GroundedResidualEnergyCompositionHard,true_mcq_grec_hard,,
MMStar,Qwen2-VL-7B_Biased_Test,1359,vcf_only,vcf_only,C,C,1.0,0,1,0.0,0.20218030597798511,C,C,C,C,4,4,0,gray,gray,C,C,C,1,0,MCQ,grec_hard_composition_gate,GroundedResidualEnergyCompositionHard,true_mcq_grec_hard,,
MMStar,Qwen2-VL-7B_Biased_Test,1362,vcf_only,vcf_only,C,A,0.0,0,1,0.0,0.09021191037924153,C,C,C,C,4,4,0,gray,gray,C,C,C,1,0,MCQ,grec_hard_composition_gate,GroundedResidualEnergyCompositionHard,true_mcq_grec_hard,,
MMStar,Qwen2-VL-7B_Biased_Test,1364,vcf_only,both,B,D,0.0,1,1,0.012785026598016311,0.8980756457676561,B,A,A,B,2,4,0,strongblur,strongblur,B,B,B,1,0,MCQ,grec_hard_composition_gate,GroundedResidualEnergyCompositionHard,true_mcq_grec_hard,,
MMStar,Qwen2-VL-7B_Biased_Test,1366,vcf_only,vcf_only,C,B,0.0,0,1,0.0,0.8327696836157173,A,A,A,C,4,4,1,gray,centermask,C,C,C,0,0,MCQ,grec_hard_composition_gate,GroundedResidualEnergyCompositionHard,true_mcq_grec_hard,,
MMStar,Qwen2-VL-7B_Biased_Test,1367,vcf_only,vcf_only,A,B,0.0,0,1,0.0,0.8739587031232192,A,A,A,A,4,4,0,centermask,centermask,A,A,A,1,0,MCQ,grec_hard_composition_gate,GroundedResidualEnergyCompositionHard,true_mcq_grec_hard,,
MMStar,Qwen2-VL-7B_Biased_Test,1371,vcf_only,vcf_only,B,A,0.0,0,1,0.0,0.18397264967786073,B,B,B,B,4,4,0,centermask,centermask,B,B,B,1,0,MCQ,grec_hard_composition_gate,GroundedResidualEnergyCompositionHard,true_mcq_grec_hard,,
MMStar,Qwen2-VL-7B_Biased_Test,1373,vcf_only,vcf_only,D,D,1.0,0,1,0.0,0.8758521728400492,A,A,C,A,4,4,1,gray,gray,D,D,D,1,0,MCQ,grec_hard_composition_gate,GroundedResidualEnergyCompositionHard,true_mcq_grec_hard,,
MMStar,Qwen2-VL-7B_Biased_Test,1379,vcf_only,vcf_only,D,C,0.0,0,1,0.0,0.9509889674377674,D,B,B,D,4,4,0,strongblur,strongblur,D,D,D,1,0,MCQ,grec_hard_composition_gate,GroundedResidualEnergyCompositionHard,true_mcq_grec_hard,,
MMStar,Qwen2-VL-7B_Biased_Test,1382,vcf_only,vcf_only,D,A,0.0,0,1,0.0,0.9325519475376945,D,D,D,D,4,4,0,gray,gray,D,D,D,1,0,MCQ,grec_hard_composition_gate,GroundedResidualEnergyCompositionHard,true_mcq_grec_hard,,
MMStar,Qwen2-VL-7B_Biased_Test,1383,vcf_only,vcf_only,D,C,0.0,0,1,0.0,0.9552987073397,C,D,D,D,4,4,1,gray,gray,D,D,D,0,0,MCQ,grec_hard_composition_gate,GroundedResidualEnergyCompositionHard,true_mcq_grec_hard,,
MMStar,Qwen2-VL-7B_Biased_Test,1387,vcf_only,vcf_only,C,A,0.0,0,1,0.0,0.20482683157828652,D,C,D,C,4,4,1,gray,gray,C,C,C,0,0,MCQ,grec_hard_composition_gate,GroundedResidualEnergyCompositionHard,true_mcq_grec_hard,,
MMStar,Qwen2-VL-7B_Biased_Test,1392,vcf_only,vcf_only,D,B,0.0,0,1,0.0,1.0,C,A,A,C,4,4,1,strongblur,centermask,D,D,D,1,0,MCQ,grec_hard_composition_gate,GroundedResidualEnergyCompositionHard,true_mcq_grec_hard,,
MMStar,Qwen2-VL-7B_Biased_Test,1393,vcf_only,vcf_only,D,C,0.0,0,1,0.0,0.46938551784966875,D,D,D,D,4,4,0,centermask,centermask,D,D,D,1,0,MCQ,grec_hard_composition_gate,GroundedResidualEnergyCompositionHard,true_mcq_grec_hard,,
MMStar,Qwen2-VL-7B_Biased_Test,1398,vcf_only,vcf_only,C,B,0.0,0,1,0.0,0.643600080843329,D,C,D,C,4,4,1,centermask,centermask,C,C,C,0,0,MCQ,grec_hard_composition_gate,GroundedResidualEnergyCompositionHard,true_mcq_grec_hard,,
MMStar,Qwen2-VL-7B_Biased_Test,1406,tcf_only,tcf_only,A,D,0.0,1,0,0.4952674999609854,0.0,A,D,A,A,2,4,0,gray,gray,A,A,A,1,0,MCQ,grec_hard_composition_gate,GroundedResidualEnergyCompositionHard,true_mcq_grec_hard,,
MMStar,Qwen2-VL-7B_Biased_Test,1409,vcf_only,neither,B,B,1.0,0,0,0.0,0.0,B,C,B,A,3,3,1,gray,gray,B,B,B,0,0,MCQ,grec_hard_composition_gate,GroundedResidualEnergyCompositionHard,true_mcq_grec_hard,,
MMStar,Qwen2-VL-7B_Biased_Test,1417,vcf_only,both,B,B,1.0,1,1,0.0036152542675641484,0.7349056017154759,B,A,B,C,2,4,1,gray,centermask,D,B,B,0,1,MCQ,grec_hard_composition_gate,GroundedResidualEnergyCompositionHard,true_mcq_grec_hard,,
MMStar,Qwen2-VL-7B_Biased_Test,1419,vcf_only,vcf_only,C,A,0.0,0,1,0.0,0.9974218434812865,B,B,B,C,3,3,1,centermask,centermask,C,C,C,0,0,MCQ,grec_hard_composition_gate,GroundedResidualEnergyCompositionHard,true_mcq_grec_hard,,
MMStar,Qwen2-VL-7B_Biased_Test,1421,vcf_only,vcf_only,D,A,0.0,0,1,0.0,0.756507620207031,A,D,B,D,4,4,1,centermask,centermask,D,D,D,0,0,MCQ,grec_hard_composition_gate,GroundedResidualEnergyCompositionHard,true_mcq_grec_hard,,
MMStar,Qwen2-VL-7B_Biased_Test,1422,vcf_only,both,B,A,0.0,1,1,0.002056423856146725,0.8341532350078549,B,B,B,B,1,4,0,gray,gray,B,B,B,1,0,MCQ,grec_hard_composition_gate,GroundedResidualEnergyCompositionHard,true_mcq_grec_hard,,
MMStar,Qwen2-VL-7B_Biased_Test,1423,both,both,B,B,1.0,1,1,0.4650220151160295,0.34342832015304486,B,B,B,B,1,4,0,gray,centermask,B,B,B,1,0,MCQ,grec_hard_composition_gate,GroundedResidualEnergyCompositionHard,true_mcq_grec_hard,,
MMStar,Qwen2-VL-7B_Biased_Test,1431,vcf_only,vcf_only,B,A,0.0,0,1,0.0,1.0,B,A,C,B,4,4,0,gray,gray,B,B,B,1,0,MCQ,grec_hard_composition_gate,GroundedResidualEnergyCompositionHard,true_mcq_grec_hard,,
MMStar,Qwen2-VL-7B_Biased_Test,1432,vcf_only,vcf_only,A,A,1.0,0,1,0.0,0.15540071313085854,C,A,C,A,4,4,1,centermask,centermask,A,A,A,0,0,MCQ,grec_hard_composition_gate,GroundedResidualEnergyCompositionHard,true_mcq_grec_hard,,
MMStar,Qwen2-VL-7B_Biased_Test,1433,vcf_only,vcf_only,D,B,0.0,0,1,0.0,0.0039064245753001854,D,D,D,D,4,4,0,gray,gray,D,D,D,1,0,MCQ,grec_hard_composition_gate,GroundedResidualEnergyCompositionHard,true_mcq_grec_hard,,
MMStar,Qwen2-VL-7B_Biased_Test,1434,vcf_only,both,B,D,0.0,1,1,0.005331896377324262,0.7966259333758671,B,B,B,A,3,4,1,centermask,centermask,A,B,B,0,1,MCQ,grec_hard_composition_gate,GroundedResidualEnergyCompositionHard,true_mcq_grec_hard,,
MMStar,Qwen2-VL-7B_Biased_Test,1438,vcf_only,vcf_only,A,A,1.0,0,1,0.0,0.20845280783096393,B,B,B,A,4,4,1,gray,gray,A,A,A,0,0,MCQ,grec_hard_composition_gate,GroundedResidualEnergyCompositionHard,true_mcq_grec_hard,,
MMStar,Qwen2-VL-7B_Biased_Test,1441,tcf_only,both,A,B,0.0,1,1,1.0,0.38206497989232596,A,B,B,B,1,3,1,strongblur,gray,A,A,A,0,1,MCQ,grec_hard_composition_gate,GroundedResidualEnergyCompositionHard,true_mcq_grec_hard,,
MMStar,Qwen2-VL-7B_Biased_Test,1443,vcf_only,vcf_only,A,C,0.0,0,1,0.0,0.625870755655182,A,A,A,A,4,4,0,gray,gray,A,A,A,1,0,MCQ,grec_hard_composition_gate,GroundedResidualEnergyCompositionHard,true_mcq_grec_hard,,
MMStar,Qwen2-VL-7B_Biased_Test,1446,vcf_only,vcf_only,C,A,0.0,0,1,0.0,1.0,B,C,C,C,4,4,1,centermask,centermask,C,C,C,0,0,MCQ,grec_hard_composition_gate,GroundedResidualEnergyCompositionHard,true_mcq_grec_hard,,
MMStar,Qwen2-VL-7B_Biased_Test,1448,vcf_only,tcf_only,C,A,0.0,1,0,0.04712818880279307,0.0,C,C,C,C,1,4,0,centermask,centermask,C,C,C,1,0,MCQ,grec_hard_composition_gate,GroundedResidualEnergyCompositionHard,true_mcq_grec_hard,,
MMStar,Qwen2-VL-7B_Biased_Test,1463,tcf_only,neither,C,D,0.0,0,0,0.0,0.0,D,D,D,D,4,4,0,centermask,centermask,C,C,C,1,0,MCQ,grec_hard_composition_gate,GroundedResidualEnergyCompositionHard,true_mcq_grec_hard,,
MMStar,Qwen2-VL-7B_Biased_Test,1477,tcf_only,neither,B,D,0.0,0,0,0.0,0.0,D,D,D,D,4,4,0,centermask,centermask,B,B,B,1,0,MCQ,grec_hard_composition_gate,GroundedResidualEnergyCompositionHard,true_mcq_grec_hard,,
MMStar,Qwen2-VL-7B_Biased_Test,1478,tcf_only,neither,B,B,1.0,0,0,0.0,0.0,B,A,A,A,4,4,1,centermask,centermask,B,B,B,0,0,MCQ,grec_hard_composition_gate,GroundedResidualEnergyCompositionHard,true_mcq_grec_hard,,
MMStar,Qwen2-VL-7B_Biased_Test,1482,vcf_only,vcf_only,B,B,1.0,0,1,0.0,0.5675024709750749,D,D,D,B,4,4,1,gray,gray,B,B,B,0,0,MCQ,grec_hard_composition_gate,GroundedResidualEnergyCompositionHard,true_mcq_grec_hard,,
MMStar,Qwen2-VL-7B_Biased_Test,1484,tcf_only,vcf_only,D,D,1.0,0,1,0.0,1.0,D,D,D,D,4,4,0,strongblur,centermask,D,D,D,1,0,MCQ,grec_hard_composition_gate,GroundedResidualEnergyCompositionHard,true_mcq_grec_hard,,
MMStar,Qwen2-VL-7B_Biased_Test,1486,vcf_only,vcf_only,A,D,0.0,0,1,0.0,0.13778157431743152,A,B,B,A,4,4,0,gray,centermask,A,A,A,1,0,MCQ,grec_hard_composition_gate,GroundedResidualEnergyCompositionHard,true_mcq_grec_hard,,
MMStar,Qwen2-VL-7B_Biased_Test,1499,vcf_only,vcf_only,A,A,1.0,0,1,0.0,1.0,A,A,A,A,2,2,0,strongblur,centermask,A,A,A,1,0,MCQ,grec_hard_composition_gate,GroundedResidualEnergyCompositionHard,true_mcq_grec_hard,,
CCBench,Qwen2-VL-7B_Biased_Test,9,vcf_only,vcf_only,B,D,0.0,0,1,0.0,0.28921618506116725,C,C,C,B,4,4,1,centermask,centermask,B,B,B,0,0,MCQ,grec_hard_composition_gate,GroundedResidualEnergyCompositionHard,true_mcq_grec_hard,,
CCBench,Qwen2-VL-7B_Biased_Test,34,vcf_only,vcf_only,C,C,1.0,0,1,0.0,0.7067408856143098,C,A,A,C,4,4,0,gray,gray,C,C,C,1,0,MCQ,grec_hard_composition_gate,GroundedResidualEnergyCompositionHard,true_mcq_grec_hard,,
CCBench,Qwen2-VL-7B_Biased_Test,35,vcf_only,vcf_only,C,C,1.0,0,1,0.0,0.4830500320466234,C,A,A,C,4,4,0,gray,gray,C,C,C,1,0,MCQ,grec_hard_composition_gate,GroundedResidualEnergyCompositionHard,true_mcq_grec_hard,,
CCBench,Qwen2-VL-7B_Biased_Test,40,tcf_only,neither,A,C,0.0,0,0,0.0,0.0,A,A,A,A,4,4,1,gray,gray,A,A,A,1,0,MCQ,grec_hard_composition_gate,GroundedResidualEnergyCompositionHard,true_mcq_grec_hard,,
CCBench,Qwen2-VL-7B_Biased_Test,44,vcf_only,vcf_only,B,B,1.0,0,1,0.0,1.0,B,B,B,B,4,4,0,gray,centermask,B,B,B,1,0,MCQ,grec_hard_composition_gate,GroundedResidualEnergyCompositionHard,true_mcq_grec_hard,,
CCBench,Qwen2-VL-7B_Biased_Test,76,vcf_only,vcf_only,D,C,0.0,0,1,0.0,0.2473213043888045,D,D,D,D,4,4,0,gray,gray,D,D,D,1,0,MCQ,grec_hard_composition_gate,GroundedResidualEnergyCompositionHard,true_mcq_grec_hard,,
CCBench,Qwen2-VL-7B_Biased_Test,123,vcf_only,vcf_only,B,D,0.0,0,1,0.0,0.7476164283520091,A,A,A,A,4,4,1,gray,gray,B,B,B,1,0,MCQ,grec_hard_composition_gate,GroundedResidualEnergyCompositionHard,true_mcq_grec_hard,,
CCBench,Qwen2-VL-7B_Biased_Test,125,vcf_only,vcf_only,B,B,1.0,0,1,0.0,1.0,B,B,B,B,4,4,0,centermask,centermask,B,B,B,1,0,MCQ,grec_hard_composition_gate,GroundedResidualEnergyCompositionHard,true_mcq_grec_hard,,
CCBench,Qwen2-VL-7B_Biased_Test,128,vcf_only,vcf_only,A,A,1.0,0,1,0.0,0.5603435627267815,B,B,B,A,4,4,1,gray,centermask,A,A,A,0,0,MCQ,grec_hard_composition_gate,GroundedResidualEnergyCompositionHard,true_mcq_grec_hard,,
CCBench,Qwen2-VL-7B_Biased_Test,137,vcf_only,vcf_only,A,C,0.0,0,1,0.0,0.28570261572150507,A,D,D,A,4,4,0,gray,gray,A,A,A,1,0,MCQ,grec_hard_composition_gate,GroundedResidualEnergyCompositionHard,true_mcq_grec_hard,,
CCBench,Qwen2-VL-7B_Biased_Test,138,vcf_only,vcf_only,B,D,0.0,0,1,0.0,0.21990142973461158,B,B,B,B,4,4,0,centermask,centermask,B,B,B,1,0,MCQ,grec_hard_composition_gate,GroundedResidualEnergyCompositionHard,true_mcq_grec_hard,,
CCBench,Qwen2-VL-7B_Biased_Test,142,tcf_only,vcf_only,D,C,0.0,0,1,0.0,0.38206497989232596,D,B,D,D,4,4,0,gray,centermask,D,D,D,1,0,MCQ,grec_hard_composition_gate,GroundedResidualEnergyCompositionHard,true_mcq_grec_hard,,
CCBench,Qwen2-VL-7B_Biased_Test,143,vcf_only,vcf_only,B,D,0.0,0,1,0.0,0.21787259832855485,D,B,B,B,4,4,1,gray,gray,B,B,B,0,0,MCQ,grec_hard_composition_gate,GroundedResidualEnergyCompositionHard,true_mcq_grec_hard,,
CCBench,Qwen2-VL-7B_Biased_Test,150,both,both,C,B,0.0,1,1,1.0,0.8955112540342112,C,C,B,C,2,4,0,centermask,centermask,C,C,C,1,0,MCQ,grec_hard_composition_gate,GroundedResidualEnergyCompositionHard,true_mcq_grec_hard,,
CCBench,Qwen2-VL-7B_Biased_Test,157,both,vcf_only,D,B,0.0,0,1,0.0,0.38206497989232596,B,A,B,D,4,4,1,gray,gray,D,D,D,0,0,MCQ,grec_hard_composition_gate,GroundedResidualEnergyCompositionHard,true_mcq_grec_hard,,
CCBench,Qwen2-VL-7B_Biased_Test,162,vcf_only,vcf_only,D,C,0.0,0,1,0.0,0.11874267645056229,C,A,A,D,4,4,1,gray,gray,D,D,D,0,0,MCQ,grec_hard_composition_gate,GroundedResidualEnergyCompositionHard,true_mcq_grec_hard,,
CCBench,Qwen2-VL-7B_Biased_Test,175,both,vcf_only,B,B,1.0,0,1,0.0,0.38206497989232596,A,C,C,B,4,4,1,centermask,centermask,B,B,B,0,0,MCQ,grec_hard_composition_gate,GroundedResidualEnergyCompositionHard,true_mcq_grec_hard,,
CCBench,Qwen2-VL-7B_Biased_Test,176,vcf_only,vcf_only,A,A,1.0,0,1,0.0,0.9192138024494899,D,C,C,A,4,4,1,gray,gray,A,A,A,0,0,MCQ,grec_hard_composition_gate,GroundedResidualEnergyCompositionHard,true_mcq_grec_hard,,
CCBench,Qwen2-VL-7B_Biased_Test,178,tcf_only,vcf_only,D,A,0.0,0,1,0.0,1.0,A,D,D,D,4,4,1,centermask,centermask,D,D,D,0,0,MCQ,grec_hard_composition_gate,GroundedResidualEnergyCompositionHard,true_mcq_grec_hard,,
CCBench,Qwen2-VL-7B_Biased_Test,181,vcf_only,vcf_only,D,A,0.0,0,1,0.0,0.5350194533638258,C,C,C,C,4,4,1,centermask,centermask,D,D,D,1,0,MCQ,grec_hard_composition_gate,GroundedResidualEnergyCompositionHard,true_mcq_grec_hard,,
CCBench,Qwen2-VL-7B_Biased_Test,186,vcf_only,vcf_only,C,B,0.0,0,1,0.0,0.9883136400201685,C,C,C,C,4,4,0,centermask,centermask,C,C,C,1,0,MCQ,grec_hard_composition_gate,GroundedResidualEnergyCompositionHard,true_mcq_grec_hard,,
CCBench,Qwen2-VL-7B_Biased_Test,189,vcf_only,vcf_only,D,D,1.0,0,1,0.0,0.8539739298927239,D,C,C,D,4,4,0,gray,gray,D,D,D,1,0,MCQ,grec_hard_composition_gate,GroundedResidualEnergyCompositionHard,true_mcq_grec_hard,,
CCBench,Qwen2-VL-7B_Biased_Test,191,vcf_only,vcf_only,B,A,0.0,0,1,0.0,0.2591294859715569,B,B,B,B,4,4,0,centermask,centermask,B,B,B,1,0,MCQ,grec_hard_composition_gate,GroundedResidualEnergyCompositionHard,true_mcq_grec_hard,,
CCBench,Qwen2-VL-7B_Biased_Test,193,vcf_only,vcf_only,B,A,0.0,0,1,0.0,0.5288044263907626,B,B,B,B,4,4,0,gray,gray,B,B,B,1,0,MCQ,grec_hard_composition_gate,GroundedResidualEnergyCompositionHard,true_mcq_grec_hard,,
CCBench,Qwen2-VL-7B_Biased_Test,195,vcf_only,vcf_only,A,A,1.0,0,1,0.0,1.0,B,A,C,A,4,4,1,centermask,centermask,A,A,A,0,0,MCQ,grec_hard_composition_gate,GroundedResidualEnergyCompositionHard,true_mcq_grec_hard,,
CCBench,Qwen2-VL-7B_Biased_Test,200,both,both,D,A,0.0,1,1,0.5051695923459122,1.0,D,D,D,D,1,4,0,centermask,centermask,D,D,D,1,0,MCQ,grec_hard_composition_gate,GroundedResidualEnergyCompositionHard,true_mcq_grec_hard,,
CCBench,Qwen2-VL-7B_Biased_Test,209,vcf_only,vcf_only,C,D,0.0,0,1,0.0,1.0,C,C,C,C,4,4,0,strongblur,centermask,C,C,C,1,0,MCQ,grec_hard_composition_gate,GroundedResidualEnergyCompositionHard,true_mcq_grec_hard,,
CCBench,Qwen2-VL-7B_Biased_Test,214,tcf_only,tcf_only,A,A,1.0,1,0,0.036249729143155426,0.0,A,A,A,A,1,4,0,centermask,centermask,A,A,A,1,0,MCQ,grec_hard_composition_gate,GroundedResidualEnergyCompositionHard,true_mcq_grec_hard,,
CCBench,Qwen2-VL-7B_Biased_Test,218,both,both,D,A,0.0,1,1,1.0,0.6854604635240732,D,B,B,B,2,4,1,gray,centermask,B,D,D,0,1,MCQ,grec_hard_composition_gate,GroundedResidualEnergyCompositionHard,true_mcq_grec_hard,,
CCBench,Qwen2-VL-7B_Biased_Test,228,tcf_only,neither,A,A,1.0,0,0,0.0,0.0,A,A,A,B,4,4,1,gray,centermask,A,A,A,0,0,MCQ,grec_hard_composition_gate,GroundedResidualEnergyCompositionHard,true_mcq_grec_hard,,
CCBench,Qwen2-VL-7B_Biased_Test,229,vcf_only,vcf_only,D,D,1.0,0,1,0.0,0.9330206612960504,D,C,D,D,4,4,0,centermask,centermask,D,D,D,1,0,MCQ,grec_hard_composition_gate,GroundedResidualEnergyCompositionHard,true_mcq_grec_hard,,
CCBench,Qwen2-VL-7B_Biased_Test,233,both,both,C,B,0.0,1,1,1.0,0.31053745367634644,C,C,A,B,1,4,1,gray,centermask,C,C,C,0,1,MCQ,grec_hard_composition_gate,GroundedResidualEnergyCompositionHard,true_mcq_grec_hard,,
CCBench,Qwen2-VL-7B_Biased_Test,253,vcf_only,vcf_only,A,C,0.0,0,1,0.0,0.5867583598522825,B,B,B,A,4,4,1,gray,gray,A,A,A,0,0,MCQ,grec_hard_composition_gate,GroundedResidualEnergyCompositionHard,true_mcq_grec_hard,,
CCBench,Qwen2-VL-7B_Biased_Test,285,vcf_only,vcf_only,B,B,1.0,0,1,0.0,0.6992013765818875,C,B,C,B,4,4,1,centermask,centermask,B,B,B,0,0,MCQ,grec_hard_composition_gate,GroundedResidualEnergyCompositionHard,true_mcq_grec_hard,,
CCBench,Qwen2-VL-7B_Biased_Test,293,vcf_only,vcf_only,D,B,0.0,0,1,0.0,0.6073758764809303,C,D,C,D,4,4,1,centermask,centermask,D,D,D,0,0,MCQ,grec_hard_composition_gate,GroundedResidualEnergyCompositionHard,true_mcq_grec_hard,,
CCBench,Qwen2-VL-7B_Biased_Test,296,vcf_only,vcf_only,C,A,0.0,0,1,0.0,1.0,A,A,A,A,4,4,1,centermask,centermask,C,C,C,1,0,MCQ,grec_hard_composition_gate,GroundedResidualEnergyCompositionHard,true_mcq_grec_hard,,
CCBench,Qwen2-VL-7B_Biased_Test,311,vcf_only,vcf_only,A,A,1.0,0,1,0.0,0.0804490198235038,B,B,B,A,4,4,1,gray,gray,A,A,A,0,0,MCQ,grec_hard_composition_gate,GroundedResidualEnergyCompositionHard,true_mcq_grec_hard,,
CCBench,Qwen2-VL-7B_Biased_Test,314,vcf_only,vcf_only,A,C,0.0,0,1,0.0,0.6031980790770709,B,B,B,A,4,4,1,centermask,centermask,A,A,A,0,0,MCQ,grec_hard_composition_gate,GroundedResidualEnergyCompositionHard,true_mcq_grec_hard,,
CCBench,Qwen2-VL-7B_Biased_Test,315,vcf_only,vcf_only,A,D,0.0,0,1,0.0,0.5750328366120068,B,B,B,A,4,4,1,centermask,centermask,A,A,A,0,0,MCQ,grec_hard_composition_gate,GroundedResidualEnergyCompositionHard,true_mcq_grec_hard,,
CCBench,Qwen2-VL-7B_Biased_Test,316,vcf_only,neither,A,A,1.0,0,0,0.0,0.0,A,A,A,D,4,4,1,gray,centermask,A,A,A,0,0,MCQ,grec_hard_composition_gate,GroundedResidualEnergyCompositionHard,true_mcq_grec_hard,,
CCBench,Qwen2-VL-7B_Biased_Test,318,tcf_only,tcf_only,C,C,1.0,1,0,0.45421448211933796,0.0,C,D,D,B,1,4,1,strongblur,centermask,C,C,C,0,0,MCQ,grec_hard_composition_gate,GroundedResidualEnergyCompositionHard,true_mcq_grec_hard,,
CCBench,Qwen2-VL-7B_Biased_Test,321,vcf_only,vcf_only,B,B,1.0,0,1,0.0,0.19499759491063892,D,D,D,B,4,4,1,centermask,centermask,B,B,B,0,0,MCQ,grec_hard_composition_gate,GroundedResidualEnergyCompositionHard,true_mcq_grec_hard,,
CCBench,Qwen2-VL-7B_Biased_Test,324,vcf_only,vcf_only,B,B,1.0,0,1,0.0,0.8643323424879665,C,C,C,B,4,4,1,centermask,centermask,B,B,B,0,0,MCQ,grec_hard_composition_gate,GroundedResidualEnergyCompositionHard,true_mcq_grec_hard,,
CCBench,Qwen2-VL-7B_Biased_Test,329,vcf_only,vcf_only,D,D,1.0,0,1,0.0,0.3029205453512513,C,C,C,D,4,4,1,centermask,centermask,D,D,D,0,0,MCQ,grec_hard_composition_gate,GroundedResidualEnergyCompositionHard,true_mcq_grec_hard,,
CCBench,Qwen2-VL-7B_Biased_Test,350,vcf_only,vcf_only,A,B,0.0,0,1,0.0,0.842615060764888,A,C,C,B,4,4,0,gray,centermask,A,A,A,0,0,MCQ,grec_hard_composition_gate,GroundedResidualEnergyCompositionHard,true_mcq_grec_hard,,
CCBench,Qwen2-VL-7B_Biased_Test,362,vcf_only,both,C,B,0.0,1,1,0.023466386803134745,0.2408386927946854,C,C,C,C,1,4,0,gray,gray,C,C,C,1,0,MCQ,grec_hard_composition_gate,GroundedResidualEnergyCompositionHard,true_mcq_grec_hard,,
CCBench,Qwen2-VL-7B_Biased_Test,365,vcf_only,vcf_only,B,D,0.0,0,1,0.0,0.981019007645881,A,A,A,A,4,4,1,centermask,centermask,B,B,B,1,0,MCQ,grec_hard_composition_gate,GroundedResidualEnergyCompositionHard,true_mcq_grec_hard,,
CCBench,Qwen2-VL-7B_Biased_Test,367,vcf_only,vcf_only,A,B,0.0,0,1,0.0,1.0,A,A,A,A,4,4,0,strongblur,centermask,A,A,A,1,0,MCQ,grec_hard_composition_gate,GroundedResidualEnergyCompositionHard,true_mcq_grec_hard,,
CCBench,Qwen2-VL-7B_Biased_Test,368,vcf_only,vcf_only,B,A,0.0,0,1,0.0,0.9391290385385986,D,D,D,D,4,4,1,gray,gray,B,B,B,1,0,MCQ,grec_hard_composition_gate,GroundedResidualEnergyCompositionHard,true_mcq_grec_hard,,
CCBench,Qwen2-VL-7B_Biased_Test,392,both,both,C,C,1.0,1,1,1.0,0.38206497989232596,C,C,C,C,1,4,0,centermask,centermask,C,C,C,1,0,MCQ,grec_hard_composition_gate,GroundedResidualEnergyCompositionHard,true_mcq_grec_hard,,
CCBench,Qwen2-VL-7B_Biased_Test,394,vcf_only,vcf_only,B,B,1.0,0,1,0.0,0.23932810106878358,A,A,A,B,4,4,1,gray,gray,B,B,B,0,0,MCQ,grec_hard_composition_gate,GroundedResidualEnergyCompositionHard,true_mcq_grec_hard,,
CCBench,Qwen2-VL-7B_Biased_Test,412,vcf_only,vcf_only,A,A,1.0,0,1,0.0,0.934542286985687,A,D,D,A,4,4,0,strongblur,strongblur,A,A,A,1,0,MCQ,grec_hard_composition_gate,GroundedResidualEnergyCompositionHard,true_mcq_grec_hard,,
CCBench,Qwen2-VL-7B_Biased_Test,418,vcf_only,vcf_only,B,B,1.0,0,1,0.0,0.38206497989232596,B,B,B,B,4,4,0,gray,centermask,B,B,B,1,0,MCQ,grec_hard_composition_gate,GroundedResidualEnergyCompositionHard,true_mcq_grec_hard,,
CCBench,Qwen2-VL-7B_Biased_Test,449,tcf_only,tcf_only,A,A,1.0,1,0,0.5157261590042383,0.0,C,A,A,A,2,4,1,centermask,centermask,A,A,A,0,0,MCQ,grec_hard_composition_gate,GroundedResidualEnergyCompositionHard,true_mcq_grec_hard,,
CCBench,Qwen2-VL-7B_Biased_Test,456,vcf_only,vcf_only,A,A,1.0,0,1,0.0,0.9998326460312584,A,A,A,A,4,4,0,strongblur,centermask,A,A,A,1,0,MCQ,grec_hard_composition_gate,GroundedResidualEnergyCompositionHard,true_mcq_grec_hard,,
CCBench,Qwen2-VL-7B_Biased_Test,466,vcf_only,vcf_only,A,A,1.0,0,1,0.0,0.3739500808485211,C,C,C,A,4,4,1,centermask,centermask,A,A,A,0,0,MCQ,grec_hard_composition_gate,GroundedResidualEnergyCompositionHard,true_mcq_grec_hard,,
CCBench,Qwen2-VL-7B_Biased_Test,467,vcf_only,vcf_only,C,B,0.0,0,1,0.0,0.3125716204045979,C,C,C,C,4,4,0,gray,gray,C,C,C,1,0,MCQ,grec_hard_composition_gate,GroundedResidualEnergyCompositionHard,true_mcq_grec_hard,,
CCBench,Qwen2-VL-7B_Biased_Test,471,vcf_only,vcf_only,C,B,0.0,0,1,0.0,0.4637545631942334,C,C,C,C,4,4,0,centermask,centermask,C,C,C,1,0,MCQ,grec_hard_composition_gate,GroundedResidualEnergyCompositionHard,true_mcq_grec_hard,,
CCBench,Qwen2-VL-7B_Biased_Test,474,vcf_only,vcf_only,A,A,1.0,0,1,0.0,0.0913009142592482,C,A,C,A,4,4,1,gray,gray,A,A,A,0,0,MCQ,grec_hard_composition_gate,GroundedResidualEnergyCompositionHard,true_mcq_grec_hard,,
CCBench,Qwen2-VL-7B_Biased_Test,478,vcf_only,vcf_only,D,A,0.0,0,1,0.0,0.10392602377640432,D,D,D,D,4,4,0,centermask,centermask,D,D,D,1,0,MCQ,grec_hard_composition_gate,GroundedResidualEnergyCompositionHard,true_mcq_grec_hard,,
CCBench,Qwen2-VL-7B_Biased_Test,484,vcf_only,vcf_only,D,C,0.0,0,1,0.0,0.32789626552794515,A,C,A,C,4,4,1,centermask,centermask,D,D,D,0,0,MCQ,grec_hard_composition_gate,GroundedResidualEnergyCompositionHard,true_mcq_grec_hard,,
CCBench,Qwen2-VL-7B_Biased_Test,491,vcf_only,vcf_only,C,B,0.0,0,1,0.0,0.3123004979746717,C,C,C,C,4,4,0,gray,gray,C,C,C,1,0,MCQ,grec_hard_composition_gate,GroundedResidualEnergyCompositionHard,true_mcq_grec_hard,,
CCBench,Qwen2-VL-7B_Biased_Test,493,vcf_only,vcf_only,A,D,0.0,0,1,0.0,0.36863149524795225,C,C,C,C,4,4,1,gray,gray,A,A,A,1,0,MCQ,grec_hard_composition_gate,GroundedResidualEnergyCompositionHard,true_mcq_grec_hard,,
CCBench,Qwen2-VL-7B_Biased_Test,497,vcf_only,vcf_only,D,D,1.0,0,1,0.0,0.3073637523899352,C,C,C,D,4,4,1,gray,gray,D,D,D,0,0,MCQ,grec_hard_composition_gate,GroundedResidualEnergyCompositionHard,true_mcq_grec_hard,,
CCBench,Qwen2-VL-7B_Biased_Test,503,vcf_only,vcf_only,C,B,0.0,0,1,0.0,0.01715454614495102,A,A,A,C,4,4,1,centermask,centermask,C,C,C,0,0,MCQ,grec_hard_composition_gate,GroundedResidualEnergyCompositionHard,true_mcq_grec_hard,,
CCBench,Qwen2-VL-7B_Biased_Test,510,vcf_only,vcf_only,D,D,1.0,0,1,0.0,0.1008536744464321,C,D,C,D,4,4,1,gray,gray,D,D,D,0,0,MCQ,grec_hard_composition_gate,GroundedResidualEnergyCompositionHard,true_mcq_grec_hard,,
CCBench,Qwen2-VL-7B_Biased_Test,515,vcf_only,vcf_only,A,B,0.0,0,1,0.0,0.21883860043005718,D,A,D,A,4,4,1,gray,centermask,A,A,A,0,0,MCQ,grec_hard_composition_gate,GroundedResidualEnergyCompositionHard,true_mcq_grec_hard,,
CCBench,Qwen2-VL-7B_Biased_Test,527,vcf_only,vcf_only,A,C,0.0,0,1,0.0,0.2906272030018071,D,A,D,A,4,4,1,strongblur,strongblur,A,A,A,0,0,MCQ,grec_hard_composition_gate,GroundedResidualEnergyCompositionHard,true_mcq_grec_hard,,
CCBench,Qwen2-VL-7B_Biased_Test,532,vcf_only,vcf_only,C,C,1.0,0,1,0.0,0.15787872233205544,C,C,A,C,4,4,0,centermask,centermask,C,C,C,1,0,MCQ,grec_hard_composition_gate,GroundedResidualEnergyCompositionHard,true_mcq_grec_hard,,
CCBench,Qwen2-VL-7B_Biased_Test,533,vcf_only,vcf_only,D,C,0.0,0,1,0.0,0.20150155841108602,D,D,D,D,4,4,0,gray,gray,D,D,D,1,0,MCQ,grec_hard_composition_gate,GroundedResidualEnergyCompositionHard,true_mcq_grec_hard,,
CCBench,Qwen2-VL-7B_Biased_Test,535,vcf_only,vcf_only,A,C,0.0,0,1,0.0,0.38206497989232596,B,B,B,A,4,4,1,strongblur,centermask,A,A,A,0,0,MCQ,grec_hard_composition_gate,GroundedResidualEnergyCompositionHard,true_mcq_grec_hard,,
CCBench,Qwen2-VL-7B_Biased_Test,537,vcf_only,vcf_only,A,C,0.0,0,1,0.0,0.3238462953421747,D,D,D,A,4,4,1,centermask,centermask,A,A,A,0,0,MCQ,grec_hard_composition_gate,GroundedResidualEnergyCompositionHard,true_mcq_grec_hard,,
CCBench,Qwen2-VL-7B_Biased_Test,538,vcf_only,neither,A,C,0.0,0,0,0.0,0.0,A,A,A,A,4,4,0,centermask,centermask,A,A,A,1,0,MCQ,grec_hard_composition_gate,GroundedResidualEnergyCompositionHard,true_mcq_grec_hard,,
CCBench,Qwen2-VL-7B_Biased_Test,540,vcf_only,vcf_only,C,C,1.0,0,1,0.0,0.38206497989232596,D,C,D,C,4,4,1,gray,centermask,C,C,C,0,0,MCQ,grec_hard_composition_gate,GroundedResidualEnergyCompositionHard,true_mcq_grec_hard,,
CCBench,Qwen2-VL-7B_Biased_Test,541,vcf_only,vcf_only,D,C,0.0,0,1,0.0,0.09633332369182884,A,A,A,C,4,4,1,gray,centermask,D,D,D,0,0,MCQ,grec_hard_composition_gate,GroundedResidualEnergyCompositionHard,true_mcq_grec_hard,,
CCBench,Qwen2-VL-7B_Biased_Test,542,vcf_only,vcf_only,C,C,1.0,0,1,0.0,0.015583725295975816,A,A,A,C,4,4,1,gray,gray,C,C,C,0,0,MCQ,grec_hard_composition_gate,GroundedResidualEnergyCompositionHard,true_mcq_grec_hard,,
CCBench,Qwen2-VL-7B_Biased_Test,1000009,vcf_only,both,B,A,0.0,1,1,0.45421448211933796,0.38206497989232596,B,C,C,C,1,4,1,centermask,centermask,C,B,B,0,1,MCQ,grec_hard_composition_gate,GroundedResidualEnergyCompositionHard,true_mcq_grec_hard,,
CCBench,Qwen2-VL-7B_Biased_Test,1000034,vcf_only,vcf_only,D,D,1.0,0,1,0.0,0.612565088703744,B,B,B,D,4,4,1,gray,gray,D,D,D,0,0,MCQ,grec_hard_composition_gate,GroundedResidualEnergyCompositionHard,true_mcq_grec_hard,,
CCBench,Qwen2-VL-7B_Biased_Test,1000035,vcf_only,vcf_only,D,D,1.0,0,1,0.0,0.5840787637406202,B,B,B,D,4,4,1,gray,gray,D,D,D,0,0,MCQ,grec_hard_composition_gate,GroundedResidualEnergyCompositionHard,true_mcq_grec_hard,,
CCBench,Qwen2-VL-7B_Biased_Test,1000056,vcf_only,vcf_only,A,A,1.0,0,1,0.0,1.0,A,A,A,A,4,4,0,gray,gray,A,A,A,1,0,MCQ,grec_hard_composition_gate,GroundedResidualEnergyCompositionHard,true_mcq_grec_hard,,
CCBench,Qwen2-VL-7B_Biased_Test,1000061,vcf_only,vcf_only,B,D,0.0,0,1,0.0,0.5199418975738235,D,C,C,B,4,4,1,gray,gray,B,B,B,0,0,MCQ,grec_hard_composition_gate,GroundedResidualEnergyCompositionHard,true_mcq_grec_hard,,
CCBench,Qwen2-VL-7B_Biased_Test,1000103,vcf_only,vcf_only,B,B,1.0,0,1,0.0,0.31368659005189364,B,B,C,B,4,4,0,gray,gray,B,B,B,1,0,MCQ,grec_hard_composition_gate,GroundedResidualEnergyCompositionHard,true_mcq_grec_hard,,
CCBench,Qwen2-VL-7B_Biased_Test,1000123,vcf_only,vcf_only,C,A,0.0,0,1,0.0,0.9094576639273707,B,B,B,B,4,4,1,strongblur,strongblur,C,C,C,1,0,MCQ,grec_hard_composition_gate,GroundedResidualEnergyCompositionHard,true_mcq_grec_hard,,
CCBench,Qwen2-VL-7B_Biased_Test,1000125,vcf_only,vcf_only,C,C,1.0,0,1,0.0,1.0,C,C,C,C,4,4,0,centermask,centermask,C,C,C,1,0,MCQ,grec_hard_composition_gate,GroundedResidualEnergyCompositionHard,true_mcq_grec_hard,,
CCBench,Qwen2-VL-7B_Biased_Test,1000128,vcf_only,vcf_only,B,B,1.0,0,1,0.0,0.55447866066083,C,C,C,B,4,4,1,gray,centermask,B,B,B,0,0,MCQ,grec_hard_composition_gate,GroundedResidualEnergyCompositionHard,true_mcq_grec_hard,,
CCBench,Qwen2-VL-7B_Biased_Test,1000137,vcf_only,vcf_only,A,D,0.0,0,1,0.0,1.0,A,A,C,A,4,4,0,strongblur,gray,A,A,A,1,0,MCQ,grec_hard_composition_gate,GroundedResidualEnergyCompositionHard,true_mcq_grec_hard,,
CCBench,Qwen2-VL-7B_Biased_Test,1000138,vcf_only,vcf_only,B,A,0.0,0,1,0.0,0.8027736262938364,C,C,C,C,4,4,1,gray,gray,B,B,B,1,0,MCQ,grec_hard_composition_gate,GroundedResidualEnergyCompositionHard,true_mcq_grec_hard,,
CCBench,Qwen2-VL-7B_Biased_Test,1000139,vcf_only,vcf_only,B,B,1.0,0,1,0.0,1.0,B,B,B,B,4,4,0,strongblur,centermask,B,B,B,1,0,MCQ,grec_hard_composition_gate,GroundedResidualEnergyCompositionHard,true_mcq_grec_hard,,
CCBench,Qwen2-VL-7B_Biased_Test,1000142,tcf_only,tcf_only,D,D,1.0,1,0,0.4702442030050003,0.0,D,C,D,C,2,4,1,gray,gray,D,D,D,0,0,MCQ,grec_hard_composition_gate,GroundedResidualEnergyCompositionHard,true_mcq_grec_hard,,
CCBench,Qwen2-VL-7B_Biased_Test,1000143,tcf_only,vcf_only,A,A,1.0,0,1,0.0,1.0,A,C,C,A,4,4,0,centermask,centermask,A,A,A,1,0,MCQ,grec_hard_composition_gate,GroundedResidualEnergyCompositionHard,true_mcq_grec_hard,,
CCBench,Qwen2-VL-7B_Biased_Test,1000149,vcf_only,vcf_only,D,B,0.0,0,1,0.0,0.3866313462128015,C,C,C,D,4,4,1,centermask,centermask,D,D,D,0,0,MCQ,grec_hard_composition_gate,GroundedResidualEnergyCompositionHard,true_mcq_grec_hard,,
CCBench,Qwen2-VL-7B_Biased_Test,1000175,vcf_only,vcf_only,D,C,0.0,0,1,0.0,0.7905683148348008,D,D,A,D,4,4,0,centermask,centermask,D,D,D,1,0,MCQ,grec_hard_composition_gate,GroundedResidualEnergyCompositionHard,true_mcq_grec_hard,,
CCBench,Qwen2-VL-7B_Biased_Test,1000176,vcf_only,vcf_only,B,B,1.0,0,1,0.0,0.7874883558915147,D,D,D,D,4,4,1,gray,gray,B,B,B,1,0,MCQ,grec_hard_composition_gate,GroundedResidualEnergyCompositionHard,true_mcq_grec_hard,,
CCBench,Qwen2-VL-7B_Biased_Test,1000178,vcf_only,vcf_only,D,B,0.0,0,1,0.0,0.42992967855635583,D,D,D,D,4,4,0,gray,gray,D,D,D,1,0,MCQ,grec_hard_composition_gate,GroundedResidualEnergyCompositionHard,true_mcq_grec_hard,,
CCBench,Qwen2-VL-7B_Biased_Test,1000181,vcf_only,neither,D,B,0.0,0,0,0.0,0.0,D,D,D,D,4,4,1,centermask,centermask,D,D,D,1,0,MCQ,grec_hard_composition_gate,GroundedResidualEnergyCompositionHard,true_mcq_grec_hard,,
CCBench,Qwen2-VL-7B_Biased_Test,1000186,vcf_only,vcf_only,D,C,0.0,0,1,0.0,0.9873991380609372,B,D,D,D,4,4,1,centermask,centermask,D,D,D,0,0,MCQ,grec_hard_composition_gate,GroundedResidualEnergyCompositionHard,true_mcq_grec_hard,,
CCBench,Qwen2-VL-7B_Biased_Test,1000189,vcf_only,vcf_only,A,A,1.0,0,1,0.0,0.6863449299962413,A,D,D,A,4,4,0,gray,gray,A,A,A,1,0,MCQ,grec_hard_composition_gate,GroundedResidualEnergyCompositionHard,true_mcq_grec_hard,,
CCBench,Qwen2-VL-7B_Biased_Test,1000193,vcf_only,vcf_only,B,B,1.0,0,1,0.0,0.4485207562986253,C,C,C,B,4,4,1,centermask,centermask,B,B,B,0,0,MCQ,grec_hard_composition_gate,GroundedResidualEnergyCompositionHard,true_mcq_grec_hard,,
CCBench,Qwen2-VL-7B_Biased_Test,1000194,vcf_only,vcf_only,C,B,0.0,0,1,0.0,0.0700825041069192,C,C,C,C,4,4,0,centermask,centermask,C,C,C,1,0,MCQ,grec_hard_composition_gate,GroundedResidualEnergyCompositionHard,true_mcq_grec_hard,,
CCBench,Qwen2-VL-7B_Biased_Test,1000195,vcf_only,both,C,B,0.0,1,1,0.0032581488350055107,0.7371805188477852,C,D,D,B,2,4,0,centermask,centermask,C,C,C,0,1,MCQ,grec_hard_composition_gate,GroundedResidualEnergyCompositionHard,true_mcq_grec_hard,,
CCBench,Qwen2-VL-7B_Biased_Test,1000200,vcf_only,both,A,B,0.0,1,1,0.023429573709008323,0.3496993497432007,A,D,D,A,2,4,0,centermask,centermask,A,A,A,1,0,MCQ,grec_hard_composition_gate,GroundedResidualEnergyCompositionHard,true_mcq_grec_hard,,
CCBench,Qwen2-VL-7B_Biased_Test,1000209,vcf_only,vcf_only,D,A,0.0,0,1,0.0,1.0,D,D,D,D,4,4,0,strongblur,centermask,D,D,D,1,0,MCQ,grec_hard_composition_gate,GroundedResidualEnergyCompositionHard,true_mcq_grec_hard,,
CCBench,Qwen2-VL-7B_Biased_Test,1000214,vcf_only,vcf_only,B,B,1.0,0,1,0.0,0.8284645660959463,B,B,C,B,4,4,0,gray,gray,B,B,B,1,0,MCQ,grec_hard_composition_gate,GroundedResidualEnergyCompositionHard,true_mcq_grec_hard,,
CCBench,Qwen2-VL-7B_Biased_Test,1000218,vcf_only,vcf_only,D,B,0.0,0,1,0.0,0.12400977582622402,C,C,C,C,4,4,1,centermask,centermask,D,D,D,1,0,MCQ,grec_hard_composition_gate,GroundedResidualEnergyCompositionHard,true_mcq_grec_hard,,
CCBench,Qwen2-VL-7B_Biased_Test,1000220,vcf_only,vcf_only,D,D,1.0,0,1,0.0,0.49080592502683223,C,A,C,D,4,4,1,centermask,centermask,D,D,D,0,0,MCQ,grec_hard_composition_gate,GroundedResidualEnergyCompositionHard,true_mcq_grec_hard,,
CCBench,Qwen2-VL-7B_Biased_Test,1000221,vcf_only,tcf_only,C,A,0.0,1,0,1.0,0.0,C,A,A,A,2,4,1,centermask,centermask,C,C,C,0,0,MCQ,grec_hard_composition_gate,GroundedResidualEnergyCompositionHard,true_mcq_grec_hard,,
CCBench,Qwen2-VL-7B_Biased_Test,1000224,vcf_only,vcf_only,A,D,0.0,0,1,0.0,0.6589486452133,C,C,C,A,4,4,1,centermask,centermask,A,A,A,0,0,MCQ,grec_hard_composition_gate,GroundedResidualEnergyCompositionHard,true_mcq_grec_hard,,
CCBench,Qwen2-VL-7B_Biased_Test,1000225,vcf_only,vcf_only,A,A,1.0,0,1,0.0,0.555026400830321,C,C,C,A,4,4,1,centermask,centermask,A,A,A,0,0,MCQ,grec_hard_composition_gate,GroundedResidualEnergyCompositionHard,true_mcq_grec_hard,,
CCBench,Qwen2-VL-7B_Biased_Test,1000226,tcf_only,tcf_only,A,D,0.0,1,0,1.0,0.0,A,A,A,A,1,4,0,centermask,centermask,A,A,A,1,0,MCQ,grec_hard_composition_gate,GroundedResidualEnergyCompositionHard,true_mcq_grec_hard,,
CCBench,Qwen2-VL-7B_Biased_Test,1000229,vcf_only,vcf_only,B,A,0.0,0,1,0.0,0.7644373427835465,D,D,D,A,4,4,1,centermask,centermask,B,B,B,0,0,MCQ,grec_hard_composition_gate,GroundedResidualEnergyCompositionHard,true_mcq_grec_hard,,
CCBench,Qwen2-VL-7B_Biased_Test,1000244,tcf_only,tcf_only,A,A,1.0,1,0,0.5421349341813468,0.0,C,D,A,C,1,4,0,gray,centermask,A,A,A,1,0,MCQ,grec_hard_composition_gate,GroundedResidualEnergyCompositionHard,true_mcq_grec_hard,,
CCBench,Qwen2-VL-7B_Biased_Test,1000248,tcf_only,tcf_only,B,B,1.0,1,0,1.0,0.0,B,A,A,A,1,4,0,gray,centermask,B,B,B,0,0,MCQ,grec_hard_composition_gate,GroundedResidualEnergyCompositionHard,true_mcq_grec_hard,,
CCBench,Qwen2-VL-7B_Biased_Test,1000253,vcf_only,vcf_only,B,D,0.0,0,1,0.0,0.48219608557821036,C,C,C,C,4,4,1,gray,gray,B,B,B,1,0,MCQ,grec_hard_composition_gate,GroundedResidualEnergyCompositionHard,true_mcq_grec_hard,,
CCBench,Qwen2-VL-7B_Biased_Test,1000285,vcf_only,vcf_only,C,C,1.0,0,1,0.0,0.7294005934356426,D,C,D,C,4,4,1,centermask,centermask,C,C,C,0,0,MCQ,grec_hard_composition_gate,GroundedResidualEnergyCompositionHard,true_mcq_grec_hard,,
CCBench,Qwen2-VL-7B_Biased_Test,1000296,both,both,B,B,1.0,1,1,0.49194590864689725,1.0,B,B,B,B,1,4,0,centermask,centermask,B,B,B,1,0,MCQ,grec_hard_composition_gate,GroundedResidualEnergyCompositionHard,true_mcq_grec_hard,,
CCBench,Qwen2-VL-7B_Biased_Test,1000311,vcf_only,vcf_only,B,B,1.0,0,1,0.0,0.15512166810658373,C,C,C,B,4,4,1,gray,gray,B,B,B,0,0,MCQ,grec_hard_composition_gate,GroundedResidualEnergyCompositionHard,true_mcq_grec_hard,,
CCBench,Qwen2-VL-7B_Biased_Test,1000314,vcf_only,vcf_only,B,D,0.0,0,1,0.0,0.8406266492832931,C,C,C,B,4,4,1,centermask,centermask,B,B,B,0,0,MCQ,grec_hard_composition_gate,GroundedResidualEnergyCompositionHard,true_mcq_grec_hard,,
CCBench,Qwen2-VL-7B_Biased_Test,1000315,vcf_only,vcf_only,B,A,0.0,0,1,0.0,0.8066180526091089,C,C,C,B,4,4,1,centermask,centermask,B,B,B,0,0,MCQ,grec_hard_composition_gate,GroundedResidualEnergyCompositionHard,true_mcq_grec_hard,,
CCBench,Qwen2-VL-7B_Biased_Test,1000321,vcf_only,vcf_only,A,C,0.0,0,1,0.0,0.18094224029949646,A,A,A,A,4,4,0,gray,gray,A,A,A,1,0,MCQ,grec_hard_composition_gate,GroundedResidualEnergyCompositionHard,true_mcq_grec_hard,,
CCBench,Qwen2-VL-7B_Biased_Test,1000323,vcf_only,both,A,A,1.0,1,1,0.05218663226748886,0.7769105278127082,A,C,C,A,3,4,0,centermask,centermask,A,A,A,1,0,MCQ,grec_hard_composition_gate,GroundedResidualEnergyCompositionHard,true_mcq_grec_hard,,
CCBench,Qwen2-VL-7B_Biased_Test,1000324,vcf_only,vcf_only,B,C,0.0,0,1,0.0,0.25444804511814995,D,D,D,C,4,4,1,gray,gray,B,B,B,0,0,MCQ,grec_hard_composition_gate,GroundedResidualEnergyCompositionHard,true_mcq_grec_hard,,
CCBench,Qwen2-VL-7B_Biased_Test,1000327,tcf_only,both,C,A,0.0,1,1,0.02871031563935745,0.3725462741995001,C,A,A,D,1,4,1,gray,gray,A,C,C,0,1,MCQ,grec_hard_composition_gate,GroundedResidualEnergyCompositionHard,true_mcq_grec_hard,,
CCBench,Qwen2-VL-7B_Biased_Test,1000329,vcf_only,both,D,A,0.0,1,1,0.016679301884725172,0.8660492380005329,D,D,D,D,4,4,0,gray,gray,D,D,D,1,0,MCQ,grec_hard_composition_gate,GroundedResidualEnergyCompositionHard,true_mcq_grec_hard,,
CCBench,Qwen2-VL-7B_Biased_Test,1000331,vcf_only,vcf_only,D,A,0.0,0,1,0.0,0.9199991972711244,B,B,B,D,4,4,1,strongblur,centermask,D,D,D,0,0,MCQ,grec_hard_composition_gate,GroundedResidualEnergyCompositionHard,true_mcq_grec_hard,,
CCBench,Qwen2-VL-7B_Biased_Test,1000340,vcf_only,vcf_only,A,A,1.0,0,1,0.0,0.747402741949476,B,B,B,B,4,4,1,gray,gray,A,A,A,1,0,MCQ,grec_hard_composition_gate,GroundedResidualEnergyCompositionHard,true_mcq_grec_hard,,
CCBench,Qwen2-VL-7B_Biased_Test,1000350,vcf_only,vcf_only,B,C,0.0,0,1,0.0,0.9621992646568073,C,D,D,B,4,4,1,centermask,centermask,B,B,B,0,0,MCQ,grec_hard_composition_gate,GroundedResidualEnergyCompositionHard,true_mcq_grec_hard,,
CCBench,Qwen2-VL-7B_Biased_Test,1000352,tcf_only,tcf_only,A,A,1.0,1,0,0.46450950273721453,0.0,A,A,A,D,1,4,1,centermask,centermask,A,A,A,0,0,MCQ,grec_hard_composition_gate,GroundedResidualEnergyCompositionHard,true_mcq_grec_hard,,
CCBench,Qwen2-VL-7B_Biased_Test,1000355,vcf_only,vcf_only,A,A,1.0,0,1,0.0,0.8235291504548451,B,B,B,B,4,4,1,strongblur,strongblur,A,A,A,1,0,MCQ,grec_hard_composition_gate,GroundedResidualEnergyCompositionHard,true_mcq_grec_hard,,
CCBench,Qwen2-VL-7B_Biased_Test,1000356,vcf_only,vcf_only,A,A,1.0,0,1,0.0,0.8283852387405602,D,D,D,D,4,4,1,gray,gray,A,A,A,1,0,MCQ,grec_hard_composition_gate,GroundedResidualEnergyCompositionHard,true_mcq_grec_hard,,
CCBench,Qwen2-VL-7B_Biased_Test,1000362,tcf_only,tcf_only,A,C,0.0,1,0,0.022859157899775634,0.0,A,A,A,A,2,4,0,strongblur,strongblur,A,A,A,1,0,MCQ,grec_hard_composition_gate,GroundedResidualEnergyCompositionHard,true_mcq_grec_hard,,
CCBench,Qwen2-VL-7B_Biased_Test,1000364,vcf_only,vcf_only,A,C,0.0,0,1,0.0,0.38206497989232596,C,A,A,A,4,4,1,centermask,centermask,A,A,A,0,0,MCQ,grec_hard_composition_gate,GroundedResidualEnergyCompositionHard,true_mcq_grec_hard,,
CCBench,Qwen2-VL-7B_Biased_Test,1000365,vcf_only,vcf_only,D,A,0.0,0,1,0.0,1.0,C,B,B,B,4,4,1,gray,gray,D,D,D,0,0,MCQ,grec_hard_composition_gate,GroundedResidualEnergyCompositionHard,true_mcq_grec_hard,,
CCBench,Qwen2-VL-7B_Biased_Test,1000367,vcf_only,vcf_only,A,C,0.0,0,1,0.0,0.38206497989232596,B,B,B,A,4,4,1,gray,gray,A,A,A,0,0,MCQ,grec_hard_composition_gate,GroundedResidualEnergyCompositionHard,true_mcq_grec_hard,,
CCBench,Qwen2-VL-7B_Biased_Test,1000370,vcf_only,vcf_only,A,A,1.0,0,1,0.0,0.6338291751102588,C,C,C,A,4,4,1,gray,gray,A,A,A,0,0,MCQ,grec_hard_composition_gate,GroundedResidualEnergyCompositionHard,true_mcq_grec_hard,,
CCBench,Qwen2-VL-7B_Biased_Test,1000394,vcf_only,vcf_only,C,C,1.0,0,1,0.0,0.6957572296492238,B,B,B,C,4,4,1,gray,gray,C,C,C,0,0,MCQ,grec_hard_composition_gate,GroundedResidualEnergyCompositionHard,true_mcq_grec_hard,,
CCBench,Qwen2-VL-7B_Biased_Test,1000412,vcf_only,vcf_only,A,B,0.0,0,1,0.0,0.4766818835658858,A,A,A,A,4,4,0,gray,gray,A,A,A,1,0,MCQ,grec_hard_composition_gate,GroundedResidualEnergyCompositionHard,true_mcq_grec_hard,,
CCBench,Qwen2-VL-7B_Biased_Test,1000418,tcf_only,tcf_only,C,C,1.0,1,0,0.4873435385031642,0.0,C,C,C,C,1,4,0,gray,centermask,C,C,C,1,0,MCQ,grec_hard_composition_gate,GroundedResidualEnergyCompositionHard,true_mcq_grec_hard,,
CCBench,Qwen2-VL-7B_Biased_Test,1000456,vcf_only,vcf_only,A,B,0.0,0,1,0.0,0.38206497989232596,B,A,A,A,4,4,1,strongblur,centermask,A,A,A,0,0,MCQ,grec_hard_composition_gate,GroundedResidualEnergyCompositionHard,true_mcq_grec_hard,,
CCBench,Qwen2-VL-7B_Biased_Test,1000466,vcf_only,vcf_only,B,B,1.0,0,1,0.0,0.061045698843322865,D,D,D,D,4,4,1,centermask,centermask,B,B,B,1,0,MCQ,grec_hard_composition_gate,GroundedResidualEnergyCompositionHard,true_mcq_grec_hard,,
CCBench,Qwen2-VL-7B_Biased_Test,1000467,vcf_only,vcf_only,B,C,0.0,0,1,0.0,0.06550349874470504,D,D,D,D,4,4,1,gray,gray,B,B,B,1,0,MCQ,grec_hard_composition_gate,GroundedResidualEnergyCompositionHard,true_mcq_grec_hard,,
CCBench,Qwen2-VL-7B_Biased_Test,1000471,vcf_only,vcf_only,C,C,1.0,0,1,0.0,0.4200737262000754,D,D,D,D,4,4,1,gray,gray,C,C,C,1,0,MCQ,grec_hard_composition_gate,GroundedResidualEnergyCompositionHard,true_mcq_grec_hard,,
CCBench,Qwen2-VL-7B_Biased_Test,1000478,vcf_only,vcf_only,A,B,0.0,0,1,0.0,0.030974800773484138,A,A,A,A,4,4,0,gray,gray,A,A,A,1,0,MCQ,grec_hard_composition_gate,GroundedResidualEnergyCompositionHard,true_mcq_grec_hard,,
CCBench,Qwen2-VL-7B_Biased_Test,1000484,vcf_only,vcf_only,D,D,1.0,0,1,0.0,1.0,A,A,A,D,4,4,1,strongblur,centermask,D,D,D,0,0,MCQ,grec_hard_composition_gate,GroundedResidualEnergyCompositionHard,true_mcq_grec_hard,,
CCBench,Qwen2-VL-7B_Biased_Test,1000491,vcf_only,vcf_only,D,C,0.0,0,1,0.0,0.34585747144240975,D,D,D,D,4,4,0,gray,gray,D,D,D,1,0,MCQ,grec_hard_composition_gate,GroundedResidualEnergyCompositionHard,true_mcq_grec_hard,,
CCBench,Qwen2-VL-7B_Biased_Test,1000493,vcf_only,vcf_only,D,A,0.0,0,1,0.0,0.4039305544025791,D,D,D,D,4,4,0,gray,gray,D,D,D,1,0,MCQ,grec_hard_composition_gate,GroundedResidualEnergyCompositionHard,true_mcq_grec_hard,,
CCBench,Qwen2-VL-7B_Biased_Test,1000497,vcf_only,vcf_only,A,A,1.0,0,1,0.0,0.0800402203655366,D,D,D,A,4,4,1,gray,gray,A,A,A,0,0,MCQ,grec_hard_composition_gate,GroundedResidualEnergyCompositionHard,true_mcq_grec_hard,,
CCBench,Qwen2-VL-7B_Biased_Test,1000505,vcf_only,neither,D,A,0.0,0,0,0.0,0.0,D,D,D,D,4,4,0,centermask,centermask,D,D,D,1,0,MCQ,grec_hard_composition_gate,GroundedResidualEnergyCompositionHard,true_mcq_grec_hard,,
CCBench,Qwen2-VL-7B_Biased_Test,1000508,vcf_only,vcf_only,C,D,0.0,0,1,0.0,0.06578815576606192,B,C,B,C,4,4,1,centermask,centermask,C,C,C,0,0,MCQ,grec_hard_composition_gate,GroundedResidualEnergyCompositionHard,true_mcq_grec_hard,,
CCBench,Qwen2-VL-7B_Biased_Test,1000532,vcf_only,vcf_only,D,D,1.0,0,1,0.0,0.9114219721802281,D,D,B,D,4,4,0,centermask,centermask,D,D,D,1,0,MCQ,grec_hard_composition_gate,GroundedResidualEnergyCompositionHard,true_mcq_grec_hard,,
CCBench,Qwen2-VL-7B_Biased_Test,1000538,vcf_only,vcf_only,B,D,0.0,0,1,0.0,0.3932218737765433,B,B,B,B,4,4,0,centermask,centermask,B,B,B,1,0,MCQ,grec_hard_composition_gate,GroundedResidualEnergyCompositionHard,true_mcq_grec_hard,,
CCBench,Qwen2-VL-7B_Biased_Test,1000541,vcf_only,vcf_only,A,D,0.0,0,1,0.0,0.9369617727474786,D,D,B,A,4,4,1,gray,centermask,A,A,A,0,0,MCQ,grec_hard_composition_gate,GroundedResidualEnergyCompositionHard,true_mcq_grec_hard,,
CCBench,Qwen2-VL-7B_Biased_Test,1000542,vcf_only,vcf_only,D,D,1.0,0,1,0.0,0.5076568330193698,B,B,B,D,4,4,1,centermask,centermask,D,D,D,0,0,MCQ,grec_hard_composition_gate,GroundedResidualEnergyCompositionHard,true_mcq_grec_hard,,
CCBench,Qwen2-VL-7B_Biased_Test,2000002,vcf_only,neither,D,B,0.0,0,0,0.0,0.0,D,B,D,D,4,4,0,gray,centermask,D,D,D,1,0,MCQ,grec_hard_composition_gate,GroundedResidualEnergyCompositionHard,true_mcq_grec_hard,,
CCBench,Qwen2-VL-7B_Biased_Test,2000009,tcf_only,neither,A,B,0.0,0,0,0.0,0.0,A,D,A,D,4,4,1,centermask,centermask,A,A,A,0,0,MCQ,grec_hard_composition_gate,GroundedResidualEnergyCompositionHard,true_mcq_grec_hard,,
CCBench,Qwen2-VL-7B_Biased_Test,2000034,vcf_only,vcf_only,A,A,1.0,0,1,0.0,0.8108855074071797,C,C,C,A,4,4,1,gray,gray,A,A,A,0,0,MCQ,grec_hard_composition_gate,GroundedResidualEnergyCompositionHard,true_mcq_grec_hard,,
CCBench,Qwen2-VL-7B_Biased_Test,2000035,vcf_only,vcf_only,A,A,1.0,0,1,0.0,0.8246490775911645,C,C,C,A,4,4,1,gray,gray,A,A,A,0,0,MCQ,grec_hard_composition_gate,GroundedResidualEnergyCompositionHard,true_mcq_grec_hard,,
CCBench,Qwen2-VL-7B_Biased_Test,2000044,vcf_only,vcf_only,D,D,1.0,0,1,0.0,0.27844172543885787,D,D,B,D,4,4,0,centermask,centermask,D,D,D,1,0,MCQ,grec_hard_composition_gate,GroundedResidualEnergyCompositionHard,true_mcq_grec_hard,,
CCBench,Qwen2-VL-7B_Biased_Test,2000051,vcf_only,vcf_only,D,D,1.0,0,1,0.0,0.3293606092082413,D,C,C,D,4,4,0,gray,centermask,D,D,D,1,0,MCQ,grec_hard_composition_gate,GroundedResidualEnergyCompositionHard,true_mcq_grec_hard,,
CCBench,Qwen2-VL-7B_Biased_Test,2000061,vcf_only,vcf_only,C,A,0.0,0,1,0.0,0.32372347797001677,D,D,D,C,4,4,1,gray,gray,C,C,C,0,0,MCQ,grec_hard_composition_gate,GroundedResidualEnergyCompositionHard,true_mcq_grec_hard,,
CCBench,Qwen2-VL-7B_Biased_Test,2000067,vcf_only,vcf_only,B,B,1.0,0,1,0.0,0.09669406050054155,C,C,C,B,4,4,1,gray,gray,B,B,B,0,0,MCQ,grec_hard_composition_gate,GroundedResidualEnergyCompositionHard,true_mcq_grec_hard,,
CCBench,Qwen2-VL-7B_Biased_Test,2000076,vcf_only,neither,B,A,0.0,0,0,0.0,0.0,B,B,B,C,4,4,1,gray,gray,B,B,B,0,0,MCQ,grec_hard_composition_gate,GroundedResidualEnergyCompositionHard,true_mcq_grec_hard,,
CCBench,Qwen2-VL-7B_Biased_Test,2000103,vcf_only,vcf_only,A,C,0.0,0,1,0.0,0.22806436454472187,C,C,D,C,4,4,1,gray,gray,A,A,A,1,0,MCQ,grec_hard_composition_gate,GroundedResidualEnergyCompositionHard,true_mcq_grec_hard,,
CCBench,Qwen2-VL-7B_Biased_Test,2000123,vcf_only,vcf_only,B,B,1.0,0,1,0.0,0.9835318339757307,A,C,C,B,4,4,1,strongblur,centermask,B,B,B,0,0,MCQ,grec_hard_composition_gate,GroundedResidualEnergyCompositionHard,true_mcq_grec_hard,,
CCBench,Qwen2-VL-7B_Biased_Test,2000125,both,vcf_only,D,D,1.0,0,1,0.0,1.0,D,D,D,D,4,4,0,centermask,centermask,D,D,D,1,0,MCQ,grec_hard_composition_gate,GroundedResidualEnergyCompositionHard,true_mcq_grec_hard,,
CCBench,Qwen2-VL-7B_Biased_Test,2000128,vcf_only,vcf_only,C,C,1.0,0,1,0.0,0.5790289786404949,D,D,D,C,4,4,1,gray,centermask,C,C,C,0,0,MCQ,grec_hard_composition_gate,GroundedResidualEnergyCompositionHard,true_mcq_grec_hard,,
CCBench,Qwen2-VL-7B_Biased_Test,2000137,vcf_only,vcf_only,C,A,0.0,0,1,0.0,0.9562519292072075,A,D,D,D,4,4,1,gray,gray,C,C,C,0,0,MCQ,grec_hard_composition_gate,GroundedResidualEnergyCompositionHard,true_mcq_grec_hard,,
CCBench,Qwen2-VL-7B_Biased_Test,2000138,vcf_only,vcf_only,D,B,0.0,0,1,0.0,0.7649768052282876,D,D,D,D,4,4,0,gray,gray,D,D,D,1,0,MCQ,grec_hard_composition_gate,GroundedResidualEnergyCompositionHard,true_mcq_grec_hard,,
CCBench,Qwen2-VL-7B_Biased_Test,2000139,vcf_only,neither,C,C,1.0,0,0,0.0,0.0,C,C,C,C,4,4,0,gray,centermask,C,C,C,1,0,MCQ,grec_hard_composition_gate,GroundedResidualEnergyCompositionHard,true_mcq_grec_hard,,
CCBench,Qwen2-VL-7B_Biased_Test,2000143,both,neither,A,B,0.0,0,0,0.0,0.0,A,D,A,D,4,4,1,centermask,centermask,A,A,A,0,0,MCQ,grec_hard_composition_gate,GroundedResidualEnergyCompositionHard,true_mcq_grec_hard,,
CCBench,Qwen2-VL-7B_Biased_Test,2000149,vcf_only,vcf_only,D,C,0.0,0,1,0.0,0.03170004448329536,D,D,D,D,4,4,0,gray,gray,D,D,D,1,0,MCQ,grec_hard_composition_gate,GroundedResidualEnergyCompositionHard,true_mcq_grec_hard,,
CCBench,Qwen2-VL-7B_Biased_Test,2000152,vcf_only,vcf_only,B,B,1.0,0,1,0.0,0.15990642851231684,B,B,D,B,4,4,0,centermask,centermask,B,B,B,1,0,MCQ,grec_hard_composition_gate,GroundedResidualEnergyCompositionHard,true_mcq_grec_hard,,
CCBench,Qwen2-VL-7B_Biased_Test,2000157,tcf_only,vcf_only,D,D,1.0,0,1,0.0,0.38206497989232596,C,D,D,D,4,4,1,gray,centermask,D,D,D,0,0,MCQ,grec_hard_composition_gate,GroundedResidualEnergyCompositionHard,true_mcq_grec_hard,,
CCBench,Qwen2-VL-7B_Biased_Test,2000158,vcf_only,vcf_only,A,A,1.0,0,1,0.0,0.1111278738867386,A,B,B,A,4,4,0,gray,gray,A,A,A,1,0,MCQ,grec_hard_composition_gate,GroundedResidualEnergyCompositionHard,true_mcq_grec_hard,,
CCBench,Qwen2-VL-7B_Biased_Test,2000165,vcf_only,vcf_only,B,D,0.0,0,1,0.0,0.054999745937154544,C,C,C,C,4,4,1,gray,gray,B,B,B,1,0,MCQ,grec_hard_composition_gate,GroundedResidualEnergyCompositionHard,true_mcq_grec_hard,,
CCBench,Qwen2-VL-7B_Biased_Test,2000170,vcf_only,tcf_only,D,C,0.0,1,0,0.003652895343216421,0.0,D,D,D,C,1,4,0,centermask,centermask,D,D,D,0,0,MCQ,grec_hard_composition_gate,GroundedResidualEnergyCompositionHard,true_mcq_grec_hard,,
CCBench,Qwen2-VL-7B_Biased_Test,2000175,tcf_only,neither,A,D,0.0,0,0,0.0,0.0,A,A,A,A,4,4,0,strongblur,centermask,A,A,A,1,0,MCQ,grec_hard_composition_gate,GroundedResidualEnergyCompositionHard,true_mcq_grec_hard,,
CCBench,Qwen2-VL-7B_Biased_Test,2000176,vcf_only,vcf_only,C,C,1.0,0,1,0.0,0.9043354943742422,B,A,A,C,4,4,1,gray,gray,C,C,C,0,0,MCQ,grec_hard_composition_gate,GroundedResidualEnergyCompositionHard,true_mcq_grec_hard,,
CCBench,Qwen2-VL-7B_Biased_Test,2000186,vcf_only,vcf_only,D,D,1.0,0,1,0.0,0.8933447480039163,C,A,A,D,4,4,1,centermask,centermask,D,D,D,0,0,MCQ,grec_hard_composition_gate,GroundedResidualEnergyCompositionHard,true_mcq_grec_hard,,
CCBench,Qwen2-VL-7B_Biased_Test,2000193,vcf_only,both,D,C,0.0,1,1,0.02444792370909221,0.10522403082884692,D,D,D,D,1,4,0,gray,gray,D,D,D,1,0,MCQ,grec_hard_composition_gate,GroundedResidualEnergyCompositionHard,true_mcq_grec_hard,,
CCBench,Qwen2-VL-7B_Biased_Test,2000195,vcf_only,tcf_only,D,C,0.0,1,0,0.02060360756092253,0.0,D,D,D,A,1,4,1,gray,gray,D,D,D,0,0,MCQ,grec_hard_composition_gate,GroundedResidualEnergyCompositionHard,true_mcq_grec_hard,,
CCBench,Qwen2-VL-7B_Biased_Test,2000200,both,vcf_only,B,C,0.0,0,1,0.0,0.30708831214796767,B,D,A,B,4,4,0,gray,centermask,B,B,B,1,0,MCQ,grec_hard_composition_gate,GroundedResidualEnergyCompositionHard,true_mcq_grec_hard,,
CCBench,Qwen2-VL-7B_Biased_Test,2000209,vcf_only,tcf_only,A,B,0.0,1,0,1.0,0.0,A,A,A,A,1,4,0,strongblur,centermask,A,A,A,1,0,MCQ,grec_hard_composition_gate,GroundedResidualEnergyCompositionHard,true_mcq_grec_hard,,
CCBench,Qwen2-VL-7B_Biased_Test,2000214,vcf_only,vcf_only,C,C,1.0,0,1,0.0,0.5033023400640433,D,D,D,C,4,4,1,gray,gray,C,C,C,0,0,MCQ,grec_hard_composition_gate,GroundedResidualEnergyCompositionHard,true_mcq_grec_hard,,
CCBench,Qwen2-VL-7B_Biased_Test,2000218,vcf_only,vcf_only,A,C,0.0,0,1,0.0,0.4977768323837329,D,D,D,D,4,4,1,centermask,centermask,A,A,A,1,0,MCQ,grec_hard_composition_gate,GroundedResidualEnergyCompositionHard,true_mcq_grec_hard,,
CCBench,Qwen2-VL-7B_Biased_Test,2000221,vcf_only,vcf_only,B,B,1.0,0,1,0.0,0.8366874949276497,B,B,B,B,4,4,0,centermask,centermask,B,B,B,1,0,MCQ,grec_hard_composition_gate,GroundedResidualEnergyCompositionHard,true_mcq_grec_hard,,
CCBench,Qwen2-VL-7B_Biased_Test,2000224,vcf_only,vcf_only,A,A,1.0,0,1,0.0,0.47454621982129686,D,A,D,A,4,4,1,centermask,centermask,A,A,A,0,0,MCQ,grec_hard_composition_gate,GroundedResidualEnergyCompositionHard,true_mcq_grec_hard,,
CCBench,Qwen2-VL-7B_Biased_Test,2000225,vcf_only,vcf_only,A,B,0.0,0,1,0.0,0.31774236204504447,D,D,D,A,4,4,1,centermask,centermask,A,A,A,0,0,MCQ,grec_hard_composition_gate,GroundedResidualEnergyCompositionHard,true_mcq_grec_hard,,
CCBench,Qwen2-VL-7B_Biased_Test,2000226,vcf_only,vcf_only,B,A,0.0,0,1,0.0,1.0,B,B,C,B,4,4,0,centermask,centermask,B,B,B,1,0,MCQ,grec_hard_composition_gate,GroundedResidualEnergyCompositionHard,true_mcq_grec_hard,,
CCBench,Qwen2-VL-7B_Biased_Test,2000244,tcf_only,tcf_only,D,B,0.0,1,0,0.08535262990785097,0.0,D,D,B,D,1,4,0,centermask,centermask,D,D,D,1,0,MCQ,grec_hard_composition_gate,GroundedResidualEnergyCompositionHard,true_mcq_grec_hard,,
CCBench,Qwen2-VL-7B_Biased_Test,2000253,vcf_only,vcf_only,C,A,0.0,0,1,0.0,0.5320479663932042,D,D,D,D,4,4,1,gray,gray,C,C,C,1,0,MCQ,grec_hard_composition_gate,GroundedResidualEnergyCompositionHard,true_mcq_grec_hard,,
CCBench,Qwen2-VL-7B_Biased_Test,2000285,vcf_only,vcf_only,D,D,1.0,0,1,0.0,0.13228838641332877,A,D,A,D,4,4,1,centermask,centermask,D,D,D,0,0,MCQ,grec_hard_composition_gate,GroundedResidualEnergyCompositionHard,true_mcq_grec_hard,,
CCBench,Qwen2-VL-7B_Biased_Test,2000314,vcf_only,vcf_only,C,A,0.0,0,1,0.0,0.6948320278425607,D,D,D,C,4,4,1,centermask,centermask,C,C,C,0,0,MCQ,grec_hard_composition_gate,GroundedResidualEnergyCompositionHard,true_mcq_grec_hard,,
CCBench,Qwen2-VL-7B_Biased_Test,2000315,vcf_only,vcf_only,C,B,0.0,0,1,0.0,0.7235428828464091,C,D,D,C,4,4,0,centermask,centermask,C,C,C,1,0,MCQ,grec_hard_composition_gate,GroundedResidualEnergyCompositionHard,true_mcq_grec_hard,,
CCBench,Qwen2-VL-7B_Biased_Test,2000316,vcf_only,vcf_only,C,C,1.0,0,1,0.0,0.9504339768410419,C,C,C,C,4,4,0,gray,gray,C,C,C,1,0,MCQ,grec_hard_composition_gate,GroundedResidualEnergyCompositionHard,true_mcq_grec_hard,,
CCBench,Qwen2-VL-7B_Biased_Test,2000321,vcf_only,vcf_only,D,D,1.0,0,1,0.0,0.5246385440345013,B,B,B,D,4,4,1,centermask,centermask,D,D,D,0,0,MCQ,grec_hard_composition_gate,GroundedResidualEnergyCompositionHard,true_mcq_grec_hard,,
CCBench,Qwen2-VL-7B_Biased_Test,2000324,vcf_only,vcf_only,B,D,0.0,0,1,0.0,0.9853759002701715,D,A,A,D,4,4,1,centermask,centermask,B,B,B,1,0,MCQ,grec_hard_composition_gate,GroundedResidualEnergyCompositionHard,true_mcq_grec_hard,,
CCBench,Qwen2-VL-7B_Biased_Test,2000325,vcf_only,vcf_only,B,B,1.0,0,1,0.0,0.8153137155891488,C,C,C,B,4,4,1,centermask,centermask,B,B,B,0,0,MCQ,grec_hard_composition_gate,GroundedResidualEnergyCompositionHard,true_mcq_grec_hard,,
CCBench,Qwen2-VL-7B_Biased_Test,2000329,both,tcf_only,D,B,0.0,1,0,0.45421448211933796,0.0,D,C,D,A,2,4,1,centermask,centermask,D,D,D,0,0,MCQ,grec_hard_composition_gate,GroundedResidualEnergyCompositionHard,true_mcq_grec_hard,,
CCBench,Qwen2-VL-7B_Biased_Test,2000340,vcf_only,vcf_only,C,B,0.0,0,1,0.0,0.7232881476715145,C,C,C,C,4,4,0,gray,gray,C,C,C,1,0,MCQ,grec_hard_composition_gate,GroundedResidualEnergyCompositionHard,true_mcq_grec_hard,,
CCBench,Qwen2-VL-7B_Biased_Test,2000346,both,neither,A,B,0.0,0,0,0.0,0.0,A,A,A,A,4,4,0,strongblur,centermask,A,A,A,1,0,MCQ,grec_hard_composition_gate,GroundedResidualEnergyCompositionHard,true_mcq_grec_hard,,
CCBench,Qwen2-VL-7B_Biased_Test,2000350,vcf_only,vcf_only,C,D,0.0,0,1,0.0,1.0,C,B,A,C,4,4,0,strongblur,centermask,C,C,C,1,0,MCQ,grec_hard_composition_gate,GroundedResidualEnergyCompositionHard,true_mcq_grec_hard,,
CCBench,Qwen2-VL-7B_Biased_Test,2000354,vcf_only,vcf_only,A,A,1.0,0,1,0.0,0.8967849708591589,C,C,C,A,4,4,1,centermask,centermask,A,A,A,0,0,MCQ,grec_hard_composition_gate,GroundedResidualEnergyCompositionHard,true_mcq_grec_hard,,
CCBench,Qwen2-VL-7B_Biased_Test,2000355,vcf_only,vcf_only,D,B,0.0,0,1,0.0,0.7392975898070839,C,C,C,C,4,4,1,gray,gray,D,D,D,1,0,MCQ,grec_hard_composition_gate,GroundedResidualEnergyCompositionHard,true_mcq_grec_hard,,
CCBench,Qwen2-VL-7B_Biased_Test,2000356,vcf_only,vcf_only,D,B,0.0,0,1,0.0,0.6864693130938956,C,C,C,C,4,4,1,gray,gray,D,D,D,1,0,MCQ,grec_hard_composition_gate,GroundedResidualEnergyCompositionHard,true_mcq_grec_hard,,
CCBench,Qwen2-VL-7B_Biased_Test,2000362,both,both,A,D,0.0,1,1,0.50097462374243,0.38206497989232596,A,A,A,B,2,4,1,strongblur,centermask,B,A,A,0,1,MCQ,grec_hard_composition_gate,GroundedResidualEnergyCompositionHard,true_mcq_grec_hard,,
CCBench,Qwen2-VL-7B_Biased_Test,2000364,vcf_only,vcf_only,D,D,1.0,0,1,0.0,1.0,D,C,C,D,4,4,0,strongblur,centermask,D,D,D,1,0,MCQ,grec_hard_composition_gate,GroundedResidualEnergyCompositionHard,true_mcq_grec_hard,,
CCBench,Qwen2-VL-7B_Biased_Test,2000365,vcf_only,vcf_only,B,B,1.0,0,1,0.0,0.9562175399020112,A,C,C,A,4,4,1,centermask,centermask,B,B,B,1,0,MCQ,grec_hard_composition_gate,GroundedResidualEnergyCompositionHard,true_mcq_grec_hard,,
CCBench,Qwen2-VL-7B_Biased_Test,2000367,vcf_only,vcf_only,D,D,1.0,0,1,0.0,0.8826879949474211,C,C,C,D,4,4,1,strongblur,strongblur,D,D,D,0,0,MCQ,grec_hard_composition_gate,GroundedResidualEnergyCompositionHard,true_mcq_grec_hard,,
CCBench,Qwen2-VL-7B_Biased_Test,2000369,both,both,B,B,1.0,1,1,1.0,0.9627029425020985,B,B,C,B,2,4,0,centermask,centermask,B,B,B,1,0,MCQ,grec_hard_composition_gate,GroundedResidualEnergyCompositionHard,true_mcq_grec_hard,,
CCBench,Qwen2-VL-7B_Biased_Test,2000376,vcf_only,tcf_only,B,C,0.0,1,0,1.0,0.0,B,C,D,D,2,4,1,strongblur,centermask,B,B,B,0,0,MCQ,grec_hard_composition_gate,GroundedResidualEnergyCompositionHard,true_mcq_grec_hard,,
CCBench,Qwen2-VL-7B_Biased_Test,2000377,tcf_only,tcf_only,D,C,0.0,1,0,0.5205366226165602,0.0,D,D,D,D,1,4,0,centermask,centermask,D,D,D,1,0,MCQ,grec_hard_composition_gate,GroundedResidualEnergyCompositionHard,true_mcq_grec_hard,,
CCBench,Qwen2-VL-7B_Biased_Test,2000392,vcf_only,both,B,A,0.0,1,1,0.08864448064874828,0.17496417360886674,B,B,B,A,1,4,1,strongblur,centermask,A,B,B,0,1,MCQ,grec_hard_composition_gate,GroundedResidualEnergyCompositionHard,true_mcq_grec_hard,,
CCBench,Qwen2-VL-7B_Biased_Test,2000393,vcf_only,vcf_only,A,A,1.0,0,1,0.0,0.8353932435194378,A,D,D,A,4,4,0,strongblur,strongblur,A,A,A,1,0,MCQ,grec_hard_composition_gate,GroundedResidualEnergyCompositionHard,true_mcq_grec_hard,,
CCBench,Qwen2-VL-7B_Biased_Test,2000394,vcf_only,vcf_only,D,D,1.0,0,1,0.0,0.6195592770818374,C,C,C,D,4,4,1,gray,gray,D,D,D,0,0,MCQ,grec_hard_composition_gate,GroundedResidualEnergyCompositionHard,true_mcq_grec_hard,,
CCBench,Qwen2-VL-7B_Biased_Test,2000412,vcf_only,vcf_only,C,C,1.0,0,1,0.0,0.8753975075187235,C,B,B,C,4,4,0,centermask,centermask,C,C,C,1,0,MCQ,grec_hard_composition_gate,GroundedResidualEnergyCompositionHard,true_mcq_grec_hard,,
CCBench,Qwen2-VL-7B_Biased_Test,2000436,tcf_only,tcf_only,A,A,1.0,1,0,1.0,0.0,A,A,C,A,1,4,0,centermask,centermask,A,A,A,1,0,MCQ,grec_hard_composition_gate,GroundedResidualEnergyCompositionHard,true_mcq_grec_hard,,
CCBench,Qwen2-VL-7B_Biased_Test,2000456,vcf_only,vcf_only,B,C,0.0,0,1,0.0,0.3754602019751306,C,A,C,B,4,4,1,gray,gray,B,B,B,0,0,MCQ,grec_hard_composition_gate,GroundedResidualEnergyCompositionHard,true_mcq_grec_hard,,
CCBench,Qwen2-VL-7B_Biased_Test,2000462,vcf_only,vcf_only,C,C,1.0,0,1,0.0,0.3393522866409861,C,C,B,C,4,4,0,strongblur,strongblur,C,C,C,1,0,MCQ,grec_hard_composition_gate,GroundedResidualEnergyCompositionHard,true_mcq_grec_hard,,
CCBench,Qwen2-VL-7B_Biased_Test,2000474,vcf_only,vcf_only,D,C,0.0,0,1,0.0,0.06018894433169037,A,C,A,C,4,4,1,gray,gray,D,D,D,0,0,MCQ,grec_hard_composition_gate,GroundedResidualEnergyCompositionHard,true_mcq_grec_hard,,
CCBench,Qwen2-VL-7B_Biased_Test,2000478,vcf_only,vcf_only,B,C,0.0,0,1,0.0,0.023952484587804957,B,B,B,B,4,4,0,gray,gray,B,B,B,1,0,MCQ,grec_hard_composition_gate,GroundedResidualEnergyCompositionHard,true_mcq_grec_hard,,
CCBench,Qwen2-VL-7B_Biased_Test,2000484,vcf_only,neither,A,A,1.0,0,0,0.0,0.0,A,A,A,B,4,4,1,strongblur,centermask,A,A,A,0,0,MCQ,grec_hard_composition_gate,GroundedResidualEnergyCompositionHard,true_mcq_grec_hard,,
CCBench,Qwen2-VL-7B_Biased_Test,2000485,tcf_only,neither,A,B,0.0,0,0,0.0,0.0,A,A,A,A,4,4,0,centermask,centermask,A,A,A,1,0,MCQ,grec_hard_composition_gate,GroundedResidualEnergyCompositionHard,true_mcq_grec_hard,,
CCBench,Qwen2-VL-7B_Biased_Test,2000495,vcf_only,vcf_only,D,D,1.0,0,1,0.0,0.8994060229111983,D,C,C,D,4,4,0,gray,centermask,D,D,D,1,0,MCQ,grec_hard_composition_gate,GroundedResidualEnergyCompositionHard,true_mcq_grec_hard,,
CCBench,Qwen2-VL-7B_Biased_Test,2000497,vcf_only,vcf_only,A,B,0.0,0,1,0.0,0.43513253368063287,A,A,A,A,4,4,0,gray,centermask,A,A,A,1,0,MCQ,grec_hard_composition_gate,GroundedResidualEnergyCompositionHard,true_mcq_grec_hard,,
CCBench,Qwen2-VL-7B_Biased_Test,2000503,vcf_only,vcf_only,C,D,0.0,0,1,0.0,0.1819626885527591,C,C,C,C,4,4,0,centermask,centermask,C,C,C,1,0,MCQ,grec_hard_composition_gate,GroundedResidualEnergyCompositionHard,true_mcq_grec_hard,,
CCBench,Qwen2-VL-7B_Biased_Test,2000508,vcf_only,vcf_only,D,A,0.0,0,1,0.0,0.5879839615019337,C,D,C,D,4,4,1,centermask,centermask,D,D,D,0,0,MCQ,grec_hard_composition_gate,GroundedResidualEnergyCompositionHard,true_mcq_grec_hard,,
CCBench,Qwen2-VL-7B_Biased_Test,2000510,vcf_only,vcf_only,A,B,0.0,0,1,0.0,0.0851240383305556,B,B,A,A,4,4,1,gray,centermask,A,A,A,0,0,MCQ,grec_hard_composition_gate,GroundedResidualEnergyCompositionHard,true_mcq_grec_hard,,
CCBench,Qwen2-VL-7B_Biased_Test,2000511,vcf_only,vcf_only,B,B,1.0,0,1,0.0,0.6359165076048606,B,C,C,B,4,4,0,strongblur,strongblur,B,B,B,1,0,MCQ,grec_hard_composition_gate,GroundedResidualEnergyCompositionHard,true_mcq_grec_hard,,
CCBench,Qwen2-VL-7B_Biased_Test,2000517,tcf_only,neither,A,D,0.0,0,0,0.0,0.0,A,D,D,A,4,4,0,strongblur,centermask,A,A,A,1,0,MCQ,grec_hard_composition_gate,GroundedResidualEnergyCompositionHard,true_mcq_grec_hard,,
CCBench,Qwen2-VL-7B_Biased_Test,2000538,vcf_only,vcf_only,C,A,0.0,0,1,0.0,0.5401410636656462,C,C,C,C,4,4,0,centermask,centermask,C,C,C,1,0,MCQ,grec_hard_composition_gate,GroundedResidualEnergyCompositionHard,true_mcq_grec_hard,,
CCBench,Qwen2-VL-7B_Biased_Test,2000542,vcf_only,vcf_only,A,A,1.0,0,1,0.0,0.753452915676432,A,C,C,A,4,4,0,gray,centermask,A,A,A,1,0,MCQ,grec_hard_composition_gate,GroundedResidualEnergyCompositionHard,true_mcq_grec_hard,,
CCBench,Qwen2-VL-7B_Biased_Test,3000009,vcf_only,vcf_only,A,C,0.0,0,1,0.0,0.38206497989232596,D,D,B,A,4,4,1,centermask,centermask,A,A,A,0,0,MCQ,grec_hard_composition_gate,GroundedResidualEnergyCompositionHard,true_mcq_grec_hard,,
CCBench,Qwen2-VL-7B_Biased_Test,3000034,vcf_only,vcf_only,B,B,1.0,0,1,0.0,0.7488662595400671,D,D,D,B,4,4,1,gray,gray,B,B,B,0,0,MCQ,grec_hard_composition_gate,GroundedResidualEnergyCompositionHard,true_mcq_grec_hard,,
CCBench,Qwen2-VL-7B_Biased_Test,3000035,vcf_only,vcf_only,B,B,1.0,0,1,0.0,0.6576372642222845,D,D,D,B,4,4,1,gray,gray,B,B,B,0,0,MCQ,grec_hard_composition_gate,GroundedResidualEnergyCompositionHard,true_mcq_grec_hard,,
CCBench,Qwen2-VL-7B_Biased_Test,3000040,tcf_only,neither,A,B,0.0,0,0,0.0,0.0,D,A,D,A,4,4,1,gray,gray,A,A,A,0,0,MCQ,grec_hard_composition_gate,GroundedResidualEnergyCompositionHard,true_mcq_grec_hard,,
CCBench,Qwen2-VL-7B_Biased_Test,3000051,vcf_only,vcf_only,A,A,1.0,0,1,0.0,0.34484330009297576,A,D,A,D,4,4,0,centermask,centermask,A,A,A,0,0,MCQ,grec_hard_composition_gate,GroundedResidualEnergyCompositionHard,true_mcq_grec_hard,,
CCBench,Qwen2-VL-7B_Biased_Test,3000057,vcf_only,vcf_only,A,A,1.0,0,1,0.0,1.0,A,A,A,A,4,4,0,strongblur,strongblur,A,A,A,1,0,MCQ,grec_hard_composition_gate,GroundedResidualEnergyCompositionHard,true_mcq_grec_hard,,
CCBench,Qwen2-VL-7B_Biased_Test,3000067,vcf_only,vcf_only,C,C,1.0,0,1,0.0,0.05244676761067625,D,D,D,C,4,4,1,gray,gray,C,C,C,0,0,MCQ,grec_hard_composition_gate,GroundedResidualEnergyCompositionHard,true_mcq_grec_hard,,
CCBench,Qwen2-VL-7B_Biased_Test,3000076,vcf_only,vcf_only,D,B,0.0,0,1,0.0,0.208826916753507,C,C,C,D,4,4,1,gray,gray,D,D,D,0,0,MCQ,grec_hard_composition_gate,GroundedResidualEnergyCompositionHard,true_mcq_grec_hard,,
CCBench,Qwen2-VL-7B_Biased_Test,3000077,vcf_only,neither,D,B,0.0,0,0,0.0,0.0,D,D,D,D,4,4,0,gray,gray,D,D,D,1,0,MCQ,grec_hard_composition_gate,GroundedResidualEnergyCompositionHard,true_mcq_grec_hard,,
CCBench,Qwen2-VL-7B_Biased_Test,3000123,vcf_only,vcf_only,B,C,0.0,0,1,0.0,1.0,A,A,D,C,4,4,1,strongblur,centermask,B,B,B,0,0,MCQ,grec_hard_composition_gate,GroundedResidualEnergyCompositionHard,true_mcq_grec_hard,,
CCBench,Qwen2-VL-7B_Biased_Test,3000128,vcf_only,vcf_only,D,D,1.0,0,1,0.0,0.4920864782710223,A,A,A,D,4,4,1,gray,centermask,D,D,D,0,0,MCQ,grec_hard_composition_gate,GroundedResidualEnergyCompositionHard,true_mcq_grec_hard,,
CCBench,Qwen2-VL-7B_Biased_Test,3000137,vcf_only,vcf_only,D,B,0.0,0,1,0.0,0.2387547100162633,A,A,A,A,4,4,1,gray,gray,D,D,D,1,0,MCQ,grec_hard_composition_gate,GroundedResidualEnergyCompositionHard,true_mcq_grec_hard,,
CCBench,Qwen2-VL-7B_Biased_Test,3000138,vcf_only,vcf_only,A,C,0.0,0,1,0.0,0.12061372956283907,A,A,A,A,4,4,0,gray,gray,A,A,A,1,0,MCQ,grec_hard_composition_gate,GroundedResidualEnergyCompositionHard,true_mcq_grec_hard,,
CCBench,Qwen2-VL-7B_Biased_Test,3000143,vcf_only,vcf_only,C,C,1.0,0,1,0.0,0.2580787919176443,A,A,A,B,4,4,1,centermask,centermask,C,C,C,0,0,MCQ,grec_hard_composition_gate,GroundedResidualEnergyCompositionHard,true_mcq_grec_hard,,
CCBench,Qwen2-VL-7B_Biased_Test,3000145,vcf_only,tcf_only,A,A,1.0,1,0,1.0,0.0,A,A,A,A,1,4,0,centermask,centermask,A,A,A,1,0,MCQ,grec_hard_composition_gate,GroundedResidualEnergyCompositionHard,true_mcq_grec_hard,,
CCBench,Qwen2-VL-7B_Biased_Test,3000149,tcf_only,neither,B,D,0.0,0,0,0.0,0.0,C,A,A,C,4,4,0,strongblur,gray,B,B,B,1,0,MCQ,grec_hard_composition_gate,GroundedResidualEnergyCompositionHard,true_mcq_grec_hard,,
CCBench,Qwen2-VL-7B_Biased_Test,3000157,vcf_only,vcf_only,C,A,0.0,0,1,0.0,0.45219773836097,D,D,D,D,4,4,1,gray,gray,C,C,C,1,0,MCQ,grec_hard_composition_gate,GroundedResidualEnergyCompositionHard,true_mcq_grec_hard,,
CCBench,Qwen2-VL-7B_Biased_Test,3000165,vcf_only,vcf_only,A,A,1.0,0,1,0.0,0.3956792200514142,D,D,D,D,4,4,1,gray,gray,A,A,A,1,0,MCQ,grec_hard_composition_gate,GroundedResidualEnergyCompositionHard,true_mcq_grec_hard,,
CCBench,Qwen2-VL-7B_Biased_Test,3000170,vcf_only,vcf_only,D,D,1.0,0,1,0.0,0.8346822146000651,A,A,A,D,4,4,1,centermask,centermask,D,D,D,0,0,MCQ,grec_hard_composition_gate,GroundedResidualEnergyCompositionHard,true_mcq_grec_hard,,
CCBench,Qwen2-VL-7B_Biased_Test,3000175,vcf_only,both,B,A,0.0,1,1,0.5032603414399532,0.3678921609688601,B,B,B,D,1,4,0,gray,centermask,B,B,B,0,1,MCQ,grec_hard_composition_gate,GroundedResidualEnergyCompositionHard,true_mcq_grec_hard,,
CCBench,Qwen2-VL-7B_Biased_Test,3000176,vcf_only,vcf_only,C,D,0.0,0,1,0.0,0.9971625341493476,C,B,B,C,4,4,0,strongblur,strongblur,C,C,C,1,0,MCQ,grec_hard_composition_gate,GroundedResidualEnergyCompositionHard,true_mcq_grec_hard,,
CCBench,Qwen2-VL-7B_Biased_Test,3000181,vcf_only,both,B,D,0.0,1,1,0.046332456345857344,0.12304663373798762,B,B,B,D,1,4,1,centermask,centermask,A,B,B,0,1,MCQ,grec_hard_composition_gate,GroundedResidualEnergyCompositionHard,true_mcq_grec_hard,,
CCBench,Qwen2-VL-7B_Biased_Test,3000186,vcf_only,vcf_only,A,A,1.0,0,1,0.0,0.8842950260390221,D,B,B,C,4,4,1,centermask,centermask,A,A,A,0,0,MCQ,grec_hard_composition_gate,GroundedResidualEnergyCompositionHard,true_mcq_grec_hard,,
CCBench,Qwen2-VL-7B_Biased_Test,3000189,both,both,C,C,1.0,1,1,0.45503107777999846,1.0,C,C,C,B,1,4,1,gray,centermask,B,C,C,0,1,MCQ,grec_hard_composition_gate,GroundedResidualEnergyCompositionHard,true_mcq_grec_hard,,
CCBench,Qwen2-VL-7B_Biased_Test,3000195,vcf_only,vcf_only,D,D,1.0,0,1,0.0,0.38206497989232596,A,D,A,D,4,4,1,centermask,centermask,D,D,D,0,0,MCQ,grec_hard_composition_gate,GroundedResidualEnergyCompositionHard,true_mcq_grec_hard,,
CCBench,Qwen2-VL-7B_Biased_Test,3000200,vcf_only,both,A,D,0.0,1,1,0.0018441282723106515,0.8567671257929955,A,C,B,A,2,4,0,centermask,centermask,A,A,A,1,0,MCQ,grec_hard_composition_gate,GroundedResidualEnergyCompositionHard,true_mcq_grec_hard,,
CCBench,Qwen2-VL-7B_Biased_Test,3000213,vcf_only,vcf_only,C,C,1.0,0,1,0.0,0.15519327038385197,A,A,A,A,4,4,1,centermask,centermask,C,C,C,1,0,MCQ,grec_hard_composition_gate,GroundedResidualEnergyCompositionHard,true_mcq_grec_hard,,
CCBench,Qwen2-VL-7B_Biased_Test,3000216,vcf_only,vcf_only,B,B,1.0,0,1,0.0,0.4805246582828545,C,C,C,D,4,4,1,gray,centermask,B,B,B,0,0,MCQ,grec_hard_composition_gate,GroundedResidualEnergyCompositionHard,true_mcq_grec_hard,,
CCBench,Qwen2-VL-7B_Biased_Test,3000218,vcf_only,neither,C,D,0.0,0,0,0.0,0.0,C,A,C,B,4,4,1,gray,centermask,C,C,C,0,0,MCQ,grec_hard_composition_gate,GroundedResidualEnergyCompositionHard,true_mcq_grec_hard,,
CCBench,Qwen2-VL-7B_Biased_Test,3000219,vcf_only,neither,C,A,0.0,0,0,0.0,0.0,C,A,C,A,4,4,1,gray,centermask,C,C,C,0,0,MCQ,grec_hard_composition_gate,GroundedResidualEnergyCompositionHard,true_mcq_grec_hard,,
CCBench,Qwen2-VL-7B_Biased_Test,3000220,vcf_only,neither,C,B,0.0,0,0,0.0,0.0,C,C,C,D,4,4,1,centermask,centermask,C,C,C,0,0,MCQ,grec_hard_composition_gate,GroundedResidualEnergyCompositionHard,true_mcq_grec_hard,,
CCBench,Qwen2-VL-7B_Biased_Test,3000224,vcf_only,vcf_only,B,B,1.0,0,1,0.0,0.9371124363928571,B,A,B,B,4,4,0,centermask,centermask,B,B,B,1,0,MCQ,grec_hard_composition_gate,GroundedResidualEnergyCompositionHard,true_mcq_grec_hard,,
CCBench,Qwen2-VL-7B_Biased_Test,3000225,vcf_only,vcf_only,C,C,1.0,0,1,0.0,0.7071595631728301,B,B,A,B,4,4,1,centermask,centermask,C,C,C,1,0,MCQ,grec_hard_composition_gate,GroundedResidualEnergyCompositionHard,true_mcq_grec_hard,,
CCBench,Qwen2-VL-7B_Biased_Test,3000226,vcf_only,vcf_only,A,B,0.0,0,1,0.0,1.0,C,C,D,A,4,4,1,centermask,centermask,A,A,A,0,0,MCQ,grec_hard_composition_gate,GroundedResidualEnergyCompositionHard,true_mcq_grec_hard,,
CCBench,Qwen2-VL-7B_Biased_Test,3000253,vcf_only,vcf_only,D,B,0.0,0,1,0.0,0.4680120180071311,A,A,A,B,4,4,1,gray,gray,D,D,D,0,0,MCQ,grec_hard_composition_gate,GroundedResidualEnergyCompositionHard,true_mcq_grec_hard,,
CCBench,Qwen2-VL-7B_Biased_Test,3000285,vcf_only,vcf_only,A,A,1.0,0,1,0.0,0.13347069577617512,B,A,B,A,4,4,1,centermask,centermask,A,A,A,0,0,MCQ,grec_hard_composition_gate,GroundedResidualEnergyCompositionHard,true_mcq_grec_hard,,
CCBench,Qwen2-VL-7B_Biased_Test,3000301,tcf_only,tcf_only,A,A,1.0,1,0,0.45421448211933796,0.0,A,A,A,A,2,4,1,gray,gray,A,A,A,1,0,MCQ,grec_hard_composition_gate,GroundedResidualEnergyCompositionHard,true_mcq_grec_hard,,
CCBench,Qwen2-VL-7B_Biased_Test,3000314,vcf_only,vcf_only,D,B,0.0,0,1,0.0,0.6392906783753891,D,A,A,D,4,4,0,centermask,centermask,D,D,D,1,0,MCQ,grec_hard_composition_gate,GroundedResidualEnergyCompositionHard,true_mcq_grec_hard,,
CCBench,Qwen2-VL-7B_Biased_Test,3000315,vcf_only,vcf_only,D,C,0.0,0,1,0.0,0.31742140344568043,D,A,A,D,4,4,0,centermask,centermask,D,D,D,1,0,MCQ,grec_hard_composition_gate,GroundedResidualEnergyCompositionHard,true_mcq_grec_hard,,
CCBench,Qwen2-VL-7B_Biased_Test,3000318,vcf_only,vcf_only,D,B,0.0,0,1,0.0,0.17234589364096234,B,C,C,D,4,4,1,centermask,centermask,D,D,D,0,0,MCQ,grec_hard_composition_gate,GroundedResidualEnergyCompositionHard,true_mcq_grec_hard,,
CCBench,Qwen2-VL-7B_Biased_Test,3000319,tcf_only,vcf_only,C,B,0.0,0,1,0.0,0.38206497989232596,C,C,C,C,4,4,0,centermask,centermask,C,C,C,1,0,MCQ,grec_hard_composition_gate,GroundedResidualEnergyCompositionHard,true_mcq_grec_hard,,
CCBench,Qwen2-VL-7B_Biased_Test,3000321,vcf_only,vcf_only,A,A,1.0,0,1,0.0,0.621698771330486,C,C,C,A,4,4,1,centermask,centermask,A,A,A,0,0,MCQ,grec_hard_composition_gate,GroundedResidualEnergyCompositionHard,true_mcq_grec_hard,,
CCBench,Qwen2-VL-7B_Biased_Test,3000324,vcf_only,vcf_only,A,A,1.0,0,1,0.0,0.5958398949809369,B,B,B,B,4,4,1,gray,centermask,A,A,A,1,0,MCQ,grec_hard_composition_gate,GroundedResidualEnergyCompositionHard,true_mcq_grec_hard,,
CCBench,Qwen2-VL-7B_Biased_Test,3000329,vcf_only,vcf_only,C,C,1.0,0,1,0.0,0.7201758945738157,B,B,B,C,4,4,1,gray,gray,C,C,C,0,0,MCQ,grec_hard_composition_gate,GroundedResidualEnergyCompositionHard,true_mcq_grec_hard,,
CCBench,Qwen2-VL-7B_Biased_Test,3000340,vcf_only,vcf_only,A,C,0.0,0,1,0.0,0.718969927656449,D,D,D,D,4,4,1,gray,gray,A,A,A,1,0,MCQ,grec_hard_composition_gate,GroundedResidualEnergyCompositionHard,true_mcq_grec_hard,,
CCBench,Qwen2-VL-7B_Biased_Test,3000350,vcf_only,vcf_only,A,A,1.0,0,1,0.0,0.9778821740957055,A,C,C,B,4,4,0,gray,gray,A,A,A,0,0,MCQ,grec_hard_composition_gate,GroundedResidualEnergyCompositionHard,true_mcq_grec_hard,,
CCBench,Qwen2-VL-7B_Biased_Test,3000355,vcf_only,vcf_only,D,C,0.0,0,1,0.0,0.8959540639966526,D,D,D,D,4,4,0,centermask,centermask,D,D,D,1,0,MCQ,grec_hard_composition_gate,GroundedResidualEnergyCompositionHard,true_mcq_grec_hard,,
CCBench,Qwen2-VL-7B_Biased_Test,3000356,vcf_only,both,D,C,0.0,1,1,0.480303282360379,0.2132291845962786,D,D,D,D,1,4,1,gray,gray,D,D,D,1,0,MCQ,grec_hard_composition_gate,GroundedResidualEnergyCompositionHard,true_mcq_grec_hard,,
CCBench,Qwen2-VL-7B_Biased_Test,3000362,vcf_only,vcf_only,D,A,0.0,0,1,0.0,0.8286823092474153,B,B,B,B,4,4,1,gray,gray,D,D,D,1,0,MCQ,grec_hard_composition_gate,GroundedResidualEnergyCompositionHard,true_mcq_grec_hard,,
CCBench,Qwen2-VL-7B_Biased_Test,3000365,vcf_only,vcf_only,B,C,0.0,0,1,0.0,0.7361667509497822,D,D,D,D,4,4,1,gray,gray,B,B,B,1,0,MCQ,grec_hard_composition_gate,GroundedResidualEnergyCompositionHard,true_mcq_grec_hard,,
CCBench,Qwen2-VL-7B_Biased_Test,3000377,tcf_only,tcf_only,A,D,0.0,1,0,0.4655278856147954,0.0,A,A,A,A,1,4,0,centermask,centermask,A,A,A,1,0,MCQ,grec_hard_composition_gate,GroundedResidualEnergyCompositionHard,true_mcq_grec_hard,,
CCBench,Qwen2-VL-7B_Biased_Test,3000394,vcf_only,vcf_only,C,A,0.0,0,1,0.0,0.7514021922191421,D,A,D,D,4,4,1,strongblur,gray,C,C,C,1,0,MCQ,grec_hard_composition_gate,GroundedResidualEnergyCompositionHard,true_mcq_grec_hard,,
CCBench,Qwen2-VL-7B_Biased_Test,3000412,vcf_only,vcf_only,D,D,1.0,0,1,0.0,1.0,A,C,A,D,4,4,1,gray,centermask,D,D,D,0,0,MCQ,grec_hard_composition_gate,GroundedResidualEnergyCompositionHard,true_mcq_grec_hard,,
CCBench,Qwen2-VL-7B_Biased_Test,3000456,vcf_only,vcf_only,C,D,0.0,0,1,0.0,0.7807493043229525,D,B,B,D,4,4,1,centermask,centermask,C,C,C,1,0,MCQ,grec_hard_composition_gate,GroundedResidualEnergyCompositionHard,true_mcq_grec_hard,,
CCBench,Qwen2-VL-7B_Biased_Test,3000461,tcf_only,neither,A,C,0.0,0,0,0.0,0.0,D,D,D,D,4,4,0,gray,centermask,A,A,A,1,0,MCQ,grec_hard_composition_gate,GroundedResidualEnergyCompositionHard,true_mcq_grec_hard,,
CCBench,Qwen2-VL-7B_Biased_Test,3000478,vcf_only,vcf_only,C,D,0.0,0,1,0.0,0.16706017475023185,C,C,C,C,4,4,0,centermask,centermask,C,C,C,1,0,MCQ,grec_hard_composition_gate,GroundedResidualEnergyCompositionHard,true_mcq_grec_hard,,
CCBench,Qwen2-VL-7B_Biased_Test,3000484,both,neither,B,B,1.0,0,0,0.0,0.0,B,B,B,C,4,4,1,strongblur,centermask,B,B,B,0,0,MCQ,grec_hard_composition_gate,GroundedResidualEnergyCompositionHard,true_mcq_grec_hard,,
CCBench,Qwen2-VL-7B_Biased_Test,3000497,vcf_only,vcf_only,C,C,1.0,0,1,0.0,0.3057914557405163,B,B,B,C,4,4,1,gray,gray,C,C,C,0,0,MCQ,grec_hard_composition_gate,GroundedResidualEnergyCompositionHard,true_mcq_grec_hard,,
CCBench,Qwen2-VL-7B_Biased_Test,3000503,vcf_only,vcf_only,D,A,0.0,0,1,0.0,0.1434985867385901,D,D,D,D,4,4,0,centermask,centermask,D,D,D,1,0,MCQ,grec_hard_composition_gate,GroundedResidualEnergyCompositionHard,true_mcq_grec_hard,,
CCBench,Qwen2-VL-7B_Biased_Test,3000508,vcf_only,vcf_only,A,B,0.0,0,1,0.0,0.8334085103593087,A,A,A,A,4,4,0,centermask,centermask,A,A,A,1,0,MCQ,grec_hard_composition_gate,GroundedResidualEnergyCompositionHard,true_mcq_grec_hard,,
CCBench,Qwen2-VL-7B_Biased_Test,3000511,vcf_only,vcf_only,D,C,0.0,0,1,0.0,0.9635674509123587,C,A,D,D,4,4,1,strongblur,centermask,D,D,D,0,0,MCQ,grec_hard_composition_gate,GroundedResidualEnergyCompositionHard,true_mcq_grec_hard,,
CCBench,Qwen2-VL-7B_Biased_Test,3000532,vcf_only,both,B,B,1.0,1,1,0.45421448211933796,0.9917230893244988,B,B,D,B,1,4,0,centermask,centermask,B,B,B,1,0,MCQ,grec_hard_composition_gate,GroundedResidualEnergyCompositionHard,true_mcq_grec_hard,,
CCBench,Qwen2-VL-7B_Biased_Test,3000538,vcf_only,vcf_only,D,B,0.0,0,1,0.0,0.49606895409987833,D,D,D,D,4,4,0,centermask,centermask,D,D,D,1,0,MCQ,grec_hard_composition_gate,GroundedResidualEnergyCompositionHard,true_mcq_grec_hard,,
CCBench,Qwen2-VL-7B_Biased_Test,3000542,vcf_only,vcf_only,B,B,1.0,0,1,0.0,0.7178674182724708,B,D,D,B,4,4,0,gray,gray,B,B,B,1,0,MCQ,grec_hard_composition_gate,GroundedResidualEnergyCompositionHard,true_mcq_grec_hard,,
MMBench_DEV_CN_V11,Qwen2-VL-7B_Biased_Test,286,vcf_only,vcf_only,A,A,1.0,0,1,0.0,0.9999056951781404,B,A,B,A,2,2,1,strongblur,gray,A,A,A,0,0,MCQ,grec_hard_composition_gate,GroundedResidualEnergyCompositionHard,true_mcq_grec_hard,,
MMBench_DEV_CN_V11,Qwen2-VL-7B_Biased_Test,407,both,vcf_only,A,B,0.0,0,1,0.0,0.3801879451511378,A,A,A,A,2,2,0,centermask,centermask,A,A,A,1,0,MCQ,grec_hard_composition_gate,GroundedResidualEnergyCompositionHard,true_mcq_grec_hard,,
MMBench_DEV_CN_V11,Qwen2-VL-7B_Biased_Test,449,both,both,B,A,0.0,1,1,0.45466193092273927,0.38206497989232596,B,B,B,B,1,2,1,centermask,centermask,B,B,B,1,0,MCQ,grec_hard_composition_gate,GroundedResidualEnergyCompositionHard,true_mcq_grec_hard,,
MMBench_DEV_CN_V11,Qwen2-VL-7B_Biased_Test,486,tcf_only,tcf_only,A,B,0.0,1,0,0.48624135644372957,0.0,A,A,A,B,1,2,1,centermask,centermask,A,A,A,0,0,MCQ,grec_hard_composition_gate,GroundedResidualEnergyCompositionHard,true_mcq_grec_hard,,
MMBench_DEV_CN_V11,Qwen2-VL-7B_Biased_Test,858,vcf_only,vcf_only,A,A,1.0,0,1,0.0,0.8680209587611498,B,B,B,B,2,2,1,gray,centermask,A,A,A,1,0,MCQ,grec_hard_composition_gate,GroundedResidualEnergyCompositionHard,true_mcq_grec_hard,,
MMBench_DEV_CN_V11,Qwen2-VL-7B_Biased_Test,1262,vcf_only,vcf_only,B,A,0.0,0,1,0.0,0.1303854411329915,B,B,B,B,2,2,0,gray,gray,B,B,B,1,0,MCQ,grec_hard_composition_gate,GroundedResidualEnergyCompositionHard,true_mcq_grec_hard,,
MMBench_DEV_CN_V11,Qwen2-VL-7B_Biased_Test,284,vcf_only,vcf_only,B,C,0.0,0,1,0.0,0.8654929001607216,A,B,B,B,3,3,1,gray,gray,B,B,B,0,0,MCQ,grec_hard_composition_gate,GroundedResidualEnergyCompositionHard,true_mcq_grec_hard,,
MMBench_DEV_CN_V11,Qwen2-VL-7B_Biased_Test,288,vcf_only,vcf_only,C,C,1.0,0,1,0.0,0.6765201285341235,B,B,B,C,3,3,1,centermask,centermask,C,C,C,0,0,MCQ,grec_hard_composition_gate,GroundedResidualEnergyCompositionHard,true_mcq_grec_hard,,
MMBench_DEV_CN_V11,Qwen2-VL-7B_Biased_Test,307,vcf_only,vcf_only,C,A,0.0,0,1,0.0,1.0,C,B,B,A,3,3,0,gray,gray,C,C,C,0,0,MCQ,grec_hard_composition_gate,GroundedResidualEnergyCompositionHard,true_mcq_grec_hard,,
MMBench_DEV_CN_V11,Qwen2-VL-7B_Biased_Test,412,vcf_only,vcf_only,A,B,0.0,0,1,0.0,0.7778980369208771,A,A,A,A,3,3,0,centermask,centermask,A,A,A,1,0,MCQ,grec_hard_composition_gate,GroundedResidualEnergyCompositionHard,true_mcq_grec_hard,,
MMBench_DEV_CN_V11,Qwen2-VL-7B_Biased_Test,415,vcf_only,vcf_only,A,A,1.0,0,1,0.0,1.0,A,A,A,A,3,3,0,strongblur,strongblur,A,A,A,1,0,MCQ,grec_hard_composition_gate,GroundedResidualEnergyCompositionHard,true_mcq_grec_hard,,
MMBench_DEV_CN_V11,Qwen2-VL-7B_Biased_Test,845,vcf_only,both,C,C,1.0,1,1,0.055449195140557905,0.7612574557471126,C,A,A,C,1,3,0,centermask,centermask,C,C,C,1,0,MCQ,grec_hard_composition_gate,GroundedResidualEnergyCompositionHard,true_mcq_grec_hard,,
MMBench_DEV_CN_V11,Qwen2-VL-7B_Biased_Test,1104,vcf_only,vcf_only,C,B,0.0,0,1,0.0,0.7390921800554683,B,A,A,A,3,3,1,gray,gray,C,C,C,0,0,MCQ,grec_hard_composition_gate,GroundedResidualEnergyCompositionHard,true_mcq_grec_hard,,
MMBench_DEV_CN_V11,Qwen2-VL-7B_Biased_Test,1107,vcf_only,vcf_only,B,B,1.0,0,1,0.0,0.3095846871193851,B,B,A,B,3,3,0,gray,centermask,B,B,B,1,0,MCQ,grec_hard_composition_gate,GroundedResidualEnergyCompositionHard,true_mcq_grec_hard,,
MMBench_DEV_CN_V11,Qwen2-VL-7B_Biased_Test,1110,vcf_only,vcf_only,B,B,1.0,0,1,0.0,0.8092225763675289,B,A,A,B,3,3,0,gray,gray,B,B,B,1,0,MCQ,grec_hard_composition_gate,GroundedResidualEnergyCompositionHard,true_mcq_grec_hard,,
MMBench_DEV_CN_V11,Qwen2-VL-7B_Biased_Test,1129,vcf_only,vcf_only,A,B,0.0,0,1,0.0,0.15649104687441803,A,A,A,A,3,3,0,strongblur,strongblur,A,A,A,1,0,MCQ,grec_hard_composition_gate,GroundedResidualEnergyCompositionHard,true_mcq_grec_hard,,
MMBench_DEV_CN_V11,Qwen2-VL-7B_Biased_Test,1130,vcf_only,vcf_only,A,B,0.0,0,1,0.0,0.33165943867957254,B,A,A,A,3,3,1,strongblur,centermask,A,A,A,0,0,MCQ,grec_hard_composition_gate,GroundedResidualEnergyCompositionHard,true_mcq_grec_hard,,
MMBench_DEV_CN_V11,Qwen2-VL-7B_Biased_Test,1195,vcf_only,both,D,A,0.0,1,1,0.006115532583694127,0.8570104194357975,D,D,D,A,1,4,0,strongblur,centermask,D,D,D,0,1,MCQ,grec_hard_composition_gate,GroundedResidualEnergyCompositionHard,true_mcq_grec_hard,,
MMBench_DEV_CN_V11,Qwen2-VL-7B_Biased_Test,1210,tcf_only,tcf_only,A,A,1.0,1,0,0.4858276538316305,0.0,A,A,A,A,1,4,0,strongblur,strongblur,A,A,A,1,0,MCQ,grec_hard_composition_gate,GroundedResidualEnergyCompositionHard,true_mcq_grec_hard,,
MMBench_DEV_CN_V11,Qwen2-VL-7B_Biased_Test,1216,vcf_only,vcf_only,C,C,1.0,0,1,0.0,0.8311265026010516,C,D,D,C,4,4,0,centermask,centermask,C,C,C,1,0,MCQ,grec_hard_composition_gate,GroundedResidualEnergyCompositionHard,true_mcq_grec_hard,,
MMBench_DEV_CN_V11,Qwen2-VL-7B_Biased_Test,1549,vcf_only,vcf_only,C,B,0.0,0,1,0.0,0.9141479641170275,C,B,D,C,4,4,0,strongblur,centermask,C,C,C,1,0,MCQ,grec_hard_composition_gate,GroundedResidualEnergyCompositionHard,true_mcq_grec_hard,,
MMBench_DEV_CN_V11,Qwen2-VL-7B_Biased_Test,1553,vcf_only,vcf_only,D,A,0.0,0,1,0.0,0.000627078574830634,B,B,B,B,4,4,1,gray,gray,D,D,D,1,0,MCQ,grec_hard_composition_gate,GroundedResidualEnergyCompositionHard,true_mcq_grec_hard,,
MMBench_DEV_CN_V11,Qwen2-VL-7B_Biased_Test,2573,vcf_only,vcf_only,A,C,0.0,0,1,0.0,1.0,A,B,B,A,4,4,0,strongblur,centermask,A,A,A,1,0,MCQ,grec_hard_composition_gate,GroundedResidualEnergyCompositionHard,true_mcq_grec_hard,,
MMBench_DEV_CN_V11,Qwen2-VL-7B_Biased_Test,3087,vcf_only,vcf_only,A,C,0.0,0,1,0.0,0.9176986224126005,C,A,B,A,3,3,1,strongblur,centermask,A,A,A,0,0,MCQ,grec_hard_composition_gate,GroundedResidualEnergyCompositionHard,true_mcq_grec_hard,,
MMBench_DEV_CN_V11,Qwen2-VL-7B_Biased_Test,3409,vcf_only,vcf_only,B,C,0.0,0,1,0.0,0.7771659218539664,B,B,B,B,3,3,0,gray,gray,B,B,B,1,0,MCQ,grec_hard_composition_gate,GroundedResidualEnergyCompositionHard,true_mcq_grec_hard,,
MMBench_DEV_CN_V11,Qwen2-VL-7B_Biased_Test,3509,vcf_only,vcf_only,B,B,1.0,0,1,0.0,0.6748650979492896,A,A,A,A,3,3,1,gray,gray,B,B,B,1,0,MCQ,grec_hard_composition_gate,GroundedResidualEnergyCompositionHard,true_mcq_grec_hard,,
MMBench_DEV_CN_V11,Qwen2-VL-7B_Biased_Test,18,vcf_only,vcf_only,B,B,1.0,0,1,0.0,1.0,B,B,B,B,4,4,0,strongblur,centermask,B,B,B,1,0,MCQ,grec_hard_composition_gate,GroundedResidualEnergyCompositionHard,true_mcq_grec_hard,,
MMBench_DEV_CN_V11,Qwen2-VL-7B_Biased_Test,338,vcf_only,vcf_only,D,A,0.0,0,1,0.0,0.17376388318997982,B,B,B,B,4,4,1,gray,gray,D,D,D,1,0,MCQ,grec_hard_composition_gate,GroundedResidualEnergyCompositionHard,true_mcq_grec_hard,,
MMBench_DEV_CN_V11,Qwen2-VL-7B_Biased_Test,352,both,both,A,A,1.0,1,1,0.45421448211933796,0.38206497989232596,A,D,C,D,4,4,1,gray,centermask,D,A,A,0,1,MCQ,grec_hard_composition_gate,GroundedResidualEnergyCompositionHard,true_mcq_grec_hard,,
MMBench_DEV_CN_V11,Qwen2-VL-7B_Biased_Test,465,vcf_only,vcf_only,C,B,0.0,0,1,0.0,0.6638600443513857,C,D,D,C,4,4,0,gray,gray,C,C,C,1,0,MCQ,grec_hard_composition_gate,GroundedResidualEnergyCompositionHard,true_mcq_grec_hard,,
MMBench_DEV_CN_V11,Qwen2-VL-7B_Biased_Test,500,vcf_only,vcf_only,A,A,1.0,0,1,0.0,0.5177927365567676,A,A,B,A,4,4,0,strongblur,strongblur,A,A,A,1,0,MCQ,grec_hard_composition_gate,GroundedResidualEnergyCompositionHard,true_mcq_grec_hard,,
MMBench_DEV_CN_V11,Qwen2-VL-7B_Biased_Test,505,both,both,A,A,1.0,1,1,1.0,1.0,A,A,A,D,1,4,0,strongblur,centermask,A,A,A,0,1,MCQ,grec_hard_composition_gate,GroundedResidualEnergyCompositionHard,true_mcq_grec_hard,,
MMBench_DEV_CN_V11,Qwen2-VL-7B_Biased_Test,507,both,tcf_only,A,A,1.0,1,0,0.45421448211933796,0.0,A,A,A,A,2,4,0,centermask,centermask,A,A,A,1,0,MCQ,grec_hard_composition_gate,GroundedResidualEnergyCompositionHard,true_mcq_grec_hard,,
MMBench_DEV_CN_V11,Qwen2-VL-7B_Biased_Test,511,tcf_only,tcf_only,A,A,1.0,1,0,0.11874658291716396,0.0,A,A,A,A,1,4,0,strongblur,strongblur,A,A,A,1,0,MCQ,grec_hard_composition_gate,GroundedResidualEnergyCompositionHard,true_mcq_grec_hard,,
MMBench_DEV_CN_V11,Qwen2-VL-7B_Biased_Test,535,vcf_only,vcf_only,A,D,0.0,0,1,0.0,0.22351985792014784,B,B,B,A,4,4,1,gray,gray,A,A,A,0,0,MCQ,grec_hard_composition_gate,GroundedResidualEnergyCompositionHard,true_mcq_grec_hard,,
MMBench_DEV_CN_V11,Qwen2-VL-7B_Biased_Test,582,vcf_only,vcf_only,A,C,0.0,0,1,0.0,0.06220834918611703,A,A,A,A,4,4,0,centermask,centermask,A,A,A,1,0,MCQ,grec_hard_composition_gate,GroundedResidualEnergyCompositionHard,true_mcq_grec_hard,,
MMBench_DEV_CN_V11,Qwen2-VL-7B_Biased_Test,589,vcf_only,vcf_only,A,D,0.0,0,1,0.0,0.6757500791666464,A,C,C,A,4,4,0,strongblur,strongblur,A,A,A,1,0,MCQ,grec_hard_composition_gate,GroundedResidualEnergyCompositionHard,true_mcq_grec_hard,,
MMBench_DEV_CN_V11,Qwen2-VL-7B_Biased_Test,605,tcf_only,tcf_only,B,A,0.0,1,0,1.0,0.0,B,B,A,B,1,4,0,gray,centermask,B,B,B,1,0,MCQ,grec_hard_composition_gate,GroundedResidualEnergyCompositionHard,true_mcq_grec_hard,,
MMBench_DEV_CN_V11,Qwen2-VL-7B_Biased_Test,635,vcf_only,vcf_only,B,B,1.0,0,1,0.0,0.09656721014751009,C,C,C,B,4,4,1,strongblur,gray,B,B,B,0,0,MCQ,grec_hard_composition_gate,GroundedResidualEnergyCompositionHard,true_mcq_grec_hard,,
MMBench_DEV_CN_V11,Qwen2-VL-7B_Biased_Test,647,tcf_only,tcf_only,A,C,0.0,1,0,0.04920085637691963,0.0,A,A,A,A,1,4,0,strongblur,strongblur,A,A,A,1,0,MCQ,grec_hard_composition_gate,GroundedResidualEnergyCompositionHard,true_mcq_grec_hard,,
MMBench_DEV_CN_V11,Qwen2-VL-7B_Biased_Test,788,vcf_only,vcf_only,C,C,1.0,0,1,0.0,0.06475600571337807,D,D,D,C,4,4,1,gray,gray,C,C,C,0,0,MCQ,grec_hard_composition_gate,GroundedResidualEnergyCompositionHard,true_mcq_grec_hard,,
MMBench_DEV_CN_V11,Qwen2-VL-7B_Biased_Test,796,vcf_only,vcf_only,B,B,1.0,0,1,0.0,0.07907278911343316,D,D,D,B,4,4,1,gray,centermask,B,B,B,0,0,MCQ,grec_hard_composition_gate,GroundedResidualEnergyCompositionHard,true_mcq_grec_hard,,
MMBench_DEV_CN_V11,Qwen2-VL-7B_Biased_Test,799,vcf_only,vcf_only,C,B,0.0,0,1,0.0,0.40913466407528337,D,D,D,B,4,4,1,centermask,centermask,C,C,C,0,0,MCQ,grec_hard_composition_gate,GroundedResidualEnergyCompositionHard,true_mcq_grec_hard,,
MMBench_DEV_CN_V11,Qwen2-VL-7B_Biased_Test,803,vcf_only,vcf_only,B,C,0.0,0,1,0.0,0.9082841207567893,B,C,C,B,4,4,0,strongblur,gray,B,B,B,1,0,MCQ,grec_hard_composition_gate,GroundedResidualEnergyCompositionHard,true_mcq_grec_hard,,
MMBench_DEV_CN_V11,Qwen2-VL-7B_Biased_Test,866,vcf_only,vcf_only,D,A,0.0,0,1,0.0,1.0,D,D,D,D,4,4,0,gray,centermask,D,D,D,1,0,MCQ,grec_hard_composition_gate,GroundedResidualEnergyCompositionHard,true_mcq_grec_hard,,
MMBench_DEV_CN_V11,Qwen2-VL-7B_Biased_Test,890,vcf_only,vcf_only,A,A,1.0,0,1,0.0,0.8178996178952705,C,A,A,A,4,4,1,strongblur,centermask,A,A,A,0,0,MCQ,grec_hard_composition_gate,GroundedResidualEnergyCompositionHard,true_mcq_grec_hard,,
MMBench_DEV_CN_V11,Qwen2-VL-7B_Biased_Test,1003,vcf_only,vcf_only,B,C,0.0,0,1,0.0,0.20963058346992447,A,A,A,B,4,4,1,centermask,centermask,B,B,B,0,0,MCQ,grec_hard_composition_gate,GroundedResidualEnergyCompositionHard,true_mcq_grec_hard,,
MMBench_DEV_CN_V11,Qwen2-VL-7B_Biased_Test,1500,tcf_only,neither,A,B,0.0,0,0,0.0,0.0,A,A,A,C,4,4,1,centermask,centermask,A,A,A,0,0,MCQ,grec_hard_composition_gate,GroundedResidualEnergyCompositionHard,true_mcq_grec_hard,,
MMBench_DEV_CN_V11,Qwen2-VL-7B_Biased_Test,1507,vcf_only,vcf_only,D,D,1.0,0,1,0.0,0.12354744382086764,B,B,B,D,4,4,1,centermask,centermask,D,D,D,0,0,MCQ,grec_hard_composition_gate,GroundedResidualEnergyCompositionHard,true_mcq_grec_hard,,
MMBench_DEV_CN_V11,Qwen2-VL-7B_Biased_Test,1534,tcf_only,tcf_only,B,C,0.0,1,0,0.45421448211933796,0.0,B,B,B,C,1,4,0,strongblur,centermask,B,B,B,0,0,MCQ,grec_hard_composition_gate,GroundedResidualEnergyCompositionHard,true_mcq_grec_hard,,
MMBench_DEV_CN_V11,Qwen2-VL-7B_Biased_Test,1642,vcf_only,vcf_only,D,D,1.0,0,1,0.0,0.30943075271838577,D,D,B,D,4,4,0,centermask,centermask,D,D,D,1,0,MCQ,grec_hard_composition_gate,GroundedResidualEnergyCompositionHard,true_mcq_grec_hard,,
MMBench_DEV_CN_V11,Qwen2-VL-7B_Biased_Test,1647,vcf_only,both,A,A,1.0,1,1,0.030464836942942487,0.8674891715820389,A,B,B,B,1,4,0,centermask,centermask,A,A,A,0,1,MCQ,grec_hard_composition_gate,GroundedResidualEnergyCompositionHard,true_mcq_grec_hard,,
MMBench_DEV_CN_V11,Qwen2-VL-7B_Biased_Test,1666,vcf_only,vcf_only,A,A,1.0,0,1,0.0,0.36655090197060985,B,C,C,C,4,4,1,gray,gray,A,A,A,0,0,MCQ,grec_hard_composition_gate,GroundedResidualEnergyCompositionHard,true_mcq_grec_hard,,
MMBench_DEV_CN_V11,Qwen2-VL-7B_Biased_Test,1669,vcf_only,vcf_only,B,A,0.0,0,1,0.0,1.0,A,A,A,B,4,4,1,strongblur,centermask,B,B,B,0,0,MCQ,grec_hard_composition_gate,GroundedResidualEnergyCompositionHard,true_mcq_grec_hard,,
MMBench_DEV_CN_V11,Qwen2-VL-7B_Biased_Test,1671,vcf_only,vcf_only,C,A,0.0,0,1,0.0,1.0,A,A,A,C,4,4,1,strongblur,centermask,C,C,C,0,0,MCQ,grec_hard_composition_gate,GroundedResidualEnergyCompositionHard,true_mcq_grec_hard,,
MMBench_DEV_CN_V11,Qwen2-VL-7B_Biased_Test,1688,vcf_only,vcf_only,B,D,0.0,0,1,0.0,0.17913672606735853,A,A,A,A,4,4,1,gray,gray,B,B,B,1,0,MCQ,grec_hard_composition_gate,GroundedResidualEnergyCompositionHard,true_mcq_grec_hard,,
MMBench_DEV_CN_V11,Qwen2-VL-7B_Biased_Test,1846,both,both,A,D,0.0,1,1,0.13522497707429432,0.6428920516061956,A,D,A,D,2,4,1,centermask,centermask,D,A,A,0,1,MCQ,grec_hard_composition_gate,GroundedResidualEnergyCompositionHard,true_mcq_grec_hard,,
MMBench_DEV_CN_V11,Qwen2-VL-7B_Biased_Test,1847,vcf_only,vcf_only,A,D,0.0,0,1,0.0,0.9804160661515187,B,C,C,A,4,4,1,gray,gray,A,A,A,0,0,MCQ,grec_hard_composition_gate,GroundedResidualEnergyCompositionHard,true_mcq_grec_hard,,
MMBench_DEV_CN_V11,Qwen2-VL-7B_Biased_Test,1851,vcf_only,neither,D,A,0.0,0,0,0.0,0.0,D,D,D,D,4,4,1,gray,gray,D,D,D,1,0,MCQ,grec_hard_composition_gate,GroundedResidualEnergyCompositionHard,true_mcq_grec_hard,,
MMBench_DEV_CN_V11,Qwen2-VL-7B_Biased_Test,1854,both,both,D,C,0.0,1,1,0.5653230609453882,1.0,D,D,D,C,1,4,1,strongblur,gray,D,D,D,0,1,MCQ,grec_hard_composition_gate,GroundedResidualEnergyCompositionHard,true_mcq_grec_hard,,
MMBench_DEV_CN_V11,Qwen2-VL-7B_Biased_Test,1860,vcf_only,vcf_only,C,D,0.0,0,1,0.0,0.8187630559721134,B,B,B,C,4,4,1,strongblur,strongblur,C,C,C,0,0,MCQ,grec_hard_composition_gate,GroundedResidualEnergyCompositionHard,true_mcq_grec_hard,,
MMBench_DEV_CN_V11,Qwen2-VL-7B_Biased_Test,1862,tcf_only,tcf_only,B,A,0.0,1,0,0.6105668799805948,0.0,B,A,B,C,1,4,1,centermask,centermask,B,B,B,0,0,MCQ,grec_hard_composition_gate,GroundedResidualEnergyCompositionHard,true_mcq_grec_hard,,
MMBench_DEV_CN_V11,Qwen2-VL-7B_Biased_Test,1868,vcf_only,vcf_only,C,B,0.0,0,1,0.0,0.42063820092859433,C,C,C,C,4,4,0,centermask,centermask,C,C,C,1,0,MCQ,grec_hard_composition_gate,GroundedResidualEnergyCompositionHard,true_mcq_grec_hard,,
MMBench_DEV_CN_V11,Qwen2-VL-7B_Biased_Test,1879,tcf_only,tcf_only,C,D,0.0,1,0,1.0,0.0,C,C,C,A,1,4,0,gray,centermask,C,C,C,0,0,MCQ,grec_hard_composition_gate,GroundedResidualEnergyCompositionHard,true_mcq_grec_hard,,
MMBench_DEV_CN_V11,Qwen2-VL-7B_Biased_Test,1913,vcf_only,neither,D,A,0.0,0,0,0.0,0.0,D,D,D,D,4,4,1,gray,gray,D,D,D,1,0,MCQ,grec_hard_composition_gate,GroundedResidualEnergyCompositionHard,true_mcq_grec_hard,,
MMBench_DEV_CN_V11,Qwen2-VL-7B_Biased_Test,1953,vcf_only,vcf_only,C,B,0.0,0,1,0.0,0.6253173338243849,A,A,A,C,4,4,1,centermask,centermask,C,C,C,0,0,MCQ,grec_hard_composition_gate,GroundedResidualEnergyCompositionHard,true_mcq_grec_hard,,
MMBench_DEV_CN_V11,Qwen2-VL-7B_Biased_Test,1957,vcf_only,vcf_only,D,D,1.0,0,1,0.0,0.14856319628863343,A,A,A,D,4,4,1,gray,gray,D,D,D,0,0,MCQ,grec_hard_composition_gate,GroundedResidualEnergyCompositionHard,true_mcq_grec_hard,,
MMBench_DEV_CN_V11,Qwen2-VL-7B_Biased_Test,1965,vcf_only,vcf_only,B,B,1.0,0,1,0.0,0.3383721933915864,A,A,A,B,4,4,1,gray,gray,B,B,B,0,0,MCQ,grec_hard_composition_gate,GroundedResidualEnergyCompositionHard,true_mcq_grec_hard,,
MMBench_DEV_CN_V11,Qwen2-VL-7B_Biased_Test,2404,tcf_only,tcf_only,B,A,0.0,1,0,1.0,0.0,C,B,A,A,2,4,0,strongblur,centermask,B,B,B,0,0,MCQ,grec_hard_composition_gate,GroundedResidualEnergyCompositionHard,true_mcq_grec_hard,,
MMBench_DEV_CN_V11,Qwen2-VL-7B_Biased_Test,2946,vcf_only,vcf_only,D,B,0.0,0,1,0.0,0.09884496478845181,A,A,A,D,4,4,1,gray,gray,D,D,D,0,0,MCQ,grec_hard_composition_gate,GroundedResidualEnergyCompositionHard,true_mcq_grec_hard,,
MMBench_DEV_CN_V11,Qwen2-VL-7B_Biased_Test,3088,vcf_only,both,B,A,0.0,1,1,0.006959010295706098,1.0,B,B,C,B,2,4,0,centermask,centermask,B,B,B,1,0,MCQ,grec_hard_composition_gate,GroundedResidualEnergyCompositionHard,true_mcq_grec_hard,,
MMBench_DEV_CN_V11,Qwen2-VL-7B_Biased_Test,3091,vcf_only,vcf_only,B,D,0.0,0,1,0.0,1.0,B,B,C,B,4,4,0,centermask,centermask,B,B,B,1,0,MCQ,grec_hard_composition_gate,GroundedResidualEnergyCompositionHard,true_mcq_grec_hard,,
MMBench_DEV_CN_V11,Qwen2-VL-7B_Biased_Test,3161,both,vcf_only,D,A,0.0,0,1,0.0,1.0,D,D,D,D,4,4,0,strongblur,centermask,D,D,D,1,0,MCQ,grec_hard_composition_gate,GroundedResidualEnergyCompositionHard,true_mcq_grec_hard,,
MMBench_DEV_CN_V11,Qwen2-VL-7B_Biased_Test,3164,vcf_only,neither,D,A,0.0,0,0,0.0,0.0,D,D,D,D,4,4,0,centermask,centermask,D,D,D,1,0,MCQ,grec_hard_composition_gate,GroundedResidualEnergyCompositionHard,true_mcq_grec_hard,,
MMBench_DEV_CN_V11,Qwen2-VL-7B_Biased_Test,3222,tcf_only,neither,A,A,1.0,0,0,0.0,0.0,A,A,A,A,4,4,0,strongblur,gray,A,A,A,1,0,MCQ,grec_hard_composition_gate,GroundedResidualEnergyCompositionHard,true_mcq_grec_hard,,
MMBench_DEV_CN_V11,Qwen2-VL-7B_Biased_Test,3229,vcf_only,vcf_only,B,B,1.0,0,1,0.0,0.3435888956631462,A,A,A,A,4,4,1,gray,gray,B,B,B,1,0,MCQ,grec_hard_composition_gate,GroundedResidualEnergyCompositionHard,true_mcq_grec_hard,,
MMBench_DEV_CN_V11,Qwen2-VL-7B_Biased_Test,3234,vcf_only,vcf_only,C,A,0.0,0,1,0.0,0.38206497989232596,B,A,A,A,4,4,1,strongblur,centermask,C,C,C,0,0,MCQ,grec_hard_composition_gate,GroundedResidualEnergyCompositionHard,true_mcq_grec_hard,,
MMBench_DEV_CN_V11,Qwen2-VL-7B_Biased_Test,3238,tcf_only,neither,B,B,1.0,0,0,0.0,0.0,D,C,C,D,4,4,0,gray,centermask,B,B,B,1,0,MCQ,grec_hard_composition_gate,GroundedResidualEnergyCompositionHard,true_mcq_grec_hard,,
MMBench_DEV_CN_V11,Qwen2-VL-7B_Biased_Test,3354,vcf_only,vcf_only,A,A,1.0,0,1,0.0,0.8097818456459671,A,B,B,B,4,4,0,gray,gray,A,A,A,0,0,MCQ,grec_hard_composition_gate,GroundedResidualEnergyCompositionHard,true_mcq_grec_hard,,
MMBench_DEV_CN_V11,Qwen2-VL-7B_Biased_Test,3359,vcf_only,vcf_only,A,D,0.0,0,1,0.0,0.5137537725838333,A,A,A,A,4,4,0,centermask,centermask,A,A,A,1,0,MCQ,grec_hard_composition_gate,GroundedResidualEnergyCompositionHard,true_mcq_grec_hard,,
MMBench_DEV_CN_V11,Qwen2-VL-7B_Biased_Test,3375,tcf_only,tcf_only,A,A,1.0,1,0,0.45421448211933796,0.0,A,A,A,A,1,4,0,centermask,centermask,A,A,A,1,0,MCQ,grec_hard_composition_gate,GroundedResidualEnergyCompositionHard,true_mcq_grec_hard,,
MMBench_DEV_CN_V11,Qwen2-VL-7B_Biased_Test,3379,vcf_only,vcf_only,B,B,1.0,0,1,0.0,0.873351749367025,B,B,D,B,4,4,0,strongblur,strongblur,B,B,B,1,0,MCQ,grec_hard_composition_gate,GroundedResidualEnergyCompositionHard,true_mcq_grec_hard,,
MMBench_DEV_CN_V11,Qwen2-VL-7B_Biased_Test,3417,vcf_only,vcf_only,A,B,0.0,0,1,0.0,0.43051201225431673,D,D,D,B,4,4,1,centermask,centermask,A,A,A,0,0,MCQ,grec_hard_composition_gate,GroundedResidualEnergyCompositionHard,true_mcq_grec_hard,,
MMBench_DEV_CN_V11,Qwen2-VL-7B_Biased_Test,3427,vcf_only,vcf_only,C,A,0.0,0,1,0.0,0.7648833115772814,A,A,A,A,4,4,1,centermask,centermask,C,C,C,1,0,MCQ,grec_hard_composition_gate,GroundedResidualEnergyCompositionHard,true_mcq_grec_hard,,
MMBench_DEV_CN_V11,Qwen2-VL-7B_Biased_Test,3499,vcf_only,vcf_only,D,B,0.0,0,1,0.0,0.38206497989232596,B,D,B,D,4,4,1,centermask,centermask,D,D,D,0,0,MCQ,grec_hard_composition_gate,GroundedResidualEnergyCompositionHard,true_mcq_grec_hard,,
MMBench_DEV_CN_V11,Qwen2-VL-7B_Biased_Test,3564,vcf_only,vcf_only,C,C,1.0,0,1,0.0,0.37689371866572546,D,B,B,C,4,4,1,centermask,centermask,C,C,C,0,0,MCQ,grec_hard_composition_gate,GroundedResidualEnergyCompositionHard,true_mcq_grec_hard,,
MMBench_DEV_CN_V11,Qwen2-VL-7B_Biased_Test,3599,tcf_only,vcf_only,A,C,0.0,0,1,0.0,0.7801815690672308,C,B,C,B,4,4,1,gray,gray,A,A,A,0,0,MCQ,grec_hard_composition_gate,GroundedResidualEnergyCompositionHard,true_mcq_grec_hard,,
MMBench_DEV_CN_V11,Qwen2-VL-7B_Biased_Test,3611,vcf_only,vcf_only,A,D,0.0,0,1,0.0,0.8471950158817558,B,B,B,B,4,4,1,gray,gray,A,A,A,1,0,MCQ,grec_hard_composition_gate,GroundedResidualEnergyCompositionHard,true_mcq_grec_hard,,
MMBench_DEV_CN_V11,Qwen2-VL-7B_Biased_Test,3623,vcf_only,both,C,A,0.0,1,1,1.0,0.38206497989232596,C,C,C,C,1,4,0,strongblur,centermask,C,C,C,1,0,MCQ,grec_hard_composition_gate,GroundedResidualEnergyCompositionHard,true_mcq_grec_hard,,
MMBench_DEV_CN_V11,Qwen2-VL-7B_Biased_Test,3626,vcf_only,vcf_only,A,B,0.0,0,1,0.0,0.28330664677447415,D,A,D,A,4,4,1,gray,gray,A,A,A,0,0,MCQ,grec_hard_composition_gate,GroundedResidualEnergyCompositionHard,true_mcq_grec_hard,,
MMBench_DEV_CN_V11,Qwen2-VL-7B_Biased_Test,3629,vcf_only,vcf_only,C,A,0.0,0,1,0.0,0.8863366233218946,B,B,B,C,4,4,1,strongblur,strongblur,C,C,C,0,0,MCQ,grec_hard_composition_gate,GroundedResidualEnergyCompositionHard,true_mcq_grec_hard,,
MMBench_DEV_CN_V11,Qwen2-VL-7B_Biased_Test,3632,vcf_only,vcf_only,A,C,0.0,0,1,0.0,0.25612586063472853,A,A,D,A,4,4,0,gray,gray,A,A,A,1,0,MCQ,grec_hard_composition_gate,GroundedResidualEnergyCompositionHard,true_mcq_grec_hard,,
MMBench_DEV_CN_V11,Qwen2-VL-7B_Biased_Test,3639,vcf_only,vcf_only,D,A,0.0,0,1,0.0,0.7914362150106102,B,C,C,D,4,4,1,strongblur,centermask,D,D,D,0,0,MCQ,grec_hard_composition_gate,GroundedResidualEnergyCompositionHard,true_mcq_grec_hard,,
MMBench_DEV_CN_V11,Qwen2-VL-7B_Biased_Test,3641,vcf_only,vcf_only,C,A,0.0,0,1,0.0,0.9536039692325792,C,C,C,C,4,4,0,strongblur,strongblur,C,C,C,1,0,MCQ,grec_hard_composition_gate,GroundedResidualEnergyCompositionHard,true_mcq_grec_hard,,
MMBench_DEV_CN_V11,Qwen2-VL-7B_Biased_Test,3657,vcf_only,both,B,A,0.0,1,1,0.03294173996469553,0.632004097562382,B,B,B,A,2,4,1,gray,gray,A,B,B,0,1,MCQ,grec_hard_composition_gate,GroundedResidualEnergyCompositionHard,true_mcq_grec_hard,,
MMBench_DEV_CN_V11,Qwen2-VL-7B_Biased_Test,3665,vcf_only,vcf_only,A,A,1.0,0,1,0.0,0.8875925403546914,B,B,B,A,4,4,1,centermask,centermask,A,A,A,0,0,MCQ,grec_hard_composition_gate,GroundedResidualEnergyCompositionHard,true_mcq_grec_hard,,
MMBench_DEV_CN_V11,Qwen2-VL-7B_Biased_Test,3685,vcf_only,vcf_only,D,D,1.0,0,1,0.0,0.059698085398155354,A,D,A,D,4,4,1,gray,centermask,D,D,D,0,0,MCQ,grec_hard_composition_gate,GroundedResidualEnergyCompositionHard,true_mcq_grec_hard,,
MMBench_DEV_CN_V11,Qwen2-VL-7B_Biased_Test,3736,tcf_only,neither,A,C,0.0,0,0,0.0,0.0,A,C,A,C,4,4,1,centermask,centermask,A,A,A,0,0,MCQ,grec_hard_composition_gate,GroundedResidualEnergyCompositionHard,true_mcq_grec_hard,,
MMBench_DEV_CN_V11,Qwen2-VL-7B_Biased_Test,3738,tcf_only,neither,A,B,0.0,0,0,0.0,0.0,A,A,A,A,4,4,0,strongblur,strongblur,A,A,A,1,0,MCQ,grec_hard_composition_gate,GroundedResidualEnergyCompositionHard,true_mcq_grec_hard,,
MMBench_DEV_CN_V11,Qwen2-VL-7B_Biased_Test,3742,vcf_only,vcf_only,D,D,1.0,0,1,0.0,0.22020840915536266,A,A,A,D,4,4,1,centermask,centermask,D,D,D,0,0,MCQ,grec_hard_composition_gate,GroundedResidualEnergyCompositionHard,true_mcq_grec_hard,,
MMBench_DEV_CN_V11,Qwen2-VL-7B_Biased_Test,1000419,vcf_only,vcf_only,B,A,0.0,0,1,0.0,0.6065478070274918,B,B,B,B,2,2,0,gray,gray,B,B,B,1,0,MCQ,grec_hard_composition_gate,GroundedResidualEnergyCompositionHard,true_mcq_grec_hard,,
MMBench_DEV_CN_V11,Qwen2-VL-7B_Biased_Test,1000486,vcf_only,vcf_only,A,A,1.0,0,1,0.0,0.2648163054764837,B,B,B,A,2,2,1,centermask,centermask,A,A,A,0,0,MCQ,grec_hard_composition_gate,GroundedResidualEnergyCompositionHard,true_mcq_grec_hard,,
MMBench_DEV_CN_V11,Qwen2-VL-7B_Biased_Test,1000863,vcf_only,vcf_only,B,B,1.0,0,1,0.0,0.9450452053037053,A,A,A,B,2,2,1,centermask,centermask,B,B,B,0,0,MCQ,grec_hard_composition_gate,GroundedResidualEnergyCompositionHard,true_mcq_grec_hard,,
MMBench_DEV_CN_V11,Qwen2-VL-7B_Biased_Test,1003113,vcf_only,vcf_only,B,A,0.0,0,1,0.0,1.0,A,A,B,B,2,2,1,gray,centermask,B,B,B,0,0,MCQ,grec_hard_composition_gate,GroundedResidualEnergyCompositionHard,true_mcq_grec_hard,,
MMBench_DEV_CN_V11,Qwen2-VL-7B_Biased_Test,1003404,vcf_only,vcf_only,A,A,1.0,0,1,0.0,0.2460533700376055,B,B,B,A,2,2,1,gray,gray,A,A,A,0,0,MCQ,grec_hard_composition_gate,GroundedResidualEnergyCompositionHard,true_mcq_grec_hard,,
MMBench_DEV_CN_V11,Qwen2-VL-7B_Biased_Test,1000284,vcf_only,vcf_only,C,A,0.0,0,1,0.0,0.9873249359734089,B,C,C,C,3,3,1,strongblur,strongblur,C,C,C,0,0,MCQ,grec_hard_composition_gate,GroundedResidualEnergyCompositionHard,true_mcq_grec_hard,,
MMBench_DEV_CN_V11,Qwen2-VL-7B_Biased_Test,1000290,vcf_only,vcf_only,A,A,1.0,0,1,0.0,0.6096837589637245,C,C,C,C,3,3,1,centermask,centermask,A,A,A,1,0,MCQ,grec_hard_composition_gate,GroundedResidualEnergyCompositionHard,true_mcq_grec_hard,,
MMBench_DEV_CN_V11,Qwen2-VL-7B_Biased_Test,1000292,vcf_only,vcf_only,A,C,0.0,0,1,0.0,0.1338400127259291,B,B,B,A,3,3,1,centermask,centermask,A,A,A,0,0,MCQ,grec_hard_composition_gate,GroundedResidualEnergyCompositionHard,true_mcq_grec_hard,,
MMBench_DEV_CN_V11,Qwen2-VL-7B_Biased_Test,1000412,vcf_only,vcf_only,C,C,1.0,0,1,0.0,1.0,C,B,B,C,3,3,0,strongblur,centermask,C,C,C,1,0,MCQ,grec_hard_composition_gate,GroundedResidualEnergyCompositionHard,true_mcq_grec_hard,,
MMBench_DEV_CN_V11,Qwen2-VL-7B_Biased_Test,1000610,vcf_only,both,A,A,1.0,1,1,0.45421448211933796,0.8272666043800521,A,A,A,A,2,3,0,strongblur,gray,A,A,A,1,0,MCQ,grec_hard_composition_gate,GroundedResidualEnergyCompositionHard,true_mcq_grec_hard,,
MMBench_DEV_CN_V11,Qwen2-VL-7B_Biased_Test,1000845,vcf_only,vcf_only,A,A,1.0,0,1,0.0,0.6540435146565327,B,B,B,A,3,3,1,centermask,centermask,A,A,A,0,0,MCQ,grec_hard_composition_gate,GroundedResidualEnergyCompositionHard,true_mcq_grec_hard,,
MMBench_DEV_CN_V11,Qwen2-VL-7B_Biased_Test,1001096,vcf_only,vcf_only,B,C,0.0,0,1,0.0,0.3478901968220709,B,B,B,B,3,3,0,gray,gray,B,B,B,1,0,MCQ,grec_hard_composition_gate,GroundedResidualEnergyCompositionHard,true_mcq_grec_hard,,
MMBench_DEV_CN_V11,Qwen2-VL-7B_Biased_Test,1001103,tcf_only,vcf_only,C,C,1.0,0,1,0.0,0.38206497989232596,C,C,C,C,3,3,0,gray,centermask,C,C,C,1,0,MCQ,grec_hard_composition_gate,GroundedResidualEnergyCompositionHard,true_mcq_grec_hard,,
MMBench_DEV_CN_V11,Qwen2-VL-7B_Biased_Test,1001104,vcf_only,vcf_only,A,C,0.0,0,1,0.0,0.7366593376611895,B,B,B,B,3,3,1,gray,gray,A,A,A,1,0,MCQ,grec_hard_composition_gate,GroundedResidualEnergyCompositionHard,true_mcq_grec_hard,,
MMBench_DEV_CN_V11,Qwen2-VL-7B_Biased_Test,1001107,vcf_only,vcf_only,A,C,0.0,0,1,0.0,0.3031734329661966,B,C,B,B,3,3,1,gray,centermask,A,A,A,1,0,MCQ,grec_hard_composition_gate,GroundedResidualEnergyCompositionHard,true_mcq_grec_hard,,
MMBench_DEV_CN_V11,Qwen2-VL-7B_Biased_Test,1001110,vcf_only,vcf_only,C,C,1.0,0,1,0.0,0.7309536988076787,C,B,B,C,3,3,0,gray,gray,C,C,C,1,0,MCQ,grec_hard_composition_gate,GroundedResidualEnergyCompositionHard,true_mcq_grec_hard,,
MMBench_DEV_CN_V11,Qwen2-VL-7B_Biased_Test,1001121,vcf_only,vcf_only,A,C,0.0,0,1,0.0,0.9270613565787512,C,B,B,C,3,3,1,centermask,centermask,A,A,A,1,0,MCQ,grec_hard_composition_gate,GroundedResidualEnergyCompositionHard,true_mcq_grec_hard,,
MMBench_DEV_CN_V11,Qwen2-VL-7B_Biased_Test,1001128,vcf_only,vcf_only,A,C,0.0,0,1,0.0,0.28093449503827594,B,B,B,A,3,3,1,strongblur,gray,A,A,A,0,0,MCQ,grec_hard_composition_gate,GroundedResidualEnergyCompositionHard,true_mcq_grec_hard,,
MMBench_DEV_CN_V11,Qwen2-VL-7B_Biased_Test,1001129,vcf_only,vcf_only,B,C,0.0,0,1,0.0,0.20419934908777246,B,B,B,B,3,3,0,strongblur,strongblur,B,B,B,1,0,MCQ,grec_hard_composition_gate,GroundedResidualEnergyCompositionHard,true_mcq_grec_hard,,
MMBench_DEV_CN_V11,Qwen2-VL-7B_Biased_Test,1001130,vcf_only,vcf_only,C,C,1.0,0,1,0.0,0.2752926485388866,B,B,B,C,3,3,1,strongblur,gray,C,C,C,0,0,MCQ,grec_hard_composition_gate,GroundedResidualEnergyCompositionHard,true_mcq_grec_hard,,
MMBench_DEV_CN_V11,Qwen2-VL-7B_Biased_Test,1001195,vcf_only,both,D,B,0.0,1,1,0.03940478202228359,0.8739876806471008,D,D,D,B,1,4,1,centermask,centermask,B,D,D,0,1,MCQ,grec_hard_composition_gate,GroundedResidualEnergyCompositionHard,true_mcq_grec_hard,,
MMBench_DEV_CN_V11,Qwen2-VL-7B_Biased_Test,1001216,vcf_only,vcf_only,A,A,1.0,0,1,0.0,0.8305272115926131,A,D,D,D,4,4,0,gray,gray,A,A,A,0,0,MCQ,grec_hard_composition_gate,GroundedResidualEnergyCompositionHard,true_mcq_grec_hard,,
MMBench_DEV_CN_V11,Qwen2-VL-7B_Biased_Test,1001549,vcf_only,vcf_only,B,C,0.0,0,1,0.0,0.8868466945977478,A,C,D,A,4,4,1,strongblur,centermask,B,B,B,1,0,MCQ,grec_hard_composition_gate,GroundedResidualEnergyCompositionHard,true_mcq_grec_hard,,
MMBench_DEV_CN_V11,Qwen2-VL-7B_Biased_Test,1002420,vcf_only,vcf_only,A,A,1.0,0,1,0.0,0.5511241908663846,B,B,B,B,3,3,1,centermask,centermask,A,A,A,1,0,MCQ,grec_hard_composition_gate,GroundedResidualEnergyCompositionHard,true_mcq_grec_hard,,
MMBench_DEV_CN_V11,Qwen2-VL-7B_Biased_Test,1002555,vcf_only,vcf_only,B,A,0.0,0,1,0.0,0.8520163501445794,A,A,D,B,4,4,1,strongblur,gray,B,B,B,0,0,MCQ,grec_hard_composition_gate,GroundedResidualEnergyCompositionHard,true_mcq_grec_hard,,
MMBench_DEV_CN_V11,Qwen2-VL-7B_Biased_Test,1003086,vcf_only,vcf_only,A,C,0.0,0,1,0.0,0.5843794770750139,B,B,B,A,3,3,1,strongblur,strongblur,A,A,A,0,0,MCQ,grec_hard_composition_gate,GroundedResidualEnergyCompositionHard,true_mcq_grec_hard,,
MMBench_DEV_CN_V11,Qwen2-VL-7B_Biased_Test,1003087,vcf_only,vcf_only,B,A,0.0,0,1,0.0,0.91649441613249,A,B,B,B,3,3,1,strongblur,centermask,B,B,B,0,0,MCQ,grec_hard_composition_gate,GroundedResidualEnergyCompositionHard,true_mcq_grec_hard,,
MMBench_DEV_CN_V11,Qwen2-VL-7B_Biased_Test,1003094,tcf_only,tcf_only,A,A,1.0,1,0,0.4823629713413432,0.0,A,C,A,C,1,3,1,centermask,centermask,A,A,A,0,0,MCQ,grec_hard_composition_gate,GroundedResidualEnergyCompositionHard,true_mcq_grec_hard,,
MMBench_DEV_CN_V11,Qwen2-VL-7B_Biased_Test,1003509,vcf_only,vcf_only,C,C,1.0,0,1,0.0,0.15773907292607614,B,B,B,C,3,3,1,centermask,centermask,C,C,C,0,0,MCQ,grec_hard_composition_gate,GroundedResidualEnergyCompositionHard,true_mcq_grec_hard,,
MMBench_DEV_CN_V11,Qwen2-VL-7B_Biased_Test,1000012,vcf_only,both,C,C,1.0,1,1,0.041416556537779835,0.3052748765336331,C,A,A,A,1,4,1,gray,gray,C,C,C,0,1,MCQ,grec_hard_composition_gate,GroundedResidualEnergyCompositionHard,true_mcq_grec_hard,,
MMBench_DEV_CN_V11,Qwen2-VL-7B_Biased_Test,1000018,vcf_only,neither,B,C,0.0,0,0,0.0,0.0,C,B,B,A,4,4,1,centermask,centermask,B,B,B,0,0,MCQ,grec_hard_composition_gate,GroundedResidualEnergyCompositionHard,true_mcq_grec_hard,,
MMBench_DEV_CN_V11,Qwen2-VL-7B_Biased_Test,1000133,vcf_only,vcf_only,D,D,1.0,0,1,0.0,0.10469099661883018,C,C,C,D,4,4,1,gray,gray,D,D,D,0,0,MCQ,grec_hard_composition_gate,GroundedResidualEnergyCompositionHard,true_mcq_grec_hard,,
MMBench_DEV_CN_V11,Qwen2-VL-7B_Biased_Test,1000322,vcf_only,vcf_only,A,A,1.0,0,1,0.0,0.3981487482181485,B,B,B,B,4,4,1,gray,gray,A,A,A,1,0,MCQ,grec_hard_composition_gate,GroundedResidualEnergyCompositionHard,true_mcq_grec_hard,,
MMBench_DEV_CN_V11,Qwen2-VL-7B_Biased_Test,1000462,both,both,B,A,0.0,1,1,1.0,1.0,B,B,D,C,1,4,0,centermask,centermask,B,B,B,0,1,MCQ,grec_hard_composition_gate,GroundedResidualEnergyCompositionHard,true_mcq_grec_hard,,
MMBench_DEV_CN_V11,Qwen2-VL-7B_Biased_Test,1000526,vcf_only,vcf_only,C,B,0.0,0,1,0.0,0.8471138734086444,A,C,C,C,4,4,1,centermask,centermask,C,C,C,0,0,MCQ,grec_hard_composition_gate,GroundedResidualEnergyCompositionHard,true_mcq_grec_hard,,
MMBench_DEV_CN_V11,Qwen2-VL-7B_Biased_Test,1000535,vcf_only,vcf_only,B,A,0.0,0,1,0.0,0.20048996455994642,C,C,C,B,4,4,1,gray,gray,B,B,B,0,0,MCQ,grec_hard_composition_gate,GroundedResidualEnergyCompositionHard,true_mcq_grec_hard,,
MMBench_DEV_CN_V11,Qwen2-VL-7B_Biased_Test,1000582,vcf_only,vcf_only,B,D,0.0,0,1,0.0,0.2736855470741641,B,B,B,B,4,4,0,centermask,centermask,B,B,B,1,0,MCQ,grec_hard_composition_gate,GroundedResidualEnergyCompositionHard,true_mcq_grec_hard,,
MMBench_DEV_CN_V11,Qwen2-VL-7B_Biased_Test,1000589,vcf_only,vcf_only,B,A,0.0,0,1,0.0,0.6551788463699367,D,D,D,B,4,4,1,strongblur,strongblur,B,B,B,0,0,MCQ,grec_hard_composition_gate,GroundedResidualEnergyCompositionHard,true_mcq_grec_hard,,
MMBench_DEV_CN_V11,Qwen2-VL-7B_Biased_Test,1000592,vcf_only,vcf_only,C,D,0.0,0,1,0.0,0.3865752995980981,C,C,C,C,4,4,0,centermask,centermask,C,C,C,1,0,MCQ,grec_hard_composition_gate,GroundedResidualEnergyCompositionHard,true_mcq_grec_hard,,
MMBench_DEV_CN_V11,Qwen2-VL-7B_Biased_Test,1000768,vcf_only,vcf_only,D,D,1.0,0,1,0.0,0.1141303695399236,B,B,B,D,4,4,1,strongblur,centermask,D,D,D,0,0,MCQ,grec_hard_composition_gate,GroundedResidualEnergyCompositionHard,true_mcq_grec_hard,,
MMBench_DEV_CN_V11,Qwen2-VL-7B_Biased_Test,1000773,vcf_only,vcf_only,C,A,0.0,0,1,0.0,0.7354438498674972,B,C,B,C,4,4,1,centermask,centermask,C,C,C,0,0,MCQ,grec_hard_composition_gate,GroundedResidualEnergyCompositionHard,true_mcq_grec_hard,,
MMBench_DEV_CN_V11,Qwen2-VL-7B_Biased_Test,1000778,vcf_only,vcf_only,C,D,0.0,0,1,0.0,0.066548027327697,C,C,C,C,4,4,0,strongblur,strongblur,C,C,C,1,0,MCQ,grec_hard_composition_gate,GroundedResidualEnergyCompositionHard,true_mcq_grec_hard,,
MMBench_DEV_CN_V11,Qwen2-VL-7B_Biased_Test,1000782,vcf_only,vcf_only,B,B,1.0,0,1,0.0,0.009921431993029042,C,C,C,B,4,4,1,gray,gray,B,B,B,0,0,MCQ,grec_hard_composition_gate,GroundedResidualEnergyCompositionHard,true_mcq_grec_hard,,
MMBench_DEV_CN_V11,Qwen2-VL-7B_Biased_Test,1000866,vcf_only,vcf_only,A,B,0.0,0,1,0.0,1.0,A,A,A,A,4,4,0,centermask,centermask,A,A,A,1,0,MCQ,grec_hard_composition_gate,GroundedResidualEnergyCompositionHard,true_mcq_grec_hard,,
MMBench_DEV_CN_V11,Qwen2-VL-7B_Biased_Test,1000890,vcf_only,vcf_only,B,B,1.0,0,1,0.0,0.9261108016053056,B,B,D,D,4,4,0,strongblur,gray,B,B,B,0,0,MCQ,grec_hard_composition_gate,GroundedResidualEnergyCompositionHard,true_mcq_grec_hard,,
MMBench_DEV_CN_V11,Qwen2-VL-7B_Biased_Test,1000904,tcf_only,tcf_only,C,C,1.0,1,0,0.0017358099888590145,0.0,C,A,A,D,2,4,1,centermask,centermask,C,C,C,0,0,MCQ,grec_hard_composition_gate,GroundedResidualEnergyCompositionHard,true_mcq_grec_hard,,
MMBench_DEV_CN_V11,Qwen2-VL-7B_Biased_Test,1001500,tcf_only,neither,B,C,0.0,0,0,0.0,0.0,B,B,B,B,4,4,1,centermask,centermask,B,B,B,1,0,MCQ,grec_hard_composition_gate,GroundedResidualEnergyCompositionHard,true_mcq_grec_hard,,
MMBench_DEV_CN_V11,Qwen2-VL-7B_Biased_Test,1001632,vcf_only,vcf_only,C,B,0.0,0,1,0.0,0.39982291290174726,A,A,A,A,4,4,1,gray,gray,C,C,C,1,0,MCQ,grec_hard_composition_gate,GroundedResidualEnergyCompositionHard,true_mcq_grec_hard,,
MMBench_DEV_CN_V11,Qwen2-VL-7B_Biased_Test,1001638,vcf_only,vcf_only,C,A,0.0,0,1,0.0,1.0,A,D,D,D,4,4,1,gray,gray,C,C,C,0,0,MCQ,grec_hard_composition_gate,GroundedResidualEnergyCompositionHard,true_mcq_grec_hard,,
MMBench_DEV_CN_V11,Qwen2-VL-7B_Biased_Test,1001688,vcf_only,vcf_only,A,A,1.0,0,1,0.0,0.28132203217649354,A,A,B,A,4,4,0,centermask,centermask,A,A,A,1,0,MCQ,grec_hard_composition_gate,GroundedResidualEnergyCompositionHard,true_mcq_grec_hard,,
MMBench_DEV_CN_V11,Qwen2-VL-7B_Biased_Test,1001715,vcf_only,vcf_only,D,D,1.0,0,1,0.0,0.9086326810166231,D,B,B,D,4,4,0,strongblur,strongblur,D,D,D,1,0,MCQ,grec_hard_composition_gate,GroundedResidualEnergyCompositionHard,true_mcq_grec_hard,,
MMBench_DEV_CN_V11,Qwen2-VL-7B_Biased_Test,1001741,vcf_only,vcf_only,C,C,1.0,0,1,0.0,1.0,C,C,C,C,4,4,0,strongblur,strongblur,C,C,C,1,0,MCQ,grec_hard_composition_gate,GroundedResidualEnergyCompositionHard,true_mcq_grec_hard,,
MMBench_DEV_CN_V11,Qwen2-VL-7B_Biased_Test,1001774,vcf_only,vcf_only,B,A,0.0,0,1,0.0,0.917188059407465,C,B,B,B,4,4,1,centermask,centermask,B,B,B,0,0,MCQ,grec_hard_composition_gate,GroundedResidualEnergyCompositionHard,true_mcq_grec_hard,,
MMBench_DEV_CN_V11,Qwen2-VL-7B_Biased_Test,1001843,vcf_only,neither,D,A,0.0,0,0,0.0,0.0,D,D,D,B,4,4,1,gray,gray,D,D,D,0,0,MCQ,grec_hard_composition_gate,GroundedResidualEnergyCompositionHard,true_mcq_grec_hard,,
MMBench_DEV_CN_V11,Qwen2-VL-7B_Biased_Test,1001847,vcf_only,vcf_only,A,A,1.0,0,1,0.0,1.0,C,A,A,A,4,4,1,centermask,centermask,A,A,A,0,0,MCQ,grec_hard_composition_gate,GroundedResidualEnergyCompositionHard,true_mcq_grec_hard,,
MMBench_DEV_CN_V11,Qwen2-VL-7B_Biased_Test,1001849,vcf_only,vcf_only,A,A,1.0,0,1,0.0,0.7021305600254272,A,A,B,A,4,4,0,centermask,centermask,A,A,A,1,0,MCQ,grec_hard_composition_gate,GroundedResidualEnergyCompositionHard,true_mcq_grec_hard,,
MMBench_DEV_CN_V11,Qwen2-VL-7B_Biased_Test,1001858,vcf_only,vcf_only,C,D,0.0,0,1,0.0,0.8197259982155967,C,B,B,C,4,4,0,gray,gray,C,C,C,1,0,MCQ,grec_hard_composition_gate,GroundedResidualEnergyCompositionHard,true_mcq_grec_hard,,
MMBench_DEV_CN_V11,Qwen2-VL-7B_Biased_Test,1001860,vcf_only,vcf_only,D,A,0.0,0,1,0.0,0.7452245905171753,C,C,C,C,4,4,1,centermask,centermask,D,D,D,1,0,MCQ,grec_hard_composition_gate,GroundedResidualEnergyCompositionHard,true_mcq_grec_hard,,
MMBench_DEV_CN_V11,Qwen2-VL-7B_Biased_Test,1001867,vcf_only,vcf_only,B,A,0.0,0,1,0.0,0.1431853936408339,D,D,D,B,4,4,1,gray,gray,B,B,B,0,0,MCQ,grec_hard_composition_gate,GroundedResidualEnergyCompositionHard,true_mcq_grec_hard,,
MMBench_DEV_CN_V11,Qwen2-VL-7B_Biased_Test,1001868,vcf_only,vcf_only,B,C,0.0,0,1,0.0,0.11440214927305475,D,D,D,D,4,4,1,gray,gray,B,B,B,1,0,MCQ,grec_hard_composition_gate,GroundedResidualEnergyCompositionHard,true_mcq_grec_hard,,
MMBench_DEV_CN_V11,Qwen2-VL-7B_Biased_Test,1001882,vcf_only,vcf_only,C,A,0.0,0,1,0.0,5.30820847861367e-05,B,B,B,B,4,4,1,gray,gray,C,C,C,1,0,MCQ,grec_hard_composition_gate,GroundedResidualEnergyCompositionHard,true_mcq_grec_hard,,
MMBench_DEV_CN_V11,Qwen2-VL-7B_Biased_Test,1001888,tcf_only,tcf_only,A,A,1.0,1,0,0.03207558255428857,0.0,A,A,A,A,3,4,0,strongblur,strongblur,A,A,A,1,0,MCQ,grec_hard_composition_gate,GroundedResidualEnergyCompositionHard,true_mcq_grec_hard,,
MMBench_DEV_CN_V11,Qwen2-VL-7B_Biased_Test,1001953,vcf_only,vcf_only,D,C,0.0,0,1,0.0,0.6145133371783944,B,B,B,B,4,4,1,centermask,centermask,D,D,D,1,0,MCQ,grec_hard_composition_gate,GroundedResidualEnergyCompositionHard,true_mcq_grec_hard,,
MMBench_DEV_CN_V11,Qwen2-VL-7B_Biased_Test,1001956,both,vcf_only,C,C,1.0,0,1,0.0,0.7384705577138502,C,C,C,C,4,4,0,centermask,centermask,C,C,C,1,0,MCQ,grec_hard_composition_gate,GroundedResidualEnergyCompositionHard,true_mcq_grec_hard,,
MMBench_DEV_CN_V11,Qwen2-VL-7B_Biased_Test,1001957,vcf_only,vcf_only,A,A,1.0,0,1,0.0,0.39148025565510747,B,B,B,A,4,4,1,gray,gray,A,A,A,0,0,MCQ,grec_hard_composition_gate,GroundedResidualEnergyCompositionHard,true_mcq_grec_hard,,
MMBench_DEV_CN_V11,Qwen2-VL-7B_Biased_Test,1001965,vcf_only,vcf_only,A,C,0.0,0,1,0.0,0.40902214530076336,B,B,B,C,4,4,1,gray,gray,A,A,A,0,0,MCQ,grec_hard_composition_gate,GroundedResidualEnergyCompositionHard,true_mcq_grec_hard,,
MMBench_DEV_CN_V11,Qwen2-VL-7B_Biased_Test,1001979,both,vcf_only,C,C,1.0,0,1,0.0,0.8807784219422562,C,C,C,C,4,4,0,centermask,centermask,C,C,C,1,0,MCQ,grec_hard_composition_gate,GroundedResidualEnergyCompositionHard,true_mcq_grec_hard,,
MMBench_DEV_CN_V11,Qwen2-VL-7B_Biased_Test,1002404,tcf_only,vcf_only,C,B,0.0,0,1,0.0,1.0,C,C,C,C,4,4,0,strongblur,strongblur,C,C,C,1,0,MCQ,grec_hard_composition_gate,GroundedResidualEnergyCompositionHard,true_mcq_grec_hard,,
MMBench_DEV_CN_V11,Qwen2-VL-7B_Biased_Test,1002946,vcf_only,vcf_only,D,C,0.0,0,1,0.0,0.15365011695374242,C,B,B,B,4,4,1,centermask,centermask,D,D,D,0,0,MCQ,grec_hard_composition_gate,GroundedResidualEnergyCompositionHard,true_mcq_grec_hard,,
MMBench_DEV_CN_V11,Qwen2-VL-7B_Biased_Test,1003091,vcf_only,vcf_only,C,A,0.0,0,1,0.0,0.9564398229410386,C,D,D,C,4,4,0,centermask,centermask,C,C,C,1,0,MCQ,grec_hard_composition_gate,GroundedResidualEnergyCompositionHard,true_mcq_grec_hard,,
MMBench_DEV_CN_V11,Qwen2-VL-7B_Biased_Test,1003161,vcf_only,both,A,B,0.0,1,1,0.4607181246014089,1.0,A,A,A,A,1,4,0,strongblur,centermask,A,A,A,1,0,MCQ,grec_hard_composition_gate,GroundedResidualEnergyCompositionHard,true_mcq_grec_hard,,
MMBench_DEV_CN_V11,Qwen2-VL-7B_Biased_Test,1003229,vcf_only,vcf_only,C,C,1.0,0,1,0.0,0.7387965946868899,B,B,B,C,4,4,1,gray,centermask,C,C,C,0,0,MCQ,grec_hard_composition_gate,GroundedResidualEnergyCompositionHard,true_mcq_grec_hard,,
MMBench_DEV_CN_V11,Qwen2-VL-7B_Biased_Test,1003238,vcf_only,vcf_only,D,C,0.0,0,1,0.0,0.38206497989232596,D,D,D,D,4,4,0,gray,gray,D,D,D,1,0,MCQ,grec_hard_composition_gate,GroundedResidualEnergyCompositionHard,true_mcq_grec_hard,,
MMBench_DEV_CN_V11,Qwen2-VL-7B_Biased_Test,1003359,vcf_only,vcf_only,A,A,1.0,0,1,0.0,0.844187541948019,A,B,B,B,4,4,0,gray,gray,A,A,A,0,0,MCQ,grec_hard_composition_gate,GroundedResidualEnergyCompositionHard,true_mcq_grec_hard,,
MMBench_DEV_CN_V11,Qwen2-VL-7B_Biased_Test,1003372,both,vcf_only,C,C,1.0,0,1,0.0,1.0,C,C,C,C,4,4,0,strongblur,centermask,C,C,C,1,0,MCQ,grec_hard_composition_gate,GroundedResidualEnergyCompositionHard,true_mcq_grec_hard,,
MMBench_DEV_CN_V11,Qwen2-VL-7B_Biased_Test,1003379,vcf_only,vcf_only,A,C,0.0,0,1,0.0,0.5901891617471023,A,A,A,A,4,4,0,gray,gray,A,A,A,1,0,MCQ,grec_hard_composition_gate,GroundedResidualEnergyCompositionHard,true_mcq_grec_hard,,
MMBench_DEV_CN_V11,Qwen2-VL-7B_Biased_Test,1003472,both,vcf_only,A,C,0.0,0,1,0.0,0.240989634669134,C,C,C,A,4,4,1,strongblur,centermask,A,A,A,0,0,MCQ,grec_hard_composition_gate,GroundedResidualEnergyCompositionHard,true_mcq_grec_hard,,
MMBench_DEV_CN_V11,Qwen2-VL-7B_Biased_Test,1003520,both,both,A,A,1.0,1,1,1.0,0.2342292205001245,A,B,B,B,1,4,1,centermask,centermask,B,A,A,0,1,MCQ,grec_hard_composition_gate,GroundedResidualEnergyCompositionHard,true_mcq_grec_hard,,
MMBench_DEV_CN_V11,Qwen2-VL-7B_Biased_Test,1003607,both,tcf_only,C,D,0.0,1,0,0.04420784895797411,0.0,C,C,C,C,2,4,0,strongblur,strongblur,C,C,C,1,0,MCQ,grec_hard_composition_gate,GroundedResidualEnergyCompositionHard,true_mcq_grec_hard,,
MMBench_DEV_CN_V11,Qwen2-VL-7B_Biased_Test,1003611,vcf_only,vcf_only,C,A,0.0,0,1,0.0,0.34181849342140913,C,C,C,C,4,4,0,strongblur,strongblur,C,C,C,1,0,MCQ,grec_hard_composition_gate,GroundedResidualEnergyCompositionHard,true_mcq_grec_hard,,
MMBench_DEV_CN_V11,Qwen2-VL-7B_Biased_Test,1003625,tcf_only,tcf_only,C,C,1.0,1,0,1.0,0.0,C,C,C,D,1,4,0,strongblur,centermask,C,C,C,0,0,MCQ,grec_hard_composition_gate,GroundedResidualEnergyCompositionHard,true_mcq_grec_hard,,
MMBench_DEV_CN_V11,Qwen2-VL-7B_Biased_Test,1003629,both,both,A,B,0.0,1,1,0.45421448211933796,0.3249737300407281,A,A,A,C,2,4,1,strongblur,centermask,C,A,A,0,1,MCQ,grec_hard_composition_gate,GroundedResidualEnergyCompositionHard,true_mcq_grec_hard,,
MMBench_DEV_CN_V11,Qwen2-VL-7B_Biased_Test,1003631,tcf_only,neither,A,C,0.0,0,0,0.0,0.0,A,A,A,B,4,4,1,strongblur,gray,A,A,A,0,0,MCQ,grec_hard_composition_gate,GroundedResidualEnergyCompositionHard,true_mcq_grec_hard,,
MMBench_DEV_CN_V11,Qwen2-VL-7B_Biased_Test,1003641,vcf_only,tcf_only,C,B,0.0,1,0,0.007967008939857285,0.0,A,A,A,A,2,4,0,strongblur,strongblur,C,C,C,1,0,MCQ,grec_hard_composition_gate,GroundedResidualEnergyCompositionHard,true_mcq_grec_hard,,
MMBench_DEV_CN_V11,Qwen2-VL-7B_Biased_Test,1003646,vcf_only,neither,C,D,0.0,0,0,0.0,0.0,A,A,A,A,4,4,0,strongblur,gray,C,C,C,1,0,MCQ,grec_hard_composition_gate,GroundedResidualEnergyCompositionHard,true_mcq_grec_hard,,
MMBench_DEV_CN_V11,Qwen2-VL-7B_Biased_Test,1003653,tcf_only,neither,A,C,0.0,0,0,0.0,0.0,A,A,A,D,4,4,1,strongblur,centermask,A,A,A,0,0,MCQ,grec_hard_composition_gate,GroundedResidualEnergyCompositionHard,true_mcq_grec_hard,,
MMBench_DEV_CN_V11,Qwen2-VL-7B_Biased_Test,1003665,vcf_only,tcf_only,A,B,0.0,1,0,0.5060880317182189,0.0,A,C,C,C,2,4,0,strongblur,strongblur,A,A,A,0,0,MCQ,grec_hard_composition_gate,GroundedResidualEnergyCompositionHard,true_mcq_grec_hard,,
MMBench_DEV_CN_V11,Qwen2-VL-7B_Biased_Test,1003685,vcf_only,vcf_only,A,A,1.0,0,1,0.0,0.23196622088459984,A,A,A,A,4,4,0,gray,centermask,A,A,A,1,0,MCQ,grec_hard_composition_gate,GroundedResidualEnergyCompositionHard,true_mcq_grec_hard,,
MMBench_DEV_CN_V11,Qwen2-VL-7B_Biased_Test,1003738,vcf_only,vcf_only,A,C,0.0,0,1,0.0,0.14944849965147536,B,B,B,A,4,4,1,centermask,centermask,A,A,A,0,0,MCQ,grec_hard_composition_gate,GroundedResidualEnergyCompositionHard,true_mcq_grec_hard,,
MMBench_DEV_CN_V11,Qwen2-VL-7B_Biased_Test,1003744,tcf_only,tcf_only,B,A,0.0,1,0,1.0,0.0,B,A,B,A,2,4,1,centermask,centermask,B,B,B,0,0,MCQ,grec_hard_composition_gate,GroundedResidualEnergyCompositionHard,true_mcq_grec_hard,,
MMBench_DEV_CN_V11,Qwen2-VL-7B_Biased_Test,2000284,vcf_only,vcf_only,A,B,0.0,0,1,0.0,0.7551773882886429,A,A,A,A,3,3,0,centermask,centermask,A,A,A,1,0,MCQ,grec_hard_composition_gate,GroundedResidualEnergyCompositionHard,true_mcq_grec_hard,,
MMBench_DEV_CN_V11,Qwen2-VL-7B_Biased_Test,2000290,vcf_only,vcf_only,B,B,1.0,0,1,0.0,0.3902138634429808,A,A,A,B,3,3,1,centermask,centermask,B,B,B,0,0,MCQ,grec_hard_composition_gate,GroundedResidualEnergyCompositionHard,true_mcq_grec_hard,,
MMBench_DEV_CN_V11,Qwen2-VL-7B_Biased_Test,2000412,vcf_only,vcf_only,A,A,1.0,0,1,0.0,0.9400218687278566,C,C,C,A,3,3,1,strongblur,strongblur,A,A,A,0,0,MCQ,grec_hard_composition_gate,GroundedResidualEnergyCompositionHard,true_mcq_grec_hard,,
MMBench_DEV_CN_V11,Qwen2-VL-7B_Biased_Test,2000415,tcf_only,tcf_only,C,C,1.0,1,0,0.5115023266286727,0.0,C,C,C,B,2,3,0,strongblur,gray,C,C,C,0,0,MCQ,grec_hard_composition_gate,GroundedResidualEnergyCompositionHard,true_mcq_grec_hard,,
MMBench_DEV_CN_V11,Qwen2-VL-7B_Biased_Test,2001014,tcf_only,neither,B,C,0.0,0,0,0.0,0.0,C,B,C,C,4,4,0,strongblur,centermask,B,B,B,1,0,MCQ,grec_hard_composition_gate,GroundedResidualEnergyCompositionHard,true_mcq_grec_hard,,
MMBench_DEV_CN_V11,Qwen2-VL-7B_Biased_Test,2001104,vcf_only,vcf_only,B,A,0.0,0,1,0.0,0.9012466791669403,A,C,C,A,3,3,1,gray,gray,B,B,B,1,0,MCQ,grec_hard_composition_gate,GroundedResidualEnergyCompositionHard,true_mcq_grec_hard,,
MMBench_DEV_CN_V11,Qwen2-VL-7B_Biased_Test,2001110,vcf_only,vcf_only,C,A,0.0,0,1,0.0,0.3107125435474559,A,C,C,C,3,3,1,strongblur,strongblur,C,C,C,0,0,MCQ,grec_hard_composition_gate,GroundedResidualEnergyCompositionHard,true_mcq_grec_hard,,
MMBench_DEV_CN_V11,Qwen2-VL-7B_Biased_Test,2001128,vcf_only,vcf_only,C,A,0.0,0,1,0.0,0.2485139025381021,C,C,C,C,3,3,0,strongblur,strongblur,C,C,C,1,0,MCQ,grec_hard_composition_gate,GroundedResidualEnergyCompositionHard,true_mcq_grec_hard,,
MMBench_DEV_CN_V11,Qwen2-VL-7B_Biased_Test,2001129,vcf_only,vcf_only,C,A,0.0,0,1,0.0,0.15673509117805726,C,C,C,C,3,3,0,strongblur,strongblur,C,C,C,1,0,MCQ,grec_hard_composition_gate,GroundedResidualEnergyCompositionHard,true_mcq_grec_hard,,
MMBench_DEV_CN_V11,Qwen2-VL-7B_Biased_Test,2001130,vcf_only,vcf_only,C,A,0.0,0,1,0.0,0.23007914800765908,C,C,C,C,3,3,0,strongblur,centermask,C,C,C,1,0,MCQ,grec_hard_composition_gate,GroundedResidualEnergyCompositionHard,true_mcq_grec_hard,,
MMBench_DEV_CN_V11,Qwen2-VL-7B_Biased_Test,2001198,vcf_only,vcf_only,A,C,0.0,0,1,0.0,0.6798703919979213,D,D,D,A,4,4,1,gray,gray,A,A,A,0,0,MCQ,grec_hard_composition_gate,GroundedResidualEnergyCompositionHard,true_mcq_grec_hard,,
MMBench_DEV_CN_V11,Qwen2-VL-7B_Biased_Test,2001200,tcf_only,neither,A,A,1.0,0,0,0.0,0.0,A,C,A,D,4,4,1,gray,centermask,A,A,A,0,0,MCQ,grec_hard_composition_gate,GroundedResidualEnergyCompositionHard,true_mcq_grec_hard,,
MMBench_DEV_CN_V11,Qwen2-VL-7B_Biased_Test,2001216,vcf_only,vcf_only,B,B,1.0,0,1,0.0,0.859687481394896,B,D,D,B,4,4,0,centermask,centermask,B,B,B,1,0,MCQ,grec_hard_composition_gate,GroundedResidualEnergyCompositionHard,true_mcq_grec_hard,,
MMBench_DEV_CN_V11,Qwen2-VL-7B_Biased_Test,2001230,vcf_only,vcf_only,A,A,1.0,0,1,0.0,0.25216214449228314,B,B,B,A,4,4,1,strongblur,centermask,A,A,A,0,0,MCQ,grec_hard_composition_gate,GroundedResidualEnergyCompositionHard,true_mcq_grec_hard,,
MMBench_DEV_CN_V11,Qwen2-VL-7B_Biased_Test,2001549,vcf_only,vcf_only,A,A,1.0,0,1,0.0,1.0,A,A,A,A,4,4,0,strongblur,centermask,A,A,A,1,0,MCQ,grec_hard_composition_gate,GroundedResidualEnergyCompositionHard,true_mcq_grec_hard,,
MMBench_DEV_CN_V11,Qwen2-VL-7B_Biased_Test,2001553,tcf_only,tcf_only,C,C,1.0,1,0,1.0,0.0,C,C,C,A,1,4,1,strongblur,centermask,C,C,C,0,0,MCQ,grec_hard_composition_gate,GroundedResidualEnergyCompositionHard,true_mcq_grec_hard,,
MMBench_DEV_CN_V11,Qwen2-VL-7B_Biased_Test,2002420,vcf_only,vcf_only,B,B,1.0,0,1,0.0,0.4704544618494635,C,C,C,C,3,3,1,gray,gray,B,B,B,1,0,MCQ,grec_hard_composition_gate,GroundedResidualEnergyCompositionHard,true_mcq_grec_hard,,
MMBench_DEV_CN_V11,Qwen2-VL-7B_Biased_Test,2002555,vcf_only,vcf_only,C,B,0.0,0,1,0.0,0.38206497989232596,B,B,D,C,4,4,1,strongblur,gray,C,C,C,0,0,MCQ,grec_hard_composition_gate,GroundedResidualEnergyCompositionHard,true_mcq_grec_hard,,
MMBench_DEV_CN_V11,Qwen2-VL-7B_Biased_Test,2002573,vcf_only,vcf_only,A,B,0.0,0,1,0.0,1.0,C,C,D,A,4,4,1,strongblur,centermask,A,A,A,0,0,MCQ,grec_hard_composition_gate,GroundedResidualEnergyCompositionHard,true_mcq_grec_hard,,
MMBench_DEV_CN_V11,Qwen2-VL-7B_Biased_Test,2003086,vcf_only,vcf_only,C,A,0.0,0,1,0.0,0.6011806516709135,C,C,C,C,3,3,0,strongblur,strongblur,C,C,C,1,0,MCQ,grec_hard_composition_gate,GroundedResidualEnergyCompositionHard,true_mcq_grec_hard,,
MMBench_DEV_CN_V11,Qwen2-VL-7B_Biased_Test,2003094,tcf_only,tcf_only,B,B,1.0,1,0,1.0,0.0,B,A,B,C,1,3,1,centermask,centermask,B,B,B,0,0,MCQ,grec_hard_composition_gate,GroundedResidualEnergyCompositionHard,true_mcq_grec_hard,,
MMBench_DEV_CN_V11,Qwen2-VL-7B_Biased_Test,2003409,vcf_only,vcf_only,A,B,0.0,0,1,0.0,0.6200356586069677,A,A,A,A,3,3,0,gray,gray,A,A,A,1,0,MCQ,grec_hard_composition_gate,GroundedResidualEnergyCompositionHard,true_mcq_grec_hard,,
MMBench_DEV_CN_V11,Qwen2-VL-7B_Biased_Test,2003508,vcf_only,vcf_only,A,B,0.0,0,1,0.0,0.836101344717457,B,C,C,A,3,3,1,gray,gray,A,A,A,0,0,MCQ,grec_hard_composition_gate,GroundedResidualEnergyCompositionHard,true_mcq_grec_hard,,
MMBench_DEV_CN_V11,Qwen2-VL-7B_Biased_Test,2003509,vcf_only,vcf_only,A,A,1.0,0,1,0.0,0.16123422610922522,C,C,C,A,3,3,1,centermask,centermask,A,A,A,0,0,MCQ,grec_hard_composition_gate,GroundedResidualEnergyCompositionHard,true_mcq_grec_hard,,
MMBench_DEV_CN_V11,Qwen2-VL-7B_Biased_Test,2000337,vcf_only,vcf_only,B,A,0.0,0,1,0.0,0.5576535861484603,B,B,B,B,4,4,0,gray,gray,B,B,B,1,0,MCQ,grec_hard_composition_gate,GroundedResidualEnergyCompositionHard,true_mcq_grec_hard,,
MMBench_DEV_CN_V11,Qwen2-VL-7B_Biased_Test,2000462,tcf_only,both,C,B,0.0,1,1,0.5235450155795965,0.3309367792602331,C,A,A,B,1,4,1,gray,centermask,B,C,C,0,1,MCQ,grec_hard_composition_gate,GroundedResidualEnergyCompositionHard,true_mcq_grec_hard,,
MMBench_DEV_CN_V11,Qwen2-VL-7B_Biased_Test,2000465,vcf_only,vcf_only,A,D,0.0,0,1,0.0,0.7518256814455276,A,B,B,B,4,4,0,gray,gray,A,A,A,0,0,MCQ,grec_hard_composition_gate,GroundedResidualEnergyCompositionHard,true_mcq_grec_hard,,
MMBench_DEV_CN_V11,Qwen2-VL-7B_Biased_Test,2000491,vcf_only,vcf_only,C,C,1.0,0,1,0.0,0.16734384587062964,C,C,C,C,4,4,0,centermask,centermask,C,C,C,1,0,MCQ,grec_hard_composition_gate,GroundedResidualEnergyCompositionHard,true_mcq_grec_hard,,
MMBench_DEV_CN_V11,Qwen2-VL-7B_Biased_Test,2000500,vcf_only,vcf_only,C,C,1.0,0,1,0.0,0.19661468548357497,C,D,D,C,4,4,0,centermask,centermask,C,C,C,1,0,MCQ,grec_hard_composition_gate,GroundedResidualEnergyCompositionHard,true_mcq_grec_hard,,
MMBench_DEV_CN_V11,Qwen2-VL-7B_Biased_Test,2000526,vcf_only,vcf_only,D,C,0.0,0,1,0.0,0.8541650033143735,B,B,B,D,4,4,1,centermask,centermask,D,D,D,0,0,MCQ,grec_hard_composition_gate,GroundedResidualEnergyCompositionHard,true_mcq_grec_hard,,
MMBench_DEV_CN_V11,Qwen2-VL-7B_Biased_Test,2000570,tcf_only,neither,B,B,1.0,0,0,0.0,0.0,B,C,C,C,4,4,1,gray,centermask,B,B,B,0,0,MCQ,grec_hard_composition_gate,GroundedResidualEnergyCompositionHard,true_mcq_grec_hard,,
MMBench_DEV_CN_V11,Qwen2-VL-7B_Biased_Test,2000573,both,both,C,C,1.0,1,1,0.48225140951979295,1.0,C,B,C,B,1,4,1,strongblur,centermask,C,C,C,0,1,MCQ,grec_hard_composition_gate,GroundedResidualEnergyCompositionHard,true_mcq_grec_hard,,
MMBench_DEV_CN_V11,Qwen2-VL-7B_Biased_Test,2000592,vcf_only,vcf_only,D,A,0.0,0,1,0.0,0.14512580429607919,A,D,D,D,4,4,1,centermask,centermask,D,D,D,0,0,MCQ,grec_hard_composition_gate,GroundedResidualEnergyCompositionHard,true_mcq_grec_hard,,
MMBench_DEV_CN_V11,Qwen2-VL-7B_Biased_Test,2000768,vcf_only,vcf_only,C,A,0.0,0,1,0.0,0.0042830850725526426,C,C,C,C,4,4,0,gray,gray,C,C,C,1,0,MCQ,grec_hard_composition_gate,GroundedResidualEnergyCompositionHard,true_mcq_grec_hard,,
MMBench_DEV_CN_V11,Qwen2-VL-7B_Biased_Test,2000773,both,neither,B,B,1.0,0,0,0.0,0.0,B,B,B,B,4,4,0,strongblur,centermask,B,B,B,1,0,MCQ,grec_hard_composition_gate,GroundedResidualEnergyCompositionHard,true_mcq_grec_hard,,
MMBench_DEV_CN_V11,Qwen2-VL-7B_Biased_Test,2000776,vcf_only,vcf_only,D,A,0.0,0,1,0.0,0.12934602804180806,C,C,C,D,4,4,1,gray,gray,D,D,D,0,0,MCQ,grec_hard_composition_gate,GroundedResidualEnergyCompositionHard,true_mcq_grec_hard,,
MMBench_DEV_CN_V11,Qwen2-VL-7B_Biased_Test,2000782,vcf_only,vcf_only,B,C,0.0,0,1,0.0,0.03802491051295579,D,D,D,B,4,4,1,centermask,centermask,B,B,B,0,0,MCQ,grec_hard_composition_gate,GroundedResidualEnergyCompositionHard,true_mcq_grec_hard,,
MMBench_DEV_CN_V11,Qwen2-VL-7B_Biased_Test,2000785,vcf_only,vcf_only,D,D,1.0,0,1,0.0,0.37494034649090063,B,B,D,D,4,4,1,gray,centermask,D,D,D,0,0,MCQ,grec_hard_composition_gate,GroundedResidualEnergyCompositionHard,true_mcq_grec_hard,,
MMBench_DEV_CN_V11,Qwen2-VL-7B_Biased_Test,2000793,vcf_only,vcf_only,D,C,0.0,0,1,0.0,0.058913247643809806,D,D,D,D,4,4,0,gray,gray,D,D,D,1,0,MCQ,grec_hard_composition_gate,GroundedResidualEnergyCompositionHard,true_mcq_grec_hard,,
MMBench_DEV_CN_V11,Qwen2-VL-7B_Biased_Test,2000826,vcf_only,vcf_only,A,A,1.0,0,1,0.0,0.397899536893348,D,D,D,A,4,4,1,gray,gray,A,A,A,0,0,MCQ,grec_hard_composition_gate,GroundedResidualEnergyCompositionHard,true_mcq_grec_hard,,
MMBench_DEV_CN_V11,Qwen2-VL-7B_Biased_Test,2000904,vcf_only,vcf_only,D,D,1.0,0,1,0.0,0.062247577394170944,B,B,B,B,4,4,1,gray,gray,D,D,D,1,0,MCQ,grec_hard_composition_gate,GroundedResidualEnergyCompositionHard,true_mcq_grec_hard,,
MMBench_DEV_CN_V11,Qwen2-VL-7B_Biased_Test,2000908,vcf_only,vcf_only,C,A,0.0,0,1,0.0,0.18320301430664893,C,C,C,C,4,4,0,strongblur,strongblur,C,C,C,1,0,MCQ,grec_hard_composition_gate,GroundedResidualEnergyCompositionHard,true_mcq_grec_hard,,
MMBench_DEV_CN_V11,Qwen2-VL-7B_Biased_Test,2001003,vcf_only,vcf_only,D,A,0.0,0,1,0.0,0.7985124060621377,C,C,C,D,4,4,1,centermask,centermask,D,D,D,0,0,MCQ,grec_hard_composition_gate,GroundedResidualEnergyCompositionHard,true_mcq_grec_hard,,
MMBench_DEV_CN_V11,Qwen2-VL-7B_Biased_Test,2001060,vcf_only,vcf_only,A,A,1.0,0,1,0.0,0.38206497989232596,A,A,A,A,4,4,0,strongblur,centermask,A,A,A,1,0,MCQ,grec_hard_composition_gate,GroundedResidualEnergyCompositionHard,true_mcq_grec_hard,,
MMBench_DEV_CN_V11,Qwen2-VL-7B_Biased_Test,2001488,tcf_only,neither,B,B,1.0,0,0,0.0,0.0,B,B,B,B,4,4,0,gray,centermask,B,B,B,1,0,MCQ,grec_hard_composition_gate,GroundedResidualEnergyCompositionHard,true_mcq_grec_hard,,
MMBench_DEV_CN_V11,Qwen2-VL-7B_Biased_Test,2001507,both,vcf_only,B,B,1.0,0,1,0.0,0.2597992846191662,D,A,D,B,4,4,1,centermask,centermask,B,B,B,0,0,MCQ,grec_hard_composition_gate,GroundedResidualEnergyCompositionHard,true_mcq_grec_hard,,
MMBench_DEV_CN_V11,Qwen2-VL-7B_Biased_Test,2001658,vcf_only,vcf_only,A,A,1.0,0,1,0.0,1.0,A,A,A,A,4,4,0,strongblur,gray,A,A,A,1,0,MCQ,grec_hard_composition_gate,GroundedResidualEnergyCompositionHard,true_mcq_grec_hard,,
MMBench_DEV_CN_V11,Qwen2-VL-7B_Biased_Test,2001663,both,tcf_only,A,A,1.0,1,0,0.46035492102960834,0.0,A,A,A,A,1,4,0,strongblur,strongblur,A,A,A,1,0,MCQ,grec_hard_composition_gate,GroundedResidualEnergyCompositionHard,true_mcq_grec_hard,,
MMBench_DEV_CN_V11,Qwen2-VL-7B_Biased_Test,2001677,vcf_only,vcf_only,C,C,1.0,0,1,0.0,1.0,C,C,C,C,4,4,0,centermask,centermask,C,C,C,1,0,MCQ,grec_hard_composition_gate,GroundedResidualEnergyCompositionHard,true_mcq_grec_hard,,
MMBench_DEV_CN_V11,Qwen2-VL-7B_Biased_Test,2001846,vcf_only,both,C,B,0.0,1,1,0.042945491080879486,0.8753215992738229,C,C,C,B,2,4,1,centermask,centermask,B,C,C,0,1,MCQ,grec_hard_composition_gate,GroundedResidualEnergyCompositionHard,true_mcq_grec_hard,,
MMBench_DEV_CN_V11,Qwen2-VL-7B_Biased_Test,2001849,vcf_only,both,B,B,1.0,1,1,0.010064231592436718,0.86730335326786,B,B,B,B,2,4,0,centermask,centermask,B,B,B,1,0,MCQ,grec_hard_composition_gate,GroundedResidualEnergyCompositionHard,true_mcq_grec_hard,,
MMBench_DEV_CN_V11,Qwen2-VL-7B_Biased_Test,2001851,vcf_only,vcf_only,C,C,1.0,0,1,0.0,0.007946820329514877,B,B,B,B,4,4,1,gray,gray,C,C,C,1,0,MCQ,grec_hard_composition_gate,GroundedResidualEnergyCompositionHard,true_mcq_grec_hard,,
MMBench_DEV_CN_V11,Qwen2-VL-7B_Biased_Test,2001854,both,neither,B,A,0.0,0,0,0.0,0.0,B,B,B,C,4,4,1,strongblur,centermask,B,B,B,0,0,MCQ,grec_hard_composition_gate,GroundedResidualEnergyCompositionHard,true_mcq_grec_hard,,
MMBench_DEV_CN_V11,Qwen2-VL-7B_Biased_Test,2001858,vcf_only,vcf_only,B,A,0.0,0,1,0.0,1.0,D,B,B,B,4,4,1,strongblur,centermask,B,B,B,0,0,MCQ,grec_hard_composition_gate,GroundedResidualEnergyCompositionHard,true_mcq_grec_hard,,
MMBench_DEV_CN_V11,Qwen2-VL-7B_Biased_Test,2001860,vcf_only,both,D,B,0.0,1,1,0.08585737394989547,0.3081913229014116,D,A,D,A,2,4,1,strongblur,strongblur,A,D,D,0,1,MCQ,grec_hard_composition_gate,GroundedResidualEnergyCompositionHard,true_mcq_grec_hard,,
MMBench_DEV_CN_V11,Qwen2-VL-7B_Biased_Test,2001867,vcf_only,vcf_only,B,B,1.0,0,1,0.0,0.5429672190352499,C,C,C,C,4,4,1,gray,gray,B,B,B,1,0,MCQ,grec_hard_composition_gate,GroundedResidualEnergyCompositionHard,true_mcq_grec_hard,,
MMBench_DEV_CN_V11,Qwen2-VL-7B_Biased_Test,2001868,vcf_only,vcf_only,C,D,0.0,0,1,0.0,0.9667393221401782,A,A,C,C,4,4,1,strongblur,centermask,C,C,C,0,0,MCQ,grec_hard_composition_gate,GroundedResidualEnergyCompositionHard,true_mcq_grec_hard,,
MMBench_DEV_CN_V11,Qwen2-VL-7B_Biased_Test,2001871,tcf_only,tcf_only,B,D,0.0,1,0,0.5441452169343057,0.0,B,B,B,D,1,4,1,strongblur,centermask,B,B,B,0,0,MCQ,grec_hard_composition_gate,GroundedResidualEnergyCompositionHard,true_mcq_grec_hard,,
MMBench_DEV_CN_V11,Qwen2-VL-7B_Biased_Test,2001879,vcf_only,tcf_only,A,B,0.0,1,0,1.0,0.0,A,A,D,A,1,4,0,centermask,centermask,A,A,A,1,0,MCQ,grec_hard_composition_gate,GroundedResidualEnergyCompositionHard,true_mcq_grec_hard,,
MMBench_DEV_CN_V11,Qwen2-VL-7B_Biased_Test,2001956,vcf_only,vcf_only,D,D,1.0,0,1,0.0,0.547134974997936,D,C,C,D,4,4,0,centermask,centermask,D,D,D,1,0,MCQ,grec_hard_composition_gate,GroundedResidualEnergyCompositionHard,true_mcq_grec_hard,,
MMBench_DEV_CN_V11,Qwen2-VL-7B_Biased_Test,2001957,vcf_only,vcf_only,B,B,1.0,0,1,0.0,0.39748540008356903,C,C,C,B,4,4,1,gray,gray,B,B,B,0,0,MCQ,grec_hard_composition_gate,GroundedResidualEnergyCompositionHard,true_mcq_grec_hard,,
MMBench_DEV_CN_V11,Qwen2-VL-7B_Biased_Test,2001965,vcf_only,vcf_only,D,D,1.0,0,1,0.0,0.4322912859590428,C,C,C,D,4,4,1,centermask,centermask,D,D,D,0,0,MCQ,grec_hard_composition_gate,GroundedResidualEnergyCompositionHard,true_mcq_grec_hard,,
MMBench_DEV_CN_V11,Qwen2-VL-7B_Biased_Test,2002624,vcf_only,vcf_only,A,A,1.0,0,1,0.0,0.23413420027056403,A,C,C,A,4,4,0,strongblur,strongblur,A,A,A,1,0,MCQ,grec_hard_composition_gate,GroundedResidualEnergyCompositionHard,true_mcq_grec_hard,,
MMBench_DEV_CN_V11,Qwen2-VL-7B_Biased_Test,2003061,vcf_only,neither,D,A,0.0,0,0,0.0,0.0,D,A,A,A,4,4,1,centermask,centermask,D,D,D,0,0,MCQ,grec_hard_composition_gate,GroundedResidualEnergyCompositionHard,true_mcq_grec_hard,,
MMBench_DEV_CN_V11,Qwen2-VL-7B_Biased_Test,2003091,vcf_only,vcf_only,D,B,0.0,0,1,0.0,0.9767149214078974,A,A,A,A,4,4,1,gray,gray,D,D,D,1,0,MCQ,grec_hard_composition_gate,GroundedResidualEnergyCompositionHard,true_mcq_grec_hard,,
MMBench_DEV_CN_V11,Qwen2-VL-7B_Biased_Test,2003164,tcf_only,neither,B,C,0.0,0,0,0.0,0.0,B,B,C,B,4,4,0,centermask,centermask,B,B,B,1,0,MCQ,grec_hard_composition_gate,GroundedResidualEnergyCompositionHard,true_mcq_grec_hard,,
MMBench_DEV_CN_V11,Qwen2-VL-7B_Biased_Test,2003217,vcf_only,vcf_only,C,B,0.0,0,1,0.0,0.1211349299753017,D,D,D,C,4,4,1,centermask,centermask,C,C,C,0,0,MCQ,grec_hard_composition_gate,GroundedResidualEnergyCompositionHard,true_mcq_grec_hard,,
MMBench_DEV_CN_V11,Qwen2-VL-7B_Biased_Test,2003229,vcf_only,vcf_only,D,D,1.0,0,1,0.0,0.6052718818901143,C,C,C,D,4,4,1,gray,centermask,D,D,D,0,0,MCQ,grec_hard_composition_gate,GroundedResidualEnergyCompositionHard,true_mcq_grec_hard,,
MMBench_DEV_CN_V11,Qwen2-VL-7B_Biased_Test,2003234,vcf_only,both,D,C,0.0,1,1,0.4628830664798307,0.38206497989232596,D,C,C,A,1,4,1,strongblur,centermask,D,D,D,0,1,MCQ,grec_hard_composition_gate,GroundedResidualEnergyCompositionHard,true_mcq_grec_hard,,
MMBench_DEV_CN_V11,Qwen2-VL-7B_Biased_Test,2003238,vcf_only,vcf_only,B,D,0.0,0,1,0.0,0.22511469691166927,B,A,A,B,4,4,0,gray,centermask,B,B,B,1,0,MCQ,grec_hard_composition_gate,GroundedResidualEnergyCompositionHard,true_mcq_grec_hard,,
MMBench_DEV_CN_V11,Qwen2-VL-7B_Biased_Test,2003242,vcf_only,vcf_only,B,B,1.0,0,1,0.0,0.08146908663356209,C,C,C,B,4,4,1,gray,gray,B,B,B,0,0,MCQ,grec_hard_composition_gate,GroundedResidualEnergyCompositionHard,true_mcq_grec_hard,,
MMBench_DEV_CN_V11,Qwen2-VL-7B_Biased_Test,2003354,vcf_only,vcf_only,C,C,1.0,0,1,0.0,0.7617370616287911,C,D,D,D,4,4,0,gray,gray,C,C,C,0,0,MCQ,grec_hard_composition_gate,GroundedResidualEnergyCompositionHard,true_mcq_grec_hard,,
MMBench_DEV_CN_V11,Qwen2-VL-7B_Biased_Test,2003359,vcf_only,vcf_only,C,B,0.0,0,1,0.0,0.6815794740575866,C,C,C,C,4,4,0,gray,gray,C,C,C,1,0,MCQ,grec_hard_composition_gate,GroundedResidualEnergyCompositionHard,true_mcq_grec_hard,,
MMBench_DEV_CN_V11,Qwen2-VL-7B_Biased_Test,2003385,vcf_only,vcf_only,A,A,1.0,0,1,0.0,0.38206497989232596,D,C,C,A,4,4,1,strongblur,centermask,A,A,A,0,0,MCQ,grec_hard_composition_gate,GroundedResidualEnergyCompositionHard,true_mcq_grec_hard,,
MMBench_DEV_CN_V11,Qwen2-VL-7B_Biased_Test,2003394,vcf_only,vcf_only,D,A,0.0,0,1,0.0,0.11615896088077789,B,B,B,D,4,4,1,centermask,centermask,D,D,D,0,0,MCQ,grec_hard_composition_gate,GroundedResidualEnergyCompositionHard,true_mcq_grec_hard,,
MMBench_DEV_CN_V11,Qwen2-VL-7B_Biased_Test,2003417,vcf_only,vcf_only,D,D,1.0,0,1,0.0,0.530645386485538,D,D,D,D,4,4,0,centermask,centermask,D,D,D,1,0,MCQ,grec_hard_composition_gate,GroundedResidualEnergyCompositionHard,true_mcq_grec_hard,,
MMBench_DEV_CN_V11,Qwen2-VL-7B_Biased_Test,2003457,vcf_only,neither,B,C,0.0,0,0,0.0,0.0,B,B,B,D,4,4,1,gray,centermask,B,B,B,0,0,MCQ,grec_hard_composition_gate,GroundedResidualEnergyCompositionHard,true_mcq_grec_hard,,
MMBench_DEV_CN_V11,Qwen2-VL-7B_Biased_Test,2003467,vcf_only,vcf_only,A,A,1.0,0,1,0.0,0.18440368293899623,B,A,B,A,4,4,1,centermask,centermask,A,A,A,0,0,MCQ,grec_hard_composition_gate,GroundedResidualEnergyCompositionHard,true_mcq_grec_hard,,
MMBench_DEV_CN_V11,Qwen2-VL-7B_Biased_Test,2003472,tcf_only,neither,B,D,0.0,0,0,0.0,0.0,B,B,D,B,4,4,0,centermask,centermask,B,B,B,1,0,MCQ,grec_hard_composition_gate,GroundedResidualEnergyCompositionHard,true_mcq_grec_hard,,
MMBench_DEV_CN_V11,Qwen2-VL-7B_Biased_Test,2003607,vcf_only,vcf_only,A,A,1.0,0,1,0.0,0.16900923849449564,A,D,D,A,4,4,0,strongblur,strongblur,A,A,A,1,0,MCQ,grec_hard_composition_gate,GroundedResidualEnergyCompositionHard,true_mcq_grec_hard,,
MMBench_DEV_CN_V11,Qwen2-VL-7B_Biased_Test,2003611,vcf_only,vcf_only,C,B,0.0,0,1,0.0,0.9996936209198966,A,D,D,C,4,4,1,gray,gray,C,C,C,0,0,MCQ,grec_hard_composition_gate,GroundedResidualEnergyCompositionHard,true_mcq_grec_hard,,
MMBench_DEV_CN_V11,Qwen2-VL-7B_Biased_Test,2003632,tcf_only,tcf_only,A,A,1.0,1,0,1.0,0.0,A,C,A,C,1,4,1,gray,gray,A,A,A,0,0,MCQ,grec_hard_composition_gate,GroundedResidualEnergyCompositionHard,true_mcq_grec_hard,,
MMBench_DEV_CN_V11,Qwen2-VL-7B_Biased_Test,2003639,vcf_only,vcf_only,B,C,0.0,0,1,0.0,0.518443709137716,D,D,D,B,4,4,1,centermask,centermask,B,B,B,0,0,MCQ,grec_hard_composition_gate,GroundedResidualEnergyCompositionHard,true_mcq_grec_hard,,
MMBench_DEV_CN_V11,Qwen2-VL-7B_Biased_Test,2003646,vcf_only,both,A,A,1.0,1,1,0.4719571157194364,0.38206497989232596,A,B,B,C,1,4,0,strongblur,centermask,A,A,A,0,1,MCQ,grec_hard_composition_gate,GroundedResidualEnergyCompositionHard,true_mcq_grec_hard,,
MMBench_DEV_CN_V11,Qwen2-VL-7B_Biased_Test,2003653,tcf_only,neither,C,D,0.0,0,0,0.0,0.0,A,B,B,A,4,4,0,strongblur,centermask,C,C,C,1,0,MCQ,grec_hard_composition_gate,GroundedResidualEnergyCompositionHard,true_mcq_grec_hard,,
MMBench_DEV_CN_V11,Qwen2-VL-7B_Biased_Test,2003657,vcf_only,neither,D,C,0.0,0,0,0.0,0.0,D,D,D,D,4,4,1,gray,gray,D,D,D,1,0,MCQ,grec_hard_composition_gate,GroundedResidualEnergyCompositionHard,true_mcq_grec_hard,,
MMBench_DEV_CN_V11,Qwen2-VL-7B_Biased_Test,2003664,both,neither,A,A,1.0,0,0,0.0,0.0,A,A,A,B,4,4,1,strongblur,centermask,A,A,A,0,0,MCQ,grec_hard_composition_gate,GroundedResidualEnergyCompositionHard,true_mcq_grec_hard,,
MMBench_DEV_CN_V11,Qwen2-VL-7B_Biased_Test,2003665,tcf_only,tcf_only,A,C,0.0,1,0,0.45421448211933796,0.0,A,A,A,C,1,4,0,centermask,centermask,A,A,A,0,0,MCQ,grec_hard_composition_gate,GroundedResidualEnergyCompositionHard,true_mcq_grec_hard,,
MMBench_DEV_CN_V11,Qwen2-VL-7B_Biased_Test,2003685,vcf_only,vcf_only,B,B,1.0,0,1,0.0,0.5338370471918449,C,B,C,B,4,4,1,gray,gray,B,B,B,0,0,MCQ,grec_hard_composition_gate,GroundedResidualEnergyCompositionHard,true_mcq_grec_hard,,
MMBench_DEV_CN_V11,Qwen2-VL-7B_Biased_Test,2003708,tcf_only,both,C,A,0.0,1,1,1.0,0.38206497989232596,C,C,C,C,1,4,0,centermask,centermask,C,C,C,1,0,MCQ,grec_hard_composition_gate,GroundedResidualEnergyCompositionHard,true_mcq_grec_hard,,
MMBench_DEV_CN_V11,Qwen2-VL-7B_Biased_Test,2003728,tcf_only,neither,A,A,1.0,0,0,0.0,0.0,B,A,B,A,4,4,1,gray,gray,A,A,A,0,0,MCQ,grec_hard_composition_gate,GroundedResidualEnergyCompositionHard,true_mcq_grec_hard,,
MMBench_DEV_CN_V11,Qwen2-VL-7B_Biased_Test,2003742,vcf_only,vcf_only,B,B,1.0,0,1,0.0,0.5317685412775707,C,A,C,B,4,4,1,centermask,centermask,B,B,B,0,0,MCQ,grec_hard_composition_gate,GroundedResidualEnergyCompositionHard,true_mcq_grec_hard,,
MMBench_DEV_CN_V11,Qwen2-VL-7B_Biased_Test,2003744,both,both,B,B,1.0,1,1,1.0,0.542240497744993,B,B,B,B,2,4,0,centermask,centermask,B,B,B,1,0,MCQ,grec_hard_composition_gate,GroundedResidualEnergyCompositionHard,true_mcq_grec_hard,,
MMBench_DEV_CN_V11,Qwen2-VL-7B_Biased_Test,3000018,vcf_only,vcf_only,A,A,1.0,0,1,0.0,0.944503393101612,A,D,D,D,4,4,0,centermask,centermask,A,A,A,0,0,MCQ,grec_hard_composition_gate,GroundedResidualEnergyCompositionHard,true_mcq_grec_hard,,
MMBench_DEV_CN_V11,Qwen2-VL-7B_Biased_Test,3000126,vcf_only,tcf_only,A,A,1.0,1,0,1.0,0.0,A,A,A,D,1,4,1,strongblur,centermask,A,A,A,0,0,MCQ,grec_hard_composition_gate,GroundedResidualEnergyCompositionHard,true_mcq_grec_hard,,
MMBench_DEV_CN_V11,Qwen2-VL-7B_Biased_Test,3000465,vcf_only,vcf_only,D,A,0.0,0,1,0.0,0.7798060808794828,A,C,C,C,4,4,1,gray,gray,D,D,D,0,0,MCQ,grec_hard_composition_gate,GroundedResidualEnergyCompositionHard,true_mcq_grec_hard,,
MMBench_DEV_CN_V11,Qwen2-VL-7B_Biased_Test,3000505,tcf_only,vcf_only,C,D,0.0,0,1,0.0,1.0,D,D,D,C,4,4,1,strongblur,centermask,C,C,C,0,0,MCQ,grec_hard_composition_gate,GroundedResidualEnergyCompositionHard,true_mcq_grec_hard,,
MMBench_DEV_CN_V11,Qwen2-VL-7B_Biased_Test,3000511,tcf_only,tcf_only,D,D,1.0,1,0,0.45517347779344475,0.0,D,D,D,D,1,4,0,strongblur,gray,D,D,D,1,0,MCQ,grec_hard_composition_gate,GroundedResidualEnergyCompositionHard,true_mcq_grec_hard,,
MMBench_DEV_CN_V11,Qwen2-VL-7B_Biased_Test,3000526,vcf_only,vcf_only,A,D,0.0,0,1,0.0,0.93277902188282,C,C,C,A,4,4,1,strongblur,centermask,A,A,A,0,0,MCQ,grec_hard_composition_gate,GroundedResidualEnergyCompositionHard,true_mcq_grec_hard,,
MMBench_DEV_CN_V11,Qwen2-VL-7B_Biased_Test,3000560,tcf_only,tcf_only,B,D,0.0,1,0,0.45421448211933796,0.0,B,D,D,D,1,4,0,strongblur,centermask,B,B,B,0,0,MCQ,grec_hard_composition_gate,GroundedResidualEnergyCompositionHard,true_mcq_grec_hard,,
MMBench_DEV_CN_V11,Qwen2-VL-7B_Biased_Test,3000570,tcf_only,tcf_only,C,C,1.0,1,0,0.45421448211933796,0.0,C,D,D,D,1,4,0,gray,centermask,C,C,C,0,0,MCQ,grec_hard_composition_gate,GroundedResidualEnergyCompositionHard,true_mcq_grec_hard,,
MMBench_DEV_CN_V11,Qwen2-VL-7B_Biased_Test,3000582,vcf_only,vcf_only,D,B,0.0,0,1,0.0,0.22159447342245853,D,D,D,D,4,4,0,centermask,centermask,D,D,D,1,0,MCQ,grec_hard_composition_gate,GroundedResidualEnergyCompositionHard,true_mcq_grec_hard,,
MMBench_DEV_CN_V11,Qwen2-VL-7B_Biased_Test,3000629,vcf_only,neither,B,C,0.0,0,0,0.0,0.0,B,B,B,D,4,4,1,centermask,centermask,B,B,B,0,0,MCQ,grec_hard_composition_gate,GroundedResidualEnergyCompositionHard,true_mcq_grec_hard,,
MMBench_DEV_CN_V11,Qwen2-VL-7B_Biased_Test,3000647,vcf_only,vcf_only,D,B,0.0,0,1,0.0,1.0,D,D,D,D,4,4,0,strongblur,centermask,D,D,D,1,0,MCQ,grec_hard_composition_gate,GroundedResidualEnergyCompositionHard,true_mcq_grec_hard,,
MMBench_DEV_CN_V11,Qwen2-VL-7B_Biased_Test,3000656,both,neither,B,D,0.0,0,0,0.0,0.0,D,C,D,C,4,4,1,centermask,centermask,B,B,B,0,0,MCQ,grec_hard_composition_gate,GroundedResidualEnergyCompositionHard,true_mcq_grec_hard,,
MMBench_DEV_CN_V11,Qwen2-VL-7B_Biased_Test,3000773,vcf_only,vcf_only,A,C,0.0,0,1,0.0,0.8820346491342506,B,D,D,A,4,4,1,centermask,centermask,A,A,A,0,0,MCQ,grec_hard_composition_gate,GroundedResidualEnergyCompositionHard,true_mcq_grec_hard,,
MMBench_DEV_CN_V11,Qwen2-VL-7B_Biased_Test,3000776,vcf_only,vcf_only,C,B,0.0,0,1,0.0,0.16325176430371663,D,B,B,C,4,4,1,strongblur,centermask,C,C,C,0,0,MCQ,grec_hard_composition_gate,GroundedResidualEnergyCompositionHard,true_mcq_grec_hard,,
MMBench_DEV_CN_V11,Qwen2-VL-7B_Biased_Test,3000785,vcf_only,vcf_only,C,A,0.0,0,1,0.0,0.5732379836428975,D,D,D,C,4,4,1,gray,gray,C,C,C,0,0,MCQ,grec_hard_composition_gate,GroundedResidualEnergyCompositionHard,true_mcq_grec_hard,,
MMBench_DEV_CN_V11,Qwen2-VL-7B_Biased_Test,3000788,vcf_only,vcf_only,B,B,1.0,0,1,0.0,0.06868457182015032,C,C,C,B,4,4,1,gray,gray,B,B,B,0,0,MCQ,grec_hard_composition_gate,GroundedResidualEnergyCompositionHard,true_mcq_grec_hard,,
MMBench_DEV_CN_V11,Qwen2-VL-7B_Biased_Test,3000796,vcf_only,vcf_only,A,A,1.0,0,1,0.0,0.03267914841732126,C,C,C,A,4,4,1,gray,centermask,A,A,A,0,0,MCQ,grec_hard_composition_gate,GroundedResidualEnergyCompositionHard,true_mcq_grec_hard,,
MMBench_DEV_CN_V11,Qwen2-VL-7B_Biased_Test,3000866,vcf_only,vcf_only,C,D,0.0,0,1,0.0,1.0,C,B,C,C,4,4,0,gray,centermask,C,C,C,1,0,MCQ,grec_hard_composition_gate,GroundedResidualEnergyCompositionHard,true_mcq_grec_hard,,
MMBench_DEV_CN_V11,Qwen2-VL-7B_Biased_Test,3000904,vcf_only,vcf_only,A,A,1.0,0,1,0.0,0.7276236003581088,A,C,C,C,4,4,0,centermask,centermask,A,A,A,0,0,MCQ,grec_hard_composition_gate,GroundedResidualEnergyCompositionHard,true_mcq_grec_hard,,
MMBench_DEV_CN_V11,Qwen2-VL-7B_Biased_Test,3001003,vcf_only,vcf_only,A,B,0.0,0,1,0.0,0.9464596393857984,A,D,D,A,4,4,0,strongblur,centermask,A,A,A,1,0,MCQ,grec_hard_composition_gate,GroundedResidualEnergyCompositionHard,true_mcq_grec_hard,,
MMBench_DEV_CN_V11,Qwen2-VL-7B_Biased_Test,3001013,both,vcf_only,D,D,1.0,0,1,0.0,0.15939416734392772,C,D,C,D,4,4,1,gray,gray,D,D,D,0,0,MCQ,grec_hard_composition_gate,GroundedResidualEnergyCompositionHard,true_mcq_grec_hard,,
MMBench_DEV_CN_V11,Qwen2-VL-7B_Biased_Test,3001060,both,tcf_only,B,B,1.0,1,0,0.45421448211933796,0.0,B,B,B,B,1,4,0,strongblur,centermask,B,B,B,1,0,MCQ,grec_hard_composition_gate,GroundedResidualEnergyCompositionHard,true_mcq_grec_hard,,
MMBench_DEV_CN_V11,Qwen2-VL-7B_Biased_Test,3001488,tcf_only,tcf_only,C,C,1.0,1,0,0.45421448211933796,0.0,C,C,C,C,2,4,0,centermask,centermask,C,C,C,1,0,MCQ,grec_hard_composition_gate,GroundedResidualEnergyCompositionHard,true_mcq_grec_hard,,
MMBench_DEV_CN_V11,Qwen2-VL-7B_Biased_Test,3001500,tcf_only,vcf_only,B,A,0.0,0,1,0.0,1.0,D,D,D,B,4,4,1,centermask,centermask,B,B,B,0,0,MCQ,grec_hard_composition_gate,GroundedResidualEnergyCompositionHard,true_mcq_grec_hard,,
MMBench_DEV_CN_V11,Qwen2-VL-7B_Biased_Test,3001511,vcf_only,neither,B,C,0.0,0,0,0.0,0.0,B,B,B,D,4,4,1,gray,gray,B,B,B,0,0,MCQ,grec_hard_composition_gate,GroundedResidualEnergyCompositionHard,true_mcq_grec_hard,,
MMBench_DEV_CN_V11,Qwen2-VL-7B_Biased_Test,3001642,both,both,C,C,1.0,1,1,0.4924282616565687,1.0,C,D,C,D,1,4,1,gray,gray,C,C,C,0,1,MCQ,grec_hard_composition_gate,GroundedResidualEnergyCompositionHard,true_mcq_grec_hard,,
MMBench_DEV_CN_V11,Qwen2-VL-7B_Biased_Test,3001659,vcf_only,vcf_only,B,A,0.0,0,1,0.0,0.7019657615466641,D,D,D,D,4,4,1,gray,gray,B,B,B,1,0,MCQ,grec_hard_composition_gate,GroundedResidualEnergyCompositionHard,true_mcq_grec_hard,,
MMBench_DEV_CN_V11,Qwen2-VL-7B_Biased_Test,3001715,vcf_only,vcf_only,D,B,0.0,0,1,0.0,0.8876488095200342,B,D,D,D,4,4,1,gray,gray,D,D,D,0,0,MCQ,grec_hard_composition_gate,GroundedResidualEnergyCompositionHard,true_mcq_grec_hard,,
MMBench_DEV_CN_V11,Qwen2-VL-7B_Biased_Test,3001846,vcf_only,both,C,C,1.0,1,1,0.014084573844197897,0.921496138566621,C,C,D,C,2,4,0,centermask,centermask,C,C,C,1,0,MCQ,grec_hard_composition_gate,GroundedResidualEnergyCompositionHard,true_mcq_grec_hard,,
MMBench_DEV_CN_V11,Qwen2-VL-7B_Biased_Test,3001847,vcf_only,both,A,C,0.0,1,1,1.0,0.22214280046749682,A,B,B,B,1,4,1,centermask,centermask,B,A,A,0,1,MCQ,grec_hard_composition_gate,GroundedResidualEnergyCompositionHard,true_mcq_grec_hard,,
MMBench_DEV_CN_V11,Qwen2-VL-7B_Biased_Test,3001851,vcf_only,vcf_only,C,D,0.0,0,1,0.0,0.30344937981678977,C,C,C,C,4,4,0,gray,gray,C,C,C,1,0,MCQ,grec_hard_composition_gate,GroundedResidualEnergyCompositionHard,true_mcq_grec_hard,,
MMBench_DEV_CN_V11,Qwen2-VL-7B_Biased_Test,3001854,vcf_only,vcf_only,B,B,1.0,0,1,0.0,1.0,C,C,C,B,4,4,1,strongblur,gray,B,B,B,0,0,MCQ,grec_hard_composition_gate,GroundedResidualEnergyCompositionHard,true_mcq_grec_hard,,
MMBench_DEV_CN_V11,Qwen2-VL-7B_Biased_Test,3001858,vcf_only,vcf_only,A,B,0.0,0,1,0.0,1.0,A,A,A,A,4,4,0,strongblur,centermask,A,A,A,1,0,MCQ,grec_hard_composition_gate,GroundedResidualEnergyCompositionHard,true_mcq_grec_hard,,
MMBench_DEV_CN_V11,Qwen2-VL-7B_Biased_Test,3001882,vcf_only,neither,D,C,0.0,0,0,0.0,0.0,D,D,D,D,4,4,1,gray,gray,D,D,D,1,0,MCQ,grec_hard_composition_gate,GroundedResidualEnergyCompositionHard,true_mcq_grec_hard,,
MMBench_DEV_CN_V11,Qwen2-VL-7B_Biased_Test,3001953,vcf_only,vcf_only,B,A,0.0,0,1,0.0,0.5594058407982206,A,D,D,A,4,4,1,centermask,centermask,B,B,B,1,0,MCQ,grec_hard_composition_gate,GroundedResidualEnergyCompositionHard,true_mcq_grec_hard,,
MMBench_DEV_CN_V11,Qwen2-VL-7B_Biased_Test,3001956,vcf_only,vcf_only,A,A,1.0,0,1,0.0,0.17774907307036092,A,D,D,A,4,4,0,gray,centermask,A,A,A,1,0,MCQ,grec_hard_composition_gate,GroundedResidualEnergyCompositionHard,true_mcq_grec_hard,,
MMBench_DEV_CN_V11,Qwen2-VL-7B_Biased_Test,3001965,vcf_only,vcf_only,A,A,1.0,0,1,0.0,0.34370575332209247,D,D,D,A,4,4,1,gray,centermask,A,A,A,0,0,MCQ,grec_hard_composition_gate,GroundedResidualEnergyCompositionHard,true_mcq_grec_hard,,
MMBench_DEV_CN_V11,Qwen2-VL-7B_Biased_Test,3001979,vcf_only,vcf_only,A,A,1.0,0,1,0.0,0.5029845392707012,A,D,D,A,4,4,0,gray,gray,A,A,A,1,0,MCQ,grec_hard_composition_gate,GroundedResidualEnergyCompositionHard,true_mcq_grec_hard,,
MMBench_DEV_CN_V11,Qwen2-VL-7B_Biased_Test,3002624,vcf_only,vcf_only,B,B,1.0,0,1,0.0,0.7346315204494858,B,B,D,B,4,4,0,strongblur,strongblur,B,B,B,1,0,MCQ,grec_hard_composition_gate,GroundedResidualEnergyCompositionHard,true_mcq_grec_hard,,
MMBench_DEV_CN_V11,Qwen2-VL-7B_Biased_Test,3002946,vcf_only,vcf_only,A,A,1.0,0,1,0.0,0.17362716478577978,A,D,D,A,4,4,0,centermask,centermask,A,A,A,1,0,MCQ,grec_hard_composition_gate,GroundedResidualEnergyCompositionHard,true_mcq_grec_hard,,
MMBench_DEV_CN_V11,Qwen2-VL-7B_Biased_Test,3003061,tcf_only,vcf_only,B,B,1.0,0,1,0.0,0.2478934490077152,B,B,B,B,4,4,0,centermask,centermask,B,B,B,1,0,MCQ,grec_hard_composition_gate,GroundedResidualEnergyCompositionHard,true_mcq_grec_hard,,
MMBench_DEV_CN_V11,Qwen2-VL-7B_Biased_Test,3003088,vcf_only,both,D,D,1.0,1,1,0.015836105222355457,1.0,D,B,B,A,3,4,0,centermask,centermask,D,D,D,0,1,MCQ,grec_hard_composition_gate,GroundedResidualEnergyCompositionHard,true_mcq_grec_hard,,
MMBench_DEV_CN_V11,Qwen2-VL-7B_Biased_Test,3003119,vcf_only,vcf_only,C,C,1.0,0,1,0.0,0.6768242712915546,D,D,D,C,4,4,1,centermask,centermask,C,C,C,0,0,MCQ,grec_hard_composition_gate,GroundedResidualEnergyCompositionHard,true_mcq_grec_hard,,
MMBench_DEV_CN_V11,Qwen2-VL-7B_Biased_Test,3003164,tcf_only,both,C,D,0.0,1,1,1.0,0.6565636823037964,C,C,D,C,2,4,0,centermask,centermask,C,C,C,1,0,MCQ,grec_hard_composition_gate,GroundedResidualEnergyCompositionHard,true_mcq_grec_hard,,
MMBench_DEV_CN_V11,Qwen2-VL-7B_Biased_Test,3003202,tcf_only,both,A,A,1.0,1,1,0.1222369057571825,0.15046624960061555,A,A,A,D,1,4,0,gray,gray,A,A,A,0,1,MCQ,grec_hard_composition_gate,GroundedResidualEnergyCompositionHard,true_mcq_grec_hard,,
MMBench_DEV_CN_V11,Qwen2-VL-7B_Biased_Test,3003217,tcf_only,neither,A,C,0.0,0,0,0.0,0.0,A,B,A,D,4,4,1,centermask,centermask,A,A,A,0,0,MCQ,grec_hard_composition_gate,GroundedResidualEnergyCompositionHard,true_mcq_grec_hard,,
MMBench_DEV_CN_V11,Qwen2-VL-7B_Biased_Test,3003225,vcf_only,vcf_only,A,A,1.0,0,1,0.0,0.23921902894431143,C,C,C,C,4,4,1,gray,gray,A,A,A,1,0,MCQ,grec_hard_composition_gate,GroundedResidualEnergyCompositionHard,true_mcq_grec_hard,,
MMBench_DEV_CN_V11,Qwen2-VL-7B_Biased_Test,3003242,vcf_only,vcf_only,C,C,1.0,0,1,0.0,0.33847962228811485,D,D,D,C,4,4,1,gray,gray,C,C,C,0,0,MCQ,grec_hard_composition_gate,GroundedResidualEnergyCompositionHard,true_mcq_grec_hard,,
MMBench_DEV_CN_V11,Qwen2-VL-7B_Biased_Test,3003372,tcf_only,tcf_only,A,A,1.0,1,0,0.45421448211933796,0.0,A,B,A,A,1,4,0,gray,centermask,A,A,A,1,0,MCQ,grec_hard_composition_gate,GroundedResidualEnergyCompositionHard,true_mcq_grec_hard,,
MMBench_DEV_CN_V11,Qwen2-VL-7B_Biased_Test,3003379,vcf_only,vcf_only,B,A,0.0,0,1,0.0,0.7415093001181673,C,C,C,C,4,4,1,gray,gray,B,B,B,1,0,MCQ,grec_hard_composition_gate,GroundedResidualEnergyCompositionHard,true_mcq_grec_hard,,
MMBench_DEV_CN_V11,Qwen2-VL-7B_Biased_Test,3003385,vcf_only,both,B,B,1.0,1,1,0.4916696305229339,0.38206497989232596,B,B,D,A,2,4,0,centermask,centermask,B,B,B,0,1,MCQ,grec_hard_composition_gate,GroundedResidualEnergyCompositionHard,true_mcq_grec_hard,,
MMBench_DEV_CN_V11,Qwen2-VL-7B_Biased_Test,3003396,vcf_only,vcf_only,C,D,0.0,0,1,0.0,0.6173484410888025,A,C,A,C,4,4,1,centermask,centermask,C,C,C,0,0,MCQ,grec_hard_composition_gate,GroundedResidualEnergyCompositionHard,true_mcq_grec_hard,,
MMBench_DEV_CN_V11,Qwen2-VL-7B_Biased_Test,3003417,vcf_only,vcf_only,D,A,0.0,0,1,0.0,0.515475820767447,C,C,C,D,4,4,1,centermask,centermask,D,D,D,0,0,MCQ,grec_hard_composition_gate,GroundedResidualEnergyCompositionHard,true_mcq_grec_hard,,
MMBench_DEV_CN_V11,Qwen2-VL-7B_Biased_Test,3003467,vcf_only,vcf_only,B,B,1.0,0,1,0.0,0.610588534266746,C,C,C,B,4,4,1,centermask,centermask,B,B,B,0,0,MCQ,grec_hard_composition_gate,GroundedResidualEnergyCompositionHard,true_mcq_grec_hard,,
MMBench_DEV_CN_V11,Qwen2-VL-7B_Biased_Test,3003499,vcf_only,vcf_only,C,A,0.0,0,1,0.0,0.38206497989232596,A,A,C,C,4,4,1,gray,centermask,C,C,C,0,0,MCQ,grec_hard_composition_gate,GroundedResidualEnergyCompositionHard,true_mcq_grec_hard,,
MMBench_DEV_CN_V11,Qwen2-VL-7B_Biased_Test,3003565,tcf_only,tcf_only,D,B,0.0,1,0,0.45421448211933796,0.0,D,D,D,D,1,4,0,gray,gray,D,D,D,1,0,MCQ,grec_hard_composition_gate,GroundedResidualEnergyCompositionHard,true_mcq_grec_hard,,
MMBench_DEV_CN_V11,Qwen2-VL-7B_Biased_Test,3003598,vcf_only,vcf_only,B,C,0.0,0,1,0.0,0.3462867365657314,B,B,B,B,4,4,0,centermask,centermask,B,B,B,1,0,MCQ,grec_hard_composition_gate,GroundedResidualEnergyCompositionHard,true_mcq_grec_hard,,
MMBench_DEV_CN_V11,Qwen2-VL-7B_Biased_Test,3003603,vcf_only,vcf_only,A,D,0.0,0,1,0.0,0.44799991903875835,B,B,B,A,4,4,1,gray,gray,A,A,A,0,0,MCQ,grec_hard_composition_gate,GroundedResidualEnergyCompositionHard,true_mcq_grec_hard,,
MMBench_DEV_CN_V11,Qwen2-VL-7B_Biased_Test,3003611,tcf_only,neither,A,C,0.0,0,0,0.0,0.0,A,A,A,A,4,4,0,gray,gray,A,A,A,1,0,MCQ,grec_hard_composition_gate,GroundedResidualEnergyCompositionHard,true_mcq_grec_hard,,
MMBench_DEV_CN_V11,Qwen2-VL-7B_Biased_Test,3003619,vcf_only,tcf_only,A,A,1.0,1,0,0.45421448211933796,0.0,A,A,A,A,1,4,0,centermask,centermask,A,A,A,1,0,MCQ,grec_hard_composition_gate,GroundedResidualEnergyCompositionHard,true_mcq_grec_hard,,
MMBench_DEV_CN_V11,Qwen2-VL-7B_Biased_Test,3003625,vcf_only,tcf_only,D,A,0.0,1,0,0.46997737020803515,0.0,B,D,B,B,3,4,0,gray,centermask,D,D,D,1,0,MCQ,grec_hard_composition_gate,GroundedResidualEnergyCompositionHard,true_mcq_grec_hard,,
MMBench_DEV_CN_V11,Qwen2-VL-7B_Biased_Test,3003626,vcf_only,both,C,A,0.0,1,1,1.0,0.95413294554579,C,D,C,D,3,4,1,gray,gray,D,C,C,0,1,MCQ,grec_hard_composition_gate,GroundedResidualEnergyCompositionHard,true_mcq_grec_hard,,
MMBench_DEV_CN_V11,Qwen2-VL-7B_Biased_Test,3003629,vcf_only,tcf_only,A,D,0.0,1,0,0.45421448211933796,0.0,A,A,A,A,1,4,0,strongblur,centermask,A,A,A,1,0,MCQ,grec_hard_composition_gate,GroundedResidualEnergyCompositionHard,true_mcq_grec_hard,,
MMBench_DEV_CN_V11,Qwen2-VL-7B_Biased_Test,3003646,vcf_only,both,A,B,0.0,1,1,0.45421448211933796,0.3331497641486121,A,C,C,D,2,4,0,strongblur,centermask,A,A,A,0,1,MCQ,grec_hard_composition_gate,GroundedResidualEnergyCompositionHard,true_mcq_grec_hard,,
MMBench_DEV_CN_V11,Qwen2-VL-7B_Biased_Test,3003653,both,neither,A,A,1.0,0,0,0.0,0.0,A,C,C,C,4,4,1,strongblur,centermask,A,A,A,0,0,MCQ,grec_hard_composition_gate,GroundedResidualEnergyCompositionHard,true_mcq_grec_hard,,
MMBench_DEV_CN_V11,Qwen2-VL-7B_Biased_Test,3003658,tcf_only,vcf_only,C,C,1.0,0,1,0.0,0.9860483518741286,C,B,C,C,4,4,0,gray,centermask,C,C,C,1,0,MCQ,grec_hard_composition_gate,GroundedResidualEnergyCompositionHard,true_mcq_grec_hard,,
MMBench_DEV_CN_V11,Qwen2-VL-7B_Biased_Test,3003672,vcf_only,vcf_only,A,A,1.0,0,1,0.0,0.8400461258182126,A,A,A,A,4,4,0,gray,gray,A,A,A,1,0,MCQ,grec_hard_composition_gate,GroundedResidualEnergyCompositionHard,true_mcq_grec_hard,,
MMBench_DEV_CN_V11,Qwen2-VL-7B_Biased_Test,3003685,vcf_only,vcf_only,C,C,1.0,0,1,0.0,0.15270545304361202,D,C,D,C,4,4,1,gray,gray,C,C,C,0,0,MCQ,grec_hard_composition_gate,GroundedResidualEnergyCompositionHard,true_mcq_grec_hard,,
MMBench_DEV_CN_V11,Qwen2-VL-7B_Biased_Test,3003708,tcf_only,both,D,B,0.0,1,1,0.45449130079543293,0.38206497989232596,D,D,D,D,2,4,0,centermask,centermask,D,D,D,1,0,MCQ,grec_hard_composition_gate,GroundedResidualEnergyCompositionHard,true_mcq_grec_hard,,
MMBench_DEV_CN_V11,Qwen2-VL-7B_Biased_Test,3003750,vcf_only,vcf_only,B,A,0.0,0,1,0.0,0.12208190171078973,B,B,B,B,4,4,0,gray,gray,B,B,B,1,0,MCQ,grec_hard_composition_gate,GroundedResidualEnergyCompositionHard,true_mcq_grec_hard,,
MMBench_DEV_EN_V11,Qwen2-VL-7B_Biased_Test,286,tcf_only,neither,A,A,1.0,0,0,0.0,0.0,A,A,A,A,2,2,1,strongblur,centermask,A,A,A,1,0,MCQ,grec_hard_composition_gate,GroundedResidualEnergyCompositionHard,true_mcq_grec_hard,,
MMBench_DEV_EN_V11,Qwen2-VL-7B_Biased_Test,481,vcf_only,both,A,A,1.0,1,1,0.5434883133191736,0.9446067918144777,A,A,A,A,2,2,0,strongblur,centermask,A,A,A,1,0,MCQ,grec_hard_composition_gate,GroundedResidualEnergyCompositionHard,true_mcq_grec_hard,,
MMBench_DEV_EN_V11,Qwen2-VL-7B_Biased_Test,858,vcf_only,vcf_only,A,A,1.0,0,1,0.0,0.9674475918152465,B,B,B,A,2,2,1,centermask,centermask,A,A,A,0,0,MCQ,grec_hard_composition_gate,GroundedResidualEnergyCompositionHard,true_mcq_grec_hard,,
MMBench_DEV_EN_V11,Qwen2-VL-7B_Biased_Test,1259,vcf_only,vcf_only,A,A,1.0,0,1,0.0,0.290328068750366,B,B,B,A,2,2,1,gray,centermask,A,A,A,0,0,MCQ,grec_hard_composition_gate,GroundedResidualEnergyCompositionHard,true_mcq_grec_hard,,
MMBench_DEV_EN_V11,Qwen2-VL-7B_Biased_Test,1269,vcf_only,vcf_only,B,B,1.0,0,1,0.0,1.0,B,A,A,B,2,2,0,gray,centermask,B,B,B,1,0,MCQ,grec_hard_composition_gate,GroundedResidualEnergyCompositionHard,true_mcq_grec_hard,,
MMBench_DEV_EN_V11,Qwen2-VL-7B_Biased_Test,3113,both,both,B,B,1.0,1,1,0.5066001988717224,1.0,B,B,A,B,1,2,0,gray,centermask,B,B,B,1,0,MCQ,grec_hard_composition_gate,GroundedResidualEnergyCompositionHard,true_mcq_grec_hard,,
MMBench_DEV_EN_V11,Qwen2-VL-7B_Biased_Test,3411,vcf_only,vcf_only,B,B,1.0,0,1,0.0,0.9990543292239407,A,B,B,B,2,2,1,strongblur,strongblur,B,B,B,0,0,MCQ,grec_hard_composition_gate,GroundedResidualEnergyCompositionHard,true_mcq_grec_hard,,
MMBench_DEV_EN_V11,Qwen2-VL-7B_Biased_Test,282,tcf_only,tcf_only,A,A,1.0,1,0,0.45421448211933796,0.0,A,C,A,C,2,3,1,centermask,centermask,A,A,A,0,0,MCQ,grec_hard_composition_gate,GroundedResidualEnergyCompositionHard,true_mcq_grec_hard,,
MMBench_DEV_EN_V11,Qwen2-VL-7B_Biased_Test,285,tcf_only,tcf_only,A,A,1.0,1,0,0.14912351321243372,0.0,A,A,A,B,1,3,1,gray,gray,A,A,A,0,0,MCQ,grec_hard_composition_gate,GroundedResidualEnergyCompositionHard,true_mcq_grec_hard,,
MMBench_DEV_EN_V11,Qwen2-VL-7B_Biased_Test,288,tcf_only,tcf_only,B,C,0.0,1,0,0.45421448211933796,0.0,B,C,B,C,1,3,1,centermask,centermask,B,B,B,0,0,MCQ,grec_hard_composition_gate,GroundedResidualEnergyCompositionHard,true_mcq_grec_hard,,
MMBench_DEV_EN_V11,Qwen2-VL-7B_Biased_Test,408,vcf_only,vcf_only,A,A,1.0,0,1,0.0,0.9093823332009412,A,A,B,A,3,3,0,strongblur,gray,A,A,A,1,0,MCQ,grec_hard_composition_gate,GroundedResidualEnergyCompositionHard,true_mcq_grec_hard,,
MMBench_DEV_EN_V11,Qwen2-VL-7B_Biased_Test,415,vcf_only,vcf_only,A,A,1.0,0,1,0.0,1.0,A,A,A,A,3,3,0,strongblur,centermask,A,A,A,1,0,MCQ,grec_hard_composition_gate,GroundedResidualEnergyCompositionHard,true_mcq_grec_hard,,
MMBench_DEV_EN_V11,Qwen2-VL-7B_Biased_Test,845,vcf_only,vcf_only,C,C,1.0,0,1,0.0,0.785341967795789,C,C,A,C,3,3,0,centermask,centermask,C,C,C,1,0,MCQ,grec_hard_composition_gate,GroundedResidualEnergyCompositionHard,true_mcq_grec_hard,,
MMBench_DEV_EN_V11,Qwen2-VL-7B_Biased_Test,1096,vcf_only,vcf_only,A,B,0.0,0,1,0.0,0.12906681980875845,A,A,A,A,3,3,0,strongblur,strongblur,A,A,A,1,0,MCQ,grec_hard_composition_gate,GroundedResidualEnergyCompositionHard,true_mcq_grec_hard,,
MMBench_DEV_EN_V11,Qwen2-VL-7B_Biased_Test,1104,vcf_only,vcf_only,B,B,1.0,0,1,0.0,0.5615310511530532,A,A,A,A,3,3,1,gray,gray,B,B,B,1,0,MCQ,grec_hard_composition_gate,GroundedResidualEnergyCompositionHard,true_mcq_grec_hard,,
MMBench_DEV_EN_V11,Qwen2-VL-7B_Biased_Test,1105,vcf_only,vcf_only,A,A,1.0,0,1,0.0,0.11111069271293735,B,B,B,A,3,3,1,centermask,centermask,A,A,A,0,0,MCQ,grec_hard_composition_gate,GroundedResidualEnergyCompositionHard,true_mcq_grec_hard,,
MMBench_DEV_EN_V11,Qwen2-VL-7B_Biased_Test,1110,vcf_only,vcf_only,B,B,1.0,0,1,0.0,0.7036896011534954,A,A,A,B,3,3,1,gray,gray,B,B,B,0,0,MCQ,grec_hard_composition_gate,GroundedResidualEnergyCompositionHard,true_mcq_grec_hard,,
MMBench_DEV_EN_V11,Qwen2-VL-7B_Biased_Test,1128,vcf_only,vcf_only,A,B,0.0,0,1,0.0,1.0,C,B,A,A,3,3,1,gray,centermask,A,A,A,0,0,MCQ,grec_hard_composition_gate,GroundedResidualEnergyCompositionHard,true_mcq_grec_hard,,
MMBench_DEV_EN_V11,Qwen2-VL-7B_Biased_Test,1129,vcf_only,vcf_only,A,B,0.0,0,1,0.0,0.09619713585046454,A,A,A,A,3,3,0,gray,gray,A,A,A,1,0,MCQ,grec_hard_composition_gate,GroundedResidualEnergyCompositionHard,true_mcq_grec_hard,,
MMBench_DEV_EN_V11,Qwen2-VL-7B_Biased_Test,1130,vcf_only,vcf_only,A,B,0.0,0,1,0.0,0.20953884487387814,A,B,A,A,3,3,0,gray,centermask,A,A,A,1,0,MCQ,grec_hard_composition_gate,GroundedResidualEnergyCompositionHard,true_mcq_grec_hard,,
MMBench_DEV_EN_V11,Qwen2-VL-7B_Biased_Test,3087,both,both,C,C,1.0,1,1,0.5296290787539288,0.28289686335655806,C,C,B,A,1,3,1,strongblur,centermask,B,C,C,0,1,MCQ,grec_hard_composition_gate,GroundedResidualEnergyCompositionHard,true_mcq_grec_hard,,
MMBench_DEV_EN_V11,Qwen2-VL-7B_Biased_Test,1195,vcf_only,both,C,A,0.0,1,1,0.06286312979290735,1.0,C,C,D,C,1,4,0,strongblur,centermask,C,C,C,1,0,MCQ,grec_hard_composition_gate,GroundedResidualEnergyCompositionHard,true_mcq_grec_hard,,
MMBench_DEV_EN_V11,Qwen2-VL-7B_Biased_Test,1210,vcf_only,both,A,A,1.0,1,1,0.11122225142678871,0.38206497989232596,A,B,A,A,1,4,0,gray,gray,A,A,A,1,0,MCQ,grec_hard_composition_gate,GroundedResidualEnergyCompositionHard,true_mcq_grec_hard,,
MMBench_DEV_EN_V11,Qwen2-VL-7B_Biased_Test,1219,vcf_only,both,C,A,0.0,1,1,0.5097727815988589,1.0,C,A,A,A,2,4,1,strongblur,strongblur,A,C,C,0,1,MCQ,grec_hard_composition_gate,GroundedResidualEnergyCompositionHard,true_mcq_grec_hard,,
MMBench_DEV_EN_V11,Qwen2-VL-7B_Biased_Test,1230,vcf_only,both,C,B,0.0,1,1,0.45421448211933796,0.9238987966675927,C,C,C,C,1,4,0,strongblur,strongblur,C,C,C,1,0,MCQ,grec_hard_composition_gate,GroundedResidualEnergyCompositionHard,true_mcq_grec_hard,,
MMBench_DEV_EN_V11,Qwen2-VL-7B_Biased_Test,1553,vcf_only,vcf_only,C,A,0.0,0,1,0.0,0.8737577417735628,A,B,A,A,4,4,1,gray,gray,C,C,C,1,0,MCQ,grec_hard_composition_gate,GroundedResidualEnergyCompositionHard,true_mcq_grec_hard,,
MMBench_DEV_EN_V11,Qwen2-VL-7B_Biased_Test,2573,vcf_only,tcf_only,B,C,0.0,1,0,0.4705098758101181,0.0,B,B,B,B,1,4,0,strongblur,centermask,B,B,B,1,0,MCQ,grec_hard_composition_gate,GroundedResidualEnergyCompositionHard,true_mcq_grec_hard,,
MMBench_DEV_EN_V11,Qwen2-VL-7B_Biased_Test,18,vcf_only,vcf_only,C,B,0.0,0,1,0.0,1.0,B,B,B,B,4,4,1,strongblur,centermask,C,C,C,1,0,MCQ,grec_hard_composition_gate,GroundedResidualEnergyCompositionHard,true_mcq_grec_hard,,
MMBench_DEV_EN_V11,Qwen2-VL-7B_Biased_Test,322,tcf_only,tcf_only,A,D,0.0,1,0,0.14655887923508468,0.0,A,A,A,A,2,4,0,centermask,centermask,A,A,A,1,0,MCQ,grec_hard_composition_gate,GroundedResidualEnergyCompositionHard,true_mcq_grec_hard,,
MMBench_DEV_EN_V11,Qwen2-VL-7B_Biased_Test,338,vcf_only,both,B,A,0.0,1,1,0.2008655959448818,0.4075042804170073,B,B,B,B,1,4,0,gray,gray,B,B,B,1,0,MCQ,grec_hard_composition_gate,GroundedResidualEnergyCompositionHard,true_mcq_grec_hard,,
MMBench_DEV_EN_V11,Qwen2-VL-7B_Biased_Test,339,vcf_only,both,D,D,1.0,1,1,0.12477953245911504,0.645380844469468,D,C,C,C,3,4,1,gray,gray,C,D,D,0,1,MCQ,grec_hard_composition_gate,GroundedResidualEnergyCompositionHard,true_mcq_grec_hard,,
MMBench_DEV_EN_V11,Qwen2-VL-7B_Biased_Test,465,both,both,C,B,0.0,1,1,0.45421448211933796,0.8936078159750295,C,D,D,C,1,4,0,strongblur,strongblur,C,C,C,1,0,MCQ,grec_hard_composition_gate,GroundedResidualEnergyCompositionHard,true_mcq_grec_hard,,
MMBench_DEV_EN_V11,Qwen2-VL-7B_Biased_Test,505,tcf_only,tcf_only,A,A,1.0,1,0,0.45421448211933796,0.0,A,A,A,A,1,4,0,centermask,centermask,A,A,A,1,0,MCQ,grec_hard_composition_gate,GroundedResidualEnergyCompositionHard,true_mcq_grec_hard,,
MMBench_DEV_EN_V11,Qwen2-VL-7B_Biased_Test,768,vcf_only,vcf_only,C,C,1.0,0,1,0.0,0.23678351422071683,A,A,A,C,4,4,1,centermask,centermask,C,C,C,0,0,MCQ,grec_hard_composition_gate,GroundedResidualEnergyCompositionHard,true_mcq_grec_hard,,
MMBench_DEV_EN_V11,Qwen2-VL-7B_Biased_Test,785,vcf_only,vcf_only,C,B,0.0,0,1,0.0,0.43615366568859715,A,A,A,C,4,4,1,centermask,centermask,C,C,C,0,0,MCQ,grec_hard_composition_gate,GroundedResidualEnergyCompositionHard,true_mcq_grec_hard,,
MMBench_DEV_EN_V11,Qwen2-VL-7B_Biased_Test,788,vcf_only,vcf_only,B,C,0.0,0,1,0.0,0.040039916306148685,D,D,D,B,4,4,1,gray,centermask,B,B,B,0,0,MCQ,grec_hard_composition_gate,GroundedResidualEnergyCompositionHard,true_mcq_grec_hard,,
MMBench_DEV_EN_V11,Qwen2-VL-7B_Biased_Test,796,vcf_only,vcf_only,B,B,1.0,0,1,0.0,0.029459831263075213,D,D,D,D,4,4,1,gray,centermask,B,B,B,1,0,MCQ,grec_hard_composition_gate,GroundedResidualEnergyCompositionHard,true_mcq_grec_hard,,
MMBench_DEV_EN_V11,Qwen2-VL-7B_Biased_Test,825,vcf_only,vcf_only,D,A,0.0,0,1,0.0,0.7857452606425367,A,D,A,D,4,4,1,gray,gray,D,D,D,0,0,MCQ,grec_hard_composition_gate,GroundedResidualEnergyCompositionHard,true_mcq_grec_hard,,
MMBench_DEV_EN_V11,Qwen2-VL-7B_Biased_Test,866,vcf_only,vcf_only,D,A,0.0,0,1,0.0,0.9721819900363804,D,C,C,D,4,4,0,centermask,centermask,D,D,D,1,0,MCQ,grec_hard_composition_gate,GroundedResidualEnergyCompositionHard,true_mcq_grec_hard,,
MMBench_DEV_EN_V11,Qwen2-VL-7B_Biased_Test,902,vcf_only,both,A,A,1.0,1,1,0.45421448211933796,0.355971565268597,A,A,D,A,1,4,0,centermask,centermask,A,A,A,1,0,MCQ,grec_hard_composition_gate,GroundedResidualEnergyCompositionHard,true_mcq_grec_hard,,
MMBench_DEV_EN_V11,Qwen2-VL-7B_Biased_Test,961,vcf_only,vcf_only,B,B,1.0,0,1,0.0,0.14529440636345,B,C,C,B,4,4,0,centermask,centermask,B,B,B,1,0,MCQ,grec_hard_composition_gate,GroundedResidualEnergyCompositionHard,true_mcq_grec_hard,,
MMBench_DEV_EN_V11,Qwen2-VL-7B_Biased_Test,1003,vcf_only,vcf_only,A,C,0.0,0,1,0.0,0.31390677329766287,A,A,A,A,4,4,0,gray,gray,A,A,A,1,0,MCQ,grec_hard_composition_gate,GroundedResidualEnergyCompositionHard,true_mcq_grec_hard,,
MMBench_DEV_EN_V11,Qwen2-VL-7B_Biased_Test,1647,vcf_only,vcf_only,C,A,0.0,0,1,0.0,0.22046416653230558,A,B,B,B,4,4,1,gray,gray,C,C,C,0,0,MCQ,grec_hard_composition_gate,GroundedResidualEnergyCompositionHard,true_mcq_grec_hard,,
MMBench_DEV_EN_V11,Qwen2-VL-7B_Biased_Test,1666,vcf_only,both,B,A,0.0,1,1,0.03050920897851086,0.29489425050888207,B,C,C,D,4,4,1,gray,gray,B,B,B,0,1,MCQ,grec_hard_composition_gate,GroundedResidualEnergyCompositionHard,true_mcq_grec_hard,,
MMBench_DEV_EN_V11,Qwen2-VL-7B_Biased_Test,1669,vcf_only,vcf_only,B,A,0.0,0,1,0.0,1.0,A,A,D,B,4,4,1,strongblur,centermask,B,B,B,0,0,MCQ,grec_hard_composition_gate,GroundedResidualEnergyCompositionHard,true_mcq_grec_hard,,
MMBench_DEV_EN_V11,Qwen2-VL-7B_Biased_Test,1671,tcf_only,tcf_only,A,A,1.0,1,0,0.05448792341555711,0.0,A,C,A,C,1,4,1,centermask,centermask,A,A,A,0,0,MCQ,grec_hard_composition_gate,GroundedResidualEnergyCompositionHard,true_mcq_grec_hard,,
MMBench_DEV_EN_V11,Qwen2-VL-7B_Biased_Test,1774,tcf_only,both,A,D,0.0,1,1,1.0,0.38206497989232596,A,D,D,D,1,4,0,centermask,centermask,A,A,A,0,1,MCQ,grec_hard_composition_gate,GroundedResidualEnergyCompositionHard,true_mcq_grec_hard,,
MMBench_DEV_EN_V11,Qwen2-VL-7B_Biased_Test,1843,vcf_only,neither,C,D,0.0,0,0,0.0,0.0,D,C,C,D,4,4,0,gray,centermask,C,C,C,1,0,MCQ,grec_hard_composition_gate,GroundedResidualEnergyCompositionHard,true_mcq_grec_hard,,
MMBench_DEV_EN_V11,Qwen2-VL-7B_Biased_Test,1847,vcf_only,vcf_only,A,D,0.0,0,1,0.0,0.819515012387427,B,C,C,A,4,4,1,gray,gray,A,A,A,0,0,MCQ,grec_hard_composition_gate,GroundedResidualEnergyCompositionHard,true_mcq_grec_hard,,
MMBench_DEV_EN_V11,Qwen2-VL-7B_Biased_Test,1851,vcf_only,vcf_only,A,A,1.0,0,1,0.0,0.1061909128115815,D,D,D,A,4,4,1,gray,gray,A,A,A,0,0,MCQ,grec_hard_composition_gate,GroundedResidualEnergyCompositionHard,true_mcq_grec_hard,,
MMBench_DEV_EN_V11,Qwen2-VL-7B_Biased_Test,1868,vcf_only,neither,C,B,0.0,0,0,0.0,0.0,C,C,C,C,4,4,1,gray,gray,C,C,C,1,0,MCQ,grec_hard_composition_gate,GroundedResidualEnergyCompositionHard,true_mcq_grec_hard,,
MMBench_DEV_EN_V11,Qwen2-VL-7B_Biased_Test,1878,vcf_only,vcf_only,B,D,0.0,0,1,0.0,0.42957089227356543,D,C,C,B,4,4,1,gray,gray,B,B,B,0,0,MCQ,grec_hard_composition_gate,GroundedResidualEnergyCompositionHard,true_mcq_grec_hard,,
MMBench_DEV_EN_V11,Qwen2-VL-7B_Biased_Test,1879,vcf_only,vcf_only,A,D,0.0,0,1,0.0,0.8871085431863582,C,C,C,C,4,4,1,gray,centermask,A,A,A,1,0,MCQ,grec_hard_composition_gate,GroundedResidualEnergyCompositionHard,true_mcq_grec_hard,,
MMBench_DEV_EN_V11,Qwen2-VL-7B_Biased_Test,1888,vcf_only,both,D,D,1.0,1,1,0.010233984010858068,0.8622899626271464,D,A,A,A,2,4,0,centermask,centermask,D,D,D,0,1,MCQ,grec_hard_composition_gate,GroundedResidualEnergyCompositionHard,true_mcq_grec_hard,,
MMBench_DEV_EN_V11,Qwen2-VL-7B_Biased_Test,1950,vcf_only,vcf_only,D,A,0.0,0,1,0.0,0.38206497989232596,D,D,D,D,4,4,0,centermask,centermask,D,D,D,1,0,MCQ,grec_hard_composition_gate,GroundedResidualEnergyCompositionHard,true_mcq_grec_hard,,
MMBench_DEV_EN_V11,Qwen2-VL-7B_Biased_Test,1953,vcf_only,vcf_only,B,B,1.0,0,1,0.0,0.28355527700458344,D,D,D,B,4,4,1,gray,gray,B,B,B,0,0,MCQ,grec_hard_composition_gate,GroundedResidualEnergyCompositionHard,true_mcq_grec_hard,,
MMBench_DEV_EN_V11,Qwen2-VL-7B_Biased_Test,1965,vcf_only,vcf_only,B,B,1.0,0,1,0.0,0.12975586049171367,A,A,A,B,4,4,1,gray,gray,B,B,B,0,0,MCQ,grec_hard_composition_gate,GroundedResidualEnergyCompositionHard,true_mcq_grec_hard,,
MMBench_DEV_EN_V11,Qwen2-VL-7B_Biased_Test,2404,vcf_only,tcf_only,C,A,0.0,1,0,0.05636109968172942,0.0,C,B,C,B,3,4,1,centermask,centermask,C,C,C,0,0,MCQ,grec_hard_composition_gate,GroundedResidualEnergyCompositionHard,true_mcq_grec_hard,,
MMBench_DEV_EN_V11,Qwen2-VL-7B_Biased_Test,2624,both,both,C,C,1.0,1,1,0.4812164327548667,0.38206497989232596,C,C,C,A,1,4,0,strongblur,centermask,C,C,C,0,1,MCQ,grec_hard_composition_gate,GroundedResidualEnergyCompositionHard,true_mcq_grec_hard,,
MMBench_DEV_EN_V11,Qwen2-VL-7B_Biased_Test,2946,both,vcf_only,B,B,1.0,0,1,0.0,0.38206497989232596,B,B,B,B,4,4,0,strongblur,centermask,B,B,B,1,0,MCQ,grec_hard_composition_gate,GroundedResidualEnergyCompositionHard,true_mcq_grec_hard,,
MMBench_DEV_EN_V11,Qwen2-VL-7B_Biased_Test,3079,tcf_only,tcf_only,D,A,0.0,1,0,0.5188537135872288,0.0,D,D,D,D,1,4,0,centermask,centermask,D,D,D,1,0,MCQ,grec_hard_composition_gate,GroundedResidualEnergyCompositionHard,true_mcq_grec_hard,,
MMBench_DEV_EN_V11,Qwen2-VL-7B_Biased_Test,3088,vcf_only,vcf_only,C,A,0.0,0,1,0.0,0.04720857274116005,B,B,B,C,4,4,1,gray,gray,C,C,C,0,0,MCQ,grec_hard_composition_gate,GroundedResidualEnergyCompositionHard,true_mcq_grec_hard,,
MMBench_DEV_EN_V11,Qwen2-VL-7B_Biased_Test,3091,vcf_only,vcf_only,B,D,0.0,0,1,0.0,0.17787057378572563,B,C,C,B,4,4,0,gray,centermask,B,B,B,1,0,MCQ,grec_hard_composition_gate,GroundedResidualEnergyCompositionHard,true_mcq_grec_hard,,
MMBench_DEV_EN_V11,Qwen2-VL-7B_Biased_Test,3211,vcf_only,vcf_only,C,B,0.0,0,1,0.0,0.9421123174741602,B,C,B,C,4,4,1,gray,gray,C,C,C,0,0,MCQ,grec_hard_composition_gate,GroundedResidualEnergyCompositionHard,true_mcq_grec_hard,,
MMBench_DEV_EN_V11,Qwen2-VL-7B_Biased_Test,3222,tcf_only,tcf_only,A,A,1.0,1,0,0.5149857257991735,0.0,A,A,A,C,1,4,0,strongblur,centermask,A,A,A,0,0,MCQ,grec_hard_composition_gate,GroundedResidualEnergyCompositionHard,true_mcq_grec_hard,,
MMBench_DEV_EN_V11,Qwen2-VL-7B_Biased_Test,3225,vcf_only,vcf_only,B,B,1.0,0,1,0.0,0.5732149267183821,D,D,D,B,4,4,1,gray,gray,B,B,B,0,0,MCQ,grec_hard_composition_gate,GroundedResidualEnergyCompositionHard,true_mcq_grec_hard,,
MMBench_DEV_EN_V11,Qwen2-VL-7B_Biased_Test,3226,vcf_only,vcf_only,D,C,0.0,0,1,0.0,0.38206497989232596,D,D,C,D,4,4,0,centermask,centermask,D,D,D,1,0,MCQ,grec_hard_composition_gate,GroundedResidualEnergyCompositionHard,true_mcq_grec_hard,,
MMBench_DEV_EN_V11,Qwen2-VL-7B_Biased_Test,3234,vcf_only,vcf_only,A,A,1.0,0,1,0.0,0.2880247359425329,A,A,C,A,4,4,0,gray,centermask,A,A,A,1,0,MCQ,grec_hard_composition_gate,GroundedResidualEnergyCompositionHard,true_mcq_grec_hard,,
MMBench_DEV_EN_V11,Qwen2-VL-7B_Biased_Test,3354,vcf_only,vcf_only,B,A,0.0,0,1,0.0,0.8299295665909154,A,B,A,B,4,4,1,centermask,centermask,B,B,B,0,0,MCQ,grec_hard_composition_gate,GroundedResidualEnergyCompositionHard,true_mcq_grec_hard,,
MMBench_DEV_EN_V11,Qwen2-VL-7B_Biased_Test,3359,tcf_only,both,D,D,1.0,1,1,0.5108030215322613,0.21959547295818932,D,A,D,A,1,4,0,centermask,centermask,D,D,D,0,1,MCQ,grec_hard_composition_gate,GroundedResidualEnergyCompositionHard,true_mcq_grec_hard,,
MMBench_DEV_EN_V11,Qwen2-VL-7B_Biased_Test,3375,tcf_only,tcf_only,C,A,0.0,1,0,0.08655556581398992,0.0,A,B,C,A,3,4,0,centermask,centermask,C,C,C,1,0,MCQ,grec_hard_composition_gate,GroundedResidualEnergyCompositionHard,true_mcq_grec_hard,,
MMBench_DEV_EN_V11,Qwen2-VL-7B_Biased_Test,3396,tcf_only,tcf_only,D,A,0.0,1,0,1.0,0.0,D,D,D,D,1,4,0,centermask,centermask,D,D,D,1,0,MCQ,grec_hard_composition_gate,GroundedResidualEnergyCompositionHard,true_mcq_grec_hard,,
MMBench_DEV_EN_V11,Qwen2-VL-7B_Biased_Test,3417,vcf_only,vcf_only,B,B,1.0,0,1,0.0,0.40181153954340143,D,D,D,B,4,4,1,centermask,centermask,B,B,B,0,0,MCQ,grec_hard_composition_gate,GroundedResidualEnergyCompositionHard,true_mcq_grec_hard,,
MMBench_DEV_EN_V11,Qwen2-VL-7B_Biased_Test,3498,vcf_only,vcf_only,D,B,0.0,0,1,0.0,1.0,A,D,D,D,4,4,1,centermask,centermask,D,D,D,0,0,MCQ,grec_hard_composition_gate,GroundedResidualEnergyCompositionHard,true_mcq_grec_hard,,
MMBench_DEV_EN_V11,Qwen2-VL-7B_Biased_Test,3565,vcf_only,tcf_only,A,C,0.0,1,0,0.45421448211933796,0.0,A,A,A,A,1,4,0,strongblur,gray,A,A,A,1,0,MCQ,grec_hard_composition_gate,GroundedResidualEnergyCompositionHard,true_mcq_grec_hard,,
MMBench_DEV_EN_V11,Qwen2-VL-7B_Biased_Test,3625,tcf_only,both,C,B,0.0,1,1,0.45421448211933796,0.38206497989232596,C,C,C,B,1,4,1,centermask,centermask,C,C,C,0,1,MCQ,grec_hard_composition_gate,GroundedResidualEnergyCompositionHard,true_mcq_grec_hard,,
MMBench_DEV_EN_V11,Qwen2-VL-7B_Biased_Test,3626,vcf_only,vcf_only,D,B,0.0,0,1,0.0,0.295999866217535,D,A,A,D,4,4,0,centermask,centermask,D,D,D,1,0,MCQ,grec_hard_composition_gate,GroundedResidualEnergyCompositionHard,true_mcq_grec_hard,,
MMBench_DEV_EN_V11,Qwen2-VL-7B_Biased_Test,3629,vcf_only,vcf_only,A,A,1.0,0,1,0.0,0.7030175336008488,B,B,B,A,4,4,1,gray,gray,A,A,A,0,0,MCQ,grec_hard_composition_gate,GroundedResidualEnergyCompositionHard,true_mcq_grec_hard,,
MMBench_DEV_EN_V11,Qwen2-VL-7B_Biased_Test,3632,vcf_only,vcf_only,B,C,0.0,0,1,0.0,0.2531964755520216,A,A,A,B,4,4,1,centermask,centermask,B,B,B,0,0,MCQ,grec_hard_composition_gate,GroundedResidualEnergyCompositionHard,true_mcq_grec_hard,,
MMBench_DEV_EN_V11,Qwen2-VL-7B_Biased_Test,3653,tcf_only,both,C,B,0.0,1,1,0.45421448211933796,1.0,C,C,A,D,3,4,1,strongblur,centermask,C,C,C,0,1,MCQ,grec_hard_composition_gate,GroundedResidualEnergyCompositionHard,true_mcq_grec_hard,,
MMBench_DEV_EN_V11,Qwen2-VL-7B_Biased_Test,3657,both,tcf_only,A,A,1.0,1,0,0.45421448211933796,0.0,A,B,B,B,4,4,1,centermask,centermask,A,A,A,0,0,MCQ,grec_hard_composition_gate,GroundedResidualEnergyCompositionHard,true_mcq_grec_hard,,
MMBench_DEV_EN_V11,Qwen2-VL-7B_Biased_Test,3665,vcf_only,vcf_only,A,A,1.0,0,1,0.0,0.6743973614638462,C,C,C,A,4,4,1,gray,gray,A,A,A,0,0,MCQ,grec_hard_composition_gate,GroundedResidualEnergyCompositionHard,true_mcq_grec_hard,,
MMBench_DEV_EN_V11,Qwen2-VL-7B_Biased_Test,3674,vcf_only,tcf_only,C,B,0.0,1,0,0.45421448211933796,0.0,C,B,C,B,2,4,1,gray,centermask,C,C,C,0,0,MCQ,grec_hard_composition_gate,GroundedResidualEnergyCompositionHard,true_mcq_grec_hard,,
MMBench_DEV_EN_V11,Qwen2-VL-7B_Biased_Test,3713,vcf_only,vcf_only,C,C,1.0,0,1,0.0,0.2814966745713841,D,D,D,C,4,4,1,gray,gray,C,C,C,0,0,MCQ,grec_hard_composition_gate,GroundedResidualEnergyCompositionHard,true_mcq_grec_hard,,
MMBench_DEV_EN_V11,Qwen2-VL-7B_Biased_Test,3738,tcf_only,tcf_only,A,B,0.0,1,0,1.0,0.0,A,A,A,C,1,4,1,strongblur,gray,A,A,A,0,0,MCQ,grec_hard_composition_gate,GroundedResidualEnergyCompositionHard,true_mcq_grec_hard,,
MMBench_DEV_EN_V11,Qwen2-VL-7B_Biased_Test,1000486,vcf_only,vcf_only,A,A,1.0,0,1,0.0,1.0,A,A,A,A,2,2,0,centermask,centermask,A,A,A,1,0,MCQ,grec_hard_composition_gate,GroundedResidualEnergyCompositionHard,true_mcq_grec_hard,,
MMBench_DEV_EN_V11,Qwen2-VL-7B_Biased_Test,1003113,vcf_only,both,A,A,1.0,1,1,0.028966906671580785,1.0,A,A,B,A,1,2,0,gray,centermask,A,A,A,1,0,MCQ,grec_hard_composition_gate,GroundedResidualEnergyCompositionHard,true_mcq_grec_hard,,
MMBench_DEV_EN_V11,Qwen2-VL-7B_Biased_Test,1003404,vcf_only,vcf_only,A,A,1.0,0,1,0.0,0.27557837369912863,B,B,B,A,2,2,1,centermask,centermask,A,A,A,0,0,MCQ,grec_hard_composition_gate,GroundedResidualEnergyCompositionHard,true_mcq_grec_hard,,
MMBench_DEV_EN_V11,Qwen2-VL-7B_Biased_Test,1000284,vcf_only,neither,C,A,0.0,0,0,0.0,0.0,A,C,C,C,3,3,1,centermask,centermask,C,C,C,0,0,MCQ,grec_hard_composition_gate,GroundedResidualEnergyCompositionHard,true_mcq_grec_hard,,
MMBench_DEV_EN_V11,Qwen2-VL-7B_Biased_Test,1000285,both,tcf_only,B,B,1.0,1,0,0.45421448211933796,0.0,B,C,B,C,1,3,1,gray,gray,B,B,B,0,0,MCQ,grec_hard_composition_gate,GroundedResidualEnergyCompositionHard,true_mcq_grec_hard,,
MMBench_DEV_EN_V11,Qwen2-VL-7B_Biased_Test,1000307,vcf_only,vcf_only,B,B,1.0,0,1,0.0,0.1681968879758823,A,A,A,B,3,3,1,centermask,centermask,B,B,B,0,0,MCQ,grec_hard_composition_gate,GroundedResidualEnergyCompositionHard,true_mcq_grec_hard,,
MMBench_DEV_EN_V11,Qwen2-VL-7B_Biased_Test,1001096,vcf_only,vcf_only,B,C,0.0,0,1,0.0,0.27370691010811626,B,B,B,B,3,3,0,centermask,centermask,B,B,B,1,0,MCQ,grec_hard_composition_gate,GroundedResidualEnergyCompositionHard,true_mcq_grec_hard,,
MMBench_DEV_EN_V11,Qwen2-VL-7B_Biased_Test,1001104,vcf_only,vcf_only,A,C,0.0,0,1,0.0,0.596547723774478,B,B,B,B,3,3,1,gray,gray,A,A,A,1,0,MCQ,grec_hard_composition_gate,GroundedResidualEnergyCompositionHard,true_mcq_grec_hard,,
MMBench_DEV_EN_V11,Qwen2-VL-7B_Biased_Test,1001110,vcf_only,vcf_only,A,C,0.0,0,1,0.0,0.7499714873097711,B,B,B,C,3,3,1,gray,gray,A,A,A,0,0,MCQ,grec_hard_composition_gate,GroundedResidualEnergyCompositionHard,true_mcq_grec_hard,,
MMBench_DEV_EN_V11,Qwen2-VL-7B_Biased_Test,1001128,vcf_only,vcf_only,A,C,0.0,0,1,0.0,0.92941546560858,A,B,B,A,3,3,0,gray,gray,A,A,A,1,0,MCQ,grec_hard_composition_gate,GroundedResidualEnergyCompositionHard,true_mcq_grec_hard,,
MMBench_DEV_EN_V11,Qwen2-VL-7B_Biased_Test,1001129,vcf_only,vcf_only,B,C,0.0,0,1,0.0,0.45650616168093766,B,B,B,B,3,3,0,gray,gray,B,B,B,1,0,MCQ,grec_hard_composition_gate,GroundedResidualEnergyCompositionHard,true_mcq_grec_hard,,
MMBench_DEV_EN_V11,Qwen2-VL-7B_Biased_Test,1002420,vcf_only,vcf_only,B,A,0.0,0,1,0.0,1.0,B,B,C,B,3,3,0,strongblur,centermask,B,B,B,1,0,MCQ,grec_hard_composition_gate,GroundedResidualEnergyCompositionHard,true_mcq_grec_hard,,
MMBench_DEV_EN_V11,Qwen2-VL-7B_Biased_Test,1003086,vcf_only,vcf_only,C,C,1.0,0,1,0.0,0.11446630957439698,B,B,B,C,3,3,1,centermask,centermask,C,C,C,0,0,MCQ,grec_hard_composition_gate,GroundedResidualEnergyCompositionHard,true_mcq_grec_hard,,
MMBench_DEV_EN_V11,Qwen2-VL-7B_Biased_Test,1003735,vcf_only,vcf_only,C,C,1.0,0,1,0.0,0.30276230345003563,B,B,B,C,3,3,1,gray,gray,C,C,C,0,0,MCQ,grec_hard_composition_gate,GroundedResidualEnergyCompositionHard,true_mcq_grec_hard,,
MMBench_DEV_EN_V11,Qwen2-VL-7B_Biased_Test,1001192,both,both,C,C,1.0,1,1,1.0,1.0,C,C,C,C,1,4,0,strongblur,centermask,C,C,C,1,0,MCQ,grec_hard_composition_gate,GroundedResidualEnergyCompositionHard,true_mcq_grec_hard,,
MMBench_DEV_EN_V11,Qwen2-VL-7B_Biased_Test,1001198,vcf_only,vcf_only,D,B,0.0,0,1,0.0,0.772038034288028,B,D,D,D,4,4,1,centermask,centermask,D,D,D,0,0,MCQ,grec_hard_composition_gate,GroundedResidualEnergyCompositionHard,true_mcq_grec_hard,,
MMBench_DEV_EN_V11,Qwen2-VL-7B_Biased_Test,1001200,both,neither,C,C,1.0,0,0,0.0,0.0,C,C,C,B,4,4,1,strongblur,centermask,C,C,C,0,0,MCQ,grec_hard_composition_gate,GroundedResidualEnergyCompositionHard,true_mcq_grec_hard,,
MMBench_DEV_EN_V11,Qwen2-VL-7B_Biased_Test,1001210,vcf_only,vcf_only,C,B,0.0,0,1,0.0,0.38206497989232596,B,B,B,C,4,4,1,strongblur,centermask,C,C,C,0,0,MCQ,grec_hard_composition_gate,GroundedResidualEnergyCompositionHard,true_mcq_grec_hard,,
MMBench_DEV_EN_V11,Qwen2-VL-7B_Biased_Test,1001216,vcf_only,both,A,A,1.0,1,1,0.014938827829738485,1.0,A,D,D,A,1,4,0,strongblur,centermask,A,A,A,1,0,MCQ,grec_hard_composition_gate,GroundedResidualEnergyCompositionHard,true_mcq_grec_hard,,
MMBench_DEV_EN_V11,Qwen2-VL-7B_Biased_Test,1001553,vcf_only,vcf_only,D,B,0.0,0,1,0.0,0.7858711081873287,B,C,B,C,4,4,1,gray,gray,D,D,D,0,0,MCQ,grec_hard_composition_gate,GroundedResidualEnergyCompositionHard,true_mcq_grec_hard,,
MMBench_DEV_EN_V11,Qwen2-VL-7B_Biased_Test,1002540,tcf_only,tcf_only,A,A,1.0,1,0,0.06311661750370115,0.0,A,A,A,A,1,4,0,strongblur,gray,A,A,A,1,0,MCQ,grec_hard_composition_gate,GroundedResidualEnergyCompositionHard,true_mcq_grec_hard,,
MMBench_DEV_EN_V11,Qwen2-VL-7B_Biased_Test,1002555,vcf_only,vcf_only,A,A,1.0,0,1,0.0,1.0,A,A,A,A,4,4,0,strongblur,centermask,A,A,A,1,0,MCQ,grec_hard_composition_gate,GroundedResidualEnergyCompositionHard,true_mcq_grec_hard,,
MMBench_DEV_EN_V11,Qwen2-VL-7B_Biased_Test,1000018,vcf_only,both,C,C,1.0,1,1,0.059542680390246926,0.8609499385573328,C,B,B,B,1,4,1,centermask,centermask,C,C,C,0,1,MCQ,grec_hard_composition_gate,GroundedResidualEnergyCompositionHard,true_mcq_grec_hard,,
MMBench_DEV_EN_V11,Qwen2-VL-7B_Biased_Test,1000322,vcf_only,both,B,A,0.0,1,1,0.12460083538692072,0.3504471448622697,B,B,B,B,1,4,0,gray,gray,B,B,B,1,0,MCQ,grec_hard_composition_gate,GroundedResidualEnergyCompositionHard,true_mcq_grec_hard,,
MMBench_DEV_EN_V11,Qwen2-VL-7B_Biased_Test,1000335,tcf_only,tcf_only,A,C,0.0,1,0,0.45421448211933796,0.0,A,B,B,B,2,4,1,centermask,centermask,A,A,A,0,0,MCQ,grec_hard_composition_gate,GroundedResidualEnergyCompositionHard,true_mcq_grec_hard,,
MMBench_DEV_EN_V11,Qwen2-VL-7B_Biased_Test,1000338,vcf_only,both,C,B,0.0,1,1,0.1010031707016418,0.3612414688758103,C,C,C,C,1,4,0,gray,gray,C,C,C,1,0,MCQ,grec_hard_composition_gate,GroundedResidualEnergyCompositionHard,true_mcq_grec_hard,,
MMBench_DEV_EN_V11,Qwen2-VL-7B_Biased_Test,1000465,tcf_only,tcf_only,C,C,1.0,1,0,0.6896997919796855,0.0,C,C,C,C,1,4,0,strongblur,strongblur,C,C,C,1,0,MCQ,grec_hard_composition_gate,GroundedResidualEnergyCompositionHard,true_mcq_grec_hard,,
MMBench_DEV_EN_V11,Qwen2-VL-7B_Biased_Test,1000507,tcf_only,neither,A,B,0.0,0,0,0.0,0.0,A,A,A,A,4,4,0,strongblur,strongblur,A,A,A,1,0,MCQ,grec_hard_composition_gate,GroundedResidualEnergyCompositionHard,true_mcq_grec_hard,,
MMBench_DEV_EN_V11,Qwen2-VL-7B_Biased_Test,1000656,vcf_only,neither,D,B,0.0,0,0,0.0,0.0,D,D,D,B,4,4,1,centermask,centermask,D,D,D,0,0,MCQ,grec_hard_composition_gate,GroundedResidualEnergyCompositionHard,true_mcq_grec_hard,,
MMBench_DEV_EN_V11,Qwen2-VL-7B_Biased_Test,1000768,vcf_only,vcf_only,D,D,1.0,0,1,0.0,0.41400253929493025,B,D,B,D,4,4,1,strongblur,centermask,D,D,D,0,0,MCQ,grec_hard_composition_gate,GroundedResidualEnergyCompositionHard,true_mcq_grec_hard,,
MMBench_DEV_EN_V11,Qwen2-VL-7B_Biased_Test,1000782,vcf_only,vcf_only,B,B,1.0,0,1,0.0,0.3401676760848222,C,C,C,B,4,4,1,gray,gray,B,B,B,0,0,MCQ,grec_hard_composition_gate,GroundedResidualEnergyCompositionHard,true_mcq_grec_hard,,
MMBench_DEV_EN_V11,Qwen2-VL-7B_Biased_Test,1000801,vcf_only,neither,D,B,0.0,0,0,0.0,0.0,D,D,D,D,4,4,0,strongblur,strongblur,D,D,D,1,0,MCQ,grec_hard_composition_gate,GroundedResidualEnergyCompositionHard,true_mcq_grec_hard,,
MMBench_DEV_EN_V11,Qwen2-VL-7B_Biased_Test,1000825,tcf_only,tcf_only,B,B,1.0,1,0,1.0,0.0,B,A,B,A,1,4,0,gray,centermask,B,B,B,0,0,MCQ,grec_hard_composition_gate,GroundedResidualEnergyCompositionHard,true_mcq_grec_hard,,
MMBench_DEV_EN_V11,Qwen2-VL-7B_Biased_Test,1000866,vcf_only,vcf_only,A,B,0.0,0,1,0.0,0.9963148987635773,A,D,D,A,4,4,0,centermask,centermask,A,A,A,1,0,MCQ,grec_hard_composition_gate,GroundedResidualEnergyCompositionHard,true_mcq_grec_hard,,
MMBench_DEV_EN_V11,Qwen2-VL-7B_Biased_Test,1000961,vcf_only,vcf_only,C,C,1.0,0,1,0.0,0.19015980961882606,C,C,C,C,4,4,0,centermask,centermask,C,C,C,1,0,MCQ,grec_hard_composition_gate,GroundedResidualEnergyCompositionHard,true_mcq_grec_hard,,
MMBench_DEV_EN_V11,Qwen2-VL-7B_Biased_Test,1001402,vcf_only,vcf_only,A,A,1.0,0,1,0.0,1.0,A,A,A,A,4,4,0,strongblur,strongblur,A,A,A,1,0,MCQ,grec_hard_composition_gate,GroundedResidualEnergyCompositionHard,true_mcq_grec_hard,,
MMBench_DEV_EN_V11,Qwen2-VL-7B_Biased_Test,1001488,vcf_only,vcf_only,A,A,1.0,0,1,0.0,0.10921777064795622,A,A,B,A,4,4,0,gray,centermask,A,A,A,1,0,MCQ,grec_hard_composition_gate,GroundedResidualEnergyCompositionHard,true_mcq_grec_hard,,
MMBench_DEV_EN_V11,Qwen2-VL-7B_Biased_Test,1001526,tcf_only,tcf_only,B,A,0.0,1,0,0.45421448211933796,0.0,B,B,B,B,1,4,0,centermask,centermask,B,B,B,1,0,MCQ,grec_hard_composition_gate,GroundedResidualEnergyCompositionHard,true_mcq_grec_hard,,
MMBench_DEV_EN_V11,Qwen2-VL-7B_Biased_Test,1001530,vcf_only,vcf_only,A,B,0.0,0,1,0.0,0.38206497989232596,B,A,A,A,4,4,1,gray,centermask,A,A,A,0,0,MCQ,grec_hard_composition_gate,GroundedResidualEnergyCompositionHard,true_mcq_grec_hard,,
MMBench_DEV_EN_V11,Qwen2-VL-7B_Biased_Test,1001538,vcf_only,vcf_only,B,B,1.0,0,1,0.0,0.38206497989232596,C,B,B,B,4,4,1,centermask,centermask,B,B,B,0,0,MCQ,grec_hard_composition_gate,GroundedResidualEnergyCompositionHard,true_mcq_grec_hard,,
MMBench_DEV_EN_V11,Qwen2-VL-7B_Biased_Test,1001638,vcf_only,vcf_only,D,A,0.0,0,1,0.0,1.0,A,D,D,D,4,4,1,centermask,centermask,D,D,D,0,0,MCQ,grec_hard_composition_gate,GroundedResidualEnergyCompositionHard,true_mcq_grec_hard,,
MMBench_DEV_EN_V11,Qwen2-VL-7B_Biased_Test,1001642,vcf_only,neither,D,A,0.0,0,0,0.0,0.0,D,D,D,B,4,4,1,gray,gray,D,D,D,0,0,MCQ,grec_hard_composition_gate,GroundedResidualEnergyCompositionHard,true_mcq_grec_hard,,
MMBench_DEV_EN_V11,Qwen2-VL-7B_Biased_Test,1001671,vcf_only,vcf_only,D,B,0.0,0,1,0.0,1.0,A,A,A,D,4,4,1,strongblur,centermask,D,D,D,0,0,MCQ,grec_hard_composition_gate,GroundedResidualEnergyCompositionHard,true_mcq_grec_hard,,
MMBench_DEV_EN_V11,Qwen2-VL-7B_Biased_Test,1001688,vcf_only,vcf_only,B,A,0.0,0,1,0.0,0.17799370345927323,A,B,B,B,4,4,1,gray,gray,B,B,B,0,0,MCQ,grec_hard_composition_gate,GroundedResidualEnergyCompositionHard,true_mcq_grec_hard,,
MMBench_DEV_EN_V11,Qwen2-VL-7B_Biased_Test,1001715,tcf_only,vcf_only,D,D,1.0,0,1,0.0,1.0,D,D,D,D,4,4,0,strongblur,centermask,D,D,D,1,0,MCQ,grec_hard_composition_gate,GroundedResidualEnergyCompositionHard,true_mcq_grec_hard,,
MMBench_DEV_EN_V11,Qwen2-VL-7B_Biased_Test,1001774,vcf_only,vcf_only,A,A,1.0,0,1,0.0,0.7964654129238635,B,B,B,B,4,4,1,centermask,centermask,A,A,A,1,0,MCQ,grec_hard_composition_gate,GroundedResidualEnergyCompositionHard,true_mcq_grec_hard,,
MMBench_DEV_EN_V11,Qwen2-VL-7B_Biased_Test,1001842,tcf_only,both,A,A,1.0,1,1,0.5904958682836944,0.5452438095247705,A,A,A,A,2,4,0,gray,gray,A,A,A,1,0,MCQ,grec_hard_composition_gate,GroundedResidualEnergyCompositionHard,true_mcq_grec_hard,,
MMBench_DEV_EN_V11,Qwen2-VL-7B_Biased_Test,1001845,vcf_only,both,A,A,1.0,1,1,1.0,0.3231420998076892,A,A,D,D,2,4,1,gray,centermask,D,A,A,0,1,MCQ,grec_hard_composition_gate,GroundedResidualEnergyCompositionHard,true_mcq_grec_hard,,
MMBench_DEV_EN_V11,Qwen2-VL-7B_Biased_Test,1001847,vcf_only,vcf_only,A,A,1.0,0,1,0.0,0.24935350979658089,D,D,D,A,4,4,1,gray,gray,A,A,A,0,0,MCQ,grec_hard_composition_gate,GroundedResidualEnergyCompositionHard,true_mcq_grec_hard,,
MMBench_DEV_EN_V11,Qwen2-VL-7B_Biased_Test,1001849,vcf_only,vcf_only,A,A,1.0,0,1,0.0,0.478283860671963,B,B,B,A,4,4,1,centermask,centermask,A,A,A,0,0,MCQ,grec_hard_composition_gate,GroundedResidualEnergyCompositionHard,true_mcq_grec_hard,,
MMBench_DEV_EN_V11,Qwen2-VL-7B_Biased_Test,1001851,both,both,B,B,1.0,1,1,1.0,0.9649777477538817,B,A,B,A,1,4,1,centermask,centermask,A,B,B,0,1,MCQ,grec_hard_composition_gate,GroundedResidualEnergyCompositionHard,true_mcq_grec_hard,,
MMBench_DEV_EN_V11,Qwen2-VL-7B_Biased_Test,1001857,vcf_only,both,D,C,0.0,1,1,0.06221508763717051,0.7788928665511345,D,D,D,D,1,4,0,strongblur,strongblur,D,D,D,1,0,MCQ,grec_hard_composition_gate,GroundedResidualEnergyCompositionHard,true_mcq_grec_hard,,
MMBench_DEV_EN_V11,Qwen2-VL-7B_Biased_Test,1001875,both,vcf_only,D,D,1.0,0,1,0.0,1.0,D,D,D,D,4,4,0,centermask,centermask,D,D,D,1,0,MCQ,grec_hard_composition_gate,GroundedResidualEnergyCompositionHard,true_mcq_grec_hard,,
MMBench_DEV_EN_V11,Qwen2-VL-7B_Biased_Test,1001878,vcf_only,vcf_only,B,A,0.0,0,1,0.0,0.07575885936980783,D,D,D,B,4,4,1,gray,gray,B,B,B,0,0,MCQ,grec_hard_composition_gate,GroundedResidualEnergyCompositionHard,true_mcq_grec_hard,,
MMBench_DEV_EN_V11,Qwen2-VL-7B_Biased_Test,1001888,both,neither,A,A,1.0,0,0,0.0,0.0,C,A,A,A,4,4,1,centermask,centermask,A,A,A,0,0,MCQ,grec_hard_composition_gate,GroundedResidualEnergyCompositionHard,true_mcq_grec_hard,,
MMBench_DEV_EN_V11,Qwen2-VL-7B_Biased_Test,1001953,vcf_only,neither,A,C,0.0,0,0,0.0,0.0,A,B,A,A,4,4,0,gray,centermask,A,A,A,1,0,MCQ,grec_hard_composition_gate,GroundedResidualEnergyCompositionHard,true_mcq_grec_hard,,
MMBench_DEV_EN_V11,Qwen2-VL-7B_Biased_Test,1001956,vcf_only,vcf_only,C,C,1.0,0,1,0.0,0.38206497989232596,C,B,C,C,4,4,0,centermask,centermask,C,C,C,1,0,MCQ,grec_hard_composition_gate,GroundedResidualEnergyCompositionHard,true_mcq_grec_hard,,
MMBench_DEV_EN_V11,Qwen2-VL-7B_Biased_Test,1001965,vcf_only,vcf_only,A,C,0.0,0,1,0.0,0.32126553556314774,C,B,B,A,4,4,1,gray,gray,A,A,A,0,0,MCQ,grec_hard_composition_gate,GroundedResidualEnergyCompositionHard,true_mcq_grec_hard,,
MMBench_DEV_EN_V11,Qwen2-VL-7B_Biased_Test,1002946,vcf_only,vcf_only,C,C,1.0,0,1,0.0,0.38206497989232596,C,C,C,C,4,4,0,centermask,centermask,C,C,C,1,0,MCQ,grec_hard_composition_gate,GroundedResidualEnergyCompositionHard,true_mcq_grec_hard,,
MMBench_DEV_EN_V11,Qwen2-VL-7B_Biased_Test,1003091,both,both,C,A,0.0,1,1,1.0,1.0,C,C,C,C,1,4,0,centermask,centermask,C,C,C,1,0,MCQ,grec_hard_composition_gate,GroundedResidualEnergyCompositionHard,true_mcq_grec_hard,,
MMBench_DEV_EN_V11,Qwen2-VL-7B_Biased_Test,1003204,both,both,B,B,1.0,1,1,1.0,1.0,B,A,B,A,1,4,0,gray,centermask,B,B,B,0,1,MCQ,grec_hard_composition_gate,GroundedResidualEnergyCompositionHard,true_mcq_grec_hard,,
MMBench_DEV_EN_V11,Qwen2-VL-7B_Biased_Test,1003217,both,both,C,A,0.0,1,1,1.0,1.0,C,D,D,D,1,4,1,centermask,centermask,A,C,C,0,1,MCQ,grec_hard_composition_gate,GroundedResidualEnergyCompositionHard,true_mcq_grec_hard,,
MMBench_DEV_EN_V11,Qwen2-VL-7B_Biased_Test,1003229,tcf_only,neither,B,C,0.0,0,0,0.0,0.0,B,C,C,C,4,4,1,gray,centermask,B,B,B,0,0,MCQ,grec_hard_composition_gate,GroundedResidualEnergyCompositionHard,true_mcq_grec_hard,,
MMBench_DEV_EN_V11,Qwen2-VL-7B_Biased_Test,1003359,vcf_only,vcf_only,B,A,0.0,0,1,0.0,0.8504333351803149,A,B,B,B,4,4,1,gray,gray,B,B,B,0,0,MCQ,grec_hard_composition_gate,GroundedResidualEnergyCompositionHard,true_mcq_grec_hard,,
MMBench_DEV_EN_V11,Qwen2-VL-7B_Biased_Test,1003379,vcf_only,vcf_only,A,C,0.0,0,1,0.0,0.7622347018144122,C,C,A,A,4,4,1,strongblur,centermask,A,A,A,0,0,MCQ,grec_hard_composition_gate,GroundedResidualEnergyCompositionHard,true_mcq_grec_hard,,
MMBench_DEV_EN_V11,Qwen2-VL-7B_Biased_Test,1003391,both,both,A,A,1.0,1,1,0.45421448211933796,1.0,A,A,A,A,1,4,0,centermask,centermask,A,A,A,1,0,MCQ,grec_hard_composition_gate,GroundedResidualEnergyCompositionHard,true_mcq_grec_hard,,
MMBench_DEV_EN_V11,Qwen2-VL-7B_Biased_Test,1003392,vcf_only,vcf_only,C,C,1.0,0,1,0.0,0.012187251377662774,B,B,B,B,4,4,1,gray,gray,C,C,C,1,0,MCQ,grec_hard_composition_gate,GroundedResidualEnergyCompositionHard,true_mcq_grec_hard,,
MMBench_DEV_EN_V11,Qwen2-VL-7B_Biased_Test,1003394,vcf_only,vcf_only,C,D,0.0,0,1,0.0,0.20002497650689027,B,B,B,C,4,4,1,centermask,centermask,C,C,C,0,0,MCQ,grec_hard_composition_gate,GroundedResidualEnergyCompositionHard,true_mcq_grec_hard,,
MMBench_DEV_EN_V11,Qwen2-VL-7B_Biased_Test,1003598,vcf_only,vcf_only,D,A,0.0,0,1,0.0,0.46753567829287257,D,D,D,D,4,4,0,centermask,centermask,D,D,D,1,0,MCQ,grec_hard_composition_gate,GroundedResidualEnergyCompositionHard,true_mcq_grec_hard,,
MMBench_DEV_EN_V11,Qwen2-VL-7B_Biased_Test,1003603,vcf_only,vcf_only,D,B,0.0,0,1,0.0,0.6112478527577151,A,D,A,D,4,4,1,gray,centermask,D,D,D,0,0,MCQ,grec_hard_composition_gate,GroundedResidualEnergyCompositionHard,true_mcq_grec_hard,,
MMBench_DEV_EN_V11,Qwen2-VL-7B_Biased_Test,1003625,tcf_only,vcf_only,A,C,0.0,0,1,0.0,0.38206497989232596,D,D,D,A,4,4,1,strongblur,centermask,A,A,A,0,0,MCQ,grec_hard_composition_gate,GroundedResidualEnergyCompositionHard,true_mcq_grec_hard,,
MMBench_DEV_EN_V11,Qwen2-VL-7B_Biased_Test,1003631,vcf_only,vcf_only,B,C,0.0,0,1,0.0,0.2752166490546706,D,D,D,B,4,4,1,strongblur,gray,B,B,B,0,0,MCQ,grec_hard_composition_gate,GroundedResidualEnergyCompositionHard,true_mcq_grec_hard,,
MMBench_DEV_EN_V11,Qwen2-VL-7B_Biased_Test,1003632,vcf_only,vcf_only,A,D,0.0,0,1,0.0,0.9387961118596718,A,A,B,A,4,4,0,strongblur,strongblur,A,A,A,1,0,MCQ,grec_hard_composition_gate,GroundedResidualEnergyCompositionHard,true_mcq_grec_hard,,
MMBench_DEV_EN_V11,Qwen2-VL-7B_Biased_Test,1003641,tcf_only,neither,A,B,0.0,0,0,0.0,0.0,A,D,D,D,4,4,1,gray,centermask,A,A,A,0,0,MCQ,grec_hard_composition_gate,GroundedResidualEnergyCompositionHard,true_mcq_grec_hard,,
MMBench_DEV_EN_V11,Qwen2-VL-7B_Biased_Test,1003653,tcf_only,both,A,C,0.0,1,1,0.07814439638524977,0.36660610078750255,A,A,A,B,3,4,1,strongblur,gray,C,A,A,0,1,MCQ,grec_hard_composition_gate,GroundedResidualEnergyCompositionHard,true_mcq_grec_hard,,
MMBench_DEV_EN_V11,Qwen2-VL-7B_Biased_Test,1003659,both,both,A,C,0.0,1,1,0.49829184292410744,0.23158535952144532,A,D,D,D,1,4,1,centermask,centermask,D,A,A,0,1,MCQ,grec_hard_composition_gate,GroundedResidualEnergyCompositionHard,true_mcq_grec_hard,,
MMBench_DEV_EN_V11,Qwen2-VL-7B_Biased_Test,1003665,tcf_only,both,A,B,0.0,1,1,0.5635951751595887,0.28794080224123625,A,D,A,D,1,4,1,gray,centermask,D,A,A,0,1,MCQ,grec_hard_composition_gate,GroundedResidualEnergyCompositionHard,true_mcq_grec_hard,,
MMBench_DEV_EN_V11,Qwen2-VL-7B_Biased_Test,1003738,vcf_only,vcf_only,C,C,1.0,0,1,0.0,0.060704399955774424,B,B,B,C,4,4,1,gray,gray,C,C,C,0,0,MCQ,grec_hard_composition_gate,GroundedResidualEnergyCompositionHard,true_mcq_grec_hard,,
MMBench_DEV_EN_V11,Qwen2-VL-7B_Biased_Test,1003744,tcf_only,tcf_only,A,A,1.0,1,0,1.0,0.0,A,A,A,A,1,4,0,centermask,centermask,A,A,A,1,0,MCQ,grec_hard_composition_gate,GroundedResidualEnergyCompositionHard,true_mcq_grec_hard,,
MMBench_DEV_EN_V11,Qwen2-VL-7B_Biased_Test,2000244,vcf_only,vcf_only,B,C,0.0,0,1,0.0,0.8699249827464456,A,A,A,A,3,3,1,gray,gray,B,B,B,1,0,MCQ,grec_hard_composition_gate,GroundedResidualEnergyCompositionHard,true_mcq_grec_hard,,
MMBench_DEV_EN_V11,Qwen2-VL-7B_Biased_Test,2000284,tcf_only,tcf_only,A,B,0.0,1,0,0.49221228729857774,0.0,A,A,A,A,1,3,0,centermask,centermask,A,A,A,1,0,MCQ,grec_hard_composition_gate,GroundedResidualEnergyCompositionHard,true_mcq_grec_hard,,
MMBench_DEV_EN_V11,Qwen2-VL-7B_Biased_Test,2000292,vcf_only,tcf_only,C,A,0.0,1,0,0.46797498325408304,0.0,A,C,C,B,2,3,0,gray,centermask,C,C,C,0,0,MCQ,grec_hard_composition_gate,GroundedResidualEnergyCompositionHard,true_mcq_grec_hard,,
MMBench_DEV_EN_V11,Qwen2-VL-7B_Biased_Test,2000408,vcf_only,vcf_only,C,C,1.0,0,1,0.0,0.9276508172908505,C,C,C,C,3,3,0,strongblur,strongblur,C,C,C,1,0,MCQ,grec_hard_composition_gate,GroundedResidualEnergyCompositionHard,true_mcq_grec_hard,,
MMBench_DEV_EN_V11,Qwen2-VL-7B_Biased_Test,2000412,both,tcf_only,A,A,1.0,1,0,0.45421448211933796,0.0,A,C,C,A,1,3,0,gray,centermask,A,A,A,1,0,MCQ,grec_hard_composition_gate,GroundedResidualEnergyCompositionHard,true_mcq_grec_hard,,
MMBench_DEV_EN_V11,Qwen2-VL-7B_Biased_Test,2000845,vcf_only,tcf_only,B,B,1.0,1,0,1.0,0.0,B,B,B,B,1,3,0,centermask,centermask,B,B,B,1,0,MCQ,grec_hard_composition_gate,GroundedResidualEnergyCompositionHard,true_mcq_grec_hard,,
MMBench_DEV_EN_V11,Qwen2-VL-7B_Biased_Test,2001104,vcf_only,vcf_only,A,A,1.0,0,1,0.0,0.7816973079393011,C,C,C,C,3,3,1,gray,gray,A,A,A,1,0,MCQ,grec_hard_composition_gate,GroundedResidualEnergyCompositionHard,true_mcq_grec_hard,,
MMBench_DEV_EN_V11,Qwen2-VL-7B_Biased_Test,2001107,vcf_only,vcf_only,A,A,1.0,0,1,0.0,0.586685203731787,C,C,C,A,3,3,1,gray,gray,A,A,A,0,0,MCQ,grec_hard_composition_gate,GroundedResidualEnergyCompositionHard,true_mcq_grec_hard,,
MMBench_DEV_EN_V11,Qwen2-VL-7B_Biased_Test,2001110,vcf_only,vcf_only,A,A,1.0,0,1,0.0,0.8616467900418635,C,C,C,A,3,3,1,gray,gray,A,A,A,0,0,MCQ,grec_hard_composition_gate,GroundedResidualEnergyCompositionHard,true_mcq_grec_hard,,
MMBench_DEV_EN_V11,Qwen2-VL-7B_Biased_Test,2001128,vcf_only,vcf_only,B,A,0.0,0,1,0.0,0.9447816878203931,C,C,C,B,3,3,1,gray,gray,B,B,B,0,0,MCQ,grec_hard_composition_gate,GroundedResidualEnergyCompositionHard,true_mcq_grec_hard,,
MMBench_DEV_EN_V11,Qwen2-VL-7B_Biased_Test,2001129,vcf_only,vcf_only,C,A,0.0,0,1,0.0,0.6177088833000516,C,C,C,C,3,3,0,gray,gray,C,C,C,1,0,MCQ,grec_hard_composition_gate,GroundedResidualEnergyCompositionHard,true_mcq_grec_hard,,
MMBench_DEV_EN_V11,Qwen2-VL-7B_Biased_Test,2001130,vcf_only,vcf_only,A,A,1.0,0,1,0.0,0.663607464974804,C,A,C,A,3,3,1,gray,gray,A,A,A,0,0,MCQ,grec_hard_composition_gate,GroundedResidualEnergyCompositionHard,true_mcq_grec_hard,,
MMBench_DEV_EN_V11,Qwen2-VL-7B_Biased_Test,2002420,vcf_only,vcf_only,B,B,1.0,0,1,0.0,1.0,C,A,A,C,3,3,1,strongblur,centermask,B,B,B,1,0,MCQ,grec_hard_composition_gate,GroundedResidualEnergyCompositionHard,true_mcq_grec_hard,,
MMBench_DEV_EN_V11,Qwen2-VL-7B_Biased_Test,2003086,vcf_only,vcf_only,C,A,0.0,0,1,0.0,0.1451614045891173,A,C,C,C,3,3,1,gray,gray,C,C,C,0,0,MCQ,grec_hard_composition_gate,GroundedResidualEnergyCompositionHard,true_mcq_grec_hard,,
MMBench_DEV_EN_V11,Qwen2-VL-7B_Biased_Test,2003509,vcf_only,vcf_only,A,A,1.0,0,1,0.0,0.929539938543821,C,C,C,A,3,3,1,centermask,centermask,A,A,A,0,0,MCQ,grec_hard_composition_gate,GroundedResidualEnergyCompositionHard,true_mcq_grec_hard,,
MMBench_DEV_EN_V11,Qwen2-VL-7B_Biased_Test,2003735,vcf_only,vcf_only,A,A,1.0,0,1,0.0,0.21072466096658693,C,C,C,A,3,3,1,gray,gray,A,A,A,0,0,MCQ,grec_hard_composition_gate,GroundedResidualEnergyCompositionHard,true_mcq_grec_hard,,
MMBench_DEV_EN_V11,Qwen2-VL-7B_Biased_Test,2001195,vcf_only,both,B,C,0.0,1,1,0.06693956670400658,1.0,B,B,D,B,1,4,0,strongblur,centermask,B,B,B,1,0,MCQ,grec_hard_composition_gate,GroundedResidualEnergyCompositionHard,true_mcq_grec_hard,,
MMBench_DEV_EN_V11,Qwen2-VL-7B_Biased_Test,2001200,both,tcf_only,A,A,1.0,1,0,0.45421448211933796,0.0,A,A,A,B,1,4,1,strongblur,centermask,A,A,A,0,0,MCQ,grec_hard_composition_gate,GroundedResidualEnergyCompositionHard,true_mcq_grec_hard,,
MMBench_DEV_EN_V11,Qwen2-VL-7B_Biased_Test,2001210,both,both,C,C,1.0,1,1,1.0,0.380394806563832,C,D,A,C,3,4,0,gray,gray,C,C,C,1,0,MCQ,grec_hard_composition_gate,GroundedResidualEnergyCompositionHard,true_mcq_grec_hard,,
MMBench_DEV_EN_V11,Qwen2-VL-7B_Biased_Test,2001216,vcf_only,vcf_only,B,B,1.0,0,1,0.0,0.9782629887153788,B,D,D,B,4,4,0,centermask,centermask,B,B,B,1,0,MCQ,grec_hard_composition_gate,GroundedResidualEnergyCompositionHard,true_mcq_grec_hard,,
MMBench_DEV_EN_V11,Qwen2-VL-7B_Biased_Test,2001219,vcf_only,both,B,C,0.0,1,1,0.45421448211933796,0.38206497989232596,B,B,D,B,1,4,0,strongblur,gray,B,B,B,1,0,MCQ,grec_hard_composition_gate,GroundedResidualEnergyCompositionHard,true_mcq_grec_hard,,
MMBench_DEV_EN_V11,Qwen2-VL-7B_Biased_Test,2001229,both,both,C,C,1.0,1,1,0.4884648721133382,0.9415902392279855,C,C,C,C,1,4,0,strongblur,strongblur,C,C,C,1,0,MCQ,grec_hard_composition_gate,GroundedResidualEnergyCompositionHard,true_mcq_grec_hard,,
MMBench_DEV_EN_V11,Qwen2-VL-7B_Biased_Test,2002555,vcf_only,vcf_only,C,B,0.0,0,1,0.0,0.38206497989232596,B,B,B,C,4,4,1,strongblur,gray,C,C,C,0,0,MCQ,grec_hard_composition_gate,GroundedResidualEnergyCompositionHard,true_mcq_grec_hard,,
MMBench_DEV_EN_V11,Qwen2-VL-7B_Biased_Test,2002573,vcf_only,vcf_only,C,B,0.0,0,1,0.0,1.0,A,A,A,A,4,4,1,strongblur,gray,C,C,C,1,0,MCQ,grec_hard_composition_gate,GroundedResidualEnergyCompositionHard,true_mcq_grec_hard,,
MMBench_DEV_EN_V11,Qwen2-VL-7B_Biased_Test,2000335,vcf_only,both,B,D,0.0,1,1,0.08654110718844583,0.4984632841771439,B,C,C,C,3,4,1,gray,gray,C,B,B,0,1,MCQ,grec_hard_composition_gate,GroundedResidualEnergyCompositionHard,true_mcq_grec_hard,,
MMBench_DEV_EN_V11,Qwen2-VL-7B_Biased_Test,2000337,vcf_only,both,B,A,0.0,1,1,0.09583898223673348,0.36888408439499637,B,B,B,B,1,4,0,gray,gray,B,B,B,1,0,MCQ,grec_hard_composition_gate,GroundedResidualEnergyCompositionHard,true_mcq_grec_hard,,
MMBench_DEV_EN_V11,Qwen2-VL-7B_Biased_Test,2000339,tcf_only,tcf_only,A,B,0.0,1,0,0.0750241134627684,0.0,A,A,A,A,1,4,0,centermask,centermask,A,A,A,1,0,MCQ,grec_hard_composition_gate,GroundedResidualEnergyCompositionHard,true_mcq_grec_hard,,
MMBench_DEV_EN_V11,Qwen2-VL-7B_Biased_Test,2000465,both,both,C,D,0.0,1,1,0.45421448211933796,0.9631449685042561,C,C,B,C,2,4,0,strongblur,strongblur,C,C,C,1,0,MCQ,grec_hard_composition_gate,GroundedResidualEnergyCompositionHard,true_mcq_grec_hard,,
MMBench_DEV_EN_V11,Qwen2-VL-7B_Biased_Test,2000500,vcf_only,both,C,C,1.0,1,1,0.45421448211933796,0.3458264776952169,C,C,C,C,1,4,0,strongblur,strongblur,C,C,C,1,0,MCQ,grec_hard_composition_gate,GroundedResidualEnergyCompositionHard,true_mcq_grec_hard,,
MMBench_DEV_EN_V11,Qwen2-VL-7B_Biased_Test,2000507,both,both,B,C,0.0,1,1,0.4548897131830793,0.8031433273597164,B,B,B,A,2,4,0,strongblur,centermask,B,B,B,0,1,MCQ,grec_hard_composition_gate,GroundedResidualEnergyCompositionHard,true_mcq_grec_hard,,
MMBench_DEV_EN_V11,Qwen2-VL-7B_Biased_Test,2000526,vcf_only,vcf_only,D,C,0.0,0,1,0.0,1.0,D,D,D,D,4,4,0,centermask,centermask,D,D,D,1,0,MCQ,grec_hard_composition_gate,GroundedResidualEnergyCompositionHard,true_mcq_grec_hard,,
MMBench_DEV_EN_V11,Qwen2-VL-7B_Biased_Test,2000560,vcf_only,vcf_only,C,C,1.0,0,1,0.0,0.14118512621056525,A,C,A,C,4,4,1,strongblur,centermask,C,C,C,0,0,MCQ,grec_hard_composition_gate,GroundedResidualEnergyCompositionHard,true_mcq_grec_hard,,
MMBench_DEV_EN_V11,Qwen2-VL-7B_Biased_Test,2000588,tcf_only,tcf_only,A,A,1.0,1,0,1.0,0.0,A,A,A,A,1,4,0,centermask,centermask,A,A,A,1,0,MCQ,grec_hard_composition_gate,GroundedResidualEnergyCompositionHard,true_mcq_grec_hard,,
MMBench_DEV_EN_V11,Qwen2-VL-7B_Biased_Test,2000592,vcf_only,vcf_only,D,A,0.0,0,1,0.0,0.039112099288770866,A,D,D,D,4,4,1,centermask,centermask,D,D,D,0,0,MCQ,grec_hard_composition_gate,GroundedResidualEnergyCompositionHard,true_mcq_grec_hard,,
MMBench_DEV_EN_V11,Qwen2-VL-7B_Biased_Test,2000635,vcf_only,vcf_only,C,D,0.0,0,1,0.0,0.06935098576844524,A,A,A,A,4,4,1,strongblur,gray,C,C,C,1,0,MCQ,grec_hard_composition_gate,GroundedResidualEnergyCompositionHard,true_mcq_grec_hard,,
MMBench_DEV_EN_V11,Qwen2-VL-7B_Biased_Test,2000737,vcf_only,vcf_only,B,A,0.0,0,1,0.0,0.18803615649589459,B,B,B,B,4,4,0,centermask,centermask,B,B,B,1,0,MCQ,grec_hard_composition_gate,GroundedResidualEnergyCompositionHard,true_mcq_grec_hard,,
MMBench_DEV_EN_V11,Qwen2-VL-7B_Biased_Test,2000768,vcf_only,vcf_only,B,A,0.0,0,1,0.0,0.039227003184989784,C,C,C,B,4,4,1,strongblur,strongblur,B,B,B,0,0,MCQ,grec_hard_composition_gate,GroundedResidualEnergyCompositionHard,true_mcq_grec_hard,,
MMBench_DEV_EN_V11,Qwen2-VL-7B_Biased_Test,2000792,vcf_only,vcf_only,A,D,0.0,0,1,0.0,0.18061880617602913,A,C,C,A,4,4,0,strongblur,strongblur,A,A,A,1,0,MCQ,grec_hard_composition_gate,GroundedResidualEnergyCompositionHard,true_mcq_grec_hard,,
MMBench_DEV_EN_V11,Qwen2-VL-7B_Biased_Test,2000793,vcf_only,neither,D,C,0.0,0,0,0.0,0.0,D,D,D,D,4,4,0,centermask,centermask,D,D,D,1,0,MCQ,grec_hard_composition_gate,GroundedResidualEnergyCompositionHard,true_mcq_grec_hard,,
MMBench_DEV_EN_V11,Qwen2-VL-7B_Biased_Test,2000796,vcf_only,vcf_only,D,D,1.0,0,1,0.0,0.1505053219828413,B,D,B,D,4,4,1,gray,centermask,D,D,D,0,0,MCQ,grec_hard_composition_gate,GroundedResidualEnergyCompositionHard,true_mcq_grec_hard,,
MMBench_DEV_EN_V11,Qwen2-VL-7B_Biased_Test,2000826,vcf_only,vcf_only,A,A,1.0,0,1,0.0,0.8944155346156062,A,D,D,A,4,4,0,gray,gray,A,A,A,1,0,MCQ,grec_hard_composition_gate,GroundedResidualEnergyCompositionHard,true_mcq_grec_hard,,
MMBench_DEV_EN_V11,Qwen2-VL-7B_Biased_Test,2000892,both,both,B,B,1.0,1,1,1.0,1.0,B,B,B,B,1,4,0,centermask,centermask,B,B,B,1,0,MCQ,grec_hard_composition_gate,GroundedResidualEnergyCompositionHard,true_mcq_grec_hard,,
MMBench_DEV_EN_V11,Qwen2-VL-7B_Biased_Test,2001003,vcf_only,vcf_only,C,A,0.0,0,1,0.0,0.923900744104188,C,C,C,C,4,4,0,gray,gray,C,C,C,1,0,MCQ,grec_hard_composition_gate,GroundedResidualEnergyCompositionHard,true_mcq_grec_hard,,
MMBench_DEV_EN_V11,Qwen2-VL-7B_Biased_Test,2001013,tcf_only,tcf_only,B,C,0.0,1,0,1.0,0.0,B,C,B,C,1,4,0,gray,gray,B,B,B,0,0,MCQ,grec_hard_composition_gate,GroundedResidualEnergyCompositionHard,true_mcq_grec_hard,,
MMBench_DEV_EN_V11,Qwen2-VL-7B_Biased_Test,2001015,vcf_only,neither,D,B,0.0,0,0,0.0,0.0,D,B,D,B,4,4,1,centermask,centermask,D,D,D,0,0,MCQ,grec_hard_composition_gate,GroundedResidualEnergyCompositionHard,true_mcq_grec_hard,,
MMBench_DEV_EN_V11,Qwen2-VL-7B_Biased_Test,2001488,vcf_only,vcf_only,B,B,1.0,0,1,0.0,0.38206497989232596,B,B,C,B,4,4,0,centermask,centermask,B,B,B,1,0,MCQ,grec_hard_composition_gate,GroundedResidualEnergyCompositionHard,true_mcq_grec_hard,,
MMBench_DEV_EN_V11,Qwen2-VL-7B_Biased_Test,2001497,vcf_only,vcf_only,A,C,0.0,0,1,0.0,0.040153614139868475,A,A,A,A,4,4,0,gray,gray,A,A,A,1,0,MCQ,grec_hard_composition_gate,GroundedResidualEnergyCompositionHard,true_mcq_grec_hard,,
MMBench_DEV_EN_V11,Qwen2-VL-7B_Biased_Test,2001507,vcf_only,vcf_only,B,B,1.0,0,1,0.0,0.1611524165111948,A,A,A,A,4,4,1,gray,gray,B,B,B,1,0,MCQ,grec_hard_composition_gate,GroundedResidualEnergyCompositionHard,true_mcq_grec_hard,,
MMBench_DEV_EN_V11,Qwen2-VL-7B_Biased_Test,2001663,vcf_only,tcf_only,A,A,1.0,1,0,1.0,0.0,A,A,A,A,1,4,0,strongblur,centermask,A,A,A,1,0,MCQ,grec_hard_composition_gate,GroundedResidualEnergyCompositionHard,true_mcq_grec_hard,,
MMBench_DEV_EN_V11,Qwen2-VL-7B_Biased_Test,2001669,tcf_only,tcf_only,A,C,0.0,1,0,0.4592266808902009,0.0,A,A,A,A,2,4,0,centermask,centermask,A,A,A,1,0,MCQ,grec_hard_composition_gate,GroundedResidualEnergyCompositionHard,true_mcq_grec_hard,,
MMBench_DEV_EN_V11,Qwen2-VL-7B_Biased_Test,2001677,tcf_only,tcf_only,C,C,1.0,1,0,0.4971969190733106,0.0,C,C,C,C,1,4,0,centermask,centermask,C,C,C,1,0,MCQ,grec_hard_composition_gate,GroundedResidualEnergyCompositionHard,true_mcq_grec_hard,,
MMBench_DEV_EN_V11,Qwen2-VL-7B_Biased_Test,2001688,vcf_only,vcf_only,C,B,0.0,0,1,0.0,0.18085160493222782,B,C,C,C,4,4,1,gray,gray,C,C,C,0,0,MCQ,grec_hard_composition_gate,GroundedResidualEnergyCompositionHard,true_mcq_grec_hard,,
MMBench_DEV_EN_V11,Qwen2-VL-7B_Biased_Test,2001729,vcf_only,vcf_only,A,A,1.0,0,1,0.0,0.34199810481659915,A,A,A,A,4,4,0,centermask,centermask,A,A,A,1,0,MCQ,grec_hard_composition_gate,GroundedResidualEnergyCompositionHard,true_mcq_grec_hard,,
MMBench_DEV_EN_V11,Qwen2-VL-7B_Biased_Test,2001774,tcf_only,tcf_only,D,B,0.0,1,0,1.0,0.0,D,B,B,B,1,4,0,centermask,centermask,D,D,D,0,0,MCQ,grec_hard_composition_gate,GroundedResidualEnergyCompositionHard,true_mcq_grec_hard,,
MMBench_DEV_EN_V11,Qwen2-VL-7B_Biased_Test,2001843,vcf_only,vcf_only,B,B,1.0,0,1,0.0,0.5560694176223643,B,A,A,A,4,4,0,gray,gray,B,B,B,0,0,MCQ,grec_hard_composition_gate,GroundedResidualEnergyCompositionHard,true_mcq_grec_hard,,
MMBench_DEV_EN_V11,Qwen2-VL-7B_Biased_Test,2001849,vcf_only,vcf_only,B,B,1.0,0,1,0.0,0.6767586803058238,C,C,C,B,4,4,1,centermask,centermask,B,B,B,0,0,MCQ,grec_hard_composition_gate,GroundedResidualEnergyCompositionHard,true_mcq_grec_hard,,
MMBench_DEV_EN_V11,Qwen2-VL-7B_Biased_Test,2001851,vcf_only,vcf_only,C,C,1.0,0,1,0.0,0.44052945378124597,B,B,B,C,4,4,1,gray,gray,C,C,C,0,0,MCQ,grec_hard_composition_gate,GroundedResidualEnergyCompositionHard,true_mcq_grec_hard,,
MMBench_DEV_EN_V11,Qwen2-VL-7B_Biased_Test,2001854,vcf_only,vcf_only,B,A,0.0,0,1,0.0,0.03893227833348014,B,B,B,B,4,4,0,centermask,centermask,B,B,B,1,0,MCQ,grec_hard_composition_gate,GroundedResidualEnergyCompositionHard,true_mcq_grec_hard,,
MMBench_DEV_EN_V11,Qwen2-VL-7B_Biased_Test,2001867,vcf_only,both,C,B,0.0,1,1,0.03797388960893882,0.785569672877573,C,A,A,A,3,4,1,centermask,centermask,A,C,C,0,1,MCQ,grec_hard_composition_gate,GroundedResidualEnergyCompositionHard,true_mcq_grec_hard,,
MMBench_DEV_EN_V11,Qwen2-VL-7B_Biased_Test,2001878,vcf_only,vcf_only,B,B,1.0,0,1,0.0,0.4386996774125468,A,A,A,B,4,4,1,centermask,centermask,B,B,B,0,0,MCQ,grec_hard_composition_gate,GroundedResidualEnergyCompositionHard,true_mcq_grec_hard,,
MMBench_DEV_EN_V11,Qwen2-VL-7B_Biased_Test,2001879,vcf_only,vcf_only,B,B,1.0,0,1,0.0,0.9702659992900574,D,A,A,B,4,4,1,strongblur,gray,B,B,B,0,0,MCQ,grec_hard_composition_gate,GroundedResidualEnergyCompositionHard,true_mcq_grec_hard,,
MMBench_DEV_EN_V11,Qwen2-VL-7B_Biased_Test,2001888,vcf_only,both,C,B,0.0,1,1,0.02281938598724373,0.16806897157333403,C,C,C,C,1,4,0,centermask,centermask,C,C,C,1,0,MCQ,grec_hard_composition_gate,GroundedResidualEnergyCompositionHard,true_mcq_grec_hard,,
MMBench_DEV_EN_V11,Qwen2-VL-7B_Biased_Test,2001950,tcf_only,vcf_only,B,C,0.0,0,1,0.0,0.38206497989232596,B,B,B,B,4,4,0,centermask,centermask,B,B,B,1,0,MCQ,grec_hard_composition_gate,GroundedResidualEnergyCompositionHard,true_mcq_grec_hard,,
MMBench_DEV_EN_V11,Qwen2-VL-7B_Biased_Test,2001956,vcf_only,vcf_only,D,D,1.0,0,1,0.0,0.2578894727626294,D,C,C,D,4,4,0,centermask,centermask,D,D,D,1,0,MCQ,grec_hard_composition_gate,GroundedResidualEnergyCompositionHard,true_mcq_grec_hard,,
MMBench_DEV_EN_V11,Qwen2-VL-7B_Biased_Test,2001965,vcf_only,vcf_only,D,D,1.0,0,1,0.0,0.6004597165390835,D,D,C,D,4,4,0,centermask,centermask,D,D,D,1,0,MCQ,grec_hard_composition_gate,GroundedResidualEnergyCompositionHard,true_mcq_grec_hard,,
MMBench_DEV_EN_V11,Qwen2-VL-7B_Biased_Test,2002404,vcf_only,vcf_only,D,C,0.0,0,1,0.0,0.1851892334449355,A,D,A,D,4,4,1,centermask,centermask,D,D,D,0,0,MCQ,grec_hard_composition_gate,GroundedResidualEnergyCompositionHard,true_mcq_grec_hard,,
MMBench_DEV_EN_V11,Qwen2-VL-7B_Biased_Test,2002624,vcf_only,vcf_only,B,A,0.0,0,1,0.0,0.38206497989232596,B,B,C,B,4,4,0,strongblur,centermask,B,B,B,1,0,MCQ,grec_hard_composition_gate,GroundedResidualEnergyCompositionHard,true_mcq_grec_hard,,
MMBench_DEV_EN_V11,Qwen2-VL-7B_Biased_Test,2003068,vcf_only,vcf_only,C,C,1.0,0,1,0.0,0.9573762281057921,C,C,C,C,4,4,0,strongblur,strongblur,C,C,C,1,0,MCQ,grec_hard_composition_gate,GroundedResidualEnergyCompositionHard,true_mcq_grec_hard,,
MMBench_DEV_EN_V11,Qwen2-VL-7B_Biased_Test,2003091,both,both,D,B,0.0,1,1,0.021481908952609038,0.38206497989232596,D,A,A,D,3,4,0,strongblur,centermask,D,D,D,1,0,MCQ,grec_hard_composition_gate,GroundedResidualEnergyCompositionHard,true_mcq_grec_hard,,
MMBench_DEV_EN_V11,Qwen2-VL-7B_Biased_Test,2003204,vcf_only,both,C,C,1.0,1,1,0.11736996153377798,0.9311030302606852,C,C,C,D,1,4,1,strongblur,gray,B,C,C,0,1,MCQ,grec_hard_composition_gate,GroundedResidualEnergyCompositionHard,true_mcq_grec_hard,,
MMBench_DEV_EN_V11,Qwen2-VL-7B_Biased_Test,2003222,vcf_only,vcf_only,A,C,0.0,0,1,0.0,0.2723111925864966,C,C,C,A,4,4,1,strongblur,centermask,A,A,A,0,0,MCQ,grec_hard_composition_gate,GroundedResidualEnergyCompositionHard,true_mcq_grec_hard,,
MMBench_DEV_EN_V11,Qwen2-VL-7B_Biased_Test,2003225,vcf_only,vcf_only,B,D,0.0,0,1,0.0,0.015275064501359539,B,B,B,B,4,4,0,gray,gray,B,B,B,1,0,MCQ,grec_hard_composition_gate,GroundedResidualEnergyCompositionHard,true_mcq_grec_hard,,
MMBench_DEV_EN_V11,Qwen2-VL-7B_Biased_Test,2003354,vcf_only,vcf_only,C,C,1.0,0,1,0.0,0.721653297097509,D,D,D,D,4,4,1,gray,gray,C,C,C,1,0,MCQ,grec_hard_composition_gate,GroundedResidualEnergyCompositionHard,true_mcq_grec_hard,,
MMBench_DEV_EN_V11,Qwen2-VL-7B_Biased_Test,2003359,vcf_only,vcf_only,C,B,0.0,0,1,0.0,0.7617801453788758,C,C,C,C,4,4,0,gray,gray,C,C,C,1,0,MCQ,grec_hard_composition_gate,GroundedResidualEnergyCompositionHard,true_mcq_grec_hard,,
MMBench_DEV_EN_V11,Qwen2-VL-7B_Biased_Test,2003375,tcf_only,tcf_only,A,C,0.0,1,0,0.45421448211933796,0.0,A,A,C,C,1,4,1,strongblur,centermask,A,A,A,0,0,MCQ,grec_hard_composition_gate,GroundedResidualEnergyCompositionHard,true_mcq_grec_hard,,
MMBench_DEV_EN_V11,Qwen2-VL-7B_Biased_Test,2003392,vcf_only,vcf_only,D,D,1.0,0,1,0.0,0.6868636661422833,C,C,C,D,4,4,1,gray,centermask,D,D,D,0,0,MCQ,grec_hard_composition_gate,GroundedResidualEnergyCompositionHard,true_mcq_grec_hard,,
MMBench_DEV_EN_V11,Qwen2-VL-7B_Biased_Test,2003396,both,vcf_only,B,C,0.0,0,1,0.0,0.9316111588959117,C,B,C,B,4,4,1,centermask,centermask,B,B,B,0,0,MCQ,grec_hard_composition_gate,GroundedResidualEnergyCompositionHard,true_mcq_grec_hard,,
MMBench_DEV_EN_V11,Qwen2-VL-7B_Biased_Test,2003417,vcf_only,vcf_only,D,D,1.0,0,1,0.0,0.6104908329435587,B,B,B,D,4,4,1,centermask,centermask,D,D,D,0,0,MCQ,grec_hard_composition_gate,GroundedResidualEnergyCompositionHard,true_mcq_grec_hard,,
MMBench_DEV_EN_V11,Qwen2-VL-7B_Biased_Test,2003427,vcf_only,vcf_only,C,C,1.0,0,1,0.0,0.3783976311537744,B,B,B,C,4,4,1,centermask,centermask,C,C,C,0,0,MCQ,grec_hard_composition_gate,GroundedResidualEnergyCompositionHard,true_mcq_grec_hard,,
MMBench_DEV_EN_V11,Qwen2-VL-7B_Biased_Test,2003467,vcf_only,vcf_only,A,A,1.0,0,1,0.0,0.7404996389022169,B,B,B,A,4,4,1,centermask,centermask,A,A,A,0,0,MCQ,grec_hard_composition_gate,GroundedResidualEnergyCompositionHard,true_mcq_grec_hard,,
MMBench_DEV_EN_V11,Qwen2-VL-7B_Biased_Test,2003498,vcf_only,vcf_only,B,D,0.0,0,1,0.0,1.0,C,B,B,B,4,4,1,centermask,centermask,B,B,B,0,0,MCQ,grec_hard_composition_gate,GroundedResidualEnergyCompositionHard,true_mcq_grec_hard,,
MMBench_DEV_EN_V11,Qwen2-VL-7B_Biased_Test,2003598,vcf_only,vcf_only,A,B,0.0,0,1,0.0,0.4726912076098748,A,A,A,A,4,4,0,centermask,centermask,A,A,A,1,0,MCQ,grec_hard_composition_gate,GroundedResidualEnergyCompositionHard,true_mcq_grec_hard,,
MMBench_DEV_EN_V11,Qwen2-VL-7B_Biased_Test,2003619,tcf_only,both,D,D,1.0,1,1,0.45421448211933796,0.9626320265433956,D,D,D,D,3,4,0,centermask,centermask,D,D,D,1,0,MCQ,grec_hard_composition_gate,GroundedResidualEnergyCompositionHard,true_mcq_grec_hard,,
MMBench_DEV_EN_V11,Qwen2-VL-7B_Biased_Test,2003626,vcf_only,vcf_only,A,D,0.0,0,1,0.0,0.3801891255142602,D,C,C,D,4,4,1,gray,centermask,A,A,A,1,0,MCQ,grec_hard_composition_gate,GroundedResidualEnergyCompositionHard,true_mcq_grec_hard,,
MMBench_DEV_EN_V11,Qwen2-VL-7B_Biased_Test,2003632,vcf_only,both,A,A,1.0,1,1,0.45421448211933796,0.2935505311498401,A,A,A,A,3,4,0,strongblur,strongblur,A,A,A,1,0,MCQ,grec_hard_composition_gate,GroundedResidualEnergyCompositionHard,true_mcq_grec_hard,,
MMBench_DEV_EN_V11,Qwen2-VL-7B_Biased_Test,2003650,vcf_only,vcf_only,B,B,1.0,0,1,0.0,0.5095293988135453,A,A,A,B,4,4,1,gray,centermask,B,B,B,0,0,MCQ,grec_hard_composition_gate,GroundedResidualEnergyCompositionHard,true_mcq_grec_hard,,
MMBench_DEV_EN_V11,Qwen2-VL-7B_Biased_Test,2003708,tcf_only,both,B,A,0.0,1,1,0.5069783897120306,0.38206497989232596,B,C,C,C,1,4,1,gray,centermask,C,B,B,0,1,MCQ,grec_hard_composition_gate,GroundedResidualEnergyCompositionHard,true_mcq_grec_hard,,
MMBench_DEV_EN_V11,Qwen2-VL-7B_Biased_Test,2003744,tcf_only,tcf_only,B,B,1.0,1,0,1.0,0.0,B,B,B,B,1,4,0,centermask,centermask,B,B,B,1,0,MCQ,grec_hard_composition_gate,GroundedResidualEnergyCompositionHard,true_mcq_grec_hard,,
MMBench_DEV_EN_V11,Qwen2-VL-7B_Biased_Test,2003750,vcf_only,neither,A,D,0.0,0,0,0.0,0.0,A,A,A,A,4,4,0,gray,gray,A,A,A,1,0,MCQ,grec_hard_composition_gate,GroundedResidualEnergyCompositionHard,true_mcq_grec_hard,,
MMBench_DEV_EN_V11,Qwen2-VL-7B_Biased_Test,3000018,vcf_only,vcf_only,C,A,0.0,0,1,0.0,1.0,A,D,D,D,4,4,1,centermask,centermask,C,C,C,0,0,MCQ,grec_hard_composition_gate,GroundedResidualEnergyCompositionHard,true_mcq_grec_hard,,
MMBench_DEV_EN_V11,Qwen2-VL-7B_Biased_Test,3000126,both,both,A,A,1.0,1,1,1.0,1.0,A,A,A,D,1,4,0,strongblur,centermask,A,A,A,0,1,MCQ,grec_hard_composition_gate,GroundedResidualEnergyCompositionHard,true_mcq_grec_hard,,
MMBench_DEV_EN_V11,Qwen2-VL-7B_Biased_Test,3000465,vcf_only,both,C,A,0.0,1,1,0.19997862745809356,0.8595268415203451,C,C,C,C,2,4,0,strongblur,strongblur,C,C,C,1,0,MCQ,grec_hard_composition_gate,GroundedResidualEnergyCompositionHard,true_mcq_grec_hard,,
MMBench_DEV_EN_V11,Qwen2-VL-7B_Biased_Test,3000505,vcf_only,vcf_only,D,D,1.0,0,1,0.0,0.38206497989232596,D,D,D,D,4,4,0,centermask,centermask,D,D,D,1,0,MCQ,grec_hard_composition_gate,GroundedResidualEnergyCompositionHard,true_mcq_grec_hard,,
MMBench_DEV_EN_V11,Qwen2-VL-7B_Biased_Test,3000526,vcf_only,vcf_only,A,D,0.0,0,1,0.0,1.0,D,C,C,A,4,4,1,centermask,centermask,A,A,A,0,0,MCQ,grec_hard_composition_gate,GroundedResidualEnergyCompositionHard,true_mcq_grec_hard,,
MMBench_DEV_EN_V11,Qwen2-VL-7B_Biased_Test,3000535,vcf_only,vcf_only,A,C,0.0,0,1,0.0,0.22816349057155583,D,D,D,A,4,4,1,gray,gray,A,A,A,0,0,MCQ,grec_hard_composition_gate,GroundedResidualEnergyCompositionHard,true_mcq_grec_hard,,
MMBench_DEV_EN_V11,Qwen2-VL-7B_Biased_Test,3000560,vcf_only,vcf_only,D,D,1.0,0,1,0.0,0.10959314180983111,B,D,D,D,4,4,1,strongblur,centermask,D,D,D,0,0,MCQ,grec_hard_composition_gate,GroundedResidualEnergyCompositionHard,true_mcq_grec_hard,,
MMBench_DEV_EN_V11,Qwen2-VL-7B_Biased_Test,3000582,vcf_only,neither,D,B,0.0,0,0,0.0,0.0,D,B,D,B,4,4,1,centermask,centermask,D,D,D,0,0,MCQ,grec_hard_composition_gate,GroundedResidualEnergyCompositionHard,true_mcq_grec_hard,,
MMBench_DEV_EN_V11,Qwen2-VL-7B_Biased_Test,3000589,both,neither,B,C,0.0,0,0,0.0,0.0,B,B,D,A,4,4,1,strongblur,centermask,B,B,B,0,0,MCQ,grec_hard_composition_gate,GroundedResidualEnergyCompositionHard,true_mcq_grec_hard,,
MMBench_DEV_EN_V11,Qwen2-VL-7B_Biased_Test,3000635,vcf_only,vcf_only,D,A,0.0,0,1,0.0,0.029424930252158234,B,B,B,D,4,4,1,strongblur,gray,D,D,D,0,0,MCQ,grec_hard_composition_gate,GroundedResidualEnergyCompositionHard,true_mcq_grec_hard,,
MMBench_DEV_EN_V11,Qwen2-VL-7B_Biased_Test,3000647,tcf_only,tcf_only,D,B,0.0,1,0,1.0,0.0,D,D,D,D,1,4,0,centermask,centermask,D,D,D,1,0,MCQ,grec_hard_composition_gate,GroundedResidualEnergyCompositionHard,true_mcq_grec_hard,,
MMBench_DEV_EN_V11,Qwen2-VL-7B_Biased_Test,3000773,vcf_only,vcf_only,C,C,1.0,0,1,0.0,0.7047336135547954,B,D,D,C,4,4,1,strongblur,strongblur,C,C,C,0,0,MCQ,grec_hard_composition_gate,GroundedResidualEnergyCompositionHard,true_mcq_grec_hard,,
MMBench_DEV_EN_V11,Qwen2-VL-7B_Biased_Test,3000785,vcf_only,vcf_only,A,A,1.0,0,1,0.0,0.437362748691452,D,D,D,D,4,4,1,centermask,centermask,A,A,A,1,0,MCQ,grec_hard_composition_gate,GroundedResidualEnergyCompositionHard,true_mcq_grec_hard,,
MMBench_DEV_EN_V11,Qwen2-VL-7B_Biased_Test,3000788,vcf_only,neither,C,B,0.0,0,0,0.0,0.0,C,C,C,B,4,4,1,gray,gray,C,C,C,0,0,MCQ,grec_hard_composition_gate,GroundedResidualEnergyCompositionHard,true_mcq_grec_hard,,
MMBench_DEV_EN_V11,Qwen2-VL-7B_Biased_Test,3000799,vcf_only,vcf_only,A,A,1.0,0,1,0.0,1.0,C,A,D,A,4,4,1,centermask,centermask,A,A,A,0,0,MCQ,grec_hard_composition_gate,GroundedResidualEnergyCompositionHard,true_mcq_grec_hard,,
MMBench_DEV_EN_V11,Qwen2-VL-7B_Biased_Test,3000805,vcf_only,vcf_only,B,A,0.0,0,1,0.0,0.6025303777723776,B,B,D,B,4,4,0,strongblur,strongblur,B,B,B,1,0,MCQ,grec_hard_composition_gate,GroundedResidualEnergyCompositionHard,true_mcq_grec_hard,,
MMBench_DEV_EN_V11,Qwen2-VL-7B_Biased_Test,3000825,vcf_only,vcf_only,C,D,0.0,0,1,0.0,0.7866846605794351,D,C,D,C,4,4,1,gray,gray,C,C,C,0,0,MCQ,grec_hard_composition_gate,GroundedResidualEnergyCompositionHard,true_mcq_grec_hard,,
MMBench_DEV_EN_V11,Qwen2-VL-7B_Biased_Test,3000866,vcf_only,vcf_only,C,D,0.0,0,1,0.0,0.913308966899405,C,B,B,C,4,4,0,centermask,centermask,C,C,C,1,0,MCQ,grec_hard_composition_gate,GroundedResidualEnergyCompositionHard,true_mcq_grec_hard,,
MMBench_DEV_EN_V11,Qwen2-VL-7B_Biased_Test,3000892,vcf_only,vcf_only,C,C,1.0,0,1,0.0,0.8897191779571861,D,D,D,C,4,4,1,centermask,centermask,C,C,C,0,0,MCQ,grec_hard_composition_gate,GroundedResidualEnergyCompositionHard,true_mcq_grec_hard,,
MMBench_DEV_EN_V11,Qwen2-VL-7B_Biased_Test,3000961,vcf_only,vcf_only,A,A,1.0,0,1,0.0,0.01627435961621296,B,B,B,A,4,4,1,gray,gray,A,A,A,0,0,MCQ,grec_hard_composition_gate,GroundedResidualEnergyCompositionHard,true_mcq_grec_hard,,
MMBench_DEV_EN_V11,Qwen2-VL-7B_Biased_Test,3001003,vcf_only,vcf_only,D,B,0.0,0,1,0.0,0.9115737486695675,D,D,D,D,4,4,0,gray,gray,D,D,D,1,0,MCQ,grec_hard_composition_gate,GroundedResidualEnergyCompositionHard,true_mcq_grec_hard,,
MMBench_DEV_EN_V11,Qwen2-VL-7B_Biased_Test,3001083,vcf_only,both,B,B,1.0,1,1,0.0231687408956564,0.38206497989232596,B,D,A,D,1,4,0,centermask,centermask,B,B,B,0,1,MCQ,grec_hard_composition_gate,GroundedResidualEnergyCompositionHard,true_mcq_grec_hard,,
MMBench_DEV_EN_V11,Qwen2-VL-7B_Biased_Test,3001488,tcf_only,tcf_only,D,C,0.0,1,0,1.0,0.0,C,C,C,C,2,4,0,centermask,centermask,D,D,D,1,0,MCQ,grec_hard_composition_gate,GroundedResidualEnergyCompositionHard,true_mcq_grec_hard,,
MMBench_DEV_EN_V11,Qwen2-VL-7B_Biased_Test,3001659,vcf_only,vcf_only,B,A,0.0,0,1,0.0,0.7636959162733857,D,D,D,D,4,4,1,gray,gray,B,B,B,1,0,MCQ,grec_hard_composition_gate,GroundedResidualEnergyCompositionHard,true_mcq_grec_hard,,
MMBench_DEV_EN_V11,Qwen2-VL-7B_Biased_Test,3001774,tcf_only,both,D,C,0.0,1,1,0.4569350956989452,0.8437239134138449,D,C,C,C,3,4,0,centermask,centermask,D,D,D,0,1,MCQ,grec_hard_composition_gate,GroundedResidualEnergyCompositionHard,true_mcq_grec_hard,,
MMBench_DEV_EN_V11,Qwen2-VL-7B_Biased_Test,3001847,vcf_only,vcf_only,D,C,0.0,0,1,0.0,0.4988417484186443,B,B,B,B,4,4,1,gray,gray,D,D,D,1,0,MCQ,grec_hard_composition_gate,GroundedResidualEnergyCompositionHard,true_mcq_grec_hard,,
MMBench_DEV_EN_V11,Qwen2-VL-7B_Biased_Test,3001849,vcf_only,vcf_only,C,C,1.0,0,1,0.0,0.6854126430137563,D,C,C,C,4,4,1,centermask,centermask,C,C,C,0,0,MCQ,grec_hard_composition_gate,GroundedResidualEnergyCompositionHard,true_mcq_grec_hard,,
MMBench_DEV_EN_V11,Qwen2-VL-7B_Biased_Test,3001851,vcf_only,vcf_only,D,D,1.0,0,1,0.0,0.4987545964365022,C,C,C,C,4,4,1,gray,gray,D,D,D,1,0,MCQ,grec_hard_composition_gate,GroundedResidualEnergyCompositionHard,true_mcq_grec_hard,,
MMBench_DEV_EN_V11,Qwen2-VL-7B_Biased_Test,3001854,vcf_only,vcf_only,C,B,0.0,0,1,0.0,0.3346544326814121,C,C,C,C,4,4,0,centermask,centermask,C,C,C,1,0,MCQ,grec_hard_composition_gate,GroundedResidualEnergyCompositionHard,true_mcq_grec_hard,,
MMBench_DEV_EN_V11,Qwen2-VL-7B_Biased_Test,3001863,vcf_only,vcf_only,D,D,1.0,0,1,0.0,0.38206497989232596,C,C,C,D,4,4,1,gray,gray,D,D,D,0,0,MCQ,grec_hard_composition_gate,GroundedResidualEnergyCompositionHard,true_mcq_grec_hard,,
MMBench_DEV_EN_V11,Qwen2-VL-7B_Biased_Test,3001867,both,both,B,C,0.0,1,1,0.48814860932863047,0.7985925338519311,B,B,B,C,1,4,0,strongblur,gray,B,B,B,0,1,MCQ,grec_hard_composition_gate,GroundedResidualEnergyCompositionHard,true_mcq_grec_hard,,
MMBench_DEV_EN_V11,Qwen2-VL-7B_Biased_Test,3001875,vcf_only,vcf_only,C,B,0.0,0,1,0.0,0.980612450705431,B,B,B,A,4,4,1,strongblur,gray,C,C,C,0,0,MCQ,grec_hard_composition_gate,GroundedResidualEnergyCompositionHard,true_mcq_grec_hard,,
MMBench_DEV_EN_V11,Qwen2-VL-7B_Biased_Test,3001878,vcf_only,vcf_only,C,C,1.0,0,1,0.0,0.3113499638933749,C,C,C,C,4,4,0,centermask,centermask,C,C,C,1,0,MCQ,grec_hard_composition_gate,GroundedResidualEnergyCompositionHard,true_mcq_grec_hard,,
MMBench_DEV_EN_V11,Qwen2-VL-7B_Biased_Test,3001879,vcf_only,vcf_only,A,C,0.0,0,1,0.0,0.7166382259179164,B,B,B,B,4,4,1,gray,gray,A,A,A,1,0,MCQ,grec_hard_composition_gate,GroundedResidualEnergyCompositionHard,true_mcq_grec_hard,,
MMBench_DEV_EN_V11,Qwen2-VL-7B_Biased_Test,3001953,vcf_only,vcf_only,A,A,1.0,0,1,0.0,0.2379099324702556,C,D,C,D,4,4,1,gray,gray,A,A,A,0,0,MCQ,grec_hard_composition_gate,GroundedResidualEnergyCompositionHard,true_mcq_grec_hard,,
MMBench_DEV_EN_V11,Qwen2-VL-7B_Biased_Test,3001956,vcf_only,vcf_only,A,A,1.0,0,1,0.0,0.14238662166921753,A,D,D,A,4,4,0,gray,centermask,A,A,A,1,0,MCQ,grec_hard_composition_gate,GroundedResidualEnergyCompositionHard,true_mcq_grec_hard,,
MMBench_DEV_EN_V11,Qwen2-VL-7B_Biased_Test,3001962,tcf_only,tcf_only,B,C,0.0,1,0,0.4723357247200532,0.0,B,B,B,B,1,4,0,gray,centermask,B,B,B,1,0,MCQ,grec_hard_composition_gate,GroundedResidualEnergyCompositionHard,true_mcq_grec_hard,,
MMBench_DEV_EN_V11,Qwen2-VL-7B_Biased_Test,3001965,vcf_only,vcf_only,C,A,0.0,0,1,0.0,0.12107434213852605,A,D,D,C,4,4,1,gray,gray,C,C,C,0,0,MCQ,grec_hard_composition_gate,GroundedResidualEnergyCompositionHard,true_mcq_grec_hard,,
MMBench_DEV_EN_V11,Qwen2-VL-7B_Biased_Test,3001979,vcf_only,both,A,A,1.0,1,1,0.04253827410430765,0.38206497989232596,A,A,A,A,1,4,0,centermask,centermask,A,A,A,1,0,MCQ,grec_hard_composition_gate,GroundedResidualEnergyCompositionHard,true_mcq_grec_hard,,
MMBench_DEV_EN_V11,Qwen2-VL-7B_Biased_Test,3002624,both,both,B,B,1.0,1,1,1.0,0.38206497989232596,B,B,B,B,1,4,0,strongblur,centermask,B,B,B,1,0,MCQ,grec_hard_composition_gate,GroundedResidualEnergyCompositionHard,true_mcq_grec_hard,,
MMBench_DEV_EN_V11,Qwen2-VL-7B_Biased_Test,3002946,both,neither,A,A,1.0,0,0,0.0,0.0,A,A,A,A,4,4,0,centermask,centermask,A,A,A,1,0,MCQ,grec_hard_composition_gate,GroundedResidualEnergyCompositionHard,true_mcq_grec_hard,,
MMBench_DEV_EN_V11,Qwen2-VL-7B_Biased_Test,3003068,vcf_only,vcf_only,D,D,1.0,0,1,0.0,0.7553839335819954,C,D,C,D,4,4,1,strongblur,strongblur,D,D,D,0,0,MCQ,grec_hard_composition_gate,GroundedResidualEnergyCompositionHard,true_mcq_grec_hard,,
MMBench_DEV_EN_V11,Qwen2-VL-7B_Biased_Test,3003119,vcf_only,vcf_only,C,C,1.0,0,1,0.0,0.6050481250997674,D,D,D,C,4,4,1,strongblur,strongblur,C,C,C,0,0,MCQ,grec_hard_composition_gate,GroundedResidualEnergyCompositionHard,true_mcq_grec_hard,,
MMBench_DEV_EN_V11,Qwen2-VL-7B_Biased_Test,3003164,tcf_only,tcf_only,C,D,0.0,1,0,0.4792684446920136,0.0,C,C,D,C,1,4,0,centermask,centermask,C,C,C,1,0,MCQ,grec_hard_composition_gate,GroundedResidualEnergyCompositionHard,true_mcq_grec_hard,,
MMBench_DEV_EN_V11,Qwen2-VL-7B_Biased_Test,3003202,vcf_only,vcf_only,A,A,1.0,0,1,0.0,0.38206497989232596,D,D,D,D,4,4,1,gray,centermask,A,A,A,1,0,MCQ,grec_hard_composition_gate,GroundedResidualEnergyCompositionHard,true_mcq_grec_hard,,
MMBench_DEV_EN_V11,Qwen2-VL-7B_Biased_Test,3003211,vcf_only,vcf_only,B,A,0.0,0,1,0.0,0.38206497989232596,A,A,A,B,4,4,1,strongblur,centermask,B,B,B,0,0,MCQ,grec_hard_composition_gate,GroundedResidualEnergyCompositionHard,true_mcq_grec_hard,,
MMBench_DEV_EN_V11,Qwen2-VL-7B_Biased_Test,3003225,vcf_only,vcf_only,A,A,1.0,0,1,0.0,0.5188879187369726,C,C,C,A,4,4,1,gray,gray,A,A,A,0,0,MCQ,grec_hard_composition_gate,GroundedResidualEnergyCompositionHard,true_mcq_grec_hard,,
MMBench_DEV_EN_V11,Qwen2-VL-7B_Biased_Test,3003226,tcf_only,vcf_only,C,B,0.0,0,1,0.0,0.38206497989232596,C,C,B,C,4,4,0,centermask,centermask,C,C,C,1,0,MCQ,grec_hard_composition_gate,GroundedResidualEnergyCompositionHard,true_mcq_grec_hard,,
MMBench_DEV_EN_V11,Qwen2-VL-7B_Biased_Test,3003379,vcf_only,vcf_only,A,A,1.0,0,1,0.0,0.9652346385553863,A,A,C,A,4,4,0,strongblur,strongblur,A,A,A,1,0,MCQ,grec_hard_composition_gate,GroundedResidualEnergyCompositionHard,true_mcq_grec_hard,,
MMBench_DEV_EN_V11,Qwen2-VL-7B_Biased_Test,3003394,vcf_only,vcf_only,A,B,0.0,0,1,0.0,0.12469272119864093,C,C,C,C,4,4,1,centermask,centermask,A,A,A,1,0,MCQ,grec_hard_composition_gate,GroundedResidualEnergyCompositionHard,true_mcq_grec_hard,,
MMBench_DEV_EN_V11,Qwen2-VL-7B_Biased_Test,3003396,vcf_only,vcf_only,B,D,0.0,0,1,0.0,0.49862002516946463,C,C,C,C,4,4,1,gray,gray,B,B,B,1,0,MCQ,grec_hard_composition_gate,GroundedResidualEnergyCompositionHard,true_mcq_grec_hard,,
MMBench_DEV_EN_V11,Qwen2-VL-7B_Biased_Test,3003417,vcf_only,vcf_only,A,A,1.0,0,1,0.0,0.5702122880663426,C,C,C,A,4,4,1,centermask,centermask,A,A,A,0,0,MCQ,grec_hard_composition_gate,GroundedResidualEnergyCompositionHard,true_mcq_grec_hard,,
MMBench_DEV_EN_V11,Qwen2-VL-7B_Biased_Test,3003427,vcf_only,vcf_only,B,D,0.0,0,1,0.0,0.8042710010916821,D,D,D,D,4,4,1,centermask,centermask,B,B,B,1,0,MCQ,grec_hard_composition_gate,GroundedResidualEnergyCompositionHard,true_mcq_grec_hard,,
MMBench_DEV_EN_V11,Qwen2-VL-7B_Biased_Test,3003467,vcf_only,vcf_only,B,B,1.0,0,1,0.0,0.676376933230825,C,C,C,B,4,4,1,centermask,centermask,B,B,B,0,0,MCQ,grec_hard_composition_gate,GroundedResidualEnergyCompositionHard,true_mcq_grec_hard,,
MMBench_DEV_EN_V11,Qwen2-VL-7B_Biased_Test,3003498,vcf_only,vcf_only,C,A,0.0,0,1,0.0,1.0,D,C,C,C,4,4,1,gray,gray,C,C,C,0,0,MCQ,grec_hard_composition_gate,GroundedResidualEnergyCompositionHard,true_mcq_grec_hard,,
MMBench_DEV_EN_V11,Qwen2-VL-7B_Biased_Test,3003598,vcf_only,vcf_only,B,C,0.0,0,1,0.0,0.45922191167456095,B,B,B,B,4,4,0,gray,gray,B,B,B,1,0,MCQ,grec_hard_composition_gate,GroundedResidualEnergyCompositionHard,true_mcq_grec_hard,,
MMBench_DEV_EN_V11,Qwen2-VL-7B_Biased_Test,3003603,vcf_only,vcf_only,D,D,1.0,0,1,0.0,0.15460298083770788,B,B,B,D,4,4,1,gray,gray,D,D,D,0,0,MCQ,grec_hard_composition_gate,GroundedResidualEnergyCompositionHard,true_mcq_grec_hard,,
MMBench_DEV_EN_V11,Qwen2-VL-7B_Biased_Test,3003611,vcf_only,vcf_only,D,C,0.0,0,1,0.0,0.7709118886083156,A,A,A,D,4,4,1,gray,gray,D,D,D,0,0,MCQ,grec_hard_composition_gate,GroundedResidualEnergyCompositionHard,true_mcq_grec_hard,,
MMBench_DEV_EN_V11,Qwen2-VL-7B_Biased_Test,3003625,tcf_only,tcf_only,A,A,1.0,1,0,0.4542800499262536,0.0,A,A,A,A,2,4,0,gray,gray,A,A,A,1,0,MCQ,grec_hard_composition_gate,GroundedResidualEnergyCompositionHard,true_mcq_grec_hard,,
MMBench_DEV_EN_V11,Qwen2-VL-7B_Biased_Test,3003626,vcf_only,both,A,A,1.0,1,1,0.00727665308477092,0.7905823864480896,A,D,D,D,3,4,1,gray,gray,D,A,A,0,1,MCQ,grec_hard_composition_gate,GroundedResidualEnergyCompositionHard,true_mcq_grec_hard,,
MMBench_DEV_EN_V11,Qwen2-VL-7B_Biased_Test,3003631,vcf_only,vcf_only,A,A,1.0,0,1,0.0,0.1016516711562396,B,B,B,A,4,4,1,gray,gray,A,A,A,0,0,MCQ,grec_hard_composition_gate,GroundedResidualEnergyCompositionHard,true_mcq_grec_hard,,
MMBench_DEV_EN_V11,Qwen2-VL-7B_Biased_Test,3003639,vcf_only,vcf_only,C,D,0.0,0,1,0.0,0.14356442356414012,B,B,B,C,4,4,1,centermask,centermask,C,C,C,0,0,MCQ,grec_hard_composition_gate,GroundedResidualEnergyCompositionHard,true_mcq_grec_hard,,
MMBench_DEV_EN_V11,Qwen2-VL-7B_Biased_Test,3003641,vcf_only,vcf_only,B,D,0.0,0,1,0.0,0.2938343592296595,B,B,B,B,4,4,0,centermask,centermask,B,B,B,1,0,MCQ,grec_hard_composition_gate,GroundedResidualEnergyCompositionHard,true_mcq_grec_hard,,
MMBench_DEV_EN_V11,Qwen2-VL-7B_Biased_Test,3003653,tcf_only,neither,A,A,1.0,0,0,0.0,0.0,A,A,A,A,4,4,0,strongblur,strongblur,A,A,A,1,0,MCQ,grec_hard_composition_gate,GroundedResidualEnergyCompositionHard,true_mcq_grec_hard,,
MMBench_DEV_EN_V11,Qwen2-VL-7B_Biased_Test,3003658,vcf_only,vcf_only,A,C,0.0,0,1,0.0,0.17597548379705152,B,B,B,A,4,4,1,centermask,centermask,A,A,A,0,0,MCQ,grec_hard_composition_gate,GroundedResidualEnergyCompositionHard,true_mcq_grec_hard,,
MME,Qwen2-VL-7B_Biased_Test,1,tcf_only,both,Yes,No,0.0,,,1.0,1.0,,,,,,,,,,,,,,,Oth,grec_energy_no_base,GREC-Energy,true_oth_candidate_grec,1.0,0.5
MME,Qwen2-VL-7B_Biased_Test,33,tcf_only,both,Yes,No,0.0,,,0.5,1.0,,,,,,,,,,,,,,,Oth,grec_energy_no_base,GREC-Energy,true_oth_candidate_grec,1.0,0.0
MME,Qwen2-VL-7B_Biased_Test,49,both,both,Yes,No,0.0,,,0.5,0.5,,,,,,,,,,,,,,,Oth,grec_energy_no_base,GREC-Energy,true_oth_candidate_grec,0.0,0.0
MME,Qwen2-VL-7B_Biased_Test,51,tcf_only,both,Yes,No,0.0,,,0.5,1.0,,,,,,,,,,,,,,,Oth,grec_energy_no_base,GREC-Energy,true_oth_candidate_grec,1.0,0.0
MME,Qwen2-VL-7B_Biased_Test,53,vcf_only,vcf_only,Yes,No,0.0,,,0.0,0.5,,,,,,,,,,,,,,,Oth,grec_energy_no_base,GREC-Energy,true_oth_candidate_grec,0.0,0.0
MME,Qwen2-VL-7B_Biased_Test,59,both,both,No,No,1.0,,,0.5,1.0,,,,,,,,,,,,,,,Oth,grec_energy_no_base,GREC-Energy,true_oth_candidate_grec,0.0,0.0
MME,Qwen2-VL-7B_Biased_Test,64,tcf_only,both,Yes,Yes,1.0,,,0.5,0.5,,,,,,,,,,,,,,,Oth,grec_energy_no_base,GREC-Energy,true_oth_candidate_grec,1.0,0.0
MME,Qwen2-VL-7B_Biased_Test,71,vcf_only,vcf_only,Yes,No,0.0,,,0.0,0.5,,,,,,,,,,,,,,,Oth,grec_energy_no_base,GREC-Energy,true_oth_candidate_grec,0.0,0.0
MME,Qwen2-VL-7B_Biased_Test,76,tcf_only,both,Yes,Yes,1.0,,,0.5,0.5,,,,,,,,,,,,,,,Oth,grec_energy_no_base,GREC-Energy,true_oth_candidate_grec,0.0,0.0
MME,Qwen2-VL-7B_Biased_Test,78,both,vcf_only,No,Yes,0.0,,,0.0,1.0,,,,,,,,,,,,,,,Oth,grec_energy_no_base,GREC-Energy,true_oth_candidate_grec,0.0,0.5
MME,Qwen2-VL-7B_Biased_Test,84,tcf_only,both,Yes,Yes,1.0,,,0.5,0.5,,,,,,,,,,,,,,,Oth,grec_energy_no_base,GREC-Energy,true_oth_candidate_grec,1.0,0.0
MME,Qwen2-VL-7B_Biased_Test,94,both,both,Yes,Yes,1.0,,,0.5,1.0,,,,,,,,,,,,,,,Oth,grec_energy_no_base,GREC-Energy,true_oth_candidate_grec,0.0,0.0
MME,Qwen2-VL-7B_Biased_Test,109,both,both,Yes,No,0.0,,,0.5,0.5,,,,,,,,,,,,,,,Oth,grec_energy_no_base,GREC-Energy,true_oth_candidate_grec,0.0,0.0
MME,Qwen2-VL-7B_Biased_Test,112,tcf_only,both,Yes,Yes,1.0,,,0.5,0.5,,,,,,,,,,,,,,,Oth,grec_energy_no_base,GREC-Energy,true_oth_candidate_grec,1.0,0.0
MME,Qwen2-VL-7B_Biased_Test,114,both,vcf_only,Yes,Yes,1.0,,,0.0,1.0,,,,,,,,,,,,,,,Oth,grec_energy_no_base,GREC-Energy,true_oth_candidate_grec,0.0,0.5
MME,Qwen2-VL-7B_Biased_Test,128,tcf_only,neither,,Yes,0.0,,,0.0,0.0,,,,,,,,,,,,,,,Oth,stable_preserve,Stable-PreserveOriginal,stable_preserve,0.0,0.5
MME,Qwen2-VL-7B_Biased_Test,139,vcf_only,vcf_only,No,No,1.0,,,0.0,1.0,,,,,,,,,,,,,,,Oth,grec_energy_no_base,GREC-Energy,true_oth_candidate_grec,0.0,0.5
MME,Qwen2-VL-7B_Biased_Test,147,tcf_only,tcf_only,Yes,No,0.0,,,0.5,0.0,,,,,,,,,,,,,,,Oth,tc_grounding_energy,TCGroundingEnergy,tc_grounding_energy,0.0,0.0
MME,Qwen2-VL-7B_Biased_Test,161,both,both,Yes,No,0.0,,,0.5,0.5,,,,,,,,,,,,,,,Oth,grec_energy_no_base,GREC-Energy,true_oth_candidate_grec,0.0,0.0
MME,Qwen2-VL-7B_Biased_Test,183,tcf_only,both,Yes,No,0.0,,,1.0,1.0,,,,,,,,,,,,,,,Oth,grec_energy_no_base,GREC-Energy,true_oth_candidate_grec,1.0,0.5
MME,Qwen2-VL-7B_Biased_Test,196,both,vcf_only,Yes,Yes,1.0,,,0.0,1.0,,,,,,,,,,,,,,,Oth,grec_energy_no_base,GREC-Energy,true_oth_candidate_grec,0.0,0.5
MME,Qwen2-VL-7B_Biased_Test,202,both,vcf_only,Yes,Yes,1.0,,,0.0,0.5,,,,,,,,,,,,,,,Oth,grec_energy_no_base,GREC-Energy,true_oth_candidate_grec,0.0,0.0
MME,Qwen2-VL-7B_Biased_Test,203,both,both,Yes,No,0.0,,,0.5,0.5,,,,,,,,,,,,,,,Oth,grec_energy_no_base,GREC-Energy,true_oth_candidate_grec,0.0,0.0
MME,Qwen2-VL-7B_Biased_Test,206,both,vcf_only,No,Yes,0.0,,,0.0,1.0,,,,,,,,,,,,,,,Oth,grec_energy_no_base,GREC-Energy,true_oth_candidate_grec,0.0,0.5
MME,Qwen2-VL-7B_Biased_Test,211,both,both,No,No,1.0,,,0.5,0.5,,,,,,,,,,,,,,,Oth,grec_energy_no_base,GREC-Energy,true_oth_candidate_grec,0.0,0.0
MME,Qwen2-VL-7B_Biased_Test,224,both,vcf_only,No,Yes,0.0,,,0.0,1.0,,,,,,,,,,,,,,,Oth,grec_energy_no_base,GREC-Energy,true_oth_candidate_grec,0.0,0.5
MME,Qwen2-VL-7B_Biased_Test,228,both,vcf_only,Yes,Yes,1.0,,,0.0,1.0,,,,,,,,,,,,,,,Oth,grec_energy_no_base,GREC-Energy,true_oth_candidate_grec,0.0,0.5
MME,Qwen2-VL-7B_Biased_Test,234,both,vcf_only,Yes,Yes,1.0,,,0.0,1.0,,,,,,,,,,,,,,,Oth,grec_energy_no_base,GREC-Energy,true_oth_candidate_grec,0.0,0.5
MME,Qwen2-VL-7B_Biased_Test,244,both,vcf_only,Yes,Yes,1.0,,,0.0,1.0,,,,,,,,,,,,,,,Oth,grec_energy_no_base,GREC-Energy,true_oth_candidate_grec,0.0,0.5
MME,Qwen2-VL-7B_Biased_Test,249,vcf_only,vcf_only,No,No,1.0,,,0.0,1.0,,,,,,,,,,,,,,,Oth,grec_energy_no_base,GREC-Energy,true_oth_candidate_grec,0.0,0.5
MME,Qwen2-VL-7B_Biased_Test,273,vcf_only,vcf_only,No,No,1.0,,,0.0,1.0,,,,,,,,,,,,,,,Oth,grec_energy_no_base,GREC-Energy,true_oth_candidate_grec,0.0,0.5
MME,Qwen2-VL-7B_Biased_Test,283,both,both,Yes,No,0.0,,,0.5,0.5,,,,,,,,,,,,,,,Oth,grec_energy_no_base,GREC-Energy,true_oth_candidate_grec,0.0,0.0
MME,Qwen2-VL-7B_Biased_Test,284,both,vcf_only,No,Yes,0.0,,,0.0,0.5,,,,,,,,,,,,,,,Oth,grec_energy_no_base,GREC-Energy,true_oth_candidate_grec,0.0,0.0
MME,Qwen2-VL-7B_Biased_Test,286,tcf_only,tcf_only,Yes,Yes,1.0,,,0.5,0.0,,,,,,,,,,,,,,,Oth,tc_grounding_energy,TCGroundingEnergy,tc_grounding_energy,1.0,0.0
MME,Qwen2-VL-7B_Biased_Test,287,both,both,Yes,No,0.0,,,0.5,0.5,,,,,,,,,,,,,,,Oth,grec_energy_no_base,GREC-Energy,true_oth_candidate_grec,0.0,0.0
MME,Qwen2-VL-7B_Biased_Test,288,tcf_only,both,No,Yes,0.0,,,0.5,0.5,,,,,,,,,,,,,,,Oth,grec_energy_no_base,GREC-Energy,true_oth_candidate_grec,0.0,0.0
MME,Qwen2-VL-7B_Biased_Test,291,tcf_only,tcf_only,Yes,No,0.0,,,1.0,0.0,,,,,,,,,,,,,,,Oth,tc_grounding_energy,TCGroundingEnergy,tc_grounding_energy,0.0,0.5
MME,Qwen2-VL-7B_Biased_Test,314,both,both,Yes,Yes,1.0,,,0.5,1.0,,,,,,,,,,,,,,,Oth,grec_energy_no_base,GREC-Energy,true_oth_candidate_grec,0.0,0.0
MME,Qwen2-VL-7B_Biased_Test,329,tcf_only,tcf_only,No,No,1.0,,,0.5,0.0,,,,,,,,,,,,,,,Oth,tc_grounding_energy,TCGroundingEnergy,tc_grounding_energy,1.0,0.0
MME,Qwen2-VL-7B_Biased_Test,338,tcf_only,both,Yes,Yes,1.0,,,0.5,0.5,,,,,,,,,,,,,,,Oth,grec_energy_no_base,GREC-Energy,true_oth_candidate_grec,1.0,0.0
MME,Qwen2-VL-7B_Biased_Test,339,both,both,Yes,No,0.0,,,0.5,0.5,,,,,,,,,,,,,,,Oth,grec_energy_no_base,GREC-Energy,true_oth_candidate_grec,0.0,0.0
MME,Qwen2-VL-7B_Biased_Test,347,vcf_only,vcf_only,No,No,1.0,,,0.0,1.0,,,,,,,,,,,,,,,Oth,grec_energy_no_base,GREC-Energy,true_oth_candidate_grec,0.0,0.5
MME,Qwen2-VL-7B_Biased_Test,352,tcf_only,both,Yes,Yes,1.0,,,0.5,0.5,,,,,,,,,,,,,,,Oth,grec_energy_no_base,GREC-Energy,true_oth_candidate_grec,0.0,0.0
MME,Qwen2-VL-7B_Biased_Test,363,vcf_only,vcf_only,Yes,No,0.0,,,0.0,0.5,,,,,,,,,,,,,,,Oth,grec_energy_no_base,GREC-Energy,true_oth_candidate_grec,0.0,0.0
MME,Qwen2-VL-7B_Biased_Test,372,tcf_only,tcf_only,Yes,Yes,1.0,,,0.5,0.0,,,,,,,,,,,,,,,Oth,tc_grounding_energy,TCGroundingEnergy,tc_grounding_energy,1.0,0.0
MME,Qwen2-VL-7B_Biased_Test,373,vcf_only,vcf_only,Yes,No,0.0,,,0.0,0.5,,,,,,,,,,,,,,,Oth,grec_energy_no_base,GREC-Energy,true_oth_candidate_grec,0.0,0.0
MME,Qwen2-VL-7B_Biased_Test,376,tcf_only,both,Yes,Yes,1.0,,,0.5,0.5,,,,,,,,,,,,,,,Oth,grec_energy_no_base,GREC-Energy,true_oth_candidate_grec,1.0,0.0
MME,Qwen2-VL-7B_Biased_Test,382,both,vcf_only,Yes,Yes,1.0,,,0.0,1.0,,,,,,,,,,,,,,,Oth,grec_energy_no_base,GREC-Energy,true_oth_candidate_grec,0.0,0.5
MME,Qwen2-VL-7B_Biased_Test,394,both,vcf_only,No,Yes,0.0,,,0.0,0.5,,,,,,,,,,,,,,,Oth,grec_energy_no_base,GREC-Energy,true_oth_candidate_grec,0.0,0.0
MME,Qwen2-VL-7B_Biased_Test,396,both,vcf_only,No,Yes,0.0,,,0.0,1.0,,,,,,,,,,,,,,,Oth,grec_energy_no_base,GREC-Energy,true_oth_candidate_grec,0.0,0.5
MME,Qwen2-VL-7B_Biased_Test,397,vcf_only,vcf_only,Yes,No,0.0,,,0.0,1.0,,,,,,,,,,,,,,,Oth,grec_energy_no_base,GREC-Energy,true_oth_candidate_grec,0.0,0.5
MME,Qwen2-VL-7B_Biased_Test,402,both,both,Yes,Yes,1.0,,,0.5,1.0,,,,,,,,,,,,,,,Oth,grec_energy_no_base,GREC-Energy,true_oth_candidate_grec,0.0,0.0
MME,Qwen2-VL-7B_Biased_Test,403,vcf_only,vcf_only,No,No,1.0,,,0.0,0.5,,,,,,,,,,,,,,,Oth,grec_energy_no_base,GREC-Energy,true_oth_candidate_grec,0.0,0.0
MME,Qwen2-VL-7B_Biased_Test,419,both,both,Yes,No,0.0,,,0.5,0.5,,,,,,,,,,,,,,,Oth,grec_energy_no_base,GREC-Energy,true_oth_candidate_grec,0.0,0.0
MME,Qwen2-VL-7B_Biased_Test,422,tcf_only,both,Yes,Yes,1.0,,,0.5,0.5,,,,,,,,,,,,,,,Oth,grec_energy_no_base,GREC-Energy,true_oth_candidate_grec,1.0,0.0
MME,Qwen2-VL-7B_Biased_Test,427,vcf_only,vcf_only,Yes,No,0.0,,,0.0,0.5,,,,,,,,,,,,,,,Oth,grec_energy_no_base,GREC-Energy,true_oth_candidate_grec,0.0,0.0
MME,Qwen2-VL-7B_Biased_Test,428,tcf_only,tcf_only,Yes,Yes,1.0,,,0.5,0.0,,,,,,,,,,,,,,,Oth,tc_grounding_energy,TCGroundingEnergy,tc_grounding_energy,1.0,0.0
MME,Qwen2-VL-7B_Biased_Test,429,tcf_only,tcf_only,Yes,No,0.0,,,0.5,0.0,,,,,,,,,,,,,,,Oth,tc_grounding_energy,TCGroundingEnergy,tc_grounding_energy,0.0,0.0
MME,Qwen2-VL-7B_Biased_Test,431,tcf_only,both,Yes,No,0.0,,,0.5,0.5,,,,,,,,,,,,,,,Oth,grec_energy_no_base,GREC-Energy,true_oth_candidate_grec,1.0,0.0
MME,Qwen2-VL-7B_Biased_Test,441,vcf_only,vcf_only,Yes,No,0.0,,,0.0,0.5,,,,,,,,,,,,,,,Oth,grec_energy_no_base,GREC-Energy,true_oth_candidate_grec,0.0,0.0
MME,Qwen2-VL-7B_Biased_Test,447,vcf_only,vcf_only,Yes,No,0.0,,,0.0,0.5,,,,,,,,,,,,,,,Oth,grec_energy_no_base,GREC-Energy,true_oth_candidate_grec,0.0,0.0
MME,Qwen2-VL-7B_Biased_Test,449,both,both,Yes,No,0.0,,,0.5,0.5,,,,,,,,,,,,,,,Oth,grec_energy_no_base,GREC-Energy,true_oth_candidate_grec,0.0,0.0
MME,Qwen2-VL-7B_Biased_Test,461,both,both,Yes,No,0.0,,,0.5,0.5,,,,,,,,,,,,,,,Oth,grec_energy_no_base,GREC-Energy,true_oth_candidate_grec,1.0,0.0
MME,Qwen2-VL-7B_Biased_Test,473,both,both,Yes,No,0.0,,,0.5,0.5,,,,,,,,,,,,,,,Oth,grec_energy_no_base,GREC-Energy,true_oth_candidate_grec,0.0,0.0
MME,Qwen2-VL-7B_Biased_Test,474,both,both,No,Yes,0.0,,,0.5,0.5,,,,,,,,,,,,,,,Oth,grec_energy_no_base,GREC-Energy,true_oth_candidate_grec,0.0,0.0
MME,Qwen2-VL-7B_Biased_Test,481,vcf_only,vcf_only,Yes,No,0.0,,,0.0,0.5,,,,,,,,,,,,,,,Oth,grec_energy_no_base,GREC-Energy,true_oth_candidate_grec,0.0,0.0
MME,Qwen2-VL-7B_Biased_Test,487,both,both,Yes,No,0.0,,,0.5,0.5,,,,,,,,,,,,,,,Oth,grec_energy_no_base,GREC-Energy,true_oth_candidate_grec,0.0,0.0
MME,Qwen2-VL-7B_Biased_Test,488,tcf_only,both,No,Yes,0.0,,,0.5,0.5,,,,,,,,,,,,,,,Oth,grec_energy_no_base,GREC-Energy,true_oth_candidate_grec,1.0,0.0
MME,Qwen2-VL-7B_Biased_Test,491,vcf_only,vcf_only,Yes,No,0.0,,,0.0,0.5,,,,,,,,,,,,,,,Oth,grec_energy_no_base,GREC-Energy,true_oth_candidate_grec,0.0,0.0
MME,Qwen2-VL-7B_Biased_Test,503,both,both,Yes,No,0.0,,,0.5,0.5,,,,,,,,,,,,,,,Oth,grec_energy_no_base,GREC-Energy,true_oth_candidate_grec,0.0,0.0
MME,Qwen2-VL-7B_Biased_Test,519,vcf_only,vcf_only,Yes,No,0.0,,,0.0,0.5,,,,,,,,,,,,,,,Oth,grec_energy_no_base,GREC-Energy,true_oth_candidate_grec,0.0,0.0
MME,Qwen2-VL-7B_Biased_Test,529,vcf_only,vcf_only,Yes,No,0.0,,,0.0,0.5,,,,,,,,,,,,,,,Oth,grec_energy_no_base,GREC-Energy,true_oth_candidate_grec,0.0,0.0
MME,Qwen2-VL-7B_Biased_Test,533,tcf_only,tcf_only,Yes,No,0.0,,,0.5,0.0,,,,,,,,,,,,,,,Oth,tc_grounding_energy,TCGroundingEnergy,tc_grounding_energy,0.0,0.0
MME,Qwen2-VL-7B_Biased_Test,549,vcf_only,vcf_only,Yes,No,0.0,,,0.0,0.5,,,,,,,,,,,,,,,Oth,grec_energy_no_base,GREC-Energy,true_oth_candidate_grec,0.0,0.0
MME,Qwen2-VL-7B_Biased_Test,559,vcf_only,vcf_only,Yes,No,0.0,,,0.0,0.5,,,,,,,,,,,,,,,Oth,grec_energy_no_base,GREC-Energy,true_oth_candidate_grec,0.0,0.0
MME,Qwen2-VL-7B_Biased_Test,562,tcf_only,both,No,Yes,0.0,,,0.5,0.5,,,,,,,,,,,,,,,Oth,grec_energy_no_base,GREC-Energy,true_oth_candidate_grec,1.0,0.0
MME,Qwen2-VL-7B_Biased_Test,572,tcf_only,both,No,Yes,0.0,,,1.0,0.5,,,,,,,,,,,,,,,Oth,grec_energy_no_base,GREC-Energy,true_oth_candidate_grec,0.0,0.0
MME,Qwen2-VL-7B_Biased_Test,584,tcf_only,both,Yes,Yes,1.0,,,0.5,0.5,,,,,,,,,,,,,,,Oth,grec_energy_no_base,GREC-Energy,true_oth_candidate_grec,1.0,0.0
MME,Qwen2-VL-7B_Biased_Test,587,vcf_only,vcf_only,Yes,No,0.0,,,0.0,0.5,,,,,,,,,,,,,,,Oth,grec_energy_no_base,GREC-Energy,true_oth_candidate_grec,0.0,0.0
MME,Qwen2-VL-7B_Biased_Test,593,both,both,Yes,No,0.0,,,0.5,0.5,,,,,,,,,,,,,,,Oth,grec_energy_no_base,GREC-Energy,true_oth_candidate_grec,1.0,0.0
MME,Qwen2-VL-7B_Biased_Test,601,vcf_only,vcf_only,Yes,No,0.0,,,0.0,0.5,,,,,,,,,,,,,,,Oth,grec_energy_no_base,GREC-Energy,true_oth_candidate_grec,0.0,0.0
MME,Qwen2-VL-7B_Biased_Test,611,tcf_only,both,No,No,1.0,,,0.5,0.5,,,,,,,,,,,,,,,Oth,grec_energy_no_base,GREC-Energy,true_oth_candidate_grec,1.0,0.0
MME,Qwen2-VL-7B_Biased_Test,617,tcf_only,both,Yes,No,0.0,,,0.5,0.5,,,,,,,,,,,,,,,Oth,grec_energy_no_base,GREC-Energy,true_oth_candidate_grec,1.0,0.0
MME,Qwen2-VL-7B_Biased_Test,621,vcf_only,vcf_only,Yes,No,0.0,,,0.0,0.5,,,,,,,,,,,,,,,Oth,grec_energy_no_base,GREC-Energy,true_oth_candidate_grec,0.0,0.0
MME,Qwen2-VL-7B_Biased_Test,623,vcf_only,vcf_only,Yes,No,0.0,,,0.0,0.5,,,,,,,,,,,,,,,Oth,grec_energy_no_base,GREC-Energy,true_oth_candidate_grec,0.0,0.0
MME,Qwen2-VL-7B_Biased_Test,629,vcf_only,vcf_only,Yes,No,0.0,,,0.0,0.5,,,,,,,,,,,,,,,Oth,grec_energy_no_base,GREC-Energy,true_oth_candidate_grec,0.0,0.0
MME,Qwen2-VL-7B_Biased_Test,632,both,vcf_only,Yes,Yes,1.0,,,0.0,0.5,,,,,,,,,,,,,,,Oth,grec_energy_no_base,GREC-Energy,true_oth_candidate_grec,0.0,0.0
MME,Qwen2-VL-7B_Biased_Test,637,vcf_only,vcf_only,Yes,No,0.0,,,0.0,0.5,,,,,,,,,,,,,,,Oth,grec_energy_no_base,GREC-Energy,true_oth_candidate_grec,0.0,0.0
MME,Qwen2-VL-7B_Biased_Test,639,vcf_only,vcf_only,Yes,No,0.0,,,0.0,0.5,,,,,,,,,,,,,,,Oth,grec_energy_no_base,GREC-Energy,true_oth_candidate_grec,0.0,0.0
MME,Qwen2-VL-7B_Biased_Test,649,vcf_only,vcf_only,Yes,No,0.0,,,0.0,0.5,,,,,,,,,,,,,,,Oth,grec_energy_no_base,GREC-Energy,true_oth_candidate_grec,0.0,0.0
MME,Qwen2-VL-7B_Biased_Test,651,vcf_only,vcf_only,Yes,No,0.0,,,0.0,0.5,,,,,,,,,,,,,,,Oth,grec_energy_no_base,GREC-Energy,true_oth_candidate_grec,0.0,0.0
MME,Qwen2-VL-7B_Biased_Test,661,vcf_only,vcf_only,Yes,No,0.0,,,0.0,0.5,,,,,,,,,,,,,,,Oth,grec_energy_no_base,GREC-Energy,true_oth_candidate_grec,0.0,0.0
MME,Qwen2-VL-7B_Biased_Test,663,both,both,Yes,No,0.0,,,0.5,0.5,,,,,,,,,,,,,,,Oth,grec_energy_no_base,GREC-Energy,true_oth_candidate_grec,1.0,0.0
MME,Qwen2-VL-7B_Biased_Test,664,tcf_only,both,No,Yes,0.0,,,0.5,0.5,,,,,,,,,,,,,,,Oth,grec_energy_no_base,GREC-Energy,true_oth_candidate_grec,1.0,0.0
MME,Qwen2-VL-7B_Biased_Test,668,vcf_only,vcf_only,No,Yes,0.0,,,0.0,0.5,,,,,,,,,,,,,,,Oth,grec_energy_no_base,GREC-Energy,true_oth_candidate_grec,0.0,0.0
MME,Qwen2-VL-7B_Biased_Test,692,both,vcf_only,No,Yes,0.0,,,0.0,0.5,,,,,,,,,,,,,,,Oth,grec_energy_no_base,GREC-Energy,true_oth_candidate_grec,0.0,0.0
MME,Qwen2-VL-7B_Biased_Test,697,vcf_only,vcf_only,Yes,No,0.0,,,0.0,0.5,,,,,,,,,,,,,,,Oth,grec_energy_no_base,GREC-Energy,true_oth_candidate_grec,0.0,0.0
MME,Qwen2-VL-7B_Biased_Test,699,vcf_only,vcf_only,Yes,No,0.0,,,0.0,0.5,,,,,,,,,,,,,,,Oth,grec_energy_no_base,GREC-Energy,true_oth_candidate_grec,0.0,0.0
MME,Qwen2-VL-7B_Biased_Test,702,both,vcf_only,No,Yes,0.0,,,0.0,0.5,,,,,,,,,,,,,,,Oth,grec_energy_no_base,GREC-Energy,true_oth_candidate_grec,0.0,0.0
MME,Qwen2-VL-7B_Biased_Test,707,both,both,No,No,1.0,,,0.5,0.5,,,,,,,,,,,,,,,Oth,grec_energy_no_base,GREC-Energy,true_oth_candidate_grec,0.0,0.0
MME,Qwen2-VL-7B_Biased_Test,709,both,both,Yes,No,0.0,,,0.5,0.5,,,,,,,,,,,,,,,Oth,grec_energy_no_base,GREC-Energy,true_oth_candidate_grec,0.0,0.0
MME,Qwen2-VL-7B_Biased_Test,741,vcf_only,vcf_only,Yes,No,0.0,,,0.0,0.5,,,,,,,,,,,,,,,Oth,grec_energy_no_base,GREC-Energy,true_oth_candidate_grec,0.0,0.0
MME,Qwen2-VL-7B_Biased_Test,742,both,vcf_only,Yes,Yes,1.0,,,0.0,0.5,,,,,,,,,,,,,,,Oth,grec_energy_no_base,GREC-Energy,true_oth_candidate_grec,0.0,0.0
MME,Qwen2-VL-7B_Biased_Test,751,vcf_only,vcf_only,Yes,No,0.0,,,0.0,0.5,,,,,,,,,,,,,,,Oth,grec_energy_no_base,GREC-Energy,true_oth_candidate_grec,0.0,0.0
MME,Qwen2-VL-7B_Biased_Test,759,vcf_only,vcf_only,Yes,No,0.0,,,0.0,0.5,,,,,,,,,,,,,,,Oth,grec_energy_no_base,GREC-Energy,true_oth_candidate_grec,0.0,0.0
MME,Qwen2-VL-7B_Biased_Test,767,vcf_only,vcf_only,Yes,No,0.0,,,0.0,0.5,,,,,,,,,,,,,,,Oth,grec_energy_no_base,GREC-Energy,true_oth_candidate_grec,0.0,0.0
MME,Qwen2-VL-7B_Biased_Test,768,both,vcf_only,Yes,Yes,1.0,,,0.0,0.5,,,,,,,,,,,,,,,Oth,grec_energy_no_base,GREC-Energy,true_oth_candidate_grec,0.0,0.0
MME,Qwen2-VL-7B_Biased_Test,773,vcf_only,vcf_only,Yes,No,0.0,,,0.0,0.5,,,,,,,,,,,,,,,Oth,grec_energy_no_base,GREC-Energy,true_oth_candidate_grec,0.0,0.0
MME,Qwen2-VL-7B_Biased_Test,787,tcf_only,both,Yes,No,0.0,,,0.5,1.0,,,,,,,,,,,,,,,Oth,grec_energy_no_base,GREC-Energy,true_oth_candidate_grec,1.0,0.0
MME,Qwen2-VL-7B_Biased_Test,818,vcf_only,vcf_only,No,Yes,0.0,,,0.0,1.0,,,,,,,,,,,,,,,Oth,grec_energy_no_base,GREC-Energy,true_oth_candidate_grec,0.0,0.5
MME,Qwen2-VL-7B_Biased_Test,821,tcf_only,tcf_only,Yes,No,0.0,,,0.5,0.0,,,,,,,,,,,,,,,Oth,tc_grounding_energy,TCGroundingEnergy,tc_grounding_energy,0.0,0.0
MME,Qwen2-VL-7B_Biased_Test,884,both,vcf_only,Yes,Yes,1.0,,,0.0,1.0,,,,,,,,,,,,,,,Oth,grec_energy_no_base,GREC-Energy,true_oth_candidate_grec,0.0,0.5
MME,Qwen2-VL-7B_Biased_Test,888,both,both,Yes,Yes,1.0,,,0.5,1.0,,,,,,,,,,,,,,,Oth,grec_energy_no_base,GREC-Energy,true_oth_candidate_grec,0.0,0.0
MME,Qwen2-VL-7B_Biased_Test,889,tcf_only,tcf_only,Yes,No,0.0,,,1.0,0.0,,,,,,,,,,,,,,,Oth,tc_grounding_energy,TCGroundingEnergy,tc_grounding_energy,1.0,0.5
MME,Qwen2-VL-7B_Biased_Test,892,tcf_only,tcf_only,Yes,Yes,1.0,,,1.0,0.0,,,,,,,,,,,,,,,Oth,tc_grounding_energy,TCGroundingEnergy,tc_grounding_energy,1.0,0.5
MME,Qwen2-VL-7B_Biased_Test,896,vcf_only,vcf_only,Yes,Yes,1.0,,,0.0,0.5,,,,,,,,,,,,,,,Oth,grec_energy_no_base,GREC-Energy,true_oth_candidate_grec,0.0,0.0
MME,Qwen2-VL-7B_Biased_Test,899,tcf_only,both,Yes,No,0.0,,,0.5,1.0,,,,,,,,,,,,,,,Oth,grec_energy_no_base,GREC-Energy,true_oth_candidate_grec,1.0,0.0
MME,Qwen2-VL-7B_Biased_Test,904,tcf_only,tcf_only,Yes,Yes,1.0,,,0.5,0.0,,,,,,,,,,,,,,,Oth,tc_grounding_energy,TCGroundingEnergy,tc_grounding_energy,1.0,0.0
MME,Qwen2-VL-7B_Biased_Test,919,tcf_only,tcf_only,No,No,1.0,,,0.5,0.0,,,,,,,,,,,,,,,Oth,tc_grounding_energy,TCGroundingEnergy,tc_grounding_energy,0.0,0.0
MME,Qwen2-VL-7B_Biased_Test,921,both,both,Yes,No,0.0,,,0.5,0.5,,,,,,,,,,,,,,,Oth,grec_energy_no_base,GREC-Energy,true_oth_candidate_grec,0.0,0.0
MME,Qwen2-VL-7B_Biased_Test,934,both,vcf_only,Yes,Yes,1.0,,,0.0,1.0,,,,,,,,,,,,,,,Oth,grec_energy_no_base,GREC-Energy,true_oth_candidate_grec,0.0,0.5
MME,Qwen2-VL-7B_Biased_Test,936,both,vcf_only,Yes,Yes,1.0,,,0.0,0.5,,,,,,,,,,,,,,,Oth,grec_energy_no_base,GREC-Energy,true_oth_candidate_grec,0.0,0.0
MME,Qwen2-VL-7B_Biased_Test,943,vcf_only,vcf_only,Yes,No,0.0,,,0.0,0.5,,,,,,,,,,,,,,,Oth,grec_energy_no_base,GREC-Energy,true_oth_candidate_grec,0.0,0.0
MME,Qwen2-VL-7B_Biased_Test,944,vcf_only,vcf_only,Yes,Yes,1.0,,,0.0,1.0,,,,,,,,,,,,,,,Oth,grec_energy_no_base,GREC-Energy,true_oth_candidate_grec,0.0,0.5
MME,Qwen2-VL-7B_Biased_Test,962,both,vcf_only,No,Yes,0.0,,,0.0,1.0,,,,,,,,,,,,,,,Oth,grec_energy_no_base,GREC-Energy,true_oth_candidate_grec,0.0,0.5
MME,Qwen2-VL-7B_Biased_Test,968,tcf_only,tcf_only,Yes,Yes,1.0,,,1.0,0.0,,,,,,,,,,,,,,,Oth,tc_grounding_energy,TCGroundingEnergy,tc_grounding_energy,1.0,0.5
MME,Qwen2-VL-7B_Biased_Test,976,tcf_only,both,Yes,Yes,1.0,,,0.5,1.0,,,,,,,,,,,,,,,Oth,grec_energy_no_base,GREC-Energy,true_oth_candidate_grec,1.0,0.0
MME,Qwen2-VL-7B_Biased_Test,982,tcf_only,tcf_only,Yes,Yes,1.0,,,0.5,0.0,,,,,,,,,,,,,,,Oth,tc_grounding_energy,TCGroundingEnergy,tc_grounding_energy,1.0,0.0
MME,Qwen2-VL-7B_Biased_Test,1011,both,both,No,No,1.0,,,0.5,0.5,,,,,,,,,,,,,,,Oth,grec_energy_no_base,GREC-Energy,true_oth_candidate_grec,1.0,0.0
MME,Qwen2-VL-7B_Biased_Test,1053,both,both,No,No,1.0,,,0.5,0.5,,,,,,,,,,,,,,,Oth,grec_energy_no_base,GREC-Energy,true_oth_candidate_grec,0.0,0.0
MME,Qwen2-VL-7B_Biased_Test,1054,tcf_only,both,No,Yes,0.0,,,0.5,1.0,,,,,,,,,,,,,,,Oth,grec_energy_no_base,GREC-Energy,true_oth_candidate_grec,1.0,0.0
MME,Qwen2-VL-7B_Biased_Test,1057,both,both,No,No,1.0,,,1.0,0.5,,,,,,,,,,,,,,,Oth,grec_energy_no_base,GREC-Energy,true_oth_candidate_grec,1.0,0.0
MME,Qwen2-VL-7B_Biased_Test,1094,tcf_only,tcf_only,Yes,Yes,1.0,,,0.5,0.0,,,,,,,,,,,,,,,Oth,tc_grounding_energy,TCGroundingEnergy,tc_grounding_energy,0.0,0.0
MME,Qwen2-VL-7B_Biased_Test,1104,tcf_only,tcf_only,Yes,Yes,1.0,,,0.5,0.0,,,,,,,,,,,,,,,Oth,tc_grounding_energy,TCGroundingEnergy,tc_grounding_energy,1.0,0.0
MME,Qwen2-VL-7B_Biased_Test,1144,vcf_only,vcf_only,Yes,Yes,1.0,,,0.0,0.5,,,,,,,,,,,,,,,Oth,grec_energy_no_base,GREC-Energy,true_oth_candidate_grec,0.0,0.0
MME,Qwen2-VL-7B_Biased_Test,1169,tcf_only,tcf_only,Yes,No,0.0,,,0.5,0.0,,,,,,,,,,,,,,,Oth,tc_grounding_energy,TCGroundingEnergy,tc_grounding_energy,0.0,0.0
MME,Qwen2-VL-7B_Biased_Test,1178,both,vcf_only,No,Yes,0.0,,,0.0,1.0,,,,,,,,,,,,,,,Oth,grec_energy_no_base,GREC-Energy,true_oth_candidate_grec,0.0,0.5
MME,Qwen2-VL-7B_Biased_Test,1204,tcf_only,tcf_only,Yes,Yes,1.0,,,0.5,0.0,,,,,,,,,,,,,,,Oth,tc_grounding_energy,TCGroundingEnergy,tc_grounding_energy,1.0,0.0
MME,Qwen2-VL-7B_Biased_Test,1253,tcf_only,tcf_only,Yes,No,0.0,,,1.0,0.0,,,,,,,,,,,,,,,Oth,tc_grounding_energy,TCGroundingEnergy,tc_grounding_energy,0.0,0.5
MME,Qwen2-VL-7B_Biased_Test,1272,both,vcf_only,Yes,Yes,1.0,,,0.0,1.0,,,,,,,,,,,,,,,Oth,grec_energy_no_base,GREC-Energy,true_oth_candidate_grec,0.0,0.5
MME,Qwen2-VL-7B_Biased_Test,1277,vcf_only,vcf_only,No,No,1.0,,,0.0,0.5,,,,,,,,,,,,,,,Oth,grec_energy_no_base,GREC-Energy,true_oth_candidate_grec,0.0,0.0
MME,Qwen2-VL-7B_Biased_Test,1286,tcf_only,tcf_only,Yes,Yes,1.0,,,0.5,0.0,,,,,,,,,,,,,,,Oth,tc_grounding_energy,TCGroundingEnergy,tc_grounding_energy,1.0,0.0
MME,Qwen2-VL-7B_Biased_Test,1352,tcf_only,tcf_only,Yes,Yes,1.0,,,1.0,0.0,,,,,,,,,,,,,,,Oth,tc_grounding_energy,TCGroundingEnergy,tc_grounding_energy,1.0,0.5
MME,Qwen2-VL-7B_Biased_Test,1369,tcf_only,both,Yes,No,0.0,,,0.5,1.0,,,,,,,,,,,,,,,Oth,grec_energy_no_base,GREC-Energy,true_oth_candidate_grec,1.0,0.0
MME,Qwen2-VL-7B_Biased_Test,1396,vcf_only,vcf_only,Yes,Yes,1.0,,,0.0,1.0,,,,,,,,,,,,,,,Oth,grec_energy_no_base,GREC-Energy,true_oth_candidate_grec,0.0,0.5
MME,Qwen2-VL-7B_Biased_Test,1447,tcf_only,both,Yes,No,0.0,,,0.5,1.0,,,,,,,,,,,,,,,Oth,grec_energy_no_base,GREC-Energy,true_oth_candidate_grec,1.0,0.0
MME,Qwen2-VL-7B_Biased_Test,1472,both,vcf_only,Yes,Yes,1.0,,,0.0,1.0,,,,,,,,,,,,,,,Oth,grec_energy_no_base,GREC-Energy,true_oth_candidate_grec,0.0,0.5
MME,Qwen2-VL-7B_Biased_Test,1488,tcf_only,tcf_only,Yes,Yes,1.0,,,0.5,0.0,,,,,,,,,,,,,,,Oth,tc_grounding_energy,TCGroundingEnergy,tc_grounding_energy,1.0,0.0
MME,Qwen2-VL-7B_Biased_Test,1493,tcf_only,tcf_only,Yes,No,0.0,,,0.5,0.0,,,,,,,,,,,,,,,Oth,tc_grounding_energy,TCGroundingEnergy,tc_grounding_energy,0.0,0.0
MME,Qwen2-VL-7B_Biased_Test,1527,vcf_only,vcf_only,No,No,1.0,,,0.0,0.5,,,,,,,,,,,,,,,Oth,grec_energy_no_base,GREC-Energy,true_oth_candidate_grec,0.0,0.0
MME,Qwen2-VL-7B_Biased_Test,1528,both,both,Yes,Yes,1.0,,,0.5,1.0,,,,,,,,,,,,,,,Oth,grec_energy_no_base,GREC-Energy,true_oth_candidate_grec,0.0,0.0
MME,Qwen2-VL-7B_Biased_Test,1547,vcf_only,vcf_only,Yes,No,0.0,,,0.0,0.5,,,,,,,,,,,,,,,Oth,grec_energy_no_base,GREC-Energy,true_oth_candidate_grec,0.0,0.0
MME,Qwen2-VL-7B_Biased_Test,1548,both,vcf_only,Yes,Yes,1.0,,,0.0,1.0,,,,,,,,,,,,,,,Oth,grec_energy_no_base,GREC-Energy,true_oth_candidate_grec,0.0,0.5
MME,Qwen2-VL-7B_Biased_Test,1553,vcf_only,vcf_only,Yes,No,0.0,,,0.0,0.5,,,,,,,,,,,,,,,Oth,grec_energy_no_base,GREC-Energy,true_oth_candidate_grec,0.0,0.0
MME,Qwen2-VL-7B_Biased_Test,1554,vcf_only,vcf_only,No,Yes,0.0,,,0.0,1.0,,,,,,,,,,,,,,,Oth,grec_energy_no_base,GREC-Energy,true_oth_candidate_grec,0.0,0.5
MME,Qwen2-VL-7B_Biased_Test,1563,tcf_only,both,No,No,1.0,,,0.5,1.0,,,,,,,,,,,,,,,Oth,grec_energy_no_base,GREC-Energy,true_oth_candidate_grec,1.0,0.0
MME,Qwen2-VL-7B_Biased_Test,1564,vcf_only,vcf_only,Yes,Yes,1.0,,,0.0,1.0,,,,,,,,,,,,,,,Oth,grec_energy_no_base,GREC-Energy,true_oth_candidate_grec,0.0,0.5
MME,Qwen2-VL-7B_Biased_Test,1574,tcf_only,tcf_only,Yes,Yes,1.0,,,0.5,0.0,,,,,,,,,,,,,,,Oth,tc_grounding_energy,TCGroundingEnergy,tc_grounding_energy,0.0,0.0
MME,Qwen2-VL-7B_Biased_Test,1577,tcf_only,both,No,No,1.0,,,0.5,1.0,,,,,,,,,,,,,,,Oth,grec_energy_no_base,GREC-Energy,true_oth_candidate_grec,1.0,0.0
MME,Qwen2-VL-7B_Biased_Test,1581,vcf_only,vcf_only,No,No,1.0,,,0.0,0.5,,,,,,,,,,,,,,,Oth,grec_energy_no_base,GREC-Energy,true_oth_candidate_grec,0.0,0.0
MME,Qwen2-VL-7B_Biased_Test,1583,tcf_only,both,No,No,1.0,,,0.5,0.5,,,,,,,,,,,,,,,Oth,grec_energy_no_base,GREC-Energy,true_oth_candidate_grec,1.0,0.0
MME,Qwen2-VL-7B_Biased_Test,1586,tcf_only,tcf_only,Yes,Yes,1.0,,,0.5,0.0,,,,,,,,,,,,,,,Oth,tc_grounding_energy,TCGroundingEnergy,tc_grounding_energy,1.0,0.0
MME,Qwen2-VL-7B_Biased_Test,1594,both,both,Yes,Yes,1.0,,,0.5,1.0,,,,,,,,,,,,,,,Oth,grec_energy_no_base,GREC-Energy,true_oth_candidate_grec,0.0,0.0
MME,Qwen2-VL-7B_Biased_Test,1601,vcf_only,vcf_only,Yes,No,0.0,,,0.0,1.0,,,,,,,,,,,,,,,Oth,grec_energy_no_base,GREC-Energy,true_oth_candidate_grec,0.0,0.5
MME,Qwen2-VL-7B_Biased_Test,1619,tcf_only,both,Yes,No,0.0,,,0.5,0.5,,,,,,,,,,,,,,,Oth,grec_energy_no_base,GREC-Energy,true_oth_candidate_grec,1.0,0.0
MME,Qwen2-VL-7B_Biased_Test,1637,vcf_only,vcf_only,No,No,1.0,,,0.0,0.5,,,,,,,,,,,,,,,Oth,grec_energy_no_base,GREC-Energy,true_oth_candidate_grec,0.0,0.0
MME,Qwen2-VL-7B_Biased_Test,1666,tcf_only,tcf_only,Yes,Yes,1.0,,,0.5,0.0,,,,,,,,,,,,,,,Oth,tc_grounding_energy,TCGroundingEnergy,tc_grounding_energy,1.0,0.0
MME,Qwen2-VL-7B_Biased_Test,1682,tcf_only,tcf_only,No,Yes,0.0,,,0.5,0.0,,,,,,,,,,,,,,,Oth,tc_grounding_energy,TCGroundingEnergy,tc_grounding_energy,1.0,0.0
MME,Qwen2-VL-7B_Biased_Test,1683,both,both,Yes,No,0.0,,,0.5,0.5,,,,,,,,,,,,,,,Oth,grec_energy_no_base,GREC-Energy,true_oth_candidate_grec,0.0,0.0
MME,Qwen2-VL-7B_Biased_Test,1692,tcf_only,neither,,Yes,0.0,,,0.0,0.0,,,,,,,,,,,,,,,Oth,stable_preserve,Stable-PreserveOriginal,stable_preserve,0.0,0.5
MME,Qwen2-VL-7B_Biased_Test,1701,vcf_only,vcf_only,Yes,No,0.0,,,0.0,0.5,,,,,,,,,,,,,,,Oth,grec_energy_no_base,GREC-Energy,true_oth_candidate_grec,0.0,0.0
MME,Qwen2-VL-7B_Biased_Test,1718,tcf_only,neither,,Yes,0.0,,,0.0,0.0,,,,,,,,,,,,,,,Oth,stable_preserve,Stable-PreserveOriginal,stable_preserve,0.0,0.5
MME,Qwen2-VL-7B_Biased_Test,1737,vcf_only,vcf_only,Yes,No,0.0,,,0.0,1.0,,,,,,,,,,,,,,,Oth,grec_energy_no_base,GREC-Energy,true_oth_candidate_grec,0.0,0.5
MME,Qwen2-VL-7B_Biased_Test,1738,tcf_only,neither,,Yes,0.0,,,0.0,0.0,,,,,,,,,,,,,,,Oth,stable_preserve,Stable-PreserveOriginal,stable_preserve,0.0,0.5
MME,Qwen2-VL-7B_Biased_Test,1739,both,both,No,No,1.0,,,0.5,1.0,,,,,,,,,,,,,,,Oth,grec_energy_no_base,GREC-Energy,true_oth_candidate_grec,0.0,0.0
MME,Qwen2-VL-7B_Biased_Test,1764,both,vcf_only,No,Yes,0.0,,,0.0,0.5,,,,,,,,,,,,,,,Oth,grec_energy_no_base,GREC-Energy,true_oth_candidate_grec,0.0,0.0
MME,Qwen2-VL-7B_Biased_Test,1774,tcf_only,both,No,Yes,0.0,,,0.5,0.5,,,,,,,,,,,,,,,Oth,grec_energy_no_base,GREC-Energy,true_oth_candidate_grec,1.0,0.0
MME,Qwen2-VL-7B_Biased_Test,1779,vcf_only,vcf_only,Yes,No,0.0,,,0.0,1.0,,,,,,,,,,,,,,,Oth,grec_energy_no_base,GREC-Energy,true_oth_candidate_grec,0.0,0.5
MME,Qwen2-VL-7B_Biased_Test,1783,vcf_only,vcf_only,No,No,1.0,,,0.0,1.0,,,,,,,,,,,,,,,Oth,grec_energy_no_base,GREC-Energy,true_oth_candidate_grec,0.0,0.5
MME,Qwen2-VL-7B_Biased_Test,1829,both,both,No,No,1.0,,,0.5,1.0,,,,,,,,,,,,,,,Oth,grec_energy_no_base,GREC-Energy,true_oth_candidate_grec,0.0,0.0
MME,Qwen2-VL-7B_Biased_Test,1868,both,vcf_only,No,Yes,0.0,,,0.0,1.0,,,,,,,,,,,,,,,Oth,grec_energy_no_base,GREC-Energy,true_oth_candidate_grec,0.0,0.5
MME,Qwen2-VL-7B_Biased_Test,1869,vcf_only,vcf_only,No,No,1.0,,,0.0,0.5,,,,,,,,,,,,,,,Oth,grec_energy_no_base,GREC-Energy,true_oth_candidate_grec,0.0,0.0
MME,Qwen2-VL-7B_Biased_Test,1897,both,both,No,No,1.0,,,0.5,0.5,,,,,,,,,,,,,,,Oth,grec_energy_no_base,GREC-Energy,true_oth_candidate_grec,0.0,0.0
MME,Qwen2-VL-7B_Biased_Test,1936,both,vcf_only,Yes,Yes,1.0,,,0.0,1.0,,,,,,,,,,,,,,,Oth,grec_energy_no_base,GREC-Energy,true_oth_candidate_grec,0.0,0.5
MME,Qwen2-VL-7B_Biased_Test,1952,both,vcf_only,No,Yes,0.0,,,0.0,1.0,,,,,,,,,,,,,,,Oth,grec_energy_no_base,GREC-Energy,true_oth_candidate_grec,0.0,0.5
MME,Qwen2-VL-7B_Biased_Test,1968,tcf_only,tcf_only,Yes,Yes,1.0,,,0.5,0.0,,,,,,,,,,,,,,,Oth,tc_grounding_energy,TCGroundingEnergy,tc_grounding_energy,0.0,0.0
MME,Qwen2-VL-7B_Biased_Test,1974,both,vcf_only,Yes,Yes,1.0,,,0.0,0.5,,,,,,,,,,,,,,,Oth,grec_energy_no_base,GREC-Energy,true_oth_candidate_grec,0.0,0.0
MME,Qwen2-VL-7B_Biased_Test,2012,both,vcf_only,Yes,Yes,1.0,,,0.0,1.0,,,,,,,,,,,,,,,Oth,grec_energy_no_base,GREC-Energy,true_oth_candidate_grec,0.0,0.5
MME,Qwen2-VL-7B_Biased_Test,2017,tcf_only,tcf_only,Yes,No,0.0,,,0.5,0.0,,,,,,,,,,,,,,,Oth,tc_grounding_energy,TCGroundingEnergy,tc_grounding_energy,0.0,0.0
MME,Qwen2-VL-7B_Biased_Test,2019,tcf_only,tcf_only,Yes,No,0.0,,,0.5,0.0,,,,,,,,,,,,,,,Oth,tc_grounding_energy,TCGroundingEnergy,tc_grounding_energy,0.0,0.0
MME,Qwen2-VL-7B_Biased_Test,2032,both,vcf_only,Yes,Yes,1.0,,,0.0,0.5,,,,,,,,,,,,,,,Oth,grec_energy_no_base,GREC-Energy,true_oth_candidate_grec,0.0,0.0
MME,Qwen2-VL-7B_Biased_Test,2044,both,vcf_only,Yes,Yes,1.0,,,0.0,0.5,,,,,,,,,,,,,,,Oth,grec_energy_no_base,GREC-Energy,true_oth_candidate_grec,0.0,0.0
MME,Qwen2-VL-7B_Biased_Test,2059,vcf_only,vcf_only,Yes,No,0.0,,,0.0,0.5,,,,,,,,,,,,,,,Oth,grec_energy_no_base,GREC-Energy,true_oth_candidate_grec,0.0,0.0
MME,Qwen2-VL-7B_Biased_Test,2068,both,vcf_only,No,Yes,0.0,,,0.0,0.5,,,,,,,,,,,,,,,Oth,grec_energy_no_base,GREC-Energy,true_oth_candidate_grec,0.0,0.0
MME,Qwen2-VL-7B_Biased_Test,2072,tcf_only,both,Yes,Yes,1.0,,,0.5,0.5,,,,,,,,,,,,,,,Oth,grec_energy_no_base,GREC-Energy,true_oth_candidate_grec,1.0,0.0
MME,Qwen2-VL-7B_Biased_Test,2084,both,vcf_only,Yes,Yes,1.0,,,0.0,0.5,,,,,,,,,,,,,,,Oth,grec_energy_no_base,GREC-Energy,true_oth_candidate_grec,0.0,0.0
MME,Qwen2-VL-7B_Biased_Test,2092,both,vcf_only,No,Yes,0.0,,,0.0,1.0,,,,,,,,,,,,,,,Oth,grec_energy_no_base,GREC-Energy,true_oth_candidate_grec,0.0,0.5
MME,Qwen2-VL-7B_Biased_Test,2096,both,vcf_only,Yes,Yes,1.0,,,0.0,1.0,,,,,,,,,,,,,,,Oth,grec_energy_no_base,GREC-Energy,true_oth_candidate_grec,0.0,0.5
MME,Qwen2-VL-7B_Biased_Test,2098,tcf_only,tcf_only,Yes,Yes,1.0,,,0.5,0.0,,,,,,,,,,,,,,,Oth,tc_grounding_energy,TCGroundingEnergy,tc_grounding_energy,1.0,0.0
MME,Qwen2-VL-7B_Biased_Test,2102,both,vcf_only,No,Yes,0.0,,,0.0,1.0,,,,,,,,,,,,,,,Oth,grec_energy_no_base,GREC-Energy,true_oth_candidate_grec,0.0,0.5
MME,Qwen2-VL-7B_Biased_Test,2106,both,vcf_only,No,Yes,0.0,,,0.0,1.0,,,,,,,,,,,,,,,Oth,grec_energy_no_base,GREC-Energy,true_oth_candidate_grec,0.0,0.5
MME,Qwen2-VL-7B_Biased_Test,2136,both,vcf_only,Yes,Yes,1.0,,,0.0,1.0,,,,,,,,,,,,,,,Oth,grec_energy_no_base,GREC-Energy,true_oth_candidate_grec,0.0,0.5
MME,Qwen2-VL-7B_Biased_Test,2142,both,vcf_only,No,Yes,0.0,,,0.0,1.0,,,,,,,,,,,,,,,Oth,grec_energy_no_base,GREC-Energy,true_oth_candidate_grec,0.0,0.5
MME,Qwen2-VL-7B_Biased_Test,2156,both,vcf_only,No,Yes,0.0,,,0.0,1.0,,,,,,,,,,,,,,,Oth,grec_energy_no_base,GREC-Energy,true_oth_candidate_grec,0.0,0.5
MME,Qwen2-VL-7B_Biased_Test,2161,tcf_only,tcf_only,Yes,No,0.0,,,0.5,0.0,,,,,,,,,,,,,,,Oth,tc_grounding_energy,TCGroundingEnergy,tc_grounding_energy,0.0,0.0
MME,Qwen2-VL-7B_Biased_Test,2162,both,vcf_only,No,Yes,0.0,,,0.0,0.5,,,,,,,,,,,,,,,Oth,grec_energy_no_base,GREC-Energy,true_oth_candidate_grec,0.0,0.0
MME,Qwen2-VL-7B_Biased_Test,2168,tcf_only,both,Yes,Yes,1.0,,,0.5,0.5,,,,,,,,,,,,,,,Oth,grec_energy_no_base,GREC-Energy,true_oth_candidate_grec,1.0,0.0
MME,Qwen2-VL-7B_Biased_Test,2172,both,vcf_only,Yes,Yes,1.0,,,0.0,0.5,,,,,,,,,,,,,,,Oth,grec_energy_no_base,GREC-Energy,true_oth_candidate_grec,0.0,0.0
MME,Qwen2-VL-7B_Biased_Test,2182,both,vcf_only,No,Yes,0.0,,,0.0,1.0,,,,,,,,,,,,,,,Oth,grec_energy_no_base,GREC-Energy,true_oth_candidate_grec,0.0,0.5
MME,Qwen2-VL-7B_Biased_Test,2224,tcf_only,tcf_only,No,Yes,0.0,,,0.5,0.0,,,,,,,,,,,,,,,Oth,tc_grounding_energy,TCGroundingEnergy,tc_grounding_energy,1.0,0.0
MME,Qwen2-VL-7B_Biased_Test,2234,both,vcf_only,No,Yes,0.0,,,0.0,1.0,,,,,,,,,,,,,,,Oth,grec_energy_no_base,GREC-Energy,true_oth_candidate_grec,0.0,0.5
MME,Qwen2-VL-7B_Biased_Test,2246,tcf_only,tcf_only,Yes,Yes,1.0,,,0.5,0.0,,,,,,,,,,,,,,,Oth,tc_grounding_energy,TCGroundingEnergy,tc_grounding_energy,1.0,0.0
MME,Qwen2-VL-7B_Biased_Test,2264,both,vcf_only,No,Yes,0.0,,,0.0,1.0,,,,,,,,,,,,,,,Oth,grec_energy_no_base,GREC-Energy,true_oth_candidate_grec,0.0,0.5
MME,Qwen2-VL-7B_Biased_Test,2268,both,vcf_only,No,Yes,0.0,,,0.0,1.0,,,,,,,,,,,,,,,Oth,grec_energy_no_base,GREC-Energy,true_oth_candidate_grec,0.0,0.5
MME,Qwen2-VL-7B_Biased_Test,2272,both,vcf_only,No,Yes,0.0,,,0.0,1.0,,,,,,,,,,,,,,,Oth,grec_energy_no_base,GREC-Energy,true_oth_candidate_grec,0.0,0.5
MME,Qwen2-VL-7B_Biased_Test,2281,tcf_only,tcf_only,Yes,No,0.0,,,0.5,0.0,,,,,,,,,,,,,,,Oth,tc_grounding_energy,TCGroundingEnergy,tc_grounding_energy,0.0,0.0
MME,Qwen2-VL-7B_Biased_Test,2282,tcf_only,tcf_only,No,Yes,0.0,,,1.0,0.0,,,,,,,,,,,,,,,Oth,tc_grounding_energy,TCGroundingEnergy,tc_grounding_energy,0.0,0.5
MME,Qwen2-VL-7B_Biased_Test,2286,tcf_only,tcf_only,Yes,Yes,1.0,,,0.5,0.0,,,,,,,,,,,,,,,Oth,tc_grounding_energy,TCGroundingEnergy,tc_grounding_energy,1.0,0.0
MME,Qwen2-VL-7B_Biased_Test,2294,both,vcf_only,No,Yes,0.0,,,0.0,1.0,,,,,,,,,,,,,,,Oth,grec_energy_no_base,GREC-Energy,true_oth_candidate_grec,0.0,0.5
MME,Qwen2-VL-7B_Biased_Test,2302,both,vcf_only,Yes,Yes,1.0,,,0.0,1.0,,,,,,,,,,,,,,,Oth,grec_energy_no_base,GREC-Energy,true_oth_candidate_grec,0.0,0.5
MME,Qwen2-VL-7B_Biased_Test,2312,both,vcf_only,Yes,Yes,1.0,,,0.0,1.0,,,,,,,,,,,,,,,Oth,grec_energy_no_base,GREC-Energy,true_oth_candidate_grec,0.0,0.5
MME,Qwen2-VL-7B_Biased_Test,2324,both,vcf_only,No,Yes,0.0,,,0.0,0.5,,,,,,,,,,,,,,,Oth,grec_energy_no_base,GREC-Energy,true_oth_candidate_grec,0.0,0.0
ViLP,Qwen2-VL-7B_Biased_Test,1,tcf_only,tcf_only,Six,6,0.0,,,1.0,0.0,,,,,,,,,,,,,,,Oth,tc_grounding_energy,TCGroundingEnergy,tc_grounding_energy,0.0,0.5
ViLP,Qwen2-VL-7B_Biased_Test,7,tcf_only,tcf_only,Sphere,Circle,0.0,,,1.0,0.0,,,,,,,,,,,,,,,Oth,tc_grounding_energy,TCGroundingEnergy,tc_grounding_energy,0.0,0.5
ViLP,Qwen2-VL-7B_Biased_Test,8,tcf_only,tcf_only,Octagon,Hexagon,0.0,,,1.0,0.0,,,,,,,,,,,,,,,Oth,tc_grounding_energy,TCGroundingEnergy,tc_grounding_energy,0.0,0.5
ViLP,Qwen2-VL-7B_Biased_Test,9,vcf_only,vcf_only,Sphere,Spherical,0.0,,,0.0,0.5,,,,,,,,,,,,,,,Oth,grec_energy_no_base,GREC-Energy,true_oth_candidate_grec,0.0,0.0
ViLP,Qwen2-VL-7B_Biased_Test,11,tcf_only,tcf_only,Pyramid,Triangular,0.0,,,1.0,0.0,,,,,,,,,,,,,,,Oth,tc_grounding_energy,TCGroundingEnergy,tc_grounding_energy,0.0,0.5
ViLP,Qwen2-VL-7B_Biased_Test,16,vcf_only,vcf_only,4 strings,3,0.0,,,0.0,1.0,,,,,,,,,,,,,,,Oth,grec_energy_no_base,GREC-Energy,true_oth_candidate_grec,0.0,0.5
ViLP,Qwen2-VL-7B_Biased_Test,17,vcf_only,vcf_only,4 strings,5,0.0,,,0.0,1.0,,,,,,,,,,,,,,,Oth,grec_energy_no_base,GREC-Energy,true_oth_candidate_grec,0.0,0.5
ViLP,Qwen2-VL-7B_Biased_Test,18,tcf_only,both,Giraffe,Giraffe,1.0,,,0.5,1.0,,,,,,,,,,,,,,,Oth,grec_energy_no_base,GREC-Energy,true_oth_candidate_grec,0.0,0.0
ViLP,Qwen2-VL-7B_Biased_Test,19,both,both,Elephant,Elephant,1.0,,,0.5,1.0,,,,,,,,,,,,,,,Oth,grec_energy_no_base,GREC-Energy,true_oth_candidate_grec,0.0,0.0
ViLP,Qwen2-VL-7B_Biased_Test,21,vcf_only,vcf_only,8,8,1.0,,,0.0,0.5,,,,,,,,,,,,,,,Oth,grec_energy_no_base,GREC-Energy,true_oth_candidate_grec,0.0,0.0
ViLP,Qwen2-VL-7B_Biased_Test,22,vcf_only,vcf_only,10,11,0.0,,,0.0,0.5,,,,,,,,,,,,,,,Oth,grec_energy_no_base,GREC-Energy,true_oth_candidate_grec,1.0,0.0
ViLP,Qwen2-VL-7B_Biased_Test,23,vcf_only,vcf_only,8,13,0.0,,,0.0,0.5,,,,,,,,,,,,,,,Oth,grec_energy_no_base,GREC-Energy,true_oth_candidate_grec,0.0,0.0
ViLP,Qwen2-VL-7B_Biased_Test,28,vcf_only,vcf_only,Tiger,Panda,0.0,,,0.0,1.0,,,,,,,,,,,,,,,Oth,grec_energy_no_base,GREC-Energy,true_oth_candidate_grec,0.0,0.5
ViLP,Qwen2-VL-7B_Biased_Test,29,both,both,Fox,Fox,1.0,,,1.0,1.0,,,,,,,,,,,,,,,Oth,grec_energy_no_base,GREC-Energy,true_oth_candidate_grec,0.0,0.5
ViLP,Qwen2-VL-7B_Biased_Test,31,vcf_only,vcf_only,Squirrel,Hedgehog,0.0,,,0.0,1.0,,,,,,,,,,,,,,,Oth,grec_energy_no_base,GREC-Energy,true_oth_candidate_grec,0.0,0.5
ViLP,Qwen2-VL-7B_Biased_Test,32,vcf_only,vcf_only,Squirrel,Rabbit,0.0,,,0.0,1.0,,,,,,,,,,,,,,,Oth,grec_energy_no_base,GREC-Energy,true_oth_candidate_grec,0.0,0.5
ViLP,Qwen2-VL-7B_Biased_Test,38,both,both,Crow,Fox,0.0,,,0.5,1.0,,,,,,,,,,,,,,,Oth,grec_energy_no_base,GREC-Energy,true_oth_candidate_grec,0.0,0.0
ViLP,Qwen2-VL-7B_Biased_Test,41,vcf_only,tcf_only,Ostriches,Sloth,0.0,,,0.5,0.0,,,,,,,,,,,,,,,Oth,tc_grounding_energy,TCGroundingEnergy,tc_grounding_energy,0.0,0.0
ViLP,Qwen2-VL-7B_Biased_Test,42,tcf_only,both,8,6,0.0,,,1.0,1.0,,,,,,,,,,,,,,,Oth,grec_energy_no_base,GREC-Energy,true_oth_candidate_grec,1.0,0.5
ViLP,Qwen2-VL-7B_Biased_Test,46,both,both,No,Shrimp,0.0,,,1.0,1.0,,,,,,,,,,,,,,,Oth,grec_energy_no_base,GREC-Energy,true_oth_candidate_grec,0.0,0.5
ViLP,Qwen2-VL-7B_Biased_Test,47,both,both,No,Eel,0.0,,,1.0,1.0,,,,,,,,,,,,,,,Oth,grec_energy_no_base,GREC-Energy,true_oth_candidate_grec,0.0,0.5
ViLP,Qwen2-VL-7B_Biased_Test,48,tcf_only,tcf_only,Fish head,Fish,1.0,,,1.0,0.0,,,,,,,,,,,,,,,Oth,tc_grounding_energy,TCGroundingEnergy,tc_grounding_energy,0.0,0.5
ViLP,Qwen2-VL-7B_Biased_Test,52,vcf_only,vcf_only,8,10,0.0,,,0.0,1.0,,,,,,,,,,,,,,,Oth,grec_energy_no_base,GREC-Energy,true_oth_candidate_grec,0.0,0.5
ViLP,Qwen2-VL-7B_Biased_Test,53,vcf_only,vcf_only,8,12,0.0,,,0.0,1.0,,,,,,,,,,,,,,,Oth,grec_energy_no_base,GREC-Energy,true_oth_candidate_grec,0.0,0.5
ViLP,Qwen2-VL-7B_Biased_Test,62,vcf_only,vcf_only,100,110,0.0,,,0.0,1.0,,,,,,,,,,,,,,,Oth,grec_energy_no_base,GREC-Energy,true_oth_candidate_grec,0.0,0.5
ViLP,Qwen2-VL-7B_Biased_Test,64,vcf_only,vcf_only,10,10,1.0,,,0.0,1.0,,,,,,,,,,,,,,,Oth,grec_energy_no_base,GREC-Energy,true_oth_candidate_grec,1.0,0.5
ViLP,Qwen2-VL-7B_Biased_Test,73,vcf_only,vcf_only,round,Oval,0.0,,,0.0,0.5,,,,,,,,,,,,,,,Oth,grec_energy_no_base,GREC-Energy,true_oth_candidate_grec,0.0,0.0
ViLP,Qwen2-VL-7B_Biased_Test,76,tcf_only,tcf_only,Triangular,Triangle,0.0,,,1.0,0.0,,,,,,,,,,,,,,,Oth,tc_grounding_energy,TCGroundingEnergy,tc_grounding_energy,0.0,0.5
ViLP,Qwen2-VL-7B_Biased_Test,77,tcf_only,tcf_only,Round,Round,1.0,,,0.5,0.0,,,,,,,,,,,,,,,Oth,tc_grounding_energy,TCGroundingEnergy,tc_grounding_energy,1.0,0.0
ViLP,Qwen2-VL-7B_Biased_Test,88,tcf_only,tcf_only,Rough,Rough,1.0,,,0.5,0.0,,,,,,,,,,,,,,,Oth,tc_grounding_energy,TCGroundingEnergy,tc_grounding_energy,0.0,0.0
ViLP,Qwen2-VL-7B_Biased_Test,91,vcf_only,vcf_only,Glossy,Matte,0.0,,,0.0,1.0,,,,,,,,,,,,,,,Oth,grec_energy_no_base,GREC-Energy,true_oth_candidate_grec,0.0,0.5
ViLP,Qwen2-VL-7B_Biased_Test,92,tcf_only,tcf_only,Bumpy,Grainy,0.0,,,0.5,0.0,,,,,,,,,,,,,,,Oth,tc_grounding_energy,TCGroundingEnergy,tc_grounding_energy,0.0,0.0
ViLP,Qwen2-VL-7B_Biased_Test,97,vcf_only,vcf_only,Velvety,Bumpy,0.0,,,0.0,1.0,,,,,,,,,,,,,,,Oth,grec_energy_no_base,GREC-Energy,true_oth_candidate_grec,0.0,0.5
ViLP,Qwen2-VL-7B_Biased_Test,98,vcf_only,vcf_only,Velvety,Grainy,0.0,,,0.0,1.0,,,,,,,,,,,,,,,Oth,grec_energy_no_base,GREC-Energy,true_oth_candidate_grec,0.0,0.5
ViLP,Qwen2-VL-7B_Biased_Test,104,vcf_only,vcf_only,Rough,Bumpy,0.0,,,0.0,1.0,,,,,,,,,,,,,,,Oth,grec_energy_no_base,GREC-Energy,true_oth_candidate_grec,0.0,0.5
ViLP,Qwen2-VL-7B_Biased_Test,108,vcf_only,vcf_only,Statue of Liberty,Liberty,0.0,,,0.0,1.0,,,,,,,,,,,,,,,Oth,grec_energy_no_base,GREC-Energy,true_oth_candidate_grec,0.0,0.5
ViLP,Qwen2-VL-7B_Biased_Test,109,vcf_only,vcf_only,Statue of Liberty,Christ,0.0,,,0.0,1.0,,,,,,,,,,,,,,,Oth,grec_energy_no_base,GREC-Energy,true_oth_candidate_grec,0.0,0.5
ViLP,Qwen2-VL-7B_Biased_Test,112,vcf_only,vcf_only,Green,Red,0.0,,,0.0,0.5,,,,,,,,,,,,,,,Oth,grec_energy_no_base,GREC-Energy,true_oth_candidate_grec,0.0,0.0
ViLP,Qwen2-VL-7B_Biased_Test,118,vcf_only,vcf_only,Canada,USA,0.0,,,0.0,1.0,,,,,,,,,,,,,,,Oth,grec_energy_no_base,GREC-Energy,true_oth_candidate_grec,0.0,0.5
ViLP,Qwen2-VL-7B_Biased_Test,119,vcf_only,vcf_only,Canada,Australia,0.0,,,0.0,1.0,,,,,,,,,,,,,,,Oth,grec_energy_no_base,GREC-Energy,true_oth_candidate_grec,0.0,0.5
ViLP,Qwen2-VL-7B_Biased_Test,121,vcf_only,vcf_only,New York City,LA,0.0,,,0.0,1.0,,,,,,,,,,,,,,,Oth,grec_energy_no_base,GREC-Energy,true_oth_candidate_grec,0.0,0.5
ViLP,Qwen2-VL-7B_Biased_Test,122,vcf_only,vcf_only,NYC,Seattle,0.0,,,0.0,1.0,,,,,,,,,,,,,,,Oth,grec_energy_no_base,GREC-Energy,true_oth_candidate_grec,0.0,0.5
ViLP,Qwen2-VL-7B_Biased_Test,123,tcf_only,both,Bee,Bee,1.0,,,0.5,1.0,,,,,,,,,,,,,,,Oth,grec_energy_no_base,GREC-Energy,true_oth_candidate_grec,0.0,0.0
ViLP,Qwen2-VL-7B_Biased_Test,127,tcf_only,tcf_only,Hybrid engine,Electric,0.0,,,1.0,0.0,,,,,,,,,,,,,,,Oth,tc_grounding_energy,TCGroundingEnergy,tc_grounding_energy,0.0,0.5
ViLP,Qwen2-VL-7B_Biased_Test,129,tcf_only,tcf_only,Gray,Grey,0.0,,,1.0,0.0,,,,,,,,,,,,,,,Oth,tc_grounding_energy,TCGroundingEnergy,tc_grounding_energy,0.0,0.5
ViLP,Qwen2-VL-7B_Biased_Test,133,vcf_only,vcf_only,Butterfly,Moth,0.0,,,0.0,1.0,,,,,,,,,,,,,,,Oth,grec_energy_no_base,GREC-Energy,true_oth_candidate_grec,0.0,0.5
ViLP,Qwen2-VL-7B_Biased_Test,136,vcf_only,vcf_only,Bumpy,Bumpy,1.0,,,0.0,1.0,,,,,,,,,,,,,,,Oth,grec_energy_no_base,GREC-Energy,true_oth_candidate_grec,0.0,0.5
ViLP,Qwen2-VL-7B_Biased_Test,143,vcf_only,vcf_only,Flower,Nectar,0.0,,,0.0,0.5,,,,,,,,,,,,,,,Oth,grec_energy_no_base,GREC-Energy,true_oth_candidate_grec,0.0,0.0
ViLP,Qwen2-VL-7B_Biased_Test,144,tcf_only,tcf_only,9,8,0.0,,,0.5,0.0,,,,,,,,,,,,,,,Oth,tc_grounding_energy,TCGroundingEnergy,tc_grounding_energy,0.0,0.0
ViLP,Qwen2-VL-7B_Biased_Test,148,vcf_only,vcf_only,NYC,Paris,0.0,,,0.0,1.0,,,,,,,,,,,,,,,Oth,grec_energy_no_base,GREC-Energy,true_oth_candidate_grec,0.0,0.5
ViLP,Qwen2-VL-7B_Biased_Test,149,vcf_only,vcf_only,NYC,Beijing,0.0,,,0.0,1.0,,,,,,,,,,,,,,,Oth,grec_energy_no_base,GREC-Energy,true_oth_candidate_grec,0.0,0.5
ViLP,Qwen2-VL-7B_Biased_Test,151,vcf_only,vcf_only,NYC,Paris,0.0,,,0.0,1.0,,,,,,,,,,,,,,,Oth,grec_energy_no_base,GREC-Energy,true_oth_candidate_grec,0.0,0.5
ViLP,Qwen2-VL-7B_Biased_Test,152,vcf_only,vcf_only,NYC,Dubai,0.0,,,0.0,1.0,,,,,,,,,,,,,,,Oth,grec_energy_no_base,GREC-Energy,true_oth_candidate_grec,0.0,0.5
ViLP,Qwen2-VL-7B_Biased_Test,157,vcf_only,vcf_only,Beijing,Paris,0.0,,,0.0,1.0,,,,,,,,,,,,,,,Oth,grec_energy_no_base,GREC-Energy,true_oth_candidate_grec,0.0,0.5
ViLP,Qwen2-VL-7B_Biased_Test,158,vcf_only,vcf_only,Beijing,NYC,0.0,,,0.0,1.0,,,,,,,,,,,,,,,Oth,grec_energy_no_base,GREC-Energy,true_oth_candidate_grec,0.0,0.5
ViLP,Qwen2-VL-7B_Biased_Test,161,vcf_only,vcf_only,Beijing,Paris,0.0,,,0.0,1.0,,,,,,,,,,,,,,,Oth,grec_energy_no_base,GREC-Energy,true_oth_candidate_grec,0.0,0.5
ViLP,Qwen2-VL-7B_Biased_Test,163,tcf_only,tcf_only,laptop,Laptop,1.0,,,0.5,0.0,,,,,,,,,,,,,,,Oth,tc_grounding_energy,TCGroundingEnergy,tc_grounding_energy,0.0,0.0
ViLP,Qwen2-VL-7B_Biased_Test,164,vcf_only,neither,,Car,0.0,,,0.0,0.0,,,,,,,,,,,,,,,Oth,stable_preserve,Stable-PreserveOriginal,stable_preserve,0.0,0.5
ViLP,Qwen2-VL-7B_Biased_Test,171,tcf_only,both,soil,Soil,1.0,,,1.0,1.0,,,,,,,,,,,,,,,Oth,grec_energy_no_base,GREC-Energy,true_oth_candidate_grec,0.0,0.5
ViLP,Qwen2-VL-7B_Biased_Test,174,tcf_only,tcf_only,Field,Soil,0.0,,,0.5,0.0,,,,,,,,,,,,,,,Oth,tc_grounding_energy,TCGroundingEnergy,tc_grounding_energy,0.0,0.0
ViLP,Qwen2-VL-7B_Biased_Test,178,vcf_only,vcf_only,Seattle,Rome,0.0,,,0.0,1.0,,,,,,,,,,,,,,,Oth,grec_energy_no_base,GREC-Energy,true_oth_candidate_grec,0.0,0.5
ViLP,Qwen2-VL-7B_Biased_Test,179,vcf_only,vcf_only,Seattle,Paris,0.0,,,0.0,1.0,,,,,,,,,,,,,,,Oth,grec_energy_no_base,GREC-Energy,true_oth_candidate_grec,0.0,0.5
ViLP,Qwen2-VL-7B_Biased_Test,181,vcf_only,vcf_only,Seattle,Rome,0.0,,,0.0,1.0,,,,,,,,,,,,,,,Oth,grec_energy_no_base,GREC-Energy,true_oth_candidate_grec,0.0,0.5
ViLP,Qwen2-VL-7B_Biased_Test,182,vcf_only,vcf_only,Seattle,Paris,0.0,,,0.0,1.0,,,,,,,,,,,,,,,Oth,grec_energy_no_base,GREC-Energy,true_oth_candidate_grec,0.0,0.5
ViLP,Qwen2-VL-7B_Biased_Test,184,vcf_only,vcf_only,Paris,Beijing,0.0,,,0.0,1.0,,,,,,,,,,,,,,,Oth,grec_energy_no_base,GREC-Energy,true_oth_candidate_grec,0.0,0.5
ViLP,Qwen2-VL-7B_Biased_Test,187,vcf_only,vcf_only,Paris,Beijing,0.0,,,0.0,1.0,,,,,,,,,,,,,,,Oth,grec_energy_no_base,GREC-Energy,true_oth_candidate_grec,0.0,0.5
ViLP,Qwen2-VL-7B_Biased_Test,188,vcf_only,vcf_only,Paris,Dubai,0.0,,,0.0,1.0,,,,,,,,,,,,,,,Oth,grec_energy_no_base,GREC-Energy,true_oth_candidate_grec,0.0,0.5
ViLP,Qwen2-VL-7B_Biased_Test,189,tcf_only,both,The image shows that the peach is growing,Tree,0.0,,,1.0,1.0,,,,,,,,,,,,,,,Oth,grec_energy_no_base,GREC-Energy,true_oth_candidate_grec,1.0,0.5
ViLP,Qwen2-VL-7B_Biased_Test,191,tcf_only,tcf_only,book,Book,1.0,,,0.5,0.0,,,,,,,,,,,,,,,Oth,tc_grounding_energy,TCGroundingEnergy,tc_grounding_energy,1.0,0.0
ViLP,Qwen2-VL-7B_Biased_Test,192,tcf_only,tcf_only,on tree,Tree,0.0,,,0.5,0.0,,,,,,,,,,,,,,,Oth,tc_grounding_energy,TCGroundingEnergy,tc_grounding_energy,0.0,0.0
ViLP,Qwen2-VL-7B_Biased_Test,194,tcf_only,tcf_only,Sock,Sock,1.0,,,0.5,0.0,,,,,,,,,,,,,,,Oth,tc_grounding_energy,TCGroundingEnergy,tc_grounding_energy,0.0,0.0
ViLP,Qwen2-VL-7B_Biased_Test,196,tcf_only,tcf_only,oven,Fireplace,0.0,,,0.5,0.0,,,,,,,,,,,,,,,Oth,tc_grounding_energy,TCGroundingEnergy,tc_grounding_energy,0.0,0.0
ViLP,Qwen2-VL-7B_Biased_Test,197,tcf_only,tcf_only,Clock,Clock,1.0,,,0.5,0.0,,,,,,,,,,,,,,,Oth,tc_grounding_energy,TCGroundingEnergy,tc_grounding_energy,1.0,0.0
ViLP,Qwen2-VL-7B_Biased_Test,199,tcf_only,tcf_only,On bike,Bike,0.0,,,0.5,0.0,,,,,,,,,,,,,,,Oth,tc_grounding_energy,TCGroundingEnergy,tc_grounding_energy,0.0,0.0
ViLP,Qwen2-VL-7B_Biased_Test,201,tcf_only,tcf_only,The image shows that the cantalou,Fields,0.0,,,1.0,0.0,,,,,,,,,,,,,,,Oth,tc_grounding_energy,TCGroundingEnergy,tc_grounding_energy,0.0,0.5
ViLP,Qwen2-VL-7B_Biased_Test,202,tcf_only,tcf_only,backpack,Backpack,1.0,,,0.5,0.0,,,,,,,,,,,,,,,Oth,tc_grounding_energy,TCGroundingEnergy,tc_grounding_energy,0.0,0.0
ViLP,Qwen2-VL-7B_Biased_Test,203,tcf_only,tcf_only,clouds,Cloud,0.0,,,0.5,0.0,,,,,,,,,,,,,,,Oth,tc_grounding_energy,TCGroundingEnergy,tc_grounding_energy,0.0,0.0
ViLP,Qwen2-VL-7B_Biased_Test,206,vcf_only,vcf_only,Rome,Dubai,0.0,,,0.0,1.0,,,,,,,,,,,,,,,Oth,grec_energy_no_base,GREC-Energy,true_oth_candidate_grec,0.0,0.5
ViLP,Qwen2-VL-7B_Biased_Test,208,vcf_only,vcf_only,Sydney,Paris,0.0,,,0.0,1.0,,,,,,,,,,,,,,,Oth,grec_energy_no_base,GREC-Energy,true_oth_candidate_grec,0.0,0.5
ViLP,Qwen2-VL-7B_Biased_Test,209,vcf_only,vcf_only,Sydney,Beijing,0.0,,,0.0,1.0,,,,,,,,,,,,,,,Oth,grec_energy_no_base,GREC-Energy,true_oth_candidate_grec,0.0,0.5
ViLP,Qwen2-VL-7B_Biased_Test,211,both,both,Ldn,Paris,0.0,,,0.5,0.5,,,,,,,,,,,,,,,Oth,grec_energy_no_base,GREC-Energy,true_oth_candidate_grec,0.0,0.0
ViLP,Qwen2-VL-7B_Biased_Test,212,both,both,LON,NYC,0.0,,,1.0,0.5,,,,,,,,,,,,,,,Oth,grec_energy_no_base,GREC-Energy,true_oth_candidate_grec,0.0,0.0
ViLP,Qwen2-VL-7B_Biased_Test,214,vcf_only,vcf_only,Paris,Rome,0.0,,,0.0,1.0,,,,,,,,,,,,,,,Oth,grec_energy_no_base,GREC-Energy,true_oth_candidate_grec,0.0,0.5
ViLP,Qwen2-VL-7B_Biased_Test,217,vcf_only,vcf_only,Pisa,Rome,0.0,,,0.0,1.0,,,,,,,,,,,,,,,Oth,grec_energy_no_base,GREC-Energy,true_oth_candidate_grec,0.0,0.5
ViLP,Qwen2-VL-7B_Biased_Test,218,vcf_only,vcf_only,Pisa,NYC,0.0,,,0.0,1.0,,,,,,,,,,,,,,,Oth,grec_energy_no_base,GREC-Energy,true_oth_candidate_grec,0.0,0.5
ViLP,Qwen2-VL-7B_Biased_Test,221,vcf_only,vcf_only,Dubai,London,0.0,,,0.0,1.0,,,,,,,,,,,,,,,Oth,grec_energy_no_base,GREC-Energy,true_oth_candidate_grec,0.0,0.5
ViLP,Qwen2-VL-7B_Biased_Test,223,vcf_only,vcf_only,Beijing,NYC,0.0,,,0.0,1.0,,,,,,,,,,,,,,,Oth,grec_energy_no_base,GREC-Energy,true_oth_candidate_grec,0.0,0.5
ViLP,Qwen2-VL-7B_Biased_Test,224,vcf_only,vcf_only,Beijing,Paris,0.0,,,0.0,1.0,,,,,,,,,,,,,,,Oth,grec_energy_no_base,GREC-Energy,true_oth_candidate_grec,0.0,0.5
ViLP,Qwen2-VL-7B_Biased_Test,226,tcf_only,tcf_only,Ldn,Paris,0.0,,,0.5,0.0,,,,,,,,,,,,,,,Oth,tc_grounding_energy,TCGroundingEnergy,tc_grounding_energy,0.0,0.0
ViLP,Qwen2-VL-7B_Biased_Test,227,tcf_only,tcf_only,LND,Dubai,0.0,,,0.5,0.0,,,,,,,,,,,,,,,Oth,tc_grounding_energy,TCGroundingEnergy,tc_grounding_energy,0.0,0.0
ViLP,Qwen2-VL-7B_Biased_Test,229,vcf_only,vcf_only,Los Angeles,Beijing,0.0,,,0.0,1.0,,,,,,,,,,,,,,,Oth,grec_energy_no_base,GREC-Energy,true_oth_candidate_grec,0.0,0.5
ViLP,Qwen2-VL-7B_Biased_Test,232,vcf_only,vcf_only,Seattle,Rome,0.0,,,0.0,1.0,,,,,,,,,,,,,,,Oth,grec_energy_no_base,GREC-Energy,true_oth_candidate_grec,0.0,0.5
ViLP,Qwen2-VL-7B_Biased_Test,233,vcf_only,vcf_only,Seattle,Paris,0.0,,,0.0,1.0,,,,,,,,,,,,,,,Oth,grec_energy_no_base,GREC-Energy,true_oth_candidate_grec,0.0,0.5
ViLP,Qwen2-VL-7B_Biased_Test,236,vcf_only,vcf_only,Moscow,Paris,0.0,,,0.0,1.0,,,,,,,,,,,,,,,Oth,grec_energy_no_base,GREC-Energy,true_oth_candidate_grec,0.0,0.5
ViLP,Qwen2-VL-7B_Biased_Test,238,both,both,Guitar,Guitar,1.0,,,0.5,1.0,,,,,,,,,,,,,,,Oth,grec_energy_no_base,GREC-Energy,true_oth_candidate_grec,0.0,0.0
ViLP,Qwen2-VL-7B_Biased_Test,239,both,both,Violin,Violin,1.0,,,1.0,1.0,,,,,,,,,,,,,,,Oth,grec_energy_no_base,GREC-Energy,true_oth_candidate_grec,0.0,0.5
ViLP,Qwen2-VL-7B_Biased_Test,242,vcf_only,vcf_only,Seahorse,Shark,0.0,,,0.0,1.0,,,,,,,,,,,,,,,Oth,grec_energy_no_base,GREC-Energy,true_oth_candidate_grec,0.0,0.5
ViLP,Qwen2-VL-7B_Biased_Test,244,tcf_only,tcf_only,Hare,Rabbit,0.0,,,0.5,0.0,,,,,,,,,,,,,,,Oth,tc_grounding_energy,TCGroundingEnergy,tc_grounding_energy,0.0,0.0
ViLP,Qwen2-VL-7B_Biased_Test,249,vcf_only,vcf_only,Leaning Tower of Pisa,Pisa,0.0,,,0.0,1.0,,,,,,,,,,,,,,,Oth,grec_energy_no_base,GREC-Energy,true_oth_candidate_grec,0.0,0.5
ViLP,Qwen2-VL-7B_Biased_Test,254,tcf_only,tcf_only,200,200,1.0,,,0.5,0.0,,,,,,,,,,,,,,,Oth,tc_grounding_energy,TCGroundingEnergy,tc_grounding_energy,0.0,0.0
ViLP,Qwen2-VL-7B_Biased_Test,257,tcf_only,tcf_only,2,2,1.0,,,0.5,0.0,,,,,,,,,,,,,,,Oth,tc_grounding_energy,TCGroundingEnergy,tc_grounding_energy,1.0,0.0
ViLP,Qwen2-VL-7B_Biased_Test,259,vcf_only,vcf_only,Quill,Pencil,0.0,,,0.0,1.0,,,,,,,,,,,,,,,Oth,grec_energy_no_base,GREC-Energy,true_oth_candidate_grec,0.0,0.5
ViLP,Qwen2-VL-7B_Biased_Test,262,both,both,Anvil,Fork,0.0,,,0.5,1.0,,,,,,,,,,,,,,,Oth,grec_energy_no_base,GREC-Energy,true_oth_candidate_grec,0.0,0.0
ViLP,Qwen2-VL-7B_Biased_Test,263,tcf_only,tcf_only,Wrench,Wrench,1.0,,,0.5,0.0,,,,,,,,,,,,,,,Oth,tc_grounding_energy,TCGroundingEnergy,tc_grounding_energy,0.0,0.0
ViLP,Qwen2-VL-7B_Biased_Test,264,tcf_only,both,CarbonDioxide,CarbonDioxide,1.0,,,0.5,1.0,,,,,,,,,,,,,,,Oth,grec_energy_no_base,GREC-Energy,true_oth_candidate_grec,0.0,0.0
ViLP,Qwen2-VL-7B_Biased_Test,268,vcf_only,vcf_only,Nectar,Sand,0.0,,,0.0,1.0,,,,,,,,,,,,,,,Oth,grec_energy_no_base,GREC-Energy,true_oth_candidate_grec,0.0,0.5
ViLP,Qwen2-VL-7B_Biased_Test,269,vcf_only,vcf_only,Nectar,Diamond,0.0,,,0.0,1.0,,,,,,,,,,,,,,,Oth,grec_energy_no_base,GREC-Energy,true_oth_candidate_grec,0.0,0.5
ViLP,Qwen2-VL-7B_Biased_Test,271,tcf_only,tcf_only,Rainbow,Rainbow,1.0,,,1.0,0.0,,,,,,,,,,,,,,,Oth,tc_grounding_energy,TCGroundingEnergy,tc_grounding_energy,0.0,0.5
ViLP,Qwen2-VL-7B_Biased_Test,274,vcf_only,vcf_only,Whale,Whale,1.0,,,0.0,1.0,,,,,,,,,,,,,,,Oth,grec_energy_no_base,GREC-Energy,true_oth_candidate_grec,0.0,0.5
ViLP,Qwen2-VL-7B_Biased_Test,278,both,both,Bee,Dragonfly,0.0,,,1.0,1.0,,,,,,,,,,,,,,,Oth,grec_energy_no_base,GREC-Energy,true_oth_candidate_grec,0.0,0.5
ViLP,Qwen2-VL-7B_Biased_Test,283,vcf_only,vcf_only,Unicorn,Horse,0.0,,,0.0,1.0,,,,,,,,,,,,,,,Oth,grec_energy_no_base,GREC-Energy,true_oth_candidate_grec,0.0,0.5
ViLP,Qwen2-VL-7B_Biased_Test,284,both,both,Elephant,Dog,0.0,,,1.0,1.0,,,,,,,,,,,,,,,Oth,grec_energy_no_base,GREC-Energy,true_oth_candidate_grec,0.0,0.5
ViLP,Qwen2-VL-7B_Biased_Test,286,vcf_only,vcf_only,Camel,Horse,0.0,,,0.0,1.0,,,,,,,,,,,,,,,Oth,grec_energy_no_base,GREC-Energy,true_oth_candidate_grec,0.0,0.5
ViLP,Qwen2-VL-7B_Biased_Test,287,vcf_only,vcf_only,Camel,Tiger,0.0,,,0.0,1.0,,,,,,,,,,,,,,,Oth,grec_energy_no_base,GREC-Energy,true_oth_candidate_grec,0.0,0.5
ViLP,Qwen2-VL-7B_Biased_Test,289,vcf_only,vcf_only,Porcupine,Dolphin,0.0,,,0.0,1.0,,,,,,,,,,,,,,,Oth,grec_energy_no_base,GREC-Energy,true_oth_candidate_grec,0.0,0.5
ViLP,Qwen2-VL-7B_Biased_Test,296,both,both,Yes,Candle,0.0,,,0.5,0.5,,,,,,,,,,,,,,,Oth,grec_energy_no_base,GREC-Energy,true_oth_candidate_grec,0.0,0.0
ViLP,Qwen2-VL-7B_Biased_Test,298,tcf_only,tcf_only,Hammer,Hammer,1.0,,,0.5,0.0,,,,,,,,,,,,,,,Oth,tc_grounding_energy,TCGroundingEnergy,tc_grounding_energy,0.0,0.0
ViLP,Qwen2-VL-7B_Biased_Test,299,vcf_only,vcf_only,Shoe,Shoe,1.0,,,0.0,1.0,,,,,,,,,,,,,,,Oth,grec_energy_no_base,GREC-Energy,true_oth_candidate_grec,0.0,0.5
ViLP,Qwen2-VL-7B_Biased_Test,301,vcf_only,vcf_only,Hammer,Hammer,1.0,,,0.0,1.0,,,,,,,,,,,,,,,Oth,grec_energy_no_base,GREC-Energy,true_oth_candidate_grec,0.0,0.5
ViLP,Qwen2-VL-7B_Biased_Test,302,both,both,Screwdriver,Scissors,0.0,,,0.5,1.0,,,,,,,,,,,,,,,Oth,grec_energy_no_base,GREC-Energy,true_oth_candidate_grec,0.0,0.0
ViLP,Qwen2-VL-7B_Biased_Test,304,tcf_only,tcf_only,Wrench,Wrench,1.0,,,0.5,0.0,,,,,,,,,,,,,,,Oth,tc_grounding_energy,TCGroundingEnergy,tc_grounding_energy,0.0,0.0
ViLP,Qwen2-VL-7B_Biased_Test,308,tcf_only,tcf_only,Erasable eraser,Eraser,0.0,,,1.0,0.0,,,,,,,,,,,,,,,Oth,tc_grounding_energy,TCGroundingEnergy,tc_grounding_energy,0.0,0.5
ViLP,Qwen2-VL-7B_Biased_Test,311,vcf_only,vcf_only,Broom,Eraser,0.0,,,0.0,1.0,,,,,,,,,,,,,,,Oth,grec_energy_no_base,GREC-Energy,true_oth_candidate_grec,0.0,0.5
ViLP,Qwen2-VL-7B_Biased_Test,316,vcf_only,vcf_only,Saw,Saw,1.0,,,0.0,1.0,,,,,,,,,,,,,,,Oth,grec_energy_no_base,GREC-Energy,true_oth_candidate_grec,1.0,0.5
ViLP,Qwen2-VL-7B_Biased_Test,317,vcf_only,vcf_only,Wrench,Drill,0.0,,,0.0,1.0,,,,,,,,,,,,,,,Oth,grec_energy_no_base,GREC-Energy,true_oth_candidate_grec,0.0,0.5
ViLP,Qwen2-VL-7B_Biased_Test,322,vcf_only,vcf_only,Airplane,Helicopter,0.0,,,0.0,1.0,,,,,,,,,,,,,,,Oth,grec_energy_no_base,GREC-Energy,true_oth_candidate_grec,0.0,0.5
ViLP,Qwen2-VL-7B_Biased_Test,323,vcf_only,vcf_only,Airplane,Wrench,0.0,,,0.0,1.0,,,,,,,,,,,,,,,Oth,grec_energy_no_base,GREC-Energy,true_oth_candidate_grec,0.0,0.5
ViLP,Qwen2-VL-7B_Biased_Test,324,tcf_only,both,feathers,Feathers,1.0,,,0.5,0.5,,,,,,,,,,,,,,,Oth,grec_energy_no_base,GREC-Energy,true_oth_candidate_grec,0.0,0.0
ViLP,Qwen2-VL-7B_Biased_Test,336,vcf_only,vcf_only,brick,Bricks,0.0,,,0.0,0.5,,,,,,,,,,,,,,,Oth,grec_energy_no_base,GREC-Energy,true_oth_candidate_grec,0.0,0.0
ViLP,Qwen2-VL-7B_Biased_Test,346,vcf_only,vcf_only,Metal,Gold,0.0,,,0.0,1.0,,,,,,,,,,,,,,,Oth,grec_energy_no_base,GREC-Energy,true_oth_candidate_grec,0.0,0.5
ViLP,Qwen2-VL-7B_Biased_Test,347,tcf_only,tcf_only,diamonds,Diamonds,1.0,,,1.0,0.0,,,,,,,,,,,,,,,Oth,tc_grounding_energy,TCGroundingEnergy,tc_grounding_energy,0.0,0.5
ViLP,Qwen2-VL-7B_Biased_Test,348,tcf_only,tcf_only,Ceramic,Ceramic,1.0,,,1.0,0.0,,,,,,,,,,,,,,,Oth,tc_grounding_energy,TCGroundingEnergy,tc_grounding_energy,0.0,0.5
ViLP,Qwen2-VL-7B_Biased_Test,349,tcf_only,tcf_only,Gold,Gold,1.0,,,0.5,0.0,,,,,,,,,,,,,,,Oth,tc_grounding_energy,TCGroundingEnergy,tc_grounding_energy,0.0,0.0
ViLP,Qwen2-VL-7B_Biased_Test,357,vcf_only,vcf_only,Brick,Bricks,0.0,,,0.0,0.5,,,,,,,,,,,,,,,Oth,grec_energy_no_base,GREC-Energy,true_oth_candidate_grec,0.0,0.0
ViLP,Qwen2-VL-7B_Biased_Test,366,tcf_only,tcf_only,Wood,Fabric,0.0,,,1.0,0.0,,,,,,,,,,,,,,,Oth,tc_grounding_energy,TCGroundingEnergy,tc_grounding_energy,0.0,0.5
ViLP,Qwen2-VL-7B_Biased_Test,372,vcf_only,vcf_only,Round,Round,1.0,,,0.0,1.0,,,,,,,,,,,,,,,Oth,grec_energy_no_base,GREC-Energy,true_oth_candidate_grec,0.0,0.5
ViLP,Qwen2-VL-7B_Biased_Test,376,tcf_only,both,Glass,Lava,0.0,,,1.0,0.5,,,,,,,,,,,,,,,Oth,grec_energy_no_base,GREC-Energy,true_oth_candidate_grec,0.0,0.0
ViLP,Qwen2-VL-7B_Biased_Test,381,vcf_only,vcf_only,brick,Bricks,0.0,,,0.0,0.5,,,,,,,,,,,,,,,Oth,grec_energy_no_base,GREC-Energy,true_oth_candidate_grec,0.0,0.0
ViLP,Qwen2-VL-7B_Biased_Test,384,tcf_only,tcf_only,Metal,Metal,1.0,,,0.5,0.0,,,,,,,,,,,,,,,Oth,tc_grounding_energy,TCGroundingEnergy,tc_grounding_energy,0.0,0.0
ViLP,Qwen2-VL-7B_Biased_Test,387,tcf_only,both,School bus,Bus,0.0,,,0.5,1.0,,,,,,,,,,,,,,,Oth,grec_energy_no_base,GREC-Energy,true_oth_candidate_grec,1.0,0.0
ViLP,Qwen2-VL-7B_Biased_Test,394,tcf_only,tcf_only,Kayak,Kayak,1.0,,,0.5,0.0,,,,,,,,,,,,,,,Oth,tc_grounding_energy,TCGroundingEnergy,tc_grounding_energy,0.0,0.0
ViLP,Qwen2-VL-7B_Biased_Test,397,vcf_only,vcf_only,Boat,Dolphin,0.0,,,0.0,1.0,,,,,,,,,,,,,,,Oth,grec_energy_no_base,GREC-Energy,true_oth_candidate_grec,0.0,0.5
ViLP,Qwen2-VL-7B_Biased_Test,398,both,both,The object with white sails floating on the,Turtle,0.0,,,0.5,1.0,,,,,,,,,,,,,,,Oth,grec_energy_no_base,GREC-Energy,true_oth_candidate_grec,0.0,0.0
ViLP,Qwen2-VL-7B_Biased_Test,403,vcf_only,vcf_only,Carrot,Pumpkin ,0.0,,,0.0,1.0,,,,,,,,,,,,,,,Oth,grec_energy_no_base,GREC-Energy,true_oth_candidate_grec,0.0,0.5
ViLP,Qwen2-VL-7B_Biased_Test,404,vcf_only,vcf_only,Carrot,Orange,0.0,,,0.0,1.0,,,,,,,,,,,,,,,Oth,grec_energy_no_base,GREC-Energy,true_oth_candidate_grec,0.0,0.5
ViLP,Qwen2-VL-7B_Biased_Test,406,vcf_only,vcf_only,Windmill,Lighthouse,0.0,,,0.0,1.0,,,,,,,,,,,,,,,Oth,grec_energy_no_base,GREC-Energy,true_oth_candidate_grec,0.0,0.5
ViLP,Qwen2-VL-7B_Biased_Test,409,both,both,Whale,Whale,1.0,,,0.5,1.0,,,,,,,,,,,,,,,Oth,grec_energy_no_base,GREC-Energy,true_oth_candidate_grec,0.0,0.0
ViLP,Qwen2-VL-7B_Biased_Test,412,vcf_only,tcf_only,Skyscrapers,Tree,0.0,,,0.5,0.0,,,,,,,,,,,,,,,Oth,tc_grounding_energy,TCGroundingEnergy,tc_grounding_energy,0.0,0.0
ViLP,Qwen2-VL-7B_Biased_Test,413,vcf_only,tcf_only,Skyscrapers,Pillow,0.0,,,0.5,0.0,,,,,,,,,,,,,,,Oth,tc_grounding_energy,TCGroundingEnergy,tc_grounding_energy,0.0,0.0
ViLP,Qwen2-VL-7B_Biased_Test,424,both,both,Bus,Dragon,0.0,,,0.5,1.0,,,,,,,,,,,,,,,Oth,grec_energy_no_base,GREC-Energy,true_oth_candidate_grec,0.0,0.0
ViLP,Qwen2-VL-7B_Biased_Test,434,vcf_only,vcf_only,Cow,Goat,0.0,,,0.0,1.0,,,,,,,,,,,,,,,Oth,grec_energy_no_base,GREC-Energy,true_oth_candidate_grec,0.0,0.5
ViLP,Qwen2-VL-7B_Biased_Test,438,tcf_only,both,Bicycle,Bicycle,1.0,,,0.5,1.0,,,,,,,,,,,,,,,Oth,grec_energy_no_base,GREC-Energy,true_oth_candidate_grec,0.0,0.0
ViLP,Qwen2-VL-7B_Biased_Test,439,vcf_only,vcf_only,Bicycle,Camel,0.0,,,0.0,1.0,,,,,,,,,,,,,,,Oth,grec_energy_no_base,GREC-Energy,true_oth_candidate_grec,0.0,0.5
ViLP,Qwen2-VL-7B_Biased_Test,442,vcf_only,vcf_only,Rainbow,Cloud,0.0,,,0.0,1.0,,,,,,,,,,,,,,,Oth,grec_energy_no_base,GREC-Energy,true_oth_candidate_grec,0.0,0.5
ViLP,Qwen2-VL-7B_Biased_Test,443,vcf_only,vcf_only,Rainbow,Bird,0.0,,,0.0,1.0,,,,,,,,,,,,,,,Oth,grec_energy_no_base,GREC-Energy,true_oth_candidate_grec,0.0,0.5
ViLP,Qwen2-VL-7B_Biased_Test,446,both,both,Crab,Crab,1.0,,,0.5,1.0,,,,,,,,,,,,,,,Oth,grec_energy_no_base,GREC-Energy,true_oth_candidate_grec,0.0,0.0
ViLP,Qwen2-VL-7B_Biased_Test,452,vcf_only,vcf_only,Pumpkin,Pepper,0.0,,,0.0,1.0,,,,,,,,,,,,,,,Oth,grec_energy_no_base,GREC-Energy,true_oth_candidate_grec,0.0,0.5
ViLP,Qwen2-VL-7B_Biased_Test,454,tcf_only,tcf_only,Seal,Seal,1.0,,,0.5,0.0,,,,,,,,,,,,,,,Oth,tc_grounding_energy,TCGroundingEnergy,tc_grounding_energy,0.0,0.0
ViLP,Qwen2-VL-7B_Biased_Test,457,both,both,Bus,Cat,0.0,,,1.0,1.0,,,,,,,,,,,,,,,Oth,grec_energy_no_base,GREC-Energy,true_oth_candidate_grec,0.0,0.5
ViLP,Qwen2-VL-7B_Biased_Test,458,tcf_only,tcf_only,Llama,LLama,1.0,,,1.0,0.0,,,,,,,,,,,,,,,Oth,tc_grounding_energy,TCGroundingEnergy,tc_grounding_energy,0.0,0.5
ViLP,Qwen2-VL-7B_Biased_Test,461,tcf_only,tcf_only,Diamonds,Diamonds,1.0,,,0.5,0.0,,,,,,,,,,,,,,,Oth,tc_grounding_energy,TCGroundingEnergy,tc_grounding_energy,0.0,0.0
ViLP,Qwen2-VL-7B_Biased_Test,473,tcf_only,tcf_only,Diamonds,Diamonds,1.0,,,0.5,0.0,,,,,,,,,,,,,,,Oth,tc_grounding_energy,TCGroundingEnergy,tc_grounding_energy,0.0,0.0
ViLP,Qwen2-VL-7B_Biased_Test,476,vcf_only,vcf_only,Space,Space,1.0,,,0.0,1.0,,,,,,,,,,,,,,,Oth,grec_energy_no_base,GREC-Energy,true_oth_candidate_grec,0.0,0.5
ViLP,Qwen2-VL-7B_Biased_Test,478,tcf_only,tcf_only,Underwater,Water,0.0,,,0.5,0.0,,,,,,,,,,,,,,,Oth,tc_grounding_energy,TCGroundingEnergy,tc_grounding_energy,0.0,0.0
ViLP,Qwen2-VL-7B_Biased_Test,479,tcf_only,tcf_only,Space,Space,1.0,,,1.0,0.0,,,,,,,,,,,,,,,Oth,tc_grounding_energy,TCGroundingEnergy,tc_grounding_energy,0.0,0.5
ViLP,Qwen2-VL-7B_Biased_Test,484,vcf_only,vcf_only,Wrench,Wrench,1.0,,,0.0,1.0,,,,,,,,,,,,,,,Oth,grec_energy_no_base,GREC-Energy,true_oth_candidate_grec,0.0,0.5
ViLP,Qwen2-VL-7B_Biased_Test,487,vcf_only,vcf_only,Clock,Clock,1.0,,,0.0,1.0,,,,,,,,,,,,,,,Oth,grec_energy_no_base,GREC-Energy,true_oth_candidate_grec,0.0,0.5
ViLP,Qwen2-VL-7B_Biased_Test,488,tcf_only,tcf_only,Sundial,Sundial,1.0,,,0.5,0.0,,,,,,,,,,,,,,,Oth,tc_grounding_energy,TCGroundingEnergy,tc_grounding_energy,0.0,0.0
ViLP,Qwen2-VL-7B_Biased_Test,491,vcf_only,vcf_only,Sundial,Sundial,1.0,,,0.0,1.0,,,,,,,,,,,,,,,Oth,grec_energy_no_base,GREC-Energy,true_oth_candidate_grec,0.0,0.5
ViLP,Qwen2-VL-7B_Biased_Test,496,tcf_only,tcf_only,Microscope,Microscope,1.0,,,1.0,0.0,,,,,,,,,,,,,,,Oth,tc_grounding_energy,TCGroundingEnergy,tc_grounding_energy,0.0,0.5
ViLP,Qwen2-VL-7B_Biased_Test,504,vcf_only,vcf_only,1,One,0.0,,,0.0,1.0,,,,,,,,,,,,,,,Oth,grec_energy_no_base,GREC-Energy,true_oth_candidate_grec,0.0,0.5
ViLP,Qwen2-VL-7B_Biased_Test,506,vcf_only,vcf_only,1,Five,0.0,,,0.0,1.0,,,,,,,,,,,,,,,Oth,grec_energy_no_base,GREC-Energy,true_oth_candidate_grec,0.0,0.5
ViLP,Qwen2-VL-7B_Biased_Test,507,tcf_only,tcf_only,Tree,Cart,0.0,,,0.5,0.0,,,,,,,,,,,,,,,Oth,tc_grounding_energy,TCGroundingEnergy,tc_grounding_energy,0.0,0.0
ViLP,Qwen2-VL-7B_Biased_Test,523,tcf_only,tcf_only,Ant,Ant,1.0,,,1.0,0.0,,,,,,,,,,,,,,,Oth,tc_grounding_energy,TCGroundingEnergy,tc_grounding_energy,0.0,0.5
ViLP,Qwen2-VL-7B_Biased_Test,527,vcf_only,both,Wings,Boat,0.0,,,0.5,1.0,,,,,,,,,,,,,,,Oth,grec_energy_no_base,GREC-Energy,true_oth_candidate_grec,0.0,0.0
ViLP,Qwen2-VL-7B_Biased_Test,533,tcf_only,tcf_only,Mask,Mask,1.0,,,0.5,0.0,,,,,,,,,,,,,,,Oth,tc_grounding_energy,TCGroundingEnergy,tc_grounding_energy,0.0,0.0
ViLP,Qwen2-VL-7B_Biased_Test,534,vcf_only,vcf_only,Cymballs,Cymbals,0.0,,,0.0,0.5,,,,,,,,,,,,,,,Oth,grec_energy_no_base,GREC-Energy,true_oth_candidate_grec,0.0,0.0
ViLP,Qwen2-VL-7B_Biased_Test,537,tcf_only,tcf_only,Logs,Wood,0.0,,,0.5,0.0,,,,,,,,,,,,,,,Oth,tc_grounding_energy,TCGroundingEnergy,tc_grounding_energy,0.0,0.0
ViLP,Qwen2-VL-7B_Biased_Test,538,vcf_only,vcf_only,Plastic,Plastic,1.0,,,0.0,1.0,,,,,,,,,,,,,,,Oth,grec_energy_no_base,GREC-Energy,true_oth_candidate_grec,0.0,0.5
ViLP,Qwen2-VL-7B_Biased_Test,541,tcf_only,tcf_only,Needles,Needle,0.0,,,1.0,0.0,,,,,,,,,,,,,,,Oth,tc_grounding_energy,TCGroundingEnergy,tc_grounding_energy,0.0,0.5
ViLP,Qwen2-VL-7B_Biased_Test,542,vcf_only,vcf_only,Hammer,Hammer,1.0,,,0.0,1.0,,,,,,,,,,,,,,,Oth,grec_energy_no_base,GREC-Energy,true_oth_candidate_grec,0.0,0.5
ViLP,Qwen2-VL-7B_Biased_Test,544,tcf_only,tcf_only,Hammer,Hammer,1.0,,,0.5,0.0,,,,,,,,,,,,,,,Oth,tc_grounding_energy,TCGroundingEnergy,tc_grounding_energy,1.0,0.0
ViLP,Qwen2-VL-7B_Biased_Test,551,tcf_only,tcf_only,Machine,Drill,0.0,,,0.5,0.0,,,,,,,,,,,,,,,Oth,tc_grounding_energy,TCGroundingEnergy,tc_grounding_energy,0.0,0.0
ViLP,Qwen2-VL-7B_Biased_Test,552,tcf_only,tcf_only,Paws,Paws,1.0,,,1.0,0.0,,,,,,,,,,,,,,,Oth,tc_grounding_energy,TCGroundingEnergy,tc_grounding_energy,0.0,0.5
ViLP,Qwen2-VL-7B_Biased_Test,558,tcf_only,tcf_only,Logs,Wood,0.0,,,1.0,0.0,,,,,,,,,,,,,,,Oth,tc_grounding_energy,TCGroundingEnergy,tc_grounding_energy,0.0,0.5
ViLP,Qwen2-VL-7B_Biased_Test,566,vcf_only,vcf_only,Gravity,Pipe,0.0,,,0.0,1.0,,,,,,,,,,,,,,,Oth,grec_energy_no_base,GREC-Energy,true_oth_candidate_grec,0.0,0.5
ViLP,Qwen2-VL-7B_Biased_Test,576,tcf_only,tcf_only,Dolphins generate sounds by emitting waves,Echolocation,0.0,,,1.0,0.0,,,,,,,,,,,,,,,Oth,tc_grounding_energy,TCGroundingEnergy,tc_grounding_energy,0.0,0.5
ViLP,Qwen2-VL-7B_Biased_Test,577,both,tcf_only,Echo,Guitar,0.0,,,1.0,0.0,,,,,,,,,,,,,,,Oth,tc_grounding_energy,TCGroundingEnergy,tc_grounding_energy,0.0,0.5
ViLP,Qwen2-VL-7B_Biased_Test,578,both,tcf_only,Drumming,Drum,0.0,,,1.0,0.0,,,,,,,,,,,,,,,Oth,tc_grounding_energy,TCGroundingEnergy,tc_grounding_energy,0.0,0.5
ViLP,Qwen2-VL-7B_Biased_Test,581,tcf_only,tcf_only,Armor,Armor,1.0,,,0.5,0.0,,,,,,,,,,,,,,,Oth,tc_grounding_energy,TCGroundingEnergy,tc_grounding_energy,1.0,0.0
ViLP,Qwen2-VL-7B_Biased_Test,584,tcf_only,tcf_only,Map,Map,1.0,,,0.5,0.0,,,,,,,,,,,,,,,Oth,tc_grounding_energy,TCGroundingEnergy,tc_grounding_energy,1.0,0.0
ViLP,Qwen2-VL-7B_Biased_Test,586,vcf_only,vcf_only,Kangaroo,Kangaroo,1.0,,,0.0,1.0,,,,,,,,,,,,,,,Oth,grec_energy_no_base,GREC-Energy,true_oth_candidate_grec,0.0,0.5
ViLP,Qwen2-VL-7B_Biased_Test,593,vcf_only,vcf_only,Tablet,Tablet,1.0,,,0.0,1.0,,,,,,,,,,,,,,,Oth,grec_energy_no_base,GREC-Energy,true_oth_candidate_grec,0.0,0.5
ViLP,Qwen2-VL-7B_Biased_Test,596,vcf_only,vcf_only,Fire,Fire,1.0,,,0.0,1.0,,,,,,,,,,,,,,,Oth,grec_energy_no_base,GREC-Energy,true_oth_candidate_grec,0.0,0.5
ViLP,Qwen2-VL-7B_Biased_Test,598,vcf_only,vcf_only,Saw,Saw,1.0,,,0.0,1.0,,,,,,,,,,,,,,,Oth,grec_energy_no_base,GREC-Energy,true_oth_candidate_grec,0.0,0.5
ViLP,Qwen2-VL-7B_Biased_Test,602,tcf_only,tcf_only,Cloud,Cloud,1.0,,,1.0,0.0,,,,,,,,,,,,,,,Oth,tc_grounding_energy,TCGroundingEnergy,tc_grounding_energy,1.0,0.5
ViLP,Qwen2-VL-7B_Biased_Test,604,both,both,A seed,Flower,0.0,,,0.5,1.0,,,,,,,,,,,,,,,Oth,grec_energy_no_base,GREC-Energy,true_oth_candidate_grec,0.0,0.0
ViLP,Qwen2-VL-7B_Biased_Test,607,vcf_only,vcf_only,Rain,Rain,1.0,,,0.0,1.0,,,,,,,,,,,,,,,Oth,grec_energy_no_base,GREC-Energy,true_oth_candidate_grec,0.0,0.5
ViLP,Qwen2-VL-7B_Biased_Test,608,vcf_only,vcf_only,Wind,Bird,0.0,,,0.0,1.0,,,,,,,,,,,,,,,Oth,grec_energy_no_base,GREC-Energy,true_oth_candidate_grec,0.0,0.5
ViLP,Qwen2-VL-7B_Biased_Test,614,tcf_only,tcf_only,Brick,Brick,1.0,,,1.0,0.0,,,,,,,,,,,,,,,Oth,tc_grounding_energy,TCGroundingEnergy,tc_grounding_energy,0.0,0.5
ViLP,Qwen2-VL-7B_Biased_Test,616,tcf_only,tcf_only,Eagle,Eagle,1.0,,,1.0,0.0,,,,,,,,,,,,,,,Oth,tc_grounding_energy,TCGroundingEnergy,tc_grounding_energy,0.0,0.5
ViLP,Qwen2-VL-7B_Biased_Test,619,vcf_only,vcf_only,Butterfly,Moth,0.0,,,0.0,1.0,,,,,,,,,,,,,,,Oth,grec_energy_no_base,GREC-Energy,true_oth_candidate_grec,0.0,0.5
ViLP,Qwen2-VL-7B_Biased_Test,622,tcf_only,tcf_only,Eagle,Eagle,1.0,,,1.0,0.0,,,,,,,,,,,,,,,Oth,tc_grounding_energy,TCGroundingEnergy,tc_grounding_energy,0.0,0.5
ViLP,Qwen2-VL-7B_Biased_Test,623,tcf_only,tcf_only,Fire,Flame,0.0,,,1.0,0.0,,,,,,,,,,,,,,,Oth,tc_grounding_energy,TCGroundingEnergy,tc_grounding_energy,0.0,0.5
ViLP,Qwen2-VL-7B_Biased_Test,628,both,both,Chain,Chain,1.0,,,0.5,1.0,,,,,,,,,,,,,,,Oth,grec_energy_no_base,GREC-Energy,true_oth_candidate_grec,0.0,0.0
ViLP,Qwen2-VL-7B_Biased_Test,633,both,both,Albert Einstein,Einstein,0.0,,,0.5,1.0,,,,,,,,,,,,,,,Oth,grec_energy_no_base,GREC-Energy,true_oth_candidate_grec,0.0,0.0
ViLP,Qwen2-VL-7B_Biased_Test,634,both,both,Einstein,Newton,0.0,,,1.0,1.0,,,,,,,,,,,,,,,Oth,grec_energy_no_base,GREC-Energy,true_oth_candidate_grec,0.0,0.5
ViLP,Qwen2-VL-7B_Biased_Test,646,vcf_only,vcf_only,5,6,0.0,,,0.0,1.0,,,,,,,,,,,,,,,Oth,grec_energy_no_base,GREC-Energy,true_oth_candidate_grec,0.0,0.5
ViLP,Qwen2-VL-7B_Biased_Test,652,vcf_only,vcf_only,Sheep,Pig,0.0,,,0.0,1.0,,,,,,,,,,,,,,,Oth,grec_energy_no_base,GREC-Energy,true_oth_candidate_grec,0.0,0.5
ViLP,Qwen2-VL-7B_Biased_Test,653,vcf_only,vcf_only,Sheep,Chicken,0.0,,,0.0,1.0,,,,,,,,,,,,,,,Oth,grec_energy_no_base,GREC-Energy,true_oth_candidate_grec,0.0,0.5
ViLP,Qwen2-VL-7B_Biased_Test,656,vcf_only,vcf_only,Flamingo,Penguin,0.0,,,0.0,1.0,,,,,,,,,,,,,,,Oth,grec_energy_no_base,GREC-Energy,true_oth_candidate_grec,0.0,0.5
ViLP,Qwen2-VL-7B_Biased_Test,661,both,both,Pig,Pig,1.0,,,0.5,1.0,,,,,,,,,,,,,,,Oth,grec_energy_no_base,GREC-Energy,true_oth_candidate_grec,0.0,0.0
ViLP,Qwen2-VL-7B_Biased_Test,664,tcf_only,tcf_only,Rainbow,Rainbow,1.0,,,1.0,0.0,,,,,,,,,,,,,,,Oth,tc_grounding_energy,TCGroundingEnergy,tc_grounding_energy,0.0,0.5
ViLP,Qwen2-VL-7B_Biased_Test,666,both,both,curved,Straight,0.0,,,1.0,0.5,,,,,,,,,,,,,,,Oth,grec_energy_no_base,GREC-Energy,true_oth_candidate_grec,0.0,0.0
ViLP,Qwen2-VL-7B_Biased_Test,668,tcf_only,tcf_only,Curved,Zigzag,0.0,,,1.0,0.0,,,,,,,,,,,,,,,Oth,tc_grounding_energy,TCGroundingEnergy,tc_grounding_energy,0.0,0.5
ViLP,Qwen2-VL-7B_Biased_Test,674,tcf_only,tcf_only,Carrots,Carrots,1.0,,,0.5,0.0,,,,,,,,,,,,,,,Oth,tc_grounding_energy,TCGroundingEnergy,tc_grounding_energy,0.0,0.0
ViLP,Qwen2-VL-7B_Biased_Test,676,tcf_only,tcf_only,banana,Handle,0.0,,,0.5,0.0,,,,,,,,,,,,,,,Oth,tc_grounding_energy,TCGroundingEnergy,tc_grounding_energy,0.0,0.0
ViLP,Qwen2-VL-7B_Biased_Test,677,both,both,Saxophone,Banana,0.0,,,1.0,1.0,,,,,,,,,,,,,,,Oth,grec_energy_no_base,GREC-Energy,true_oth_candidate_grec,0.0,0.5
ViLP,Qwen2-VL-7B_Biased_Test,683,vcf_only,vcf_only,Leonardo,Claude,0.0,,,0.0,1.0,,,,,,,,,,,,,,,Oth,grec_energy_no_base,GREC-Energy,true_oth_candidate_grec,0.0,0.5
ViLP,Qwen2-VL-7B_Biased_Test,691,tcf_only,tcf_only,The central skyscraper,Skyscraper,0.0,,,1.0,0.0,,,,,,,,,,,,,,,Oth,tc_grounding_energy,TCGroundingEnergy,tc_grounding_energy,0.0,0.5
ViLP,Qwen2-VL-7B_Biased_Test,692,vcf_only,vcf_only,Igloo,Igloo,1.0,,,0.0,1.0,,,,,,,,,,,,,,,Oth,grec_energy_no_base,GREC-Energy,true_oth_candidate_grec,0.0,0.5
ViLP,Qwen2-VL-7B_Biased_Test,694,vcf_only,vcf_only,Corkscrew,Plunger,0.0,,,0.0,0.5,,,,,,,,,,,,,,,Oth,grec_energy_no_base,GREC-Energy,true_oth_candidate_grec,0.0,0.0
ViLP,Qwen2-VL-7B_Biased_Test,697,vcf_only,vcf_only,Anchor,Spoon,0.0,,,0.0,1.0,,,,,,,,,,,,,,,Oth,grec_energy_no_base,GREC-Energy,true_oth_candidate_grec,0.0,0.5
ViLP,Qwen2-VL-7B_Biased_Test,698,vcf_only,vcf_only,Toothbrush,Toothbrush,1.0,,,0.0,1.0,,,,,,,,,,,,,,,Oth,grec_energy_no_base,GREC-Energy,true_oth_candidate_grec,0.0,0.5
ViLP,Qwen2-VL-7B_Biased_Test,701,vcf_only,vcf_only,Parachute,Umbrella,0.0,,,0.0,1.0,,,,,,,,,,,,,,,Oth,grec_energy_no_base,GREC-Energy,true_oth_candidate_grec,0.0,0.5
ViLP,Qwen2-VL-7B_Biased_Test,704,vcf_only,vcf_only,Gavel,Wrench,0.0,,,0.0,1.0,,,,,,,,,,,,,,,Oth,grec_energy_no_base,GREC-Energy,true_oth_candidate_grec,0.0,0.5
ViLP,Qwen2-VL-7B_Biased_Test,706,vcf_only,vcf_only,Syringe,Scissor,0.0,,,0.0,1.0,,,,,,,,,,,,,,,Oth,grec_energy_no_base,GREC-Energy,true_oth_candidate_grec,0.0,0.5
ViLP,Qwen2-VL-7B_Biased_Test,707,vcf_only,vcf_only,Syringe,Drill,0.0,,,0.0,1.0,,,,,,,,,,,,,,,Oth,grec_energy_no_base,GREC-Energy,true_oth_candidate_grec,0.0,0.5
ViLP,Qwen2-VL-7B_Biased_Test,708,vcf_only,vcf_only,Earth,Satellite,0.0,,,0.0,1.0,,,,,,,,,,,,,,,Oth,grec_energy_no_base,GREC-Energy,true_oth_candidate_grec,0.0,0.5
ViLP,Qwen2-VL-7B_Biased_Test,709,vcf_only,vcf_only,Satellite,Blender,0.0,,,0.0,1.0,,,,,,,,,,,,,,,Oth,grec_energy_no_base,GREC-Energy,true_oth_candidate_grec,0.0,0.5
ViLP,Qwen2-VL-7B_Biased_Test,712,vcf_only,vcf_only,Compass,Plunger,0.0,,,0.0,1.0,,,,,,,,,,,,,,,Oth,grec_energy_no_base,GREC-Energy,true_oth_candidate_grec,0.0,0.5
ViLP,Qwen2-VL-7B_Biased_Test,713,vcf_only,vcf_only,Compass,Protractor,0.0,,,0.0,1.0,,,,,,,,,,,,,,,Oth,grec_energy_no_base,GREC-Energy,true_oth_candidate_grec,0.0,0.5
ViLP,Qwen2-VL-7B_Biased_Test,718,vcf_only,vcf_only,Thermometer,Ruler,0.0,,,0.0,1.0,,,,,,,,,,,,,,,Oth,grec_energy_no_base,GREC-Energy,true_oth_candidate_grec,0.0,0.5
ViLP,Qwen2-VL-7B_Biased_Test,719,tcf_only,tcf_only,Microphone,Flashlight,0.0,,,1.0,0.0,,,,,,,,,,,,,,,Oth,tc_grounding_energy,TCGroundingEnergy,tc_grounding_energy,0.0,0.5
ViLP,Qwen2-VL-7B_Biased_Test,721,vcf_only,vcf_only,chopsticks,Wrench,0.0,,,0.0,0.5,,,,,,,,,,,,,,,Oth,grec_energy_no_base,GREC-Energy,true_oth_candidate_grec,0.0,0.0
ViLP,Qwen2-VL-7B_Biased_Test,722,both,tcf_only,Sushi fork,Sponge,0.0,,,1.0,0.0,,,,,,,,,,,,,,,Oth,tc_grounding_energy,TCGroundingEnergy,tc_grounding_energy,0.0,0.5
ViLP,Qwen2-VL-7B_Biased_Test,724,vcf_only,vcf_only,Barometer,Stapler,0.0,,,0.0,1.0,,,,,,,,,,,,,,,Oth,grec_energy_no_base,GREC-Energy,true_oth_candidate_grec,0.0,0.5
ViLP,Qwen2-VL-7B_Biased_Test,727,vcf_only,vcf_only,Seismograph,Blender,0.0,,,0.0,1.0,,,,,,,,,,,,,,,Oth,grec_energy_no_base,GREC-Energy,true_oth_candidate_grec,0.0,0.5
ViLP,Qwen2-VL-7B_Biased_Test,728,vcf_only,vcf_only,Seismograph,Umbrella,0.0,,,0.0,1.0,,,,,,,,,,,,,,,Oth,grec_energy_no_base,GREC-Energy,true_oth_candidate_grec,0.0,0.5
ViLP,Qwen2-VL-7B_Biased_Test,731,vcf_only,vcf_only,Sextant,Paintbrush,0.0,,,0.0,0.5,,,,,,,,,,,,,,,Oth,grec_energy_no_base,GREC-Energy,true_oth_candidate_grec,0.0,0.0
ViLP,Qwen2-VL-7B_Biased_Test,733,tcf_only,tcf_only,Tea Kettle,Kettle,0.0,,,0.5,0.0,,,,,,,,,,,,,,,Oth,tc_grounding_energy,TCGroundingEnergy,tc_grounding_energy,0.0,0.0
ViLP,Qwen2-VL-7B_Biased_Test,743,tcf_only,tcf_only,The pantograph on the floor,Pillow,0.0,,,1.0,0.0,,,,,,,,,,,,,,,Oth,tc_grounding_energy,TCGroundingEnergy,tc_grounding_energy,0.0,0.5
ViLP,Qwen2-VL-7B_Biased_Test,746,vcf_only,vcf_only,Theodolite,Umbrella,0.0,,,0.0,1.0,,,,,,,,,,,,,,,Oth,grec_energy_no_base,GREC-Energy,true_oth_candidate_grec,0.0,0.5
ViLP,Qwen2-VL-7B_Biased_Test,747,tcf_only,tcf_only,Knife,Chakram,0.0,,,0.5,0.0,,,,,,,,,,,,,,,Oth,tc_grounding_energy,TCGroundingEnergy,tc_grounding_energy,0.0,0.0
ViLP,Qwen2-VL-7B_Biased_Test,761,tcf_only,tcf_only,Window,window,1.0,,,0.5,0.0,,,,,,,,,,,,,,,Oth,tc_grounding_energy,TCGroundingEnergy,tc_grounding_energy,1.0,0.0
ViLP,Qwen2-VL-7B_Biased_Test,764,tcf_only,tcf_only,Cow,cow,1.0,,,0.5,0.0,,,,,,,,,,,,,,,Oth,tc_grounding_energy,TCGroundingEnergy,tc_grounding_energy,1.0,0.0
ViLP,Qwen2-VL-7B_Biased_Test,769,vcf_only,vcf_only,Giraffe,camel,0.0,,,0.0,1.0,,,,,,,,,,,,,,,Oth,grec_energy_no_base,GREC-Energy,true_oth_candidate_grec,0.0,0.5
ViLP,Qwen2-VL-7B_Biased_Test,774,tcf_only,tcf_only,The early bird catches the worm,worm,0.0,,,1.0,0.0,,,,,,,,,,,,,,,Oth,tc_grounding_energy,TCGroundingEnergy,tc_grounding_energy,0.0,0.5
ViLP,Qwen2-VL-7B_Biased_Test,779,tcf_only,tcf_only,Metal,metal,1.0,,,0.5,0.0,,,,,,,,,,,,,,,Oth,tc_grounding_energy,TCGroundingEnergy,tc_grounding_energy,1.0,0.0
ViLP,Qwen2-VL-7B_Biased_Test,783,both,both,Regrigerators,fridge,0.0,,,0.5,1.0,,,,,,,,,,,,,,,Oth,grec_energy_no_base,GREC-Energy,true_oth_candidate_grec,0.0,0.0
ViLP,Qwen2-VL-7B_Biased_Test,784,vcf_only,vcf_only,Regrigerators,oven,0.0,,,0.0,1.0,,,,,,,,,,,,,,,Oth,grec_energy_no_base,GREC-Energy,true_oth_candidate_grec,0.0,0.5
ViLP,Qwen2-VL-7B_Biased_Test,794,tcf_only,tcf_only,Wallet,wallet,1.0,,,0.5,0.0,,,,,,,,,,,,,,,Oth,tc_grounding_energy,TCGroundingEnergy,tc_grounding_energy,1.0,0.0
ViLP,Qwen2-VL-7B_Biased_Test,798,tcf_only,tcf_only,Sextant,sextant,1.0,,,1.0,0.0,,,,,,,,,,,,,,,Oth,tc_grounding_energy,TCGroundingEnergy,tc_grounding_energy,0.0,0.5
ViLP,Qwen2-VL-7B_Biased_Test,799,both,both,Compass,spoon,0.0,,,0.5,0.5,,,,,,,,,,,,,,,Oth,grec_energy_no_base,GREC-Energy,true_oth_candidate_grec,0.0,0.0
ViLP,Qwen2-VL-7B_Biased_Test,802,tcf_only,tcf_only,Stapler,stapler,1.0,,,1.0,0.0,,,,,,,,,,,,,,,Oth,tc_grounding_energy,TCGroundingEnergy,tc_grounding_energy,0.0,0.5
ViLP,Qwen2-VL-7B_Biased_Test,803,tcf_only,tcf_only,Microphone,mug,0.0,,,1.0,0.0,,,,,,,,,,,,,,,Oth,tc_grounding_energy,TCGroundingEnergy,tc_grounding_energy,0.0,0.5
ViLP,Qwen2-VL-7B_Biased_Test,808,tcf_only,tcf_only,Xylophone,spatula,0.0,,,1.0,0.0,,,,,,,,,,,,,,,Oth,tc_grounding_energy,TCGroundingEnergy,tc_grounding_energy,0.0,0.5
ViLP,Qwen2-VL-7B_Biased_Test,809,vcf_only,vcf_only,Xylophone,cushion,0.0,,,0.0,1.0,,,,,,,,,,,,,,,Oth,grec_energy_no_base,GREC-Energy,true_oth_candidate_grec,0.0,0.5
ViLP,Qwen2-VL-7B_Biased_Test,811,tcf_only,tcf_only,Tea kettle,kettle,0.0,,,0.5,0.0,,,,,,,,,,,,,,,Oth,tc_grounding_energy,TCGroundingEnergy,tc_grounding_energy,0.0,0.0
ViLP,Qwen2-VL-7B_Biased_Test,814,tcf_only,tcf_only,stapler,stapler,1.0,,,1.0,0.0,,,,,,,,,,,,,,,Oth,tc_grounding_energy,TCGroundingEnergy,tc_grounding_energy,0.0,0.5
ViLP,Qwen2-VL-7B_Biased_Test,816,vcf_only,vcf_only,Sundial,gnomon,0.0,,,0.0,1.0,,,,,,,,,,,,,,,Oth,grec_energy_no_base,GREC-Energy,true_oth_candidate_grec,0.0,0.5
ViLP,Qwen2-VL-7B_Biased_Test,817,vcf_only,vcf_only,Sundial,kettle,0.0,,,0.0,1.0,,,,,,,,,,,,,,,Oth,grec_energy_no_base,GREC-Energy,true_oth_candidate_grec,0.0,0.5
ViLP,Qwen2-VL-7B_Biased_Test,818,vcf_only,vcf_only,sundial,shoelace,0.0,,,0.0,0.5,,,,,,,,,,,,,,,Oth,grec_energy_no_base,GREC-Energy,true_oth_candidate_grec,0.0,0.0
ViLP,Qwen2-VL-7B_Biased_Test,821,vcf_only,vcf_only,Kalimba,whisk,0.0,,,0.0,1.0,,,,,,,,,,,,,,,Oth,grec_energy_no_base,GREC-Energy,true_oth_candidate_grec,0.0,0.5
ViLP,Qwen2-VL-7B_Biased_Test,824,tcf_only,tcf_only,Hologram,Cushion,0.0,,,1.0,0.0,,,,,,,,,,,,,,,Oth,tc_grounding_energy,TCGroundingEnergy,tc_grounding_energy,0.0,0.5
ViLP,Qwen2-VL-7B_Biased_Test,826,both,both,Ruler,Ruler,1.0,,,0.5,1.0,,,,,,,,,,,,,,,Oth,grec_energy_no_base,GREC-Energy,true_oth_candidate_grec,0.0,0.0
ViLP,Qwen2-VL-7B_Biased_Test,832,both,both,The object in the image that analyzes fingerprint,Coconut,0.0,,,0.5,1.0,,,,,,,,,,,,,,,Oth,grec_energy_no_base,GREC-Energy,true_oth_candidate_grec,0.0,0.0
ViLP,Qwen2-VL-7B_Biased_Test,833,tcf_only,tcf_only,Violin,Violin,1.0,,,1.0,0.0,,,,,,,,,,,,,,,Oth,tc_grounding_energy,TCGroundingEnergy,tc_grounding_energy,0.0,0.5
ViLP,Qwen2-VL-7B_Biased_Test,834,tcf_only,tcf_only,A woman,People,0.0,,,1.0,0.0,,,,,,,,,,,,,,,Oth,tc_grounding_energy,TCGroundingEnergy,tc_grounding_energy,0.0,0.5
ViLP,Qwen2-VL-7B_Biased_Test,838,vcf_only,vcf_only,Refrigerator,Cactus,0.0,,,0.0,1.0,,,,,,,,,,,,,,,Oth,grec_energy_no_base,GREC-Energy,true_oth_candidate_grec,0.0,0.5
ViLP,Qwen2-VL-7B_Biased_Test,839,vcf_only,vcf_only,Refrigerator,Violin,0.0,,,0.0,1.0,,,,,,,,,,,,,,,Oth,grec_energy_no_base,GREC-Energy,true_oth_candidate_grec,0.0,0.5
ViLP,Qwen2-VL-7B_Biased_Test,843,vcf_only,vcf_only,plastic,Steel,0.0,,,0.0,0.5,,,,,,,,,,,,,,,Oth,grec_energy_no_base,GREC-Energy,true_oth_candidate_grec,0.0,0.0
ViLP,Qwen2-VL-7B_Biased_Test,844,vcf_only,vcf_only,Coconut,Coconut,1.0,,,0.0,0.5,,,,,,,,,,,,,,,Oth,grec_energy_no_base,GREC-Energy,true_oth_candidate_grec,0.0,0.0
ViLP,Qwen2-VL-7B_Biased_Test,848,vcf_only,vcf_only,Fan,Unicycle,0.0,,,0.0,1.0,,,,,,,,,,,,,,,Oth,grec_energy_no_base,GREC-Energy,true_oth_candidate_grec,0.0,0.5
ViLP,Qwen2-VL-7B_Biased_Test,851,vcf_only,vcf_only,printer,Lighthouse,0.0,,,0.0,1.0,,,,,,,,,,,,,,,Oth,grec_energy_no_base,GREC-Energy,true_oth_candidate_grec,0.0,0.5
ViLP,Qwen2-VL-7B_Biased_Test,854,tcf_only,tcf_only,Wild boar,Pig,0.0,,,1.0,0.0,,,,,,,,,,,,,,,Oth,tc_grounding_energy,TCGroundingEnergy,tc_grounding_energy,0.0,0.5
ViLP,Qwen2-VL-7B_Biased_Test,869,both,both,Pineapple,Pineapple,1.0,,,0.5,0.5,,,,,,,,,,,,,,,Oth,grec_energy_no_base,GREC-Energy,true_oth_candidate_grec,0.0,0.0
ViLP,Qwen2-VL-7B_Biased_Test,872,both,both,paper,Paper,1.0,,,0.5,1.0,,,,,,,,,,,,,,,Oth,grec_energy_no_base,GREC-Energy,true_oth_candidate_grec,0.0,0.0
ViLP,Qwen2-VL-7B_Biased_Test,873,tcf_only,tcf_only,The worm,Worm,0.0,,,1.0,0.0,,,,,,,,,,,,,,,Oth,tc_grounding_energy,TCGroundingEnergy,tc_grounding_energy,0.0,0.5
ViLP,Qwen2-VL-7B_Biased_Test,874,tcf_only,tcf_only,Cat,Cat,1.0,,,1.0,0.0,,,,,,,,,,,,,,,Oth,tc_grounding_energy,TCGroundingEnergy,tc_grounding_energy,0.0,0.5
ViLP,Qwen2-VL-7B_Biased_Test,876,tcf_only,tcf_only,Ring,Worm,0.0,,,0.5,0.0,,,,,,,,,,,,,,,Oth,tc_grounding_energy,TCGroundingEnergy,tc_grounding_energy,0.0,0.0
ViLP,Qwen2-VL-7B_Biased_Test,877,tcf_only,tcf_only,Elephant,Elephant,1.0,,,0.5,0.0,,,,,,,,,,,,,,,Oth,tc_grounding_energy,TCGroundingEnergy,tc_grounding_energy,0.0,0.0
ViLP,Qwen2-VL-7B_Biased_Test,881,tcf_only,tcf_only,Coconut,Coconut,1.0,,,1.0,0.0,,,,,,,,,,,,,,,Oth,tc_grounding_energy,TCGroundingEnergy,tc_grounding_energy,0.0,0.5
ViLP,Qwen2-VL-7B_Biased_Test,883,both,both,pig,Pig,1.0,,,1.0,1.0,,,,,,,,,,,,,,,Oth,grec_energy_no_base,GREC-Energy,true_oth_candidate_grec,0.0,0.5
ViLP,Qwen2-VL-7B_Biased_Test,884,both,both,Tiger,Tiger,1.0,,,1.0,1.0,,,,,,,,,,,,,,,Oth,grec_energy_no_base,GREC-Energy,true_oth_candidate_grec,0.0,0.5
ViLP,Qwen2-VL-7B_Biased_Test,886,tcf_only,tcf_only,Fan,Fan,1.0,,,1.0,0.0,,,,,,,,,,,,,,,Oth,tc_grounding_energy,TCGroundingEnergy,tc_grounding_energy,0.0,0.5
ViLP,Qwen2-VL-7B_Biased_Test,892,both,both,Kangaroo,Kangaroo,1.0,,,0.5,1.0,,,,,,,,,,,,,,,Oth,grec_energy_no_base,GREC-Energy,true_oth_candidate_grec,0.0,0.0
ViLP,Qwen2-VL-7B_Biased_Test,893,both,both,Tiger,Tiger,1.0,,,0.5,1.0,,,,,,,,,,,,,,,Oth,grec_energy_no_base,GREC-Energy,true_oth_candidate_grec,0.0,0.0
ViLP,Qwen2-VL-7B_Biased_Test,894,tcf_only,tcf_only,Water,Water,1.0,,,0.5,0.0,,,,,,,,,,,,,,,Oth,tc_grounding_energy,TCGroundingEnergy,tc_grounding_energy,1.0,0.0
ViLP,Qwen2-VL-7B_Biased_Test,899,tcf_only,tcf_only,rubber,Pitaya,0.0,,,1.0,0.0,,,,,,,,,,,,,,,Oth,tc_grounding_energy,TCGroundingEnergy,tc_grounding_energy,0.0,0.5
