dataset,split_name,index,mode,format,action,action_name,state,hit,passes,reliable,tc_score,tc_probe_count,tc_stage,vc_score,tc_source,vc_source,vc_cascade_depth
MMStar,LLaVA-NeXT-8B_Biased_Test,1,vcf_only,MCQ,both_max_grayscale_b0.2_g2.5_t0.2,Visual-Grayscale,visual_gray,0.0,3,1,0.0,1,tc_os1_low,1.0,none,gray,1
MMStar,LLaVA-NeXT-8B_Biased_Test,2,vcf_only,MCQ,joint_os_center_mask_b0.2_g2.5_t0.2,Joint-CenterMask-OptionShuffle1,joint_center,0.0,4,1,0.0,1,tc_os1_high,2.0,option_shuffle,center,
MMStar,LLaVA-NeXT-8B_Biased_Test,4,vcf_only,MCQ,both_max_grayscale_b0.2_g2.5_t0.2,Visual-Grayscale,visual_gray,0.0,5,1,0.0,1,tc_os1_low,2.0,none,gray,3
MMStar,LLaVA-NeXT-8B_Biased_Test,11,vcf_only,MCQ,both_max_grayscale_b0.2_g2.5_t0.2,Visual-Grayscale,visual_gray,1.0,3,1,2.0,1,tc_os1_low,1.0,none,gray,1
MMStar,LLaVA-NeXT-8B_Biased_Test,13,vcf_only,MCQ,both_max_strong_blur_b0.2_g2.5_t0.2,Visual-StrongBlur,visual_strong,0.0,5,1,0.0,1,tc_os1_low,1.0,none,strong,3
MMStar,LLaVA-NeXT-8B_Biased_Test,18,vcf_only,MCQ,both_max_strong_blur_b0.2_g2.5_t0.2,Visual-StrongBlur,visual_strong,0.0,5,1,0.0,1,tc_os1_low,1.0,none,strong,3
MMStar,LLaVA-NeXT-8B_Biased_Test,19,vcf_only,MCQ,both_max_grayscale_b0.2_g2.5_t0.2,Visual-Grayscale,visual_gray,0.0,3,1,0.0,1,tc_os1_low,2.0,none,gray,1
MMStar,LLaVA-NeXT-8B_Biased_Test,29,both,MCQ,floor_sci5_ours_aug_b0.1_g2_t0.3,Conservative-2VC2TC,conservative_full,1.0,5,0,,,,,none,none,
MMStar,LLaVA-NeXT-8B_Biased_Test,31,both,MCQ,floor_sci5_ours_aug_b0.1_g2_t0.3,Conservative-2VC2TC,conservative_full,0.0,5,0,,,,,none,none,
MMStar,LLaVA-NeXT-8B_Biased_Test,36,vcf_only,MCQ,joint_os_center_mask_b0.2_g2.5_t0.2,Joint-CenterMask-OptionShuffle1,joint_center,0.0,4,1,0.0,1,tc_os1_high,1.0,option_shuffle,center,
MMStar,LLaVA-NeXT-8B_Biased_Test,38,vcf_only,MCQ,both_max_grayscale_b0.2_g2.5_t0.2,Visual-Grayscale,visual_gray,0.0,3,1,0.0,1,tc_os1_low,2.0,none,gray,1
MMStar,LLaVA-NeXT-8B_Biased_Test,52,vcf_only,MCQ,both_max_grayscale_b0.2_g2.5_t0.2,Visual-Grayscale,visual_gray,0.0,5,1,0.0,1,tc_os1_low,1.0,none,gray,3
MMStar,LLaVA-NeXT-8B_Biased_Test,57,tcf_only,MCQ,floor_sci5_ours_aug_b0.1_g2_t0.3,Conservative-2VC2TC,conservative_full,0.0,5,0,,,,,none,none,
MMStar,LLaVA-NeXT-8B_Biased_Test,61,both,MCQ,floor_sci5_ours_aug_b0.1_g2_t0.3,Conservative-2VC2TC,conservative_full,0.0,5,0,,,,,none,none,
MMStar,LLaVA-NeXT-8B_Biased_Test,67,vcf_only,MCQ,both_max_grayscale_b0.2_g2.5_t0.2,Visual-Grayscale,visual_gray,1.0,3,1,0.0,1,tc_os1_low,2.0,none,gray,1
MMStar,LLaVA-NeXT-8B_Biased_Test,74,tcf_only,MCQ,floor_sci5_ours_aug_b0.1_g2_t0.3,Conservative-2VC2TC,conservative_full,0.0,5,0,,,,,none,none,
MMStar,LLaVA-NeXT-8B_Biased_Test,79,tcf_only,MCQ,floor_sci5_ours_aug_b0.1_g2_t0.3,Conservative-2VC2TC,conservative_full,1.0,5,0,,,,,none,none,
MMStar,LLaVA-NeXT-8B_Biased_Test,83,vcf_only,MCQ,floor_sci5_ours_aug_b0.1_g2_t0.3,Conservative-2VC2TC,conservative_full,1.0,5,0,,,,,none,none,
MMStar,LLaVA-NeXT-8B_Biased_Test,94,vcf_only,MCQ,both_max_grayscale_b0.2_g2.5_t0.2,Visual-Grayscale,visual_gray,0.0,3,1,0.0,1,tc_os1_low,2.0,none,gray,1
MMStar,LLaVA-NeXT-8B_Biased_Test,101,vcf_only,MCQ,both_max_grayscale_b0.2_g2.5_t0.2,Visual-Grayscale,visual_gray,0.0,3,1,0.0,1,tc_os1_low,1.0,none,gray,1
MMStar,LLaVA-NeXT-8B_Biased_Test,106,tcf_only,MCQ,floor_sci5_ours_aug_b0.1_g2_t0.3,Conservative-2VC2TC,conservative_full,0.0,5,0,,,,,none,none,
MMStar,LLaVA-NeXT-8B_Biased_Test,107,tcf_only,MCQ,floor_sci5_ours_aug_b0.1_g2_t0.3,Conservative-2VC2TC,conservative_full,0.0,5,0,,,,,none,none,
MMStar,LLaVA-NeXT-8B_Biased_Test,112,vcf_only,MCQ,floor_sci5_ours_aug_b0.1_g2_t0.3,Conservative-2VC2TC,conservative_full,0.0,5,1,0.0,1,tc_os1_low,0.0,none,none,
MMStar,LLaVA-NeXT-8B_Biased_Test,113,vcf_only,MCQ,floor_sci5_ours_aug_b0.1_g2_t0.3,Conservative-2VC2TC,conservative_full,1.0,5,0,,,,,none,none,
MMStar,LLaVA-NeXT-8B_Biased_Test,119,both,MCQ,floor_sci5_ours_aug_b0.1_g2_t0.3,Conservative-2VC2TC,conservative_full,1.0,5,0,,,,,none,none,
MMStar,LLaVA-NeXT-8B_Biased_Test,123,both,MCQ,floor_sci5_ours_aug_b0.1_g2_t0.3,Conservative-2VC2TC,conservative_full,0.0,5,0,,,,,none,none,
MMStar,LLaVA-NeXT-8B_Biased_Test,126,vcf_only,MCQ,floor_sci5_ours_aug_b0.1_g2_t0.3,Conservative-2VC2TC,conservative_full,0.0,5,1,0.0,1,tc_os1_low,0.0,none,none,
MMStar,LLaVA-NeXT-8B_Biased_Test,127,tcf_only,MCQ,floor_sci5_ours_aug_b0.1_g2_t0.3,Conservative-2VC2TC,conservative_full,0.0,5,0,,,,,none,none,
MMStar,LLaVA-NeXT-8B_Biased_Test,128,vcf_only,MCQ,both_max_grayscale_b0.2_g2.5_t0.2,Visual-Grayscale,visual_gray,0.0,3,1,0.0,1,tc_os1_low,2.0,none,gray,1
MMStar,LLaVA-NeXT-8B_Biased_Test,142,vcf_only,MCQ,both_max_strong_blur_b0.2_g2.5_t0.2,Visual-StrongBlur,visual_strong,0.0,5,1,0.0,1,tc_os1_low,2.0,none,strong,3
MMStar,LLaVA-NeXT-8B_Biased_Test,143,vcf_only,MCQ,floor_sci5_ours_aug_b0.1_g2_t0.3,Conservative-2VC2TC,conservative_full,0.0,5,0,,,,,none,none,
MMStar,LLaVA-NeXT-8B_Biased_Test,144,vcf_only,MCQ,floor_sci5_ours_aug_b0.1_g2_t0.3,Conservative-2VC2TC,conservative_full,1.0,5,0,,,,,none,none,
MMStar,LLaVA-NeXT-8B_Biased_Test,148,vcf_only,MCQ,floor_sci5_ours_aug_b0.1_g2_t0.3,Conservative-2VC2TC,conservative_full,0.0,5,0,,,,,none,none,
MMStar,LLaVA-NeXT-8B_Biased_Test,149,vcf_only,MCQ,floor_sci5_ours_aug_b0.1_g2_t0.3,Conservative-2VC2TC,conservative_full,0.0,5,0,,,,,none,none,
MMStar,LLaVA-NeXT-8B_Biased_Test,152,vcf_only,MCQ,floor_sci5_ours_aug_b0.1_g2_t0.3,Conservative-2VC2TC,conservative_full,0.0,5,0,,,,,none,none,
MMStar,LLaVA-NeXT-8B_Biased_Test,252,vcf_only,MCQ,both_max_grayscale_b0.2_g2.5_t0.2,Visual-Grayscale,visual_gray,1.0,3,1,0.0,1,tc_os1_low,2.0,none,gray,1
MMStar,LLaVA-NeXT-8B_Biased_Test,253,tcf_only,MCQ,floor_sci5_ours_aug_b0.1_g2_t0.3,Conservative-2VC2TC,conservative_full,1.0,5,0,,,,,none,none,
MMStar,LLaVA-NeXT-8B_Biased_Test,256,vcf_only,MCQ,both_max_grayscale_b0.2_g2.5_t0.2,Visual-Grayscale,visual_gray,0.0,3,1,0.0,1,tc_os1_low,2.0,none,gray,1
MMStar,LLaVA-NeXT-8B_Biased_Test,257,vcf_only,MCQ,both_max_grayscale_b0.2_g2.5_t0.2,Visual-Grayscale,visual_gray,0.0,3,1,0.0,1,tc_os1_low,2.0,none,gray,1
MMStar,LLaVA-NeXT-8B_Biased_Test,258,vcf_only,MCQ,both_max_grayscale_b0.2_g2.5_t0.2,Visual-Grayscale,visual_gray,1.0,3,1,0.0,1,tc_os1_low,1.0,none,gray,1
MMStar,LLaVA-NeXT-8B_Biased_Test,259,both,MCQ,floor_sci5_ours_aug_b0.1_g2_t0.3,Conservative-2VC2TC,conservative_full,0.0,5,0,,,,,none,none,
MMStar,LLaVA-NeXT-8B_Biased_Test,261,vcf_only,MCQ,joint_os_center_mask_b0.2_g2.5_t0.2,Joint-CenterMask-OptionShuffle1,joint_center,0.0,4,1,2.0,1,tc_os1_high,2.0,option_shuffle,center,
MMStar,LLaVA-NeXT-8B_Biased_Test,264,vcf_only,MCQ,floor_sci5_ours_aug_b0.1_g2_t0.3,Conservative-2VC2TC,conservative_full,0.0,5,0,,,,,none,none,
MMStar,LLaVA-NeXT-8B_Biased_Test,269,vcf_only,MCQ,both_max_grayscale_b0.2_g2.5_t0.2,Visual-Grayscale,visual_gray,0.0,3,1,0.0,1,tc_os1_low,1.0,none,gray,1
MMStar,LLaVA-NeXT-8B_Biased_Test,273,vcf_only,MCQ,floor_sci5_ours_aug_b0.1_g2_t0.3,Conservative-2VC2TC,conservative_full,0.0,5,0,,,,,none,none,
MMStar,LLaVA-NeXT-8B_Biased_Test,286,vcf_only,MCQ,both_max_grayscale_b0.2_g2.5_t0.2,Visual-Grayscale,visual_gray,0.0,3,1,0.0,1,tc_os1_low,2.0,none,gray,1
MMStar,LLaVA-NeXT-8B_Biased_Test,287,vcf_only,MCQ,both_max_center_mask_b0.2_g2.5_t0.2,Visual-CenterMask,visual_center,0.0,5,1,0.0,1,tc_os1_low,2.0,none,center,3
MMStar,LLaVA-NeXT-8B_Biased_Test,288,tcf_only,MCQ,floor_sci5_ours_aug_b0.1_g2_t0.3,Conservative-2VC2TC,conservative_full,0.0,5,0,,,,,none,none,
MMStar,LLaVA-NeXT-8B_Biased_Test,291,tcf_only,MCQ,floor_sci5_ours_aug_b0.1_g2_t0.3,Conservative-2VC2TC,conservative_full,1.0,5,0,,,,,none,none,
MMStar,LLaVA-NeXT-8B_Biased_Test,292,vcf_only,MCQ,both_max_strong_blur_b0.2_g2.5_t0.2,Visual-StrongBlur,visual_strong,1.0,5,1,0.0,1,tc_os1_low,2.0,none,strong,3
MMStar,LLaVA-NeXT-8B_Biased_Test,293,vcf_only,MCQ,floor_sci5_ours_aug_b0.1_g2_t0.3,Conservative-2VC2TC,conservative_full,0.0,5,0,,,,,none,none,
MMStar,LLaVA-NeXT-8B_Biased_Test,294,tcf_only,MCQ,floor_sci5_ours_aug_b0.1_g2_t0.3,Conservative-2VC2TC,conservative_full,1.0,5,0,,,,,none,none,
MMStar,LLaVA-NeXT-8B_Biased_Test,297,vcf_only,MCQ,floor_sci5_ours_aug_b0.1_g2_t0.3,Conservative-2VC2TC,conservative_full,0.0,5,0,,,,,none,none,
MMStar,LLaVA-NeXT-8B_Biased_Test,306,vcf_only,MCQ,floor_sci5_ours_aug_b0.1_g2_t0.3,Conservative-2VC2TC,conservative_full,0.0,5,0,,,,,none,none,
MMStar,LLaVA-NeXT-8B_Biased_Test,311,vcf_only,MCQ,joint_os_center_mask_b0.2_g2.5_t0.2,Joint-CenterMask-OptionShuffle1,joint_center,0.0,4,1,0.0,1,tc_os1_high,2.0,option_shuffle,center,
MMStar,LLaVA-NeXT-8B_Biased_Test,319,vcf_only,MCQ,joint_os_center_mask_b0.2_g2.5_t0.2,Joint-CenterMask-OptionShuffle1,joint_center,0.0,4,1,0.0,1,tc_os1_high,2.0,option_shuffle,center,
MMStar,LLaVA-NeXT-8B_Biased_Test,324,tcf_only,MCQ,floor_sci5_ours_aug_b0.1_g2_t0.3,Conservative-2VC2TC,conservative_full,0.0,5,0,,,,,none,none,
MMStar,LLaVA-NeXT-8B_Biased_Test,346,vcf_only,MCQ,joint_os_center_mask_b0.2_g2.5_t0.2,Joint-CenterMask-OptionShuffle1,joint_center,0.0,4,1,0.0,1,tc_os1_high,2.0,option_shuffle,center,
MMStar,LLaVA-NeXT-8B_Biased_Test,347,vcf_only,MCQ,floor_sci5_ours_aug_b0.1_g2_t0.3,Conservative-2VC2TC,conservative_full,1.0,5,0,,,,,none,none,
MMStar,LLaVA-NeXT-8B_Biased_Test,353,vcf_only,MCQ,both_max_center_mask_b0.2_g2.5_t0.2,Visual-CenterMask,visual_center,0.0,5,1,0.0,1,tc_os1_low,2.0,none,center,3
MMStar,LLaVA-NeXT-8B_Biased_Test,356,tcf_only,MCQ,floor_sci5_ours_aug_b0.1_g2_t0.3,Conservative-2VC2TC,conservative_full,0.0,5,0,,,,,none,none,
MMStar,LLaVA-NeXT-8B_Biased_Test,368,vcf_only,MCQ,floor_sci5_ours_aug_b0.1_g2_t0.3,Conservative-2VC2TC,conservative_full,0.0,5,0,,,,,none,none,
MMStar,LLaVA-NeXT-8B_Biased_Test,369,vcf_only,MCQ,joint_os_center_mask_b0.2_g2.5_t0.2,Joint-CenterMask-OptionShuffle1,joint_center,0.0,4,1,0.0,1,tc_os1_high,2.0,option_shuffle,center,
MMStar,LLaVA-NeXT-8B_Biased_Test,371,vcf_only,MCQ,floor_sci5_ours_aug_b0.1_g2_t0.3,Conservative-2VC2TC,conservative_full,0.0,5,0,,,,,none,none,
MMStar,LLaVA-NeXT-8B_Biased_Test,372,vcf_only,MCQ,joint_os_center_mask_b0.2_g2.5_t0.2,Joint-CenterMask-OptionShuffle1,joint_center,0.0,4,1,0.0,1,tc_os1_high,2.0,option_shuffle,center,
MMStar,LLaVA-NeXT-8B_Biased_Test,374,vcf_only,MCQ,both_max_grayscale_b0.2_g2.5_t0.2,Visual-Grayscale,visual_gray,0.0,5,1,0.0,1,tc_os1_low,1.0,none,gray,3
MMStar,LLaVA-NeXT-8B_Biased_Test,376,vcf_only,MCQ,both_max_strong_blur_b0.2_g2.5_t0.2,Visual-StrongBlur,visual_strong,0.0,5,1,0.0,1,tc_os1_low,1.0,none,strong,3
MMStar,LLaVA-NeXT-8B_Biased_Test,382,vcf_only,MCQ,floor_sci5_ours_aug_b0.1_g2_t0.3,Conservative-2VC2TC,conservative_full,1.0,5,0,,,,,none,none,
MMStar,LLaVA-NeXT-8B_Biased_Test,384,vcf_only,MCQ,floor_sci5_ours_aug_b0.1_g2_t0.3,Conservative-2VC2TC,conservative_full,1.0,5,0,,,,,none,none,
MMStar,LLaVA-NeXT-8B_Biased_Test,389,tcf_only,MCQ,floor_sci5_ours_aug_b0.1_g2_t0.3,Conservative-2VC2TC,conservative_full,1.0,5,0,,,,,none,none,
MMStar,LLaVA-NeXT-8B_Biased_Test,394,tcf_only,MCQ,floor_sci5_ours_aug_b0.1_g2_t0.3,Conservative-2VC2TC,conservative_full,0.0,5,0,,,,,none,none,
MMStar,LLaVA-NeXT-8B_Biased_Test,413,tcf_only,MCQ,floor_sci5_ours_aug_b0.1_g2_t0.3,Conservative-2VC2TC,conservative_full,0.0,5,0,,,,,none,none,
MMStar,LLaVA-NeXT-8B_Biased_Test,416,tcf_only,MCQ,floor_sci5_ours_aug_b0.1_g2_t0.3,Conservative-2VC2TC,conservative_full,1.0,5,0,,,,,none,none,
MMStar,LLaVA-NeXT-8B_Biased_Test,418,vcf_only,MCQ,joint_os_center_mask_b0.2_g2.5_t0.2,Joint-CenterMask-OptionShuffle1,joint_center,0.0,4,1,0.0,1,tc_os1_high,2.0,option_shuffle,center,
MMStar,LLaVA-NeXT-8B_Biased_Test,427,tcf_only,MCQ,floor_sci5_ours_aug_b0.1_g2_t0.3,Conservative-2VC2TC,conservative_full,0.0,5,0,,,,,none,none,
MMStar,LLaVA-NeXT-8B_Biased_Test,428,vcf_only,MCQ,floor_sci5_ours_aug_b0.1_g2_t0.3,Conservative-2VC2TC,conservative_full,0.0,5,0,,,,,none,none,
MMStar,LLaVA-NeXT-8B_Biased_Test,436,vcf_only,MCQ,floor_sci5_ours_aug_b0.1_g2_t0.3,Conservative-2VC2TC,conservative_full,1.0,5,0,,,,,none,none,
MMStar,LLaVA-NeXT-8B_Biased_Test,441,vcf_only,MCQ,floor_sci5_ours_aug_b0.1_g2_t0.3,Conservative-2VC2TC,conservative_full,0.0,5,0,,,,,none,none,
MMStar,LLaVA-NeXT-8B_Biased_Test,456,vcf_only,MCQ,floor_sci5_ours_aug_b0.1_g2_t0.3,Conservative-2VC2TC,conservative_full,1.0,5,0,,,,,none,none,
MMStar,LLaVA-NeXT-8B_Biased_Test,461,both,MCQ,floor_sci5_ours_aug_b0.1_g2_t0.3,Conservative-2VC2TC,conservative_full,1.0,5,0,,,,,none,none,
MMStar,LLaVA-NeXT-8B_Biased_Test,462,vcf_only,MCQ,joint_os_center_mask_b0.2_g2.5_t0.2,Joint-CenterMask-OptionShuffle1,joint_center,0.0,4,1,0.0,1,tc_os1_high,2.0,option_shuffle,center,
MMStar,LLaVA-NeXT-8B_Biased_Test,464,vcf_only,MCQ,floor_sci5_ours_aug_b0.1_g2_t0.3,Conservative-2VC2TC,conservative_full,1.0,5,0,,,,,none,none,
MMStar,LLaVA-NeXT-8B_Biased_Test,476,both,MCQ,floor_sci5_ours_aug_b0.1_g2_t0.3,Conservative-2VC2TC,conservative_full,0.0,5,0,,,,,none,none,
MMStar,LLaVA-NeXT-8B_Biased_Test,484,vcf_only,MCQ,floor_sci5_ours_aug_b0.1_g2_t0.3,Conservative-2VC2TC,conservative_full,0.0,5,0,,,,,none,none,
MMStar,LLaVA-NeXT-8B_Biased_Test,488,vcf_only,MCQ,floor_sci5_ours_aug_b0.1_g2_t0.3,Conservative-2VC2TC,conservative_full,0.0,5,0,,,,,none,none,
MMStar,LLaVA-NeXT-8B_Biased_Test,489,vcf_only,MCQ,floor_sci5_ours_aug_b0.1_g2_t0.3,Conservative-2VC2TC,conservative_full,0.0,5,0,,,,,none,none,
MMStar,LLaVA-NeXT-8B_Biased_Test,493,vcf_only,MCQ,floor_sci5_ours_aug_b0.1_g2_t0.3,Conservative-2VC2TC,conservative_full,1.0,5,0,,,,,none,none,
MMStar,LLaVA-NeXT-8B_Biased_Test,494,vcf_only,MCQ,floor_sci5_ours_aug_b0.1_g2_t0.3,Conservative-2VC2TC,conservative_full,1.0,5,0,,,,,none,none,
MMStar,LLaVA-NeXT-8B_Biased_Test,497,vcf_only,MCQ,both_max_strong_blur_b0.2_g2.5_t0.2,Visual-StrongBlur,visual_strong,0.0,5,1,0.0,1,tc_os1_low,2.0,none,strong,3
MMStar,LLaVA-NeXT-8B_Biased_Test,504,vcf_only,MCQ,floor_sci5_ours_aug_b0.1_g2_t0.3,Conservative-2VC2TC,conservative_full,0.0,5,0,,,,,none,none,
MMStar,LLaVA-NeXT-8B_Biased_Test,507,tcf_only,MCQ,floor_sci5_ours_aug_b0.1_g2_t0.3,Conservative-2VC2TC,conservative_full,0.0,5,0,,,,,none,none,
MMStar,LLaVA-NeXT-8B_Biased_Test,508,vcf_only,MCQ,joint_os_strong_blur_b0.2_g2.5_t0.2,Joint-StrongBlur-OptionShuffle1,joint_strong,0.0,3,1,0.0,1,tc_os1_high,2.0,option_shuffle,strong,
MMStar,LLaVA-NeXT-8B_Biased_Test,509,vcf_only,MCQ,both_max_grayscale_b0.2_g2.5_t0.2,Visual-Grayscale,visual_gray,0.0,5,1,0.0,1,tc_os1_low,2.0,none,gray,3
MMStar,LLaVA-NeXT-8B_Biased_Test,514,vcf_only,MCQ,floor_sci5_ours_aug_b0.1_g2_t0.3,Conservative-2VC2TC,conservative_full,0.0,5,0,,,,,none,none,
MMStar,LLaVA-NeXT-8B_Biased_Test,516,vcf_only,MCQ,floor_sci5_ours_aug_b0.1_g2_t0.3,Conservative-2VC2TC,conservative_full,0.0,5,0,,,,,none,none,
MMStar,LLaVA-NeXT-8B_Biased_Test,518,vcf_only,MCQ,floor_sci5_ours_aug_b0.1_g2_t0.3,Conservative-2VC2TC,conservative_full,0.0,5,0,,,,,none,none,
MMStar,LLaVA-NeXT-8B_Biased_Test,522,both,MCQ,floor_sci5_ours_aug_b0.1_g2_t0.3,Conservative-2VC2TC,conservative_full,0.0,5,0,,,,,none,none,
MMStar,LLaVA-NeXT-8B_Biased_Test,523,vcf_only,MCQ,both_max_grayscale_b0.2_g2.5_t0.2,Visual-Grayscale,visual_gray,0.0,3,1,0.0,1,tc_os1_low,2.0,none,gray,1
MMStar,LLaVA-NeXT-8B_Biased_Test,526,tcf_only,MCQ,floor_sci5_ours_aug_b0.1_g2_t0.3,Conservative-2VC2TC,conservative_full,1.0,5,0,,,,,none,none,
MMStar,LLaVA-NeXT-8B_Biased_Test,528,vcf_only,MCQ,both_max_grayscale_b0.2_g2.5_t0.2,Visual-Grayscale,visual_gray,0.0,5,1,0.0,1,tc_os1_low,2.0,none,gray,3
MMStar,LLaVA-NeXT-8B_Biased_Test,529,vcf_only,MCQ,floor_sci5_ours_aug_b0.1_g2_t0.3,Conservative-2VC2TC,conservative_full,1.0,5,0,,,,,none,none,
MMStar,LLaVA-NeXT-8B_Biased_Test,531,vcf_only,MCQ,joint_os_center_mask_b0.2_g2.5_t0.2,Joint-CenterMask-OptionShuffle1,joint_center,0.0,4,1,0.0,1,tc_os1_high,2.0,option_shuffle,center,
MMStar,LLaVA-NeXT-8B_Biased_Test,532,vcf_only,MCQ,floor_sci5_ours_aug_b0.1_g2_t0.3,Conservative-2VC2TC,conservative_full,0.0,5,0,,,,,none,none,
MMStar,LLaVA-NeXT-8B_Biased_Test,534,tcf_only,MCQ,floor_sci5_ours_aug_b0.1_g2_t0.3,Conservative-2VC2TC,conservative_full,0.0,5,0,,,,,none,none,
MMStar,LLaVA-NeXT-8B_Biased_Test,539,vcf_only,MCQ,both_max_grayscale_b0.2_g2.5_t0.2,Visual-Grayscale,visual_gray,0.0,5,1,0.0,1,tc_os1_low,2.0,none,gray,3
MMStar,LLaVA-NeXT-8B_Biased_Test,542,tcf_only,MCQ,floor_sci5_ours_aug_b0.1_g2_t0.3,Conservative-2VC2TC,conservative_full,1.0,5,0,,,,,none,none,
MMStar,LLaVA-NeXT-8B_Biased_Test,546,vcf_only,MCQ,floor_sci5_ours_aug_b0.1_g2_t0.3,Conservative-2VC2TC,conservative_full,0.0,5,0,,,,,none,none,
MMStar,LLaVA-NeXT-8B_Biased_Test,553,tcf_only,MCQ,floor_sci5_ours_aug_b0.1_g2_t0.3,Conservative-2VC2TC,conservative_full,1.0,5,0,,,,,none,none,
MMStar,LLaVA-NeXT-8B_Biased_Test,559,vcf_only,MCQ,floor_sci5_ours_aug_b0.1_g2_t0.3,Conservative-2VC2TC,conservative_full,0.0,5,0,,,,,none,none,
MMStar,LLaVA-NeXT-8B_Biased_Test,568,tcf_only,MCQ,floor_sci5_ours_aug_b0.1_g2_t0.3,Conservative-2VC2TC,conservative_full,0.0,5,0,,,,,none,none,
MMStar,LLaVA-NeXT-8B_Biased_Test,569,tcf_only,MCQ,floor_sci5_ours_aug_b0.1_g2_t0.3,Conservative-2VC2TC,conservative_full,0.0,5,0,,,,,none,none,
MMStar,LLaVA-NeXT-8B_Biased_Test,577,vcf_only,MCQ,floor_sci5_ours_aug_b0.1_g2_t0.3,Conservative-2VC2TC,conservative_full,1.0,5,0,,,,,none,none,
MMStar,LLaVA-NeXT-8B_Biased_Test,578,vcf_only,MCQ,both_max_grayscale_b0.2_g2.5_t0.2,Visual-Grayscale,visual_gray,1.0,3,1,0.0,1,tc_os1_low,2.0,none,gray,1
MMStar,LLaVA-NeXT-8B_Biased_Test,584,tcf_only,MCQ,floor_sci5_ours_aug_b0.1_g2_t0.3,Conservative-2VC2TC,conservative_full,1.0,5,0,,,,,none,none,
MMStar,LLaVA-NeXT-8B_Biased_Test,594,tcf_only,MCQ,floor_sci5_ours_aug_b0.1_g2_t0.3,Conservative-2VC2TC,conservative_full,0.0,5,0,,,,,none,none,
MMStar,LLaVA-NeXT-8B_Biased_Test,598,vcf_only,MCQ,floor_sci5_ours_aug_b0.1_g2_t0.3,Conservative-2VC2TC,conservative_full,0.0,5,0,,,,,none,none,
MMStar,LLaVA-NeXT-8B_Biased_Test,599,vcf_only,MCQ,both_max_strong_blur_b0.2_g2.5_t0.2,Visual-StrongBlur,visual_strong,1.0,5,1,1.0,1,tc_os1_low,2.0,none,strong,3
MMStar,LLaVA-NeXT-8B_Biased_Test,604,tcf_only,MCQ,floor_sci5_ours_aug_b0.1_g2_t0.3,Conservative-2VC2TC,conservative_full,1.0,5,0,,,,,none,none,
MMStar,LLaVA-NeXT-8B_Biased_Test,606,both,MCQ,floor_sci5_ours_aug_b0.1_g2_t0.3,Conservative-2VC2TC,conservative_full,1.0,5,0,,,,,none,none,
MMStar,LLaVA-NeXT-8B_Biased_Test,607,tcf_only,MCQ,floor_sci5_ours_aug_b0.1_g2_t0.3,Conservative-2VC2TC,conservative_full,1.0,5,0,,,,,none,none,
MMStar,LLaVA-NeXT-8B_Biased_Test,617,tcf_only,MCQ,floor_sci5_ours_aug_b0.1_g2_t0.3,Conservative-2VC2TC,conservative_full,0.0,5,0,,,,,none,none,
MMStar,LLaVA-NeXT-8B_Biased_Test,619,both,MCQ,floor_sci5_ours_aug_b0.1_g2_t0.3,Conservative-2VC2TC,conservative_full,0.0,5,0,,,,,none,none,
MMStar,LLaVA-NeXT-8B_Biased_Test,621,vcf_only,MCQ,floor_sci5_ours_aug_b0.1_g2_t0.3,Conservative-2VC2TC,conservative_full,1.0,5,0,,,,,none,none,
MMStar,LLaVA-NeXT-8B_Biased_Test,622,tcf_only,MCQ,floor_sci5_ours_aug_b0.1_g2_t0.3,Conservative-2VC2TC,conservative_full,1.0,5,0,,,,,none,none,
MMStar,LLaVA-NeXT-8B_Biased_Test,623,vcf_only,MCQ,joint_os_center_mask_b0.2_g2.5_t0.2,Joint-CenterMask-OptionShuffle1,joint_center,0.0,4,1,0.0,1,tc_os1_high,2.0,option_shuffle,center,
MMStar,LLaVA-NeXT-8B_Biased_Test,627,vcf_only,MCQ,joint_os_center_mask_b0.2_g2.5_t0.2,Joint-CenterMask-OptionShuffle1,joint_center,1.0,4,1,0.0,1,tc_os1_high,2.0,option_shuffle,center,
MMStar,LLaVA-NeXT-8B_Biased_Test,628,tcf_only,MCQ,floor_sci5_ours_aug_b0.1_g2_t0.3,Conservative-2VC2TC,conservative_full,1.0,5,0,,,,,none,none,
MMStar,LLaVA-NeXT-8B_Biased_Test,632,both,MCQ,floor_sci5_ours_aug_b0.1_g2_t0.3,Conservative-2VC2TC,conservative_full,1.0,5,0,,,,,none,none,
MMStar,LLaVA-NeXT-8B_Biased_Test,636,both,MCQ,floor_sci5_ours_aug_b0.1_g2_t0.3,Conservative-2VC2TC,conservative_full,0.0,5,0,,,,,none,none,
MMStar,LLaVA-NeXT-8B_Biased_Test,638,both,MCQ,floor_sci5_ours_aug_b0.1_g2_t0.3,Conservative-2VC2TC,conservative_full,1.0,5,0,,,,,none,none,
MMStar,LLaVA-NeXT-8B_Biased_Test,639,vcf_only,MCQ,floor_sci5_ours_aug_b0.1_g2_t0.3,Conservative-2VC2TC,conservative_full,0.0,5,0,,,,,none,none,
MMStar,LLaVA-NeXT-8B_Biased_Test,652,vcf_only,MCQ,both_max_strong_blur_b0.2_g2.5_t0.2,Visual-StrongBlur,visual_strong,0.0,5,1,0.0,1,tc_os1_low,1.0,none,strong,3
MMStar,LLaVA-NeXT-8B_Biased_Test,654,tcf_only,MCQ,floor_sci5_ours_aug_b0.1_g2_t0.3,Conservative-2VC2TC,conservative_full,0.0,5,0,,,,,none,none,
MMStar,LLaVA-NeXT-8B_Biased_Test,661,tcf_only,MCQ,floor_sci5_ours_aug_b0.1_g2_t0.3,Conservative-2VC2TC,conservative_full,0.0,5,0,,,,,none,none,
MMStar,LLaVA-NeXT-8B_Biased_Test,663,vcf_only,MCQ,floor_sci5_ours_aug_b0.1_g2_t0.3,Conservative-2VC2TC,conservative_full,1.0,5,0,,,,,none,none,
MMStar,LLaVA-NeXT-8B_Biased_Test,668,vcf_only,MCQ,floor_sci5_ours_aug_b0.1_g2_t0.3,Conservative-2VC2TC,conservative_full,0.0,5,0,,,,,none,none,
MMStar,LLaVA-NeXT-8B_Biased_Test,673,tcf_only,MCQ,floor_sci5_ours_aug_b0.1_g2_t0.3,Conservative-2VC2TC,conservative_full,0.0,5,0,,,,,none,none,
MMStar,LLaVA-NeXT-8B_Biased_Test,676,vcf_only,MCQ,floor_sci5_ours_aug_b0.1_g2_t0.3,Conservative-2VC2TC,conservative_full,0.0,5,0,,,,,none,none,
MMStar,LLaVA-NeXT-8B_Biased_Test,677,vcf_only,MCQ,both_max_grayscale_b0.2_g2.5_t0.2,Visual-Grayscale,visual_gray,0.0,3,1,0.0,1,tc_os1_low,2.0,none,gray,1
MMStar,LLaVA-NeXT-8B_Biased_Test,681,vcf_only,MCQ,floor_sci5_ours_aug_b0.1_g2_t0.3,Conservative-2VC2TC,conservative_full,0.0,5,0,,,,,none,none,
MMStar,LLaVA-NeXT-8B_Biased_Test,687,vcf_only,MCQ,floor_sci5_ours_aug_b0.1_g2_t0.3,Conservative-2VC2TC,conservative_full,1.0,5,0,,,,,none,none,
MMStar,LLaVA-NeXT-8B_Biased_Test,688,vcf_only,MCQ,joint_os_center_mask_b0.2_g2.5_t0.2,Joint-CenterMask-OptionShuffle1,joint_center,0.0,4,1,0.0,1,tc_os1_high,2.0,option_shuffle,center,
MMStar,LLaVA-NeXT-8B_Biased_Test,691,vcf_only,MCQ,floor_sci5_ours_aug_b0.1_g2_t0.3,Conservative-2VC2TC,conservative_full,0.0,5,1,0.0,1,tc_os1_low,0.0,none,none,
MMStar,LLaVA-NeXT-8B_Biased_Test,692,both,MCQ,floor_sci5_ours_aug_b0.1_g2_t0.3,Conservative-2VC2TC,conservative_full,1.0,5,0,,,,,none,none,
MMStar,LLaVA-NeXT-8B_Biased_Test,736,vcf_only,MCQ,floor_sci5_ours_aug_b0.1_g2_t0.3,Conservative-2VC2TC,conservative_full,0.0,5,0,,,,,none,none,
MMStar,LLaVA-NeXT-8B_Biased_Test,738,tcf_only,MCQ,floor_sci5_ours_aug_b0.1_g2_t0.3,Conservative-2VC2TC,conservative_full,0.0,5,0,,,,,none,none,
MMStar,LLaVA-NeXT-8B_Biased_Test,742,vcf_only,MCQ,floor_sci5_ours_aug_b0.1_g2_t0.3,Conservative-2VC2TC,conservative_full,1.0,5,0,,,,,none,none,
MMStar,LLaVA-NeXT-8B_Biased_Test,751,both,MCQ,floor_sci5_ours_aug_b0.1_g2_t0.3,Conservative-2VC2TC,conservative_full,0.0,5,0,,,,,none,none,
MMStar,LLaVA-NeXT-8B_Biased_Test,752,vcf_only,MCQ,both_max_center_mask_b0.2_g2.5_t0.2,Visual-CenterMask,visual_center,0.0,4,1,0.0,1,tc_os1_low,2.0,none,center,2
MMStar,LLaVA-NeXT-8B_Biased_Test,757,vcf_only,MCQ,both_max_grayscale_b0.2_g2.5_t0.2,Visual-Grayscale,visual_gray,0.0,5,1,0.0,1,tc_os1_low,2.0,none,gray,3
MMStar,LLaVA-NeXT-8B_Biased_Test,759,tcf_only,MCQ,floor_sci5_ours_aug_b0.1_g2_t0.3,Conservative-2VC2TC,conservative_full,0.0,5,0,,,,,none,none,
MMStar,LLaVA-NeXT-8B_Biased_Test,761,both,MCQ,floor_sci5_ours_aug_b0.1_g2_t0.3,Conservative-2VC2TC,conservative_full,1.0,5,0,,,,,none,none,
MMStar,LLaVA-NeXT-8B_Biased_Test,762,vcf_only,MCQ,floor_sci5_ours_aug_b0.1_g2_t0.3,Conservative-2VC2TC,conservative_full,0.0,5,0,,,,,none,none,
MMStar,LLaVA-NeXT-8B_Biased_Test,763,vcf_only,MCQ,joint_os_strong_blur_b0.2_g2.5_t0.2,Joint-StrongBlur-OptionShuffle1,joint_strong,1.0,3,1,0.0,1,tc_os1_high,2.0,option_shuffle,strong,
MMStar,LLaVA-NeXT-8B_Biased_Test,764,vcf_only,MCQ,joint_os_center_mask_b0.2_g2.5_t0.2,Joint-CenterMask-OptionShuffle1,joint_center,0.0,4,1,0.0,1,tc_os1_high,2.0,option_shuffle,center,
MMStar,LLaVA-NeXT-8B_Biased_Test,766,vcf_only,MCQ,both_max_grayscale_b0.2_g2.5_t0.2,Visual-Grayscale,visual_gray,0.0,5,1,0.0,1,tc_os1_low,2.0,none,gray,3
MMStar,LLaVA-NeXT-8B_Biased_Test,769,tcf_only,MCQ,floor_sci5_ours_aug_b0.1_g2_t0.3,Conservative-2VC2TC,conservative_full,0.0,5,0,,,,,none,none,
MMStar,LLaVA-NeXT-8B_Biased_Test,773,tcf_only,MCQ,floor_sci5_ours_aug_b0.1_g2_t0.3,Conservative-2VC2TC,conservative_full,0.0,5,0,,,,,none,none,
MMStar,LLaVA-NeXT-8B_Biased_Test,774,tcf_only,MCQ,floor_sci5_ours_aug_b0.1_g2_t0.3,Conservative-2VC2TC,conservative_full,0.0,5,0,,,,,none,none,
MMStar,LLaVA-NeXT-8B_Biased_Test,777,tcf_only,MCQ,floor_sci5_ours_aug_b0.1_g2_t0.3,Conservative-2VC2TC,conservative_full,1.0,5,0,,,,,none,none,
MMStar,LLaVA-NeXT-8B_Biased_Test,778,both,MCQ,floor_sci5_ours_aug_b0.1_g2_t0.3,Conservative-2VC2TC,conservative_full,1.0,5,0,,,,,none,none,
MMStar,LLaVA-NeXT-8B_Biased_Test,779,vcf_only,MCQ,joint_os_center_mask_b0.2_g2.5_t0.2,Joint-CenterMask-OptionShuffle1,joint_center,0.0,4,1,0.0,1,tc_os1_high,1.0,option_shuffle,center,
MMStar,LLaVA-NeXT-8B_Biased_Test,782,vcf_only,MCQ,floor_sci5_ours_aug_b0.1_g2_t0.3,Conservative-2VC2TC,conservative_full,0.0,5,0,,,,,none,none,
MMStar,LLaVA-NeXT-8B_Biased_Test,784,both,MCQ,floor_sci5_ours_aug_b0.1_g2_t0.3,Conservative-2VC2TC,conservative_full,0.0,5,0,,,,,none,none,
MMStar,LLaVA-NeXT-8B_Biased_Test,786,tcf_only,MCQ,floor_sci5_ours_aug_b0.1_g2_t0.3,Conservative-2VC2TC,conservative_full,0.0,5,0,,,,,none,none,
MMStar,LLaVA-NeXT-8B_Biased_Test,787,both,MCQ,floor_sci5_ours_aug_b0.1_g2_t0.3,Conservative-2VC2TC,conservative_full,0.0,5,0,,,,,none,none,
MMStar,LLaVA-NeXT-8B_Biased_Test,788,tcf_only,MCQ,floor_sci5_ours_aug_b0.1_g2_t0.3,Conservative-2VC2TC,conservative_full,0.0,5,0,,,,,none,none,
MMStar,LLaVA-NeXT-8B_Biased_Test,791,both,MCQ,floor_sci5_ours_aug_b0.1_g2_t0.3,Conservative-2VC2TC,conservative_full,1.0,5,0,,,,,none,none,
MMStar,LLaVA-NeXT-8B_Biased_Test,794,both,MCQ,floor_sci5_ours_aug_b0.1_g2_t0.3,Conservative-2VC2TC,conservative_full,1.0,5,0,,,,,none,none,
MMStar,LLaVA-NeXT-8B_Biased_Test,797,vcf_only,MCQ,floor_sci5_ours_aug_b0.1_g2_t0.3,Conservative-2VC2TC,conservative_full,1.0,5,0,,,,,none,none,
MMStar,LLaVA-NeXT-8B_Biased_Test,799,vcf_only,MCQ,floor_sci5_ours_aug_b0.1_g2_t0.3,Conservative-2VC2TC,conservative_full,0.0,5,0,,,,,none,none,
MMStar,LLaVA-NeXT-8B_Biased_Test,801,tcf_only,MCQ,floor_sci5_ours_aug_b0.1_g2_t0.3,Conservative-2VC2TC,conservative_full,0.0,5,0,,,,,none,none,
MMStar,LLaVA-NeXT-8B_Biased_Test,803,vcf_only,MCQ,joint_os_center_mask_b0.2_g2.5_t0.2,Joint-CenterMask-OptionShuffle1,joint_center,1.0,4,1,0.0,1,tc_os1_high,2.0,option_shuffle,center,
MMStar,LLaVA-NeXT-8B_Biased_Test,804,tcf_only,MCQ,floor_sci5_ours_aug_b0.1_g2_t0.3,Conservative-2VC2TC,conservative_full,0.0,5,0,,,,,none,none,
MMStar,LLaVA-NeXT-8B_Biased_Test,806,vcf_only,MCQ,floor_sci5_ours_aug_b0.1_g2_t0.3,Conservative-2VC2TC,conservative_full,0.0,5,0,,,,,none,none,
MMStar,LLaVA-NeXT-8B_Biased_Test,816,vcf_only,MCQ,floor_sci5_ours_aug_b0.1_g2_t0.3,Conservative-2VC2TC,conservative_full,0.0,5,0,,,,,none,none,
MMStar,LLaVA-NeXT-8B_Biased_Test,817,tcf_only,MCQ,floor_sci5_ours_aug_b0.1_g2_t0.3,Conservative-2VC2TC,conservative_full,0.0,5,0,,,,,none,none,
MMStar,LLaVA-NeXT-8B_Biased_Test,819,tcf_only,MCQ,floor_sci5_ours_aug_b0.1_g2_t0.3,Conservative-2VC2TC,conservative_full,1.0,5,0,,,,,none,none,
MMStar,LLaVA-NeXT-8B_Biased_Test,822,vcf_only,MCQ,floor_sci5_ours_aug_b0.1_g2_t0.3,Conservative-2VC2TC,conservative_full,1.0,5,0,,,,,none,none,
MMStar,LLaVA-NeXT-8B_Biased_Test,828,tcf_only,MCQ,floor_sci5_ours_aug_b0.1_g2_t0.3,Conservative-2VC2TC,conservative_full,0.0,5,0,,,,,none,none,
MMStar,LLaVA-NeXT-8B_Biased_Test,837,vcf_only,MCQ,floor_sci5_ours_aug_b0.1_g2_t0.3,Conservative-2VC2TC,conservative_full,1.0,5,0,,,,,none,none,
MMStar,LLaVA-NeXT-8B_Biased_Test,838,both,MCQ,floor_sci5_ours_aug_b0.1_g2_t0.3,Conservative-2VC2TC,conservative_full,0.0,5,0,,,,,none,none,
MMStar,LLaVA-NeXT-8B_Biased_Test,842,tcf_only,MCQ,floor_sci5_ours_aug_b0.1_g2_t0.3,Conservative-2VC2TC,conservative_full,0.0,5,0,,,,,none,none,
MMStar,LLaVA-NeXT-8B_Biased_Test,848,both,MCQ,floor_sci5_ours_aug_b0.1_g2_t0.3,Conservative-2VC2TC,conservative_full,0.0,5,0,,,,,none,none,
MMStar,LLaVA-NeXT-8B_Biased_Test,849,tcf_only,MCQ,floor_sci5_ours_aug_b0.1_g2_t0.3,Conservative-2VC2TC,conservative_full,1.0,5,0,,,,,none,none,
MMStar,LLaVA-NeXT-8B_Biased_Test,851,tcf_only,MCQ,floor_sci5_ours_aug_b0.1_g2_t0.3,Conservative-2VC2TC,conservative_full,1.0,5,0,,,,,none,none,
MMStar,LLaVA-NeXT-8B_Biased_Test,859,vcf_only,MCQ,floor_sci5_ours_aug_b0.1_g2_t0.3,Conservative-2VC2TC,conservative_full,0.0,5,0,,,,,none,none,
MMStar,LLaVA-NeXT-8B_Biased_Test,867,both,MCQ,floor_sci5_ours_aug_b0.1_g2_t0.3,Conservative-2VC2TC,conservative_full,0.0,5,0,,,,,none,none,
MMStar,LLaVA-NeXT-8B_Biased_Test,869,vcf_only,MCQ,floor_sci5_ours_aug_b0.1_g2_t0.3,Conservative-2VC2TC,conservative_full,0.0,5,0,,,,,none,none,
MMStar,LLaVA-NeXT-8B_Biased_Test,871,vcf_only,MCQ,both_max_grayscale_b0.2_g2.5_t0.2,Visual-Grayscale,visual_gray,1.0,3,1,0.0,1,tc_os1_low,2.0,none,gray,1
MMStar,LLaVA-NeXT-8B_Biased_Test,874,tcf_only,MCQ,floor_sci5_ours_aug_b0.1_g2_t0.3,Conservative-2VC2TC,conservative_full,1.0,5,0,,,,,none,none,
MMStar,LLaVA-NeXT-8B_Biased_Test,877,tcf_only,MCQ,joint_os_center_mask_b0.2_g2.5_t0.2,Joint-CenterMask-OptionShuffle1,joint_center,1.0,4,1,1.0,1,tc_os1_high,2.0,option_shuffle,center,
MMStar,LLaVA-NeXT-8B_Biased_Test,878,tcf_only,MCQ,floor_sci5_ours_aug_b0.1_g2_t0.3,Conservative-2VC2TC,conservative_full,0.0,5,0,,,,,none,none,
MMStar,LLaVA-NeXT-8B_Biased_Test,881,tcf_only,MCQ,floor_sci5_ours_aug_b0.1_g2_t0.3,Conservative-2VC2TC,conservative_full,1.0,5,0,,,,,none,none,
MMStar,LLaVA-NeXT-8B_Biased_Test,883,tcf_only,MCQ,floor_sci5_ours_aug_b0.1_g2_t0.3,Conservative-2VC2TC,conservative_full,0.0,5,0,,,,,none,none,
MMStar,LLaVA-NeXT-8B_Biased_Test,887,vcf_only,MCQ,floor_sci5_ours_aug_b0.1_g2_t0.3,Conservative-2VC2TC,conservative_full,1.0,5,0,,,,,none,none,
MMStar,LLaVA-NeXT-8B_Biased_Test,896,tcf_only,MCQ,floor_sci5_ours_aug_b0.1_g2_t0.3,Conservative-2VC2TC,conservative_full,0.0,5,0,,,,,none,none,
MMStar,LLaVA-NeXT-8B_Biased_Test,899,tcf_only,MCQ,floor_sci5_ours_aug_b0.1_g2_t0.3,Conservative-2VC2TC,conservative_full,0.0,5,0,,,,,none,none,
MMStar,LLaVA-NeXT-8B_Biased_Test,901,vcf_only,MCQ,floor_sci5_ours_aug_b0.1_g2_t0.3,Conservative-2VC2TC,conservative_full,0.0,5,0,,,,,none,none,
MMStar,LLaVA-NeXT-8B_Biased_Test,902,tcf_only,MCQ,floor_sci5_ours_aug_b0.1_g2_t0.3,Conservative-2VC2TC,conservative_full,1.0,5,0,,,,,none,none,
MMStar,LLaVA-NeXT-8B_Biased_Test,907,vcf_only,MCQ,floor_sci5_ours_aug_b0.1_g2_t0.3,Conservative-2VC2TC,conservative_full,1.0,5,0,,,,,none,none,
MMStar,LLaVA-NeXT-8B_Biased_Test,909,vcf_only,MCQ,floor_sci5_ours_aug_b0.1_g2_t0.3,Conservative-2VC2TC,conservative_full,0.0,5,0,,,,,none,none,
MMStar,LLaVA-NeXT-8B_Biased_Test,916,vcf_only,MCQ,floor_sci5_ours_aug_b0.1_g2_t0.3,Conservative-2VC2TC,conservative_full,0.0,5,0,,,,,none,none,
MMStar,LLaVA-NeXT-8B_Biased_Test,917,tcf_only,MCQ,floor_sci5_ours_aug_b0.1_g2_t0.3,Conservative-2VC2TC,conservative_full,0.0,5,0,,,,,none,none,
MMStar,LLaVA-NeXT-8B_Biased_Test,918,tcf_only,MCQ,floor_sci5_ours_aug_b0.1_g2_t0.3,Conservative-2VC2TC,conservative_full,1.0,5,0,,,,,none,none,
MMStar,LLaVA-NeXT-8B_Biased_Test,923,both,MCQ,floor_sci5_ours_aug_b0.1_g2_t0.3,Conservative-2VC2TC,conservative_full,1.0,5,0,,,,,none,none,
MMStar,LLaVA-NeXT-8B_Biased_Test,926,tcf_only,MCQ,floor_sci5_ours_aug_b0.1_g2_t0.3,Conservative-2VC2TC,conservative_full,0.0,5,0,,,,,none,none,
MMStar,LLaVA-NeXT-8B_Biased_Test,928,vcf_only,MCQ,floor_sci5_ours_aug_b0.1_g2_t0.3,Conservative-2VC2TC,conservative_full,0.0,5,0,,,,,none,none,
MMStar,LLaVA-NeXT-8B_Biased_Test,931,both,MCQ,floor_sci5_ours_aug_b0.1_g2_t0.3,Conservative-2VC2TC,conservative_full,1.0,5,0,,,,,none,none,
MMStar,LLaVA-NeXT-8B_Biased_Test,932,vcf_only,MCQ,both_max_grayscale_b0.2_g2.5_t0.2,Visual-Grayscale,visual_gray,0.0,3,1,0.0,1,tc_os1_low,1.0,none,gray,1
MMStar,LLaVA-NeXT-8B_Biased_Test,937,vcf_only,MCQ,floor_sci5_ours_aug_b0.1_g2_t0.3,Conservative-2VC2TC,conservative_full,1.0,5,0,,,,,none,none,
MMStar,LLaVA-NeXT-8B_Biased_Test,938,vcf_only,MCQ,joint_os_strong_blur_b0.2_g2.5_t0.2,Joint-StrongBlur-OptionShuffle1,joint_strong,0.0,3,1,0.0,1,tc_os1_high,2.0,option_shuffle,strong,
MMStar,LLaVA-NeXT-8B_Biased_Test,941,tcf_only,MCQ,floor_sci5_ours_aug_b0.1_g2_t0.3,Conservative-2VC2TC,conservative_full,1.0,5,0,,,,,none,none,
MMStar,LLaVA-NeXT-8B_Biased_Test,942,vcf_only,MCQ,floor_sci5_ours_aug_b0.1_g2_t0.3,Conservative-2VC2TC,conservative_full,0.0,5,0,,,,,none,none,
MMStar,LLaVA-NeXT-8B_Biased_Test,943,both,MCQ,floor_sci5_ours_aug_b0.1_g2_t0.3,Conservative-2VC2TC,conservative_full,1.0,5,0,,,,,none,none,
MMStar,LLaVA-NeXT-8B_Biased_Test,944,both,MCQ,floor_sci5_ours_aug_b0.1_g2_t0.3,Conservative-2VC2TC,conservative_full,1.0,5,0,,,,,none,none,
MMStar,LLaVA-NeXT-8B_Biased_Test,953,both,MCQ,floor_sci5_ours_aug_b0.1_g2_t0.3,Conservative-2VC2TC,conservative_full,0.0,5,0,,,,,none,none,
MMStar,LLaVA-NeXT-8B_Biased_Test,954,tcf_only,MCQ,floor_sci5_ours_aug_b0.1_g2_t0.3,Conservative-2VC2TC,conservative_full,0.0,5,0,,,,,none,none,
MMStar,LLaVA-NeXT-8B_Biased_Test,956,tcf_only,MCQ,floor_sci5_ours_aug_b0.1_g2_t0.3,Conservative-2VC2TC,conservative_full,0.0,5,0,,,,,none,none,
MMStar,LLaVA-NeXT-8B_Biased_Test,957,vcf_only,MCQ,floor_sci5_ours_aug_b0.1_g2_t0.3,Conservative-2VC2TC,conservative_full,0.0,5,0,,,,,none,none,
MMStar,LLaVA-NeXT-8B_Biased_Test,958,vcf_only,MCQ,both_max_grayscale_b0.2_g2.5_t0.2,Visual-Grayscale,visual_gray,1.0,3,1,0.0,1,tc_os1_low,2.0,none,gray,1
MMStar,LLaVA-NeXT-8B_Biased_Test,959,tcf_only,MCQ,floor_sci5_ours_aug_b0.1_g2_t0.3,Conservative-2VC2TC,conservative_full,0.0,5,0,,,,,none,none,
MMStar,LLaVA-NeXT-8B_Biased_Test,963,both,MCQ,floor_sci5_ours_aug_b0.1_g2_t0.3,Conservative-2VC2TC,conservative_full,1.0,5,0,,,,,none,none,
MMStar,LLaVA-NeXT-8B_Biased_Test,964,vcf_only,MCQ,floor_sci5_ours_aug_b0.1_g2_t0.3,Conservative-2VC2TC,conservative_full,0.0,5,0,,,,,none,none,
MMStar,LLaVA-NeXT-8B_Biased_Test,968,tcf_only,MCQ,floor_sci5_ours_aug_b0.1_g2_t0.3,Conservative-2VC2TC,conservative_full,0.0,5,0,,,,,none,none,
MMStar,LLaVA-NeXT-8B_Biased_Test,969,vcf_only,MCQ,floor_sci5_ours_aug_b0.1_g2_t0.3,Conservative-2VC2TC,conservative_full,0.0,5,0,,,,,none,none,
MMStar,LLaVA-NeXT-8B_Biased_Test,971,both,MCQ,floor_sci5_ours_aug_b0.1_g2_t0.3,Conservative-2VC2TC,conservative_full,1.0,5,0,,,,,none,none,
MMStar,LLaVA-NeXT-8B_Biased_Test,972,both,MCQ,floor_sci5_ours_aug_b0.1_g2_t0.3,Conservative-2VC2TC,conservative_full,0.0,5,0,,,,,none,none,
MMStar,LLaVA-NeXT-8B_Biased_Test,973,both,MCQ,floor_sci5_ours_aug_b0.1_g2_t0.3,Conservative-2VC2TC,conservative_full,0.0,5,0,,,,,none,none,
MMStar,LLaVA-NeXT-8B_Biased_Test,976,both,MCQ,floor_sci5_ours_aug_b0.1_g2_t0.3,Conservative-2VC2TC,conservative_full,0.0,5,0,,,,,none,none,
MMStar,LLaVA-NeXT-8B_Biased_Test,977,both,MCQ,floor_sci5_ours_aug_b0.1_g2_t0.3,Conservative-2VC2TC,conservative_full,0.0,5,0,,,,,none,none,
MMStar,LLaVA-NeXT-8B_Biased_Test,979,both,MCQ,floor_sci5_ours_aug_b0.1_g2_t0.3,Conservative-2VC2TC,conservative_full,0.0,5,0,,,,,none,none,
MMStar,LLaVA-NeXT-8B_Biased_Test,981,vcf_only,MCQ,both_max_grayscale_b0.2_g2.5_t0.2,Visual-Grayscale,visual_gray,1.0,3,1,0.0,1,tc_os1_low,2.0,none,gray,1
MMStar,LLaVA-NeXT-8B_Biased_Test,982,tcf_only,MCQ,floor_sci5_ours_aug_b0.1_g2_t0.3,Conservative-2VC2TC,conservative_full,0.0,5,0,,,,,none,none,
MMStar,LLaVA-NeXT-8B_Biased_Test,984,vcf_only,MCQ,floor_sci5_ours_aug_b0.1_g2_t0.3,Conservative-2VC2TC,conservative_full,0.0,5,0,,,,,none,none,
MMStar,LLaVA-NeXT-8B_Biased_Test,989,tcf_only,MCQ,b5_tc_os1_direct,Text-OptionShuffle1,text,1.0,2,1,0.0,1,tc_os1_high,0.0,option_shuffle,none,
MMStar,LLaVA-NeXT-8B_Biased_Test,994,tcf_only,MCQ,floor_sci5_ours_aug_b0.1_g2_t0.3,Conservative-2VC2TC,conservative_full,0.0,5,0,,,,,none,none,
MMStar,LLaVA-NeXT-8B_Biased_Test,996,vcf_only,MCQ,floor_sci5_ours_aug_b0.1_g2_t0.3,Conservative-2VC2TC,conservative_full,0.0,5,0,,,,,none,none,
MMStar,LLaVA-NeXT-8B_Biased_Test,998,vcf_only,MCQ,floor_sci5_ours_aug_b0.1_g2_t0.3,Conservative-2VC2TC,conservative_full,0.0,5,0,,,,,none,none,
MMStar,LLaVA-NeXT-8B_Biased_Test,1002,vcf_only,MCQ,floor_sci5_ours_aug_b0.1_g2_t0.3,Conservative-2VC2TC,conservative_full,1.0,5,0,,,,,none,none,
MMStar,LLaVA-NeXT-8B_Biased_Test,1003,both,MCQ,floor_sci5_ours_aug_b0.1_g2_t0.3,Conservative-2VC2TC,conservative_full,1.0,5,0,,,,,none,none,
MMStar,LLaVA-NeXT-8B_Biased_Test,1004,both,MCQ,floor_sci5_ours_aug_b0.1_g2_t0.3,Conservative-2VC2TC,conservative_full,0.0,5,0,,,,,none,none,
MMStar,LLaVA-NeXT-8B_Biased_Test,1006,vcf_only,MCQ,floor_sci5_ours_aug_b0.1_g2_t0.3,Conservative-2VC2TC,conservative_full,0.0,5,0,,,,,none,none,
MMStar,LLaVA-NeXT-8B_Biased_Test,1007,both,MCQ,floor_sci5_ours_aug_b0.1_g2_t0.3,Conservative-2VC2TC,conservative_full,0.0,5,0,,,,,none,none,
MMStar,LLaVA-NeXT-8B_Biased_Test,1008,tcf_only,MCQ,joint_os_strong_blur_b0.2_g2.5_t0.2,Joint-StrongBlur-OptionShuffle1,joint_strong,1.0,3,1,0.0,1,tc_os1_high,2.0,option_shuffle,strong,
MMStar,LLaVA-NeXT-8B_Biased_Test,1011,vcf_only,MCQ,floor_sci5_ours_aug_b0.1_g2_t0.3,Conservative-2VC2TC,conservative_full,0.0,5,0,,,,,none,none,
MMStar,LLaVA-NeXT-8B_Biased_Test,1012,both,MCQ,floor_sci5_ours_aug_b0.1_g2_t0.3,Conservative-2VC2TC,conservative_full,0.0,5,0,,,,,none,none,
MMStar,LLaVA-NeXT-8B_Biased_Test,1013,vcf_only,MCQ,floor_sci5_ours_aug_b0.1_g2_t0.3,Conservative-2VC2TC,conservative_full,0.0,5,0,,,,,none,none,
MMStar,LLaVA-NeXT-8B_Biased_Test,1016,both,MCQ,floor_sci5_ours_aug_b0.1_g2_t0.3,Conservative-2VC2TC,conservative_full,0.0,5,0,,,,,none,none,
MMStar,LLaVA-NeXT-8B_Biased_Test,1017,tcf_only,MCQ,floor_sci5_ours_aug_b0.1_g2_t0.3,Conservative-2VC2TC,conservative_full,0.0,5,0,,,,,none,none,
MMStar,LLaVA-NeXT-8B_Biased_Test,1018,vcf_only,MCQ,floor_sci5_ours_aug_b0.1_g2_t0.3,Conservative-2VC2TC,conservative_full,0.0,5,0,,,,,none,none,
MMStar,LLaVA-NeXT-8B_Biased_Test,1019,vcf_only,MCQ,floor_sci5_ours_aug_b0.1_g2_t0.3,Conservative-2VC2TC,conservative_full,0.0,5,0,,,,,none,none,
MMStar,LLaVA-NeXT-8B_Biased_Test,1021,tcf_only,MCQ,floor_sci5_ours_aug_b0.1_g2_t0.3,Conservative-2VC2TC,conservative_full,0.0,5,0,,,,,none,none,
MMStar,LLaVA-NeXT-8B_Biased_Test,1022,vcf_only,MCQ,floor_sci5_ours_aug_b0.1_g2_t0.3,Conservative-2VC2TC,conservative_full,1.0,5,0,,,,,none,none,
MMStar,LLaVA-NeXT-8B_Biased_Test,1023,tcf_only,MCQ,floor_sci5_ours_aug_b0.1_g2_t0.3,Conservative-2VC2TC,conservative_full,0.0,5,0,,,,,none,none,
MMStar,LLaVA-NeXT-8B_Biased_Test,1024,both,MCQ,floor_sci5_ours_aug_b0.1_g2_t0.3,Conservative-2VC2TC,conservative_full,0.0,5,0,,,,,none,none,
MMStar,LLaVA-NeXT-8B_Biased_Test,1026,vcf_only,MCQ,both_max_grayscale_b0.2_g2.5_t0.2,Visual-Grayscale,visual_gray,0.0,5,1,0.0,1,tc_os1_low,2.0,none,gray,3
MMStar,LLaVA-NeXT-8B_Biased_Test,1027,tcf_only,MCQ,floor_sci5_ours_aug_b0.1_g2_t0.3,Conservative-2VC2TC,conservative_full,0.0,5,0,,,,,none,none,
MMStar,LLaVA-NeXT-8B_Biased_Test,1028,vcf_only,MCQ,floor_sci5_ours_aug_b0.1_g2_t0.3,Conservative-2VC2TC,conservative_full,0.0,5,0,,,,,none,none,
MMStar,LLaVA-NeXT-8B_Biased_Test,1029,both,MCQ,floor_sci5_ours_aug_b0.1_g2_t0.3,Conservative-2VC2TC,conservative_full,0.0,5,0,,,,,none,none,
MMStar,LLaVA-NeXT-8B_Biased_Test,1031,vcf_only,MCQ,floor_sci5_ours_aug_b0.1_g2_t0.3,Conservative-2VC2TC,conservative_full,0.0,5,0,,,,,none,none,
MMStar,LLaVA-NeXT-8B_Biased_Test,1032,tcf_only,MCQ,floor_sci5_ours_aug_b0.1_g2_t0.3,Conservative-2VC2TC,conservative_full,0.0,5,0,,,,,none,none,
MMStar,LLaVA-NeXT-8B_Biased_Test,1033,vcf_only,MCQ,floor_sci5_ours_aug_b0.1_g2_t0.3,Conservative-2VC2TC,conservative_full,1.0,5,0,,,,,none,none,
MMStar,LLaVA-NeXT-8B_Biased_Test,1036,both,MCQ,floor_sci5_ours_aug_b0.1_g2_t0.3,Conservative-2VC2TC,conservative_full,1.0,5,0,,,,,none,none,
MMStar,LLaVA-NeXT-8B_Biased_Test,1037,tcf_only,MCQ,floor_sci5_ours_aug_b0.1_g2_t0.3,Conservative-2VC2TC,conservative_full,0.0,5,0,,,,,none,none,
MMStar,LLaVA-NeXT-8B_Biased_Test,1039,tcf_only,MCQ,floor_sci5_ours_aug_b0.1_g2_t0.3,Conservative-2VC2TC,conservative_full,1.0,5,0,,,,,none,none,
MMStar,LLaVA-NeXT-8B_Biased_Test,1041,both,MCQ,floor_sci5_ours_aug_b0.1_g2_t0.3,Conservative-2VC2TC,conservative_full,0.0,5,0,,,,,none,none,
MMStar,LLaVA-NeXT-8B_Biased_Test,1042,vcf_only,MCQ,floor_sci5_ours_aug_b0.1_g2_t0.3,Conservative-2VC2TC,conservative_full,0.0,5,0,,,,,none,none,
MMStar,LLaVA-NeXT-8B_Biased_Test,1043,vcf_only,MCQ,floor_sci5_ours_aug_b0.1_g2_t0.3,Conservative-2VC2TC,conservative_full,0.0,5,0,,,,,none,none,
MMStar,LLaVA-NeXT-8B_Biased_Test,1044,vcf_only,MCQ,both_max_grayscale_b0.2_g2.5_t0.2,Visual-Grayscale,visual_gray,0.0,3,1,1.0,1,tc_os1_low,2.0,none,gray,1
MMStar,LLaVA-NeXT-8B_Biased_Test,1049,both,MCQ,floor_sci5_ours_aug_b0.1_g2_t0.3,Conservative-2VC2TC,conservative_full,0.0,5,0,,,,,none,none,
MMStar,LLaVA-NeXT-8B_Biased_Test,1051,both,MCQ,floor_sci5_ours_aug_b0.1_g2_t0.3,Conservative-2VC2TC,conservative_full,0.0,5,0,,,,,none,none,
MMStar,LLaVA-NeXT-8B_Biased_Test,1052,both,MCQ,floor_sci5_ours_aug_b0.1_g2_t0.3,Conservative-2VC2TC,conservative_full,0.0,5,0,,,,,none,none,
MMStar,LLaVA-NeXT-8B_Biased_Test,1053,tcf_only,MCQ,floor_sci5_ours_aug_b0.1_g2_t0.3,Conservative-2VC2TC,conservative_full,0.0,5,0,,,,,none,none,
MMStar,LLaVA-NeXT-8B_Biased_Test,1056,vcf_only,MCQ,both_max_grayscale_b0.2_g2.5_t0.2,Visual-Grayscale,visual_gray,1.0,3,1,0.0,1,tc_os1_low,2.0,none,gray,1
MMStar,LLaVA-NeXT-8B_Biased_Test,1057,both,MCQ,floor_sci5_ours_aug_b0.1_g2_t0.3,Conservative-2VC2TC,conservative_full,0.0,5,0,,,,,none,none,
MMStar,LLaVA-NeXT-8B_Biased_Test,1058,tcf_only,MCQ,floor_sci5_ours_aug_b0.1_g2_t0.3,Conservative-2VC2TC,conservative_full,0.0,5,0,,,,,none,none,
MMStar,LLaVA-NeXT-8B_Biased_Test,1059,both,MCQ,floor_sci5_ours_aug_b0.1_g2_t0.3,Conservative-2VC2TC,conservative_full,0.0,5,0,,,,,none,none,
MMStar,LLaVA-NeXT-8B_Biased_Test,1061,both,MCQ,floor_sci5_ours_aug_b0.1_g2_t0.3,Conservative-2VC2TC,conservative_full,0.0,5,0,,,,,none,none,
MMStar,LLaVA-NeXT-8B_Biased_Test,1062,vcf_only,MCQ,joint_os_strong_blur_b0.2_g2.5_t0.2,Joint-StrongBlur-OptionShuffle1,joint_strong,1.0,3,1,0.0,1,tc_os1_high,2.0,option_shuffle,strong,
MMStar,LLaVA-NeXT-8B_Biased_Test,1063,both,MCQ,floor_sci5_ours_aug_b0.1_g2_t0.3,Conservative-2VC2TC,conservative_full,1.0,5,0,,,,,none,none,
MMStar,LLaVA-NeXT-8B_Biased_Test,1066,both,MCQ,floor_sci5_ours_aug_b0.1_g2_t0.3,Conservative-2VC2TC,conservative_full,0.0,5,0,,,,,none,none,
MMStar,LLaVA-NeXT-8B_Biased_Test,1068,vcf_only,MCQ,floor_sci5_ours_aug_b0.1_g2_t0.3,Conservative-2VC2TC,conservative_full,0.0,5,0,,,,,none,none,
MMStar,LLaVA-NeXT-8B_Biased_Test,1069,both,MCQ,floor_sci5_ours_aug_b0.1_g2_t0.3,Conservative-2VC2TC,conservative_full,0.0,5,0,,,,,none,none,
MMStar,LLaVA-NeXT-8B_Biased_Test,1073,tcf_only,MCQ,floor_sci5_ours_aug_b0.1_g2_t0.3,Conservative-2VC2TC,conservative_full,0.0,5,0,,,,,none,none,
MMStar,LLaVA-NeXT-8B_Biased_Test,1077,vcf_only,MCQ,floor_sci5_ours_aug_b0.1_g2_t0.3,Conservative-2VC2TC,conservative_full,0.0,5,0,,,,,none,none,
MMStar,LLaVA-NeXT-8B_Biased_Test,1078,vcf_only,MCQ,floor_sci5_ours_aug_b0.1_g2_t0.3,Conservative-2VC2TC,conservative_full,0.0,5,0,,,,,none,none,
MMStar,LLaVA-NeXT-8B_Biased_Test,1081,both,MCQ,floor_sci5_ours_aug_b0.1_g2_t0.3,Conservative-2VC2TC,conservative_full,0.0,5,0,,,,,none,none,
MMStar,LLaVA-NeXT-8B_Biased_Test,1082,vcf_only,MCQ,floor_sci5_ours_aug_b0.1_g2_t0.3,Conservative-2VC2TC,conservative_full,0.0,5,0,,,,,none,none,
MMStar,LLaVA-NeXT-8B_Biased_Test,1083,vcf_only,MCQ,floor_sci5_ours_aug_b0.1_g2_t0.3,Conservative-2VC2TC,conservative_full,1.0,5,0,,,,,none,none,
MMStar,LLaVA-NeXT-8B_Biased_Test,1084,both,MCQ,floor_sci5_ours_aug_b0.1_g2_t0.3,Conservative-2VC2TC,conservative_full,0.0,5,0,,,,,none,none,
MMStar,LLaVA-NeXT-8B_Biased_Test,1089,tcf_only,MCQ,floor_sci5_ours_aug_b0.1_g2_t0.3,Conservative-2VC2TC,conservative_full,0.0,5,0,,,,,none,none,
MMStar,LLaVA-NeXT-8B_Biased_Test,1091,vcf_only,MCQ,floor_sci5_ours_aug_b0.1_g2_t0.3,Conservative-2VC2TC,conservative_full,0.0,5,0,,,,,none,none,
MMStar,LLaVA-NeXT-8B_Biased_Test,1092,vcf_only,MCQ,floor_sci5_ours_aug_b0.1_g2_t0.3,Conservative-2VC2TC,conservative_full,1.0,5,0,,,,,none,none,
MMStar,LLaVA-NeXT-8B_Biased_Test,1093,tcf_only,MCQ,floor_sci5_ours_aug_b0.1_g2_t0.3,Conservative-2VC2TC,conservative_full,0.0,5,0,,,,,none,none,
MMStar,LLaVA-NeXT-8B_Biased_Test,1096,vcf_only,MCQ,floor_sci5_ours_aug_b0.1_g2_t0.3,Conservative-2VC2TC,conservative_full,0.0,5,0,,,,,none,none,
MMStar,LLaVA-NeXT-8B_Biased_Test,1097,vcf_only,MCQ,floor_sci5_ours_aug_b0.1_g2_t0.3,Conservative-2VC2TC,conservative_full,0.0,5,0,,,,,none,none,
MMStar,LLaVA-NeXT-8B_Biased_Test,1098,vcf_only,MCQ,floor_sci5_ours_aug_b0.1_g2_t0.3,Conservative-2VC2TC,conservative_full,1.0,5,0,,,,,none,none,
MMStar,LLaVA-NeXT-8B_Biased_Test,1101,tcf_only,MCQ,floor_sci5_ours_aug_b0.1_g2_t0.3,Conservative-2VC2TC,conservative_full,1.0,5,0,,,,,none,none,
MMStar,LLaVA-NeXT-8B_Biased_Test,1102,vcf_only,MCQ,floor_sci5_ours_aug_b0.1_g2_t0.3,Conservative-2VC2TC,conservative_full,0.0,5,0,,,,,none,none,
MMStar,LLaVA-NeXT-8B_Biased_Test,1103,both,MCQ,floor_sci5_ours_aug_b0.1_g2_t0.3,Conservative-2VC2TC,conservative_full,1.0,5,0,,,,,none,none,
MMStar,LLaVA-NeXT-8B_Biased_Test,1104,both,MCQ,floor_sci5_ours_aug_b0.1_g2_t0.3,Conservative-2VC2TC,conservative_full,1.0,5,0,,,,,none,none,
MMStar,LLaVA-NeXT-8B_Biased_Test,1106,vcf_only,MCQ,floor_sci5_ours_aug_b0.1_g2_t0.3,Conservative-2VC2TC,conservative_full,1.0,5,0,,,,,none,none,
MMStar,LLaVA-NeXT-8B_Biased_Test,1107,both,MCQ,floor_sci5_ours_aug_b0.1_g2_t0.3,Conservative-2VC2TC,conservative_full,1.0,5,0,,,,,none,none,
MMStar,LLaVA-NeXT-8B_Biased_Test,1109,vcf_only,MCQ,floor_sci5_ours_aug_b0.1_g2_t0.3,Conservative-2VC2TC,conservative_full,0.0,5,0,,,,,none,none,
MMStar,LLaVA-NeXT-8B_Biased_Test,1112,vcf_only,MCQ,floor_sci5_ours_aug_b0.1_g2_t0.3,Conservative-2VC2TC,conservative_full,1.0,5,0,,,,,none,none,
MMStar,LLaVA-NeXT-8B_Biased_Test,1113,both,MCQ,floor_sci5_ours_aug_b0.1_g2_t0.3,Conservative-2VC2TC,conservative_full,1.0,5,0,,,,,none,none,
MMStar,LLaVA-NeXT-8B_Biased_Test,1114,tcf_only,MCQ,floor_sci5_ours_aug_b0.1_g2_t0.3,Conservative-2VC2TC,conservative_full,1.0,5,0,,,,,none,none,
MMStar,LLaVA-NeXT-8B_Biased_Test,1117,tcf_only,MCQ,floor_sci5_ours_aug_b0.1_g2_t0.3,Conservative-2VC2TC,conservative_full,1.0,5,0,,,,,none,none,
MMStar,LLaVA-NeXT-8B_Biased_Test,1118,vcf_only,MCQ,floor_sci5_ours_aug_b0.1_g2_t0.3,Conservative-2VC2TC,conservative_full,0.0,5,0,,,,,none,none,
MMStar,LLaVA-NeXT-8B_Biased_Test,1119,vcf_only,MCQ,floor_sci5_ours_aug_b0.1_g2_t0.3,Conservative-2VC2TC,conservative_full,0.0,5,0,,,,,none,none,
MMStar,LLaVA-NeXT-8B_Biased_Test,1121,vcf_only,MCQ,floor_sci5_ours_aug_b0.1_g2_t0.3,Conservative-2VC2TC,conservative_full,0.0,5,0,,,,,none,none,
MMStar,LLaVA-NeXT-8B_Biased_Test,1122,both,MCQ,floor_sci5_ours_aug_b0.1_g2_t0.3,Conservative-2VC2TC,conservative_full,0.0,5,0,,,,,none,none,
MMStar,LLaVA-NeXT-8B_Biased_Test,1123,vcf_only,MCQ,floor_sci5_ours_aug_b0.1_g2_t0.3,Conservative-2VC2TC,conservative_full,0.0,5,0,,,,,none,none,
MMStar,LLaVA-NeXT-8B_Biased_Test,1124,vcf_only,MCQ,both_max_grayscale_b0.2_g2.5_t0.2,Visual-Grayscale,visual_gray,0.0,3,1,0.0,1,tc_os1_low,2.0,none,gray,1
MMStar,LLaVA-NeXT-8B_Biased_Test,1126,vcf_only,MCQ,floor_sci5_ours_aug_b0.1_g2_t0.3,Conservative-2VC2TC,conservative_full,0.0,5,0,,,,,none,none,
MMStar,LLaVA-NeXT-8B_Biased_Test,1129,tcf_only,MCQ,floor_sci5_ours_aug_b0.1_g2_t0.3,Conservative-2VC2TC,conservative_full,0.0,5,0,,,,,none,none,
MMStar,LLaVA-NeXT-8B_Biased_Test,1131,both,MCQ,floor_sci5_ours_aug_b0.1_g2_t0.3,Conservative-2VC2TC,conservative_full,0.0,5,0,,,,,none,none,
MMStar,LLaVA-NeXT-8B_Biased_Test,1132,both,MCQ,floor_sci5_ours_aug_b0.1_g2_t0.3,Conservative-2VC2TC,conservative_full,0.0,5,0,,,,,none,none,
MMStar,LLaVA-NeXT-8B_Biased_Test,1133,vcf_only,MCQ,floor_sci5_ours_aug_b0.1_g2_t0.3,Conservative-2VC2TC,conservative_full,0.0,5,0,,,,,none,none,
MMStar,LLaVA-NeXT-8B_Biased_Test,1138,vcf_only,MCQ,floor_sci5_ours_aug_b0.1_g2_t0.3,Conservative-2VC2TC,conservative_full,1.0,5,0,,,,,none,none,
MMStar,LLaVA-NeXT-8B_Biased_Test,1143,vcf_only,MCQ,floor_sci5_ours_aug_b0.1_g2_t0.3,Conservative-2VC2TC,conservative_full,0.0,5,0,,,,,none,none,
MMStar,LLaVA-NeXT-8B_Biased_Test,1149,tcf_only,MCQ,floor_sci5_ours_aug_b0.1_g2_t0.3,Conservative-2VC2TC,conservative_full,0.0,5,0,,,,,none,none,
MMStar,LLaVA-NeXT-8B_Biased_Test,1151,vcf_only,MCQ,floor_sci5_ours_aug_b0.1_g2_t0.3,Conservative-2VC2TC,conservative_full,1.0,5,0,,,,,none,none,
MMStar,LLaVA-NeXT-8B_Biased_Test,1153,tcf_only,MCQ,floor_sci5_ours_aug_b0.1_g2_t0.3,Conservative-2VC2TC,conservative_full,0.0,5,0,,,,,none,none,
MMStar,LLaVA-NeXT-8B_Biased_Test,1154,tcf_only,MCQ,floor_sci5_ours_aug_b0.1_g2_t0.3,Conservative-2VC2TC,conservative_full,0.0,5,0,,,,,none,none,
MMStar,LLaVA-NeXT-8B_Biased_Test,1157,vcf_only,MCQ,floor_sci5_ours_aug_b0.1_g2_t0.3,Conservative-2VC2TC,conservative_full,0.0,5,0,,,,,none,none,
MMStar,LLaVA-NeXT-8B_Biased_Test,1163,tcf_only,MCQ,floor_sci5_ours_aug_b0.1_g2_t0.3,Conservative-2VC2TC,conservative_full,0.0,5,0,,,,,none,none,
MMStar,LLaVA-NeXT-8B_Biased_Test,1164,vcf_only,MCQ,floor_sci5_ours_aug_b0.1_g2_t0.3,Conservative-2VC2TC,conservative_full,0.0,5,0,,,,,none,none,
MMStar,LLaVA-NeXT-8B_Biased_Test,1166,vcf_only,MCQ,floor_sci5_ours_aug_b0.1_g2_t0.3,Conservative-2VC2TC,conservative_full,0.0,5,0,,,,,none,none,
MMStar,LLaVA-NeXT-8B_Biased_Test,1167,tcf_only,MCQ,floor_sci5_ours_aug_b0.1_g2_t0.3,Conservative-2VC2TC,conservative_full,1.0,5,0,,,,,none,none,
MMStar,LLaVA-NeXT-8B_Biased_Test,1169,tcf_only,MCQ,floor_sci5_ours_aug_b0.1_g2_t0.3,Conservative-2VC2TC,conservative_full,0.0,5,0,,,,,none,none,
MMStar,LLaVA-NeXT-8B_Biased_Test,1171,tcf_only,MCQ,floor_sci5_ours_aug_b0.1_g2_t0.3,Conservative-2VC2TC,conservative_full,1.0,5,0,,,,,none,none,
MMStar,LLaVA-NeXT-8B_Biased_Test,1172,vcf_only,MCQ,floor_sci5_ours_aug_b0.1_g2_t0.3,Conservative-2VC2TC,conservative_full,0.0,5,0,,,,,none,none,
MMStar,LLaVA-NeXT-8B_Biased_Test,1173,tcf_only,MCQ,floor_sci5_ours_aug_b0.1_g2_t0.3,Conservative-2VC2TC,conservative_full,1.0,5,0,,,,,none,none,
MMStar,LLaVA-NeXT-8B_Biased_Test,1174,vcf_only,MCQ,floor_sci5_ours_aug_b0.1_g2_t0.3,Conservative-2VC2TC,conservative_full,0.0,5,0,,,,,none,none,
MMStar,LLaVA-NeXT-8B_Biased_Test,1177,tcf_only,MCQ,floor_sci5_ours_aug_b0.1_g2_t0.3,Conservative-2VC2TC,conservative_full,1.0,5,0,,,,,none,none,
MMStar,LLaVA-NeXT-8B_Biased_Test,1178,vcf_only,MCQ,floor_sci5_ours_aug_b0.1_g2_t0.3,Conservative-2VC2TC,conservative_full,1.0,5,0,,,,,none,none,
MMStar,LLaVA-NeXT-8B_Biased_Test,1179,tcf_only,MCQ,floor_sci5_ours_aug_b0.1_g2_t0.3,Conservative-2VC2TC,conservative_full,1.0,5,0,,,,,none,none,
MMStar,LLaVA-NeXT-8B_Biased_Test,1182,vcf_only,MCQ,floor_sci5_ours_aug_b0.1_g2_t0.3,Conservative-2VC2TC,conservative_full,0.0,5,0,,,,,none,none,
MMStar,LLaVA-NeXT-8B_Biased_Test,1186,vcf_only,MCQ,floor_sci5_ours_aug_b0.1_g2_t0.3,Conservative-2VC2TC,conservative_full,0.0,5,0,,,,,none,none,
MMStar,LLaVA-NeXT-8B_Biased_Test,1187,vcf_only,MCQ,floor_sci5_ours_aug_b0.1_g2_t0.3,Conservative-2VC2TC,conservative_full,1.0,5,0,,,,,none,none,
MMStar,LLaVA-NeXT-8B_Biased_Test,1189,tcf_only,MCQ,floor_sci5_ours_aug_b0.1_g2_t0.3,Conservative-2VC2TC,conservative_full,1.0,5,0,,,,,none,none,
MMStar,LLaVA-NeXT-8B_Biased_Test,1193,tcf_only,MCQ,floor_sci5_ours_aug_b0.1_g2_t0.3,Conservative-2VC2TC,conservative_full,0.0,5,0,,,,,none,none,
MMStar,LLaVA-NeXT-8B_Biased_Test,1194,vcf_only,MCQ,floor_sci5_ours_aug_b0.1_g2_t0.3,Conservative-2VC2TC,conservative_full,0.0,5,0,,,,,none,none,
MMStar,LLaVA-NeXT-8B_Biased_Test,1197,tcf_only,MCQ,floor_sci5_ours_aug_b0.1_g2_t0.3,Conservative-2VC2TC,conservative_full,0.0,5,0,,,,,none,none,
MMStar,LLaVA-NeXT-8B_Biased_Test,1198,vcf_only,MCQ,floor_sci5_ours_aug_b0.1_g2_t0.3,Conservative-2VC2TC,conservative_full,0.0,5,0,,,,,none,none,
MMStar,LLaVA-NeXT-8B_Biased_Test,1199,vcf_only,MCQ,floor_sci5_ours_aug_b0.1_g2_t0.3,Conservative-2VC2TC,conservative_full,1.0,5,0,,,,,none,none,
MMStar,LLaVA-NeXT-8B_Biased_Test,1201,both,MCQ,floor_sci5_ours_aug_b0.1_g2_t0.3,Conservative-2VC2TC,conservative_full,0.0,5,0,,,,,none,none,
MMStar,LLaVA-NeXT-8B_Biased_Test,1206,both,MCQ,floor_sci5_ours_aug_b0.1_g2_t0.3,Conservative-2VC2TC,conservative_full,0.0,5,0,,,,,none,none,
MMStar,LLaVA-NeXT-8B_Biased_Test,1207,vcf_only,MCQ,floor_sci5_ours_aug_b0.1_g2_t0.3,Conservative-2VC2TC,conservative_full,0.0,5,0,,,,,none,none,
MMStar,LLaVA-NeXT-8B_Biased_Test,1213,both,MCQ,floor_sci5_ours_aug_b0.1_g2_t0.3,Conservative-2VC2TC,conservative_full,1.0,5,0,,,,,none,none,
MMStar,LLaVA-NeXT-8B_Biased_Test,1214,both,MCQ,floor_sci5_ours_aug_b0.1_g2_t0.3,Conservative-2VC2TC,conservative_full,0.0,5,0,,,,,none,none,
MMStar,LLaVA-NeXT-8B_Biased_Test,1216,vcf_only,MCQ,floor_sci5_ours_aug_b0.1_g2_t0.3,Conservative-2VC2TC,conservative_full,0.0,5,0,,,,,none,none,
MMStar,LLaVA-NeXT-8B_Biased_Test,1218,both,MCQ,floor_sci5_ours_aug_b0.1_g2_t0.3,Conservative-2VC2TC,conservative_full,0.0,5,0,,,,,none,none,
MMStar,LLaVA-NeXT-8B_Biased_Test,1219,vcf_only,MCQ,floor_sci5_ours_aug_b0.1_g2_t0.3,Conservative-2VC2TC,conservative_full,0.0,5,0,,,,,none,none,
MMStar,LLaVA-NeXT-8B_Biased_Test,1222,vcf_only,MCQ,floor_sci5_ours_aug_b0.1_g2_t0.3,Conservative-2VC2TC,conservative_full,0.0,5,0,,,,,none,none,
MMStar,LLaVA-NeXT-8B_Biased_Test,1224,tcf_only,MCQ,floor_sci5_ours_aug_b0.1_g2_t0.3,Conservative-2VC2TC,conservative_full,0.0,5,0,,,,,none,none,
MMStar,LLaVA-NeXT-8B_Biased_Test,1226,both,MCQ,floor_sci5_ours_aug_b0.1_g2_t0.3,Conservative-2VC2TC,conservative_full,0.0,5,0,,,,,none,none,
MMStar,LLaVA-NeXT-8B_Biased_Test,1227,vcf_only,MCQ,floor_sci5_ours_aug_b0.1_g2_t0.3,Conservative-2VC2TC,conservative_full,0.0,5,0,,,,,none,none,
MMStar,LLaVA-NeXT-8B_Biased_Test,1228,vcf_only,MCQ,floor_sci5_ours_aug_b0.1_g2_t0.3,Conservative-2VC2TC,conservative_full,1.0,5,0,,,,,none,none,
MMStar,LLaVA-NeXT-8B_Biased_Test,1229,tcf_only,MCQ,floor_sci5_ours_aug_b0.1_g2_t0.3,Conservative-2VC2TC,conservative_full,1.0,5,0,,,,,none,none,
MMStar,LLaVA-NeXT-8B_Biased_Test,1231,tcf_only,MCQ,floor_sci5_ours_aug_b0.1_g2_t0.3,Conservative-2VC2TC,conservative_full,0.0,5,0,,,,,none,none,
MMStar,LLaVA-NeXT-8B_Biased_Test,1234,tcf_only,MCQ,floor_sci5_ours_aug_b0.1_g2_t0.3,Conservative-2VC2TC,conservative_full,0.0,5,0,,,,,none,none,
MMStar,LLaVA-NeXT-8B_Biased_Test,1236,vcf_only,MCQ,floor_sci5_ours_aug_b0.1_g2_t0.3,Conservative-2VC2TC,conservative_full,0.0,5,0,,,,,none,none,
MMStar,LLaVA-NeXT-8B_Biased_Test,1237,tcf_only,MCQ,floor_sci5_ours_aug_b0.1_g2_t0.3,Conservative-2VC2TC,conservative_full,0.0,5,0,,,,,none,none,
MMStar,LLaVA-NeXT-8B_Biased_Test,1238,vcf_only,MCQ,both_max_grayscale_b0.2_g2.5_t0.2,Visual-Grayscale,visual_gray,0.0,3,1,0.0,1,tc_os1_low,2.0,none,gray,1
MMStar,LLaVA-NeXT-8B_Biased_Test,1242,both,MCQ,floor_sci5_ours_aug_b0.1_g2_t0.3,Conservative-2VC2TC,conservative_full,1.0,5,0,,,,,none,none,
MMStar,LLaVA-NeXT-8B_Biased_Test,1243,tcf_only,MCQ,floor_sci5_ours_aug_b0.1_g2_t0.3,Conservative-2VC2TC,conservative_full,0.0,5,0,,,,,none,none,
MMStar,LLaVA-NeXT-8B_Biased_Test,1244,both,MCQ,floor_sci5_ours_aug_b0.1_g2_t0.3,Conservative-2VC2TC,conservative_full,1.0,5,0,,,,,none,none,
MMStar,LLaVA-NeXT-8B_Biased_Test,1246,tcf_only,MCQ,floor_sci5_ours_aug_b0.1_g2_t0.3,Conservative-2VC2TC,conservative_full,1.0,5,0,,,,,none,none,
MMStar,LLaVA-NeXT-8B_Biased_Test,1247,vcf_only,MCQ,floor_sci5_ours_aug_b0.1_g2_t0.3,Conservative-2VC2TC,conservative_full,0.0,5,0,,,,,none,none,
MMStar,LLaVA-NeXT-8B_Biased_Test,1248,both,MCQ,floor_sci5_ours_aug_b0.1_g2_t0.3,Conservative-2VC2TC,conservative_full,0.0,5,0,,,,,none,none,
MMStar,LLaVA-NeXT-8B_Biased_Test,1249,vcf_only,MCQ,floor_sci5_ours_aug_b0.1_g2_t0.3,Conservative-2VC2TC,conservative_full,0.0,5,0,,,,,none,none,
MMStar,LLaVA-NeXT-8B_Biased_Test,1252,tcf_only,MCQ,floor_sci5_ours_aug_b0.1_g2_t0.3,Conservative-2VC2TC,conservative_full,0.0,5,0,,,,,none,none,
MMStar,LLaVA-NeXT-8B_Biased_Test,1253,tcf_only,MCQ,floor_sci5_ours_aug_b0.1_g2_t0.3,Conservative-2VC2TC,conservative_full,1.0,5,0,,,,,none,none,
MMStar,LLaVA-NeXT-8B_Biased_Test,1257,tcf_only,MCQ,floor_sci5_ours_aug_b0.1_g2_t0.3,Conservative-2VC2TC,conservative_full,0.0,5,0,,,,,none,none,
MMStar,LLaVA-NeXT-8B_Biased_Test,1258,both,MCQ,floor_sci5_ours_aug_b0.1_g2_t0.3,Conservative-2VC2TC,conservative_full,0.0,5,0,,,,,none,none,
MMStar,LLaVA-NeXT-8B_Biased_Test,1261,both,MCQ,floor_sci5_ours_aug_b0.1_g2_t0.3,Conservative-2VC2TC,conservative_full,0.0,5,0,,,,,none,none,
MMStar,LLaVA-NeXT-8B_Biased_Test,1262,tcf_only,MCQ,floor_sci5_ours_aug_b0.1_g2_t0.3,Conservative-2VC2TC,conservative_full,0.0,5,0,,,,,none,none,
MMStar,LLaVA-NeXT-8B_Biased_Test,1263,vcf_only,MCQ,floor_sci5_ours_aug_b0.1_g2_t0.3,Conservative-2VC2TC,conservative_full,0.0,5,0,,,,,none,none,
MMStar,LLaVA-NeXT-8B_Biased_Test,1264,both,MCQ,floor_sci5_ours_aug_b0.1_g2_t0.3,Conservative-2VC2TC,conservative_full,0.0,5,0,,,,,none,none,
MMStar,LLaVA-NeXT-8B_Biased_Test,1266,vcf_only,MCQ,floor_sci5_ours_aug_b0.1_g2_t0.3,Conservative-2VC2TC,conservative_full,0.0,5,0,,,,,none,none,
MMStar,LLaVA-NeXT-8B_Biased_Test,1267,vcf_only,MCQ,joint_os_strong_blur_b0.2_g2.5_t0.2,Joint-StrongBlur-OptionShuffle1,joint_strong,0.0,3,1,0.0,1,tc_os1_high,2.0,option_shuffle,strong,
MMStar,LLaVA-NeXT-8B_Biased_Test,1271,vcf_only,MCQ,both_max_grayscale_b0.2_g2.5_t0.2,Visual-Grayscale,visual_gray,0.0,3,1,0.0,1,tc_os1_low,2.0,none,gray,1
MMStar,LLaVA-NeXT-8B_Biased_Test,1272,tcf_only,MCQ,floor_sci5_ours_aug_b0.1_g2_t0.3,Conservative-2VC2TC,conservative_full,0.0,5,0,,,,,none,none,
MMStar,LLaVA-NeXT-8B_Biased_Test,1273,tcf_only,MCQ,floor_sci5_ours_aug_b0.1_g2_t0.3,Conservative-2VC2TC,conservative_full,0.0,5,0,,,,,none,none,
MMStar,LLaVA-NeXT-8B_Biased_Test,1274,both,MCQ,floor_sci5_ours_aug_b0.1_g2_t0.3,Conservative-2VC2TC,conservative_full,0.0,5,0,,,,,none,none,
MMStar,LLaVA-NeXT-8B_Biased_Test,1278,tcf_only,MCQ,both_max_grayscale_b0.2_g2.5_t0.2,Visual-Grayscale,visual_gray,1.0,3,1,0.0,1,tc_os1_low,2.0,none,gray,1
MMStar,LLaVA-NeXT-8B_Biased_Test,1282,tcf_only,MCQ,floor_sci5_ours_aug_b0.1_g2_t0.3,Conservative-2VC2TC,conservative_full,1.0,5,0,,,,,none,none,
MMStar,LLaVA-NeXT-8B_Biased_Test,1283,vcf_only,MCQ,both_max_center_mask_b0.2_g2.5_t0.2,Visual-CenterMask,visual_center,0.0,4,1,0.0,1,tc_os1_low,2.0,none,center,2
MMStar,LLaVA-NeXT-8B_Biased_Test,1287,vcf_only,MCQ,floor_sci5_ours_aug_b0.1_g2_t0.3,Conservative-2VC2TC,conservative_full,1.0,5,0,,,,,none,none,
MMStar,LLaVA-NeXT-8B_Biased_Test,1291,vcf_only,MCQ,floor_sci5_ours_aug_b0.1_g2_t0.3,Conservative-2VC2TC,conservative_full,0.0,5,0,,,,,none,none,
MMStar,LLaVA-NeXT-8B_Biased_Test,1293,vcf_only,MCQ,joint_os_strong_blur_b0.2_g2.5_t0.2,Joint-StrongBlur-OptionShuffle1,joint_strong,1.0,3,1,0.0,1,tc_os1_high,2.0,option_shuffle,strong,
MMStar,LLaVA-NeXT-8B_Biased_Test,1294,vcf_only,MCQ,floor_sci5_ours_aug_b0.1_g2_t0.3,Conservative-2VC2TC,conservative_full,0.0,5,0,,,,,none,none,
MMStar,LLaVA-NeXT-8B_Biased_Test,1296,both,MCQ,floor_sci5_ours_aug_b0.1_g2_t0.3,Conservative-2VC2TC,conservative_full,0.0,5,0,,,,,none,none,
MMStar,LLaVA-NeXT-8B_Biased_Test,1297,both,MCQ,floor_sci5_ours_aug_b0.1_g2_t0.3,Conservative-2VC2TC,conservative_full,0.0,5,0,,,,,none,none,
MMStar,LLaVA-NeXT-8B_Biased_Test,1299,tcf_only,MCQ,floor_sci5_ours_aug_b0.1_g2_t0.3,Conservative-2VC2TC,conservative_full,1.0,5,0,,,,,none,none,
MMStar,LLaVA-NeXT-8B_Biased_Test,1301,vcf_only,MCQ,both_max_grayscale_b0.2_g2.5_t0.2,Visual-Grayscale,visual_gray,0.0,3,1,0.0,1,tc_os1_low,2.0,none,gray,1
MMStar,LLaVA-NeXT-8B_Biased_Test,1303,both,MCQ,floor_sci5_ours_aug_b0.1_g2_t0.3,Conservative-2VC2TC,conservative_full,0.0,5,0,,,,,none,none,
MMStar,LLaVA-NeXT-8B_Biased_Test,1306,tcf_only,MCQ,floor_sci5_ours_aug_b0.1_g2_t0.3,Conservative-2VC2TC,conservative_full,1.0,5,0,,,,,none,none,
MMStar,LLaVA-NeXT-8B_Biased_Test,1307,both,MCQ,floor_sci5_ours_aug_b0.1_g2_t0.3,Conservative-2VC2TC,conservative_full,0.0,5,0,,,,,none,none,
MMStar,LLaVA-NeXT-8B_Biased_Test,1308,tcf_only,MCQ,floor_sci5_ours_aug_b0.1_g2_t0.3,Conservative-2VC2TC,conservative_full,1.0,5,0,,,,,none,none,
MMStar,LLaVA-NeXT-8B_Biased_Test,1309,vcf_only,MCQ,floor_sci5_ours_aug_b0.1_g2_t0.3,Conservative-2VC2TC,conservative_full,0.0,5,0,,,,,none,none,
MMStar,LLaVA-NeXT-8B_Biased_Test,1311,tcf_only,MCQ,floor_sci5_ours_aug_b0.1_g2_t0.3,Conservative-2VC2TC,conservative_full,0.0,5,0,,,,,none,none,
MMStar,LLaVA-NeXT-8B_Biased_Test,1312,vcf_only,MCQ,floor_sci5_ours_aug_b0.1_g2_t0.3,Conservative-2VC2TC,conservative_full,0.0,5,0,,,,,none,none,
MMStar,LLaVA-NeXT-8B_Biased_Test,1319,vcf_only,MCQ,floor_sci5_ours_aug_b0.1_g2_t0.3,Conservative-2VC2TC,conservative_full,0.0,5,0,,,,,none,none,
MMStar,LLaVA-NeXT-8B_Biased_Test,1321,vcf_only,MCQ,joint_os_strong_blur_b0.2_g2.5_t0.2,Joint-StrongBlur-OptionShuffle1,joint_strong,0.0,3,1,0.0,1,tc_os1_high,2.0,option_shuffle,strong,
MMStar,LLaVA-NeXT-8B_Biased_Test,1322,vcf_only,MCQ,floor_sci5_ours_aug_b0.1_g2_t0.3,Conservative-2VC2TC,conservative_full,0.0,5,0,,,,,none,none,
MMStar,LLaVA-NeXT-8B_Biased_Test,1323,both,MCQ,floor_sci5_ours_aug_b0.1_g2_t0.3,Conservative-2VC2TC,conservative_full,0.0,5,0,,,,,none,none,
MMStar,LLaVA-NeXT-8B_Biased_Test,1324,both,MCQ,floor_sci5_ours_aug_b0.1_g2_t0.3,Conservative-2VC2TC,conservative_full,0.0,5,0,,,,,none,none,
MMStar,LLaVA-NeXT-8B_Biased_Test,1327,tcf_only,MCQ,floor_sci5_ours_aug_b0.1_g2_t0.3,Conservative-2VC2TC,conservative_full,0.0,5,0,,,,,none,none,
MMStar,LLaVA-NeXT-8B_Biased_Test,1328,tcf_only,MCQ,floor_sci5_ours_aug_b0.1_g2_t0.3,Conservative-2VC2TC,conservative_full,0.0,5,0,,,,,none,none,
MMStar,LLaVA-NeXT-8B_Biased_Test,1329,vcf_only,MCQ,both_max_strong_blur_b0.2_g2.5_t0.2,Visual-StrongBlur,visual_strong,0.0,5,1,0.0,1,tc_os1_low,2.0,none,strong,3
MMStar,LLaVA-NeXT-8B_Biased_Test,1331,vcf_only,MCQ,both_max_grayscale_b0.2_g2.5_t0.2,Visual-Grayscale,visual_gray,0.0,3,1,0.0,1,tc_os1_low,2.0,none,gray,1
MMStar,LLaVA-NeXT-8B_Biased_Test,1332,both,MCQ,floor_sci5_ours_aug_b0.1_g2_t0.3,Conservative-2VC2TC,conservative_full,0.0,5,0,,,,,none,none,
MMStar,LLaVA-NeXT-8B_Biased_Test,1334,vcf_only,MCQ,both_max_grayscale_b0.2_g2.5_t0.2,Visual-Grayscale,visual_gray,1.0,3,1,1.0,1,tc_os1_low,2.0,none,gray,1
MMStar,LLaVA-NeXT-8B_Biased_Test,1337,tcf_only,MCQ,floor_sci5_ours_aug_b0.1_g2_t0.3,Conservative-2VC2TC,conservative_full,0.0,5,0,,,,,none,none,
MMStar,LLaVA-NeXT-8B_Biased_Test,1338,tcf_only,MCQ,floor_sci5_ours_aug_b0.1_g2_t0.3,Conservative-2VC2TC,conservative_full,0.0,5,0,,,,,none,none,
MMStar,LLaVA-NeXT-8B_Biased_Test,1339,tcf_only,MCQ,floor_sci5_ours_aug_b0.1_g2_t0.3,Conservative-2VC2TC,conservative_full,0.0,5,0,,,,,none,none,
MMStar,LLaVA-NeXT-8B_Biased_Test,1341,vcf_only,MCQ,floor_sci5_ours_aug_b0.1_g2_t0.3,Conservative-2VC2TC,conservative_full,0.0,5,0,,,,,none,none,
MMStar,LLaVA-NeXT-8B_Biased_Test,1342,vcf_only,MCQ,floor_sci5_ours_aug_b0.1_g2_t0.3,Conservative-2VC2TC,conservative_full,0.0,5,0,,,,,none,none,
MMStar,LLaVA-NeXT-8B_Biased_Test,1343,vcf_only,MCQ,floor_sci5_ours_aug_b0.1_g2_t0.3,Conservative-2VC2TC,conservative_full,0.0,5,0,,,,,none,none,
MMStar,LLaVA-NeXT-8B_Biased_Test,1344,both,MCQ,floor_sci5_ours_aug_b0.1_g2_t0.3,Conservative-2VC2TC,conservative_full,1.0,5,0,,,,,none,none,
MMStar,LLaVA-NeXT-8B_Biased_Test,1346,vcf_only,MCQ,floor_sci5_ours_aug_b0.1_g2_t0.3,Conservative-2VC2TC,conservative_full,0.0,5,0,,,,,none,none,
MMStar,LLaVA-NeXT-8B_Biased_Test,1347,tcf_only,MCQ,floor_sci5_ours_aug_b0.1_g2_t0.3,Conservative-2VC2TC,conservative_full,0.0,5,0,,,,,none,none,
MMStar,LLaVA-NeXT-8B_Biased_Test,1348,both,MCQ,floor_sci5_ours_aug_b0.1_g2_t0.3,Conservative-2VC2TC,conservative_full,1.0,5,0,,,,,none,none,
MMStar,LLaVA-NeXT-8B_Biased_Test,1349,vcf_only,MCQ,floor_sci5_ours_aug_b0.1_g2_t0.3,Conservative-2VC2TC,conservative_full,0.0,5,0,,,,,none,none,
MMStar,LLaVA-NeXT-8B_Biased_Test,1351,vcf_only,MCQ,floor_sci5_ours_aug_b0.1_g2_t0.3,Conservative-2VC2TC,conservative_full,1.0,5,0,,,,,none,none,
MMStar,LLaVA-NeXT-8B_Biased_Test,1352,both,MCQ,floor_sci5_ours_aug_b0.1_g2_t0.3,Conservative-2VC2TC,conservative_full,1.0,5,0,,,,,none,none,
MMStar,LLaVA-NeXT-8B_Biased_Test,1353,both,MCQ,floor_sci5_ours_aug_b0.1_g2_t0.3,Conservative-2VC2TC,conservative_full,1.0,5,0,,,,,none,none,
MMStar,LLaVA-NeXT-8B_Biased_Test,1354,vcf_only,MCQ,floor_sci5_ours_aug_b0.1_g2_t0.3,Conservative-2VC2TC,conservative_full,0.0,5,0,,,,,none,none,
MMStar,LLaVA-NeXT-8B_Biased_Test,1356,both,MCQ,floor_sci5_ours_aug_b0.1_g2_t0.3,Conservative-2VC2TC,conservative_full,0.0,5,0,,,,,none,none,
MMStar,LLaVA-NeXT-8B_Biased_Test,1359,vcf_only,MCQ,floor_sci5_ours_aug_b0.1_g2_t0.3,Conservative-2VC2TC,conservative_full,1.0,5,0,,,,,none,none,
MMStar,LLaVA-NeXT-8B_Biased_Test,1361,tcf_only,MCQ,floor_sci5_ours_aug_b0.1_g2_t0.3,Conservative-2VC2TC,conservative_full,0.0,5,0,,,,,none,none,
MMStar,LLaVA-NeXT-8B_Biased_Test,1362,both,MCQ,floor_sci5_ours_aug_b0.1_g2_t0.3,Conservative-2VC2TC,conservative_full,0.0,5,0,,,,,none,none,
MMStar,LLaVA-NeXT-8B_Biased_Test,1363,tcf_only,MCQ,floor_sci5_ours_aug_b0.1_g2_t0.3,Conservative-2VC2TC,conservative_full,0.0,5,0,,,,,none,none,
MMStar,LLaVA-NeXT-8B_Biased_Test,1366,both,MCQ,floor_sci5_ours_aug_b0.1_g2_t0.3,Conservative-2VC2TC,conservative_full,0.0,5,0,,,,,none,none,
MMStar,LLaVA-NeXT-8B_Biased_Test,1367,vcf_only,MCQ,floor_sci5_ours_aug_b0.1_g2_t0.3,Conservative-2VC2TC,conservative_full,0.0,5,0,,,,,none,none,
MMStar,LLaVA-NeXT-8B_Biased_Test,1371,tcf_only,MCQ,floor_sci5_ours_aug_b0.1_g2_t0.3,Conservative-2VC2TC,conservative_full,0.0,5,0,,,,,none,none,
MMStar,LLaVA-NeXT-8B_Biased_Test,1372,tcf_only,MCQ,floor_sci5_ours_aug_b0.1_g2_t0.3,Conservative-2VC2TC,conservative_full,0.0,5,0,,,,,none,none,
MMStar,LLaVA-NeXT-8B_Biased_Test,1373,both,MCQ,floor_sci5_ours_aug_b0.1_g2_t0.3,Conservative-2VC2TC,conservative_full,0.0,5,0,,,,,none,none,
MMStar,LLaVA-NeXT-8B_Biased_Test,1374,both,MCQ,floor_sci5_ours_aug_b0.1_g2_t0.3,Conservative-2VC2TC,conservative_full,1.0,5,0,,,,,none,none,
MMStar,LLaVA-NeXT-8B_Biased_Test,1377,both,MCQ,floor_sci5_ours_aug_b0.1_g2_t0.3,Conservative-2VC2TC,conservative_full,0.0,5,0,,,,,none,none,
MMStar,LLaVA-NeXT-8B_Biased_Test,1378,vcf_only,MCQ,floor_sci5_ours_aug_b0.1_g2_t0.3,Conservative-2VC2TC,conservative_full,0.0,5,1,0.0,1,tc_os1_low,0.0,none,none,
MMStar,LLaVA-NeXT-8B_Biased_Test,1379,vcf_only,MCQ,floor_sci5_ours_aug_b0.1_g2_t0.3,Conservative-2VC2TC,conservative_full,0.0,5,0,,,,,none,none,
MMStar,LLaVA-NeXT-8B_Biased_Test,1382,vcf_only,MCQ,both_max_grayscale_b0.2_g2.5_t0.2,Visual-Grayscale,visual_gray,0.0,5,1,0.0,1,tc_os1_low,2.0,none,gray,3
MMStar,LLaVA-NeXT-8B_Biased_Test,1391,vcf_only,MCQ,joint_os_center_mask_b0.2_g2.5_t0.2,Joint-CenterMask-OptionShuffle1,joint_center,0.0,4,1,0.0,1,tc_os1_high,2.0,option_shuffle,center,
MMStar,LLaVA-NeXT-8B_Biased_Test,1392,tcf_only,MCQ,floor_sci5_ours_aug_b0.1_g2_t0.3,Conservative-2VC2TC,conservative_full,0.0,5,0,,,,,none,none,
MMStar,LLaVA-NeXT-8B_Biased_Test,1394,tcf_only,MCQ,both_max_grayscale_b0.2_g2.5_t0.2,Visual-Grayscale,visual_gray,1.0,3,1,0.0,1,tc_os1_low,2.0,none,gray,1
MMStar,LLaVA-NeXT-8B_Biased_Test,1397,both,MCQ,floor_sci5_ours_aug_b0.1_g2_t0.3,Conservative-2VC2TC,conservative_full,0.0,5,0,,,,,none,none,
MMStar,LLaVA-NeXT-8B_Biased_Test,1398,tcf_only,MCQ,floor_sci5_ours_aug_b0.1_g2_t0.3,Conservative-2VC2TC,conservative_full,0.0,5,0,,,,,none,none,
MMStar,LLaVA-NeXT-8B_Biased_Test,1399,both,MCQ,floor_sci5_ours_aug_b0.1_g2_t0.3,Conservative-2VC2TC,conservative_full,1.0,5,0,,,,,none,none,
MMStar,LLaVA-NeXT-8B_Biased_Test,1401,vcf_only,MCQ,floor_sci5_ours_aug_b0.1_g2_t0.3,Conservative-2VC2TC,conservative_full,1.0,5,0,,,,,none,none,
MMStar,LLaVA-NeXT-8B_Biased_Test,1402,tcf_only,MCQ,floor_sci5_ours_aug_b0.1_g2_t0.3,Conservative-2VC2TC,conservative_full,1.0,5,0,,,,,none,none,
MMStar,LLaVA-NeXT-8B_Biased_Test,1403,tcf_only,MCQ,floor_sci5_ours_aug_b0.1_g2_t0.3,Conservative-2VC2TC,conservative_full,0.0,5,0,,,,,none,none,
MMStar,LLaVA-NeXT-8B_Biased_Test,1406,tcf_only,MCQ,floor_sci5_ours_aug_b0.1_g2_t0.3,Conservative-2VC2TC,conservative_full,0.0,5,0,,,,,none,none,
MMStar,LLaVA-NeXT-8B_Biased_Test,1409,tcf_only,MCQ,floor_sci5_ours_aug_b0.1_g2_t0.3,Conservative-2VC2TC,conservative_full,0.0,5,0,,,,,none,none,
MMStar,LLaVA-NeXT-8B_Biased_Test,1412,tcf_only,MCQ,floor_sci5_ours_aug_b0.1_g2_t0.3,Conservative-2VC2TC,conservative_full,0.0,5,0,,,,,none,none,
MMStar,LLaVA-NeXT-8B_Biased_Test,1413,vcf_only,MCQ,floor_sci5_ours_aug_b0.1_g2_t0.3,Conservative-2VC2TC,conservative_full,0.0,5,0,,,,,none,none,
MMStar,LLaVA-NeXT-8B_Biased_Test,1416,tcf_only,MCQ,floor_sci5_ours_aug_b0.1_g2_t0.3,Conservative-2VC2TC,conservative_full,0.0,5,0,,,,,none,none,
MMStar,LLaVA-NeXT-8B_Biased_Test,1419,vcf_only,MCQ,floor_sci5_ours_aug_b0.1_g2_t0.3,Conservative-2VC2TC,conservative_full,1.0,5,0,,,,,none,none,
MMStar,LLaVA-NeXT-8B_Biased_Test,1421,vcf_only,MCQ,floor_sci5_ours_aug_b0.1_g2_t0.3,Conservative-2VC2TC,conservative_full,0.0,5,0,,,,,none,none,
MMStar,LLaVA-NeXT-8B_Biased_Test,1422,both,MCQ,floor_sci5_ours_aug_b0.1_g2_t0.3,Conservative-2VC2TC,conservative_full,0.0,5,0,,,,,none,none,
MMStar,LLaVA-NeXT-8B_Biased_Test,1424,tcf_only,MCQ,floor_sci5_ours_aug_b0.1_g2_t0.3,Conservative-2VC2TC,conservative_full,0.0,5,0,,,,,none,none,
MMStar,LLaVA-NeXT-8B_Biased_Test,1428,vcf_only,MCQ,floor_sci5_ours_aug_b0.1_g2_t0.3,Conservative-2VC2TC,conservative_full,0.0,5,0,,,,,none,none,
MMStar,LLaVA-NeXT-8B_Biased_Test,1429,tcf_only,MCQ,floor_sci5_ours_aug_b0.1_g2_t0.3,Conservative-2VC2TC,conservative_full,0.0,5,0,,,,,none,none,
MMStar,LLaVA-NeXT-8B_Biased_Test,1434,tcf_only,MCQ,floor_sci5_ours_aug_b0.1_g2_t0.3,Conservative-2VC2TC,conservative_full,0.0,5,0,,,,,none,none,
MMStar,LLaVA-NeXT-8B_Biased_Test,1436,both,MCQ,floor_sci5_ours_aug_b0.1_g2_t0.3,Conservative-2VC2TC,conservative_full,1.0,5,0,,,,,none,none,
MMStar,LLaVA-NeXT-8B_Biased_Test,1438,tcf_only,MCQ,floor_sci5_ours_aug_b0.1_g2_t0.3,Conservative-2VC2TC,conservative_full,1.0,5,0,,,,,none,none,
MMStar,LLaVA-NeXT-8B_Biased_Test,1441,tcf_only,MCQ,floor_sci5_ours_aug_b0.1_g2_t0.3,Conservative-2VC2TC,conservative_full,1.0,5,0,,,,,none,none,
MMStar,LLaVA-NeXT-8B_Biased_Test,1444,tcf_only,MCQ,floor_sci5_ours_aug_b0.1_g2_t0.3,Conservative-2VC2TC,conservative_full,1.0,5,0,,,,,none,none,
MMStar,LLaVA-NeXT-8B_Biased_Test,1448,tcf_only,MCQ,floor_sci5_ours_aug_b0.1_g2_t0.3,Conservative-2VC2TC,conservative_full,0.0,5,0,,,,,none,none,
MMStar,LLaVA-NeXT-8B_Biased_Test,1449,both,MCQ,floor_sci5_ours_aug_b0.1_g2_t0.3,Conservative-2VC2TC,conservative_full,0.0,5,0,,,,,none,none,
MMStar,LLaVA-NeXT-8B_Biased_Test,1452,vcf_only,MCQ,floor_sci5_ours_aug_b0.1_g2_t0.3,Conservative-2VC2TC,conservative_full,0.0,5,0,,,,,none,none,
MMStar,LLaVA-NeXT-8B_Biased_Test,1456,tcf_only,MCQ,floor_sci5_ours_aug_b0.1_g2_t0.3,Conservative-2VC2TC,conservative_full,1.0,5,0,,,,,none,none,
MMStar,LLaVA-NeXT-8B_Biased_Test,1457,tcf_only,MCQ,floor_sci5_ours_aug_b0.1_g2_t0.3,Conservative-2VC2TC,conservative_full,0.0,5,0,,,,,none,none,
MMStar,LLaVA-NeXT-8B_Biased_Test,1458,tcf_only,MCQ,joint_os_strong_blur_b0.2_g2.5_t0.2,Joint-StrongBlur-OptionShuffle1,joint_strong,1.0,3,1,0.0,1,tc_os1_high,2.0,option_shuffle,strong,
MMStar,LLaVA-NeXT-8B_Biased_Test,1459,tcf_only,MCQ,floor_sci5_ours_aug_b0.1_g2_t0.3,Conservative-2VC2TC,conservative_full,0.0,5,0,,,,,none,none,
MMStar,LLaVA-NeXT-8B_Biased_Test,1464,both,MCQ,floor_sci5_ours_aug_b0.1_g2_t0.3,Conservative-2VC2TC,conservative_full,0.0,5,0,,,,,none,none,
MMStar,LLaVA-NeXT-8B_Biased_Test,1468,vcf_only,MCQ,floor_sci5_ours_aug_b0.1_g2_t0.3,Conservative-2VC2TC,conservative_full,1.0,5,0,,,,,none,none,
MMStar,LLaVA-NeXT-8B_Biased_Test,1472,vcf_only,MCQ,floor_sci5_ours_aug_b0.1_g2_t0.3,Conservative-2VC2TC,conservative_full,1.0,5,0,,,,,none,none,
MMStar,LLaVA-NeXT-8B_Biased_Test,1473,both,MCQ,floor_sci5_ours_aug_b0.1_g2_t0.3,Conservative-2VC2TC,conservative_full,1.0,5,0,,,,,none,none,
MMStar,LLaVA-NeXT-8B_Biased_Test,1474,both,MCQ,floor_sci5_ours_aug_b0.1_g2_t0.3,Conservative-2VC2TC,conservative_full,0.0,5,0,,,,,none,none,
MMStar,LLaVA-NeXT-8B_Biased_Test,1481,tcf_only,MCQ,floor_sci5_ours_aug_b0.1_g2_t0.3,Conservative-2VC2TC,conservative_full,0.0,5,0,,,,,none,none,
MMStar,LLaVA-NeXT-8B_Biased_Test,1482,tcf_only,MCQ,floor_sci5_ours_aug_b0.1_g2_t0.3,Conservative-2VC2TC,conservative_full,0.0,5,0,,,,,none,none,
MMStar,LLaVA-NeXT-8B_Biased_Test,1486,both,MCQ,floor_sci5_ours_aug_b0.1_g2_t0.3,Conservative-2VC2TC,conservative_full,0.0,5,0,,,,,none,none,
MMStar,LLaVA-NeXT-8B_Biased_Test,1487,vcf_only,MCQ,floor_sci5_ours_aug_b0.1_g2_t0.3,Conservative-2VC2TC,conservative_full,1.0,5,0,,,,,none,none,
MMStar,LLaVA-NeXT-8B_Biased_Test,1489,vcf_only,MCQ,floor_sci5_ours_aug_b0.1_g2_t0.3,Conservative-2VC2TC,conservative_full,0.0,5,0,,,,,none,none,
MMStar,LLaVA-NeXT-8B_Biased_Test,1491,tcf_only,MCQ,floor_sci5_ours_aug_b0.1_g2_t0.3,Conservative-2VC2TC,conservative_full,1.0,5,0,,,,,none,none,
MMStar,LLaVA-NeXT-8B_Biased_Test,1494,vcf_only,MCQ,floor_sci5_ours_aug_b0.1_g2_t0.3,Conservative-2VC2TC,conservative_full,1.0,5,0,,,,,none,none,
MMStar,LLaVA-NeXT-8B_Biased_Test,1496,tcf_only,MCQ,floor_sci5_ours_aug_b0.1_g2_t0.3,Conservative-2VC2TC,conservative_full,0.0,5,0,,,,,none,none,
MMStar,LLaVA-NeXT-8B_Biased_Test,1497,vcf_only,MCQ,floor_sci5_ours_aug_b0.1_g2_t0.3,Conservative-2VC2TC,conservative_full,0.0,5,0,,,,,none,none,
CCBench,LLaVA-NeXT-8B_Biased_Test,4,vcf_only,MCQ,joint_os_strong_blur_b0.2_g2.5_t0.2,Joint-StrongBlur-OptionShuffle1,joint_strong,0.0,3,1,0.0,1,tc_os1_high,1.0,option_shuffle,strong,
CCBench,LLaVA-NeXT-8B_Biased_Test,9,vcf_only,MCQ,both_max_grayscale_b0.2_g2.5_t0.2,Visual-Grayscale,visual_gray,0.0,3,1,0.0,1,tc_os1_low,1.0,none,gray,1
CCBench,LLaVA-NeXT-8B_Biased_Test,13,both,MCQ,floor_sci5_ours_aug_b0.1_g2_t0.3,Conservative-2VC2TC,conservative_full,0.0,5,0,,,,,none,none,
CCBench,LLaVA-NeXT-8B_Biased_Test,18,vcf_only,MCQ,floor_sci5_ours_aug_b0.1_g2_t0.3,Conservative-2VC2TC,conservative_full,1.0,5,0,,,,,none,none,
CCBench,LLaVA-NeXT-8B_Biased_Test,20,both,MCQ,floor_sci5_ours_aug_b0.1_g2_t0.3,Conservative-2VC2TC,conservative_full,1.0,5,0,,,,,none,none,
CCBench,LLaVA-NeXT-8B_Biased_Test,22,vcf_only,MCQ,floor_sci5_ours_aug_b0.1_g2_t0.3,Conservative-2VC2TC,conservative_full,0.0,5,0,,,,,none,none,
CCBench,LLaVA-NeXT-8B_Biased_Test,24,vcf_only,MCQ,floor_sci5_ours_aug_b0.1_g2_t0.3,Conservative-2VC2TC,conservative_full,0.0,5,0,,,,,none,none,
CCBench,LLaVA-NeXT-8B_Biased_Test,34,vcf_only,MCQ,joint_os_center_mask_b0.2_g2.5_t0.2,Joint-CenterMask-OptionShuffle1,joint_center,0.0,4,1,0.0,1,tc_os1_high,2.0,option_shuffle,center,
CCBench,LLaVA-NeXT-8B_Biased_Test,35,vcf_only,MCQ,joint_os_center_mask_b0.2_g2.5_t0.2,Joint-CenterMask-OptionShuffle1,joint_center,0.0,4,1,0.0,1,tc_os1_high,1.0,option_shuffle,center,
CCBench,LLaVA-NeXT-8B_Biased_Test,39,vcf_only,MCQ,joint_os_center_mask_b0.2_g2.5_t0.2,Joint-CenterMask-OptionShuffle1,joint_center,0.0,4,1,0.0,1,tc_os1_high,2.0,option_shuffle,center,
CCBench,LLaVA-NeXT-8B_Biased_Test,40,vcf_only,MCQ,floor_sci5_ours_aug_b0.1_g2_t0.3,Conservative-2VC2TC,conservative_full,0.0,5,0,,,,,none,none,
CCBench,LLaVA-NeXT-8B_Biased_Test,41,vcf_only,MCQ,both_max_grayscale_b0.2_g2.5_t0.2,Visual-Grayscale,visual_gray,1.0,3,1,0.0,1,tc_os1_low,2.0,none,gray,1
CCBench,LLaVA-NeXT-8B_Biased_Test,43,vcf_only,MCQ,floor_sci5_ours_aug_b0.1_g2_t0.3,Conservative-2VC2TC,conservative_full,1.0,5,0,,,,,none,none,
CCBench,LLaVA-NeXT-8B_Biased_Test,45,vcf_only,MCQ,both_max_center_mask_b0.2_g2.5_t0.2,Visual-CenterMask,visual_center,0.0,5,1,0.0,1,tc_os1_low,2.0,none,center,3
CCBench,LLaVA-NeXT-8B_Biased_Test,50,both,MCQ,floor_sci5_ours_aug_b0.1_g2_t0.3,Conservative-2VC2TC,conservative_full,0.0,5,0,,,,,none,none,
CCBench,LLaVA-NeXT-8B_Biased_Test,54,vcf_only,MCQ,floor_sci5_ours_aug_b0.1_g2_t0.3,Conservative-2VC2TC,conservative_full,0.0,5,0,,,,,none,none,
CCBench,LLaVA-NeXT-8B_Biased_Test,56,vcf_only,MCQ,floor_sci5_ours_aug_b0.1_g2_t0.3,Conservative-2VC2TC,conservative_full,0.0,5,0,,,,,none,none,
CCBench,LLaVA-NeXT-8B_Biased_Test,57,vcf_only,MCQ,joint_os_center_mask_b0.2_g2.5_t0.2,Joint-CenterMask-OptionShuffle1,joint_center,0.0,4,1,0.0,1,tc_os1_high,1.0,option_shuffle,center,
CCBench,LLaVA-NeXT-8B_Biased_Test,65,vcf_only,MCQ,joint_os_center_mask_b0.2_g2.5_t0.2,Joint-CenterMask-OptionShuffle1,joint_center,0.0,4,1,2.0,1,tc_os1_high,1.0,option_shuffle,center,
CCBench,LLaVA-NeXT-8B_Biased_Test,66,vcf_only,MCQ,both_max_grayscale_b0.2_g2.5_t0.2,Visual-Grayscale,visual_gray,1.0,3,1,0.0,1,tc_os1_low,1.0,none,gray,1
CCBench,LLaVA-NeXT-8B_Biased_Test,67,vcf_only,MCQ,both_max_grayscale_b0.2_g2.5_t0.2,Visual-Grayscale,visual_gray,0.0,3,1,0.0,1,tc_os1_low,2.0,none,gray,1
CCBench,LLaVA-NeXT-8B_Biased_Test,69,vcf_only,MCQ,both_max_strong_blur_b0.2_g2.5_t0.2,Visual-StrongBlur,visual_strong,0.0,5,1,1.0,1,tc_os1_low,1.0,none,strong,3
CCBench,LLaVA-NeXT-8B_Biased_Test,71,vcf_only,MCQ,both_max_grayscale_b0.2_g2.5_t0.2,Visual-Grayscale,visual_gray,0.0,5,1,0.0,1,tc_os1_low,2.0,none,gray,3
CCBench,LLaVA-NeXT-8B_Biased_Test,77,vcf_only,MCQ,both_max_grayscale_b0.2_g2.5_t0.2,Visual-Grayscale,visual_gray,0.0,5,1,0.0,1,tc_os1_low,2.0,none,gray,3
CCBench,LLaVA-NeXT-8B_Biased_Test,85,vcf_only,MCQ,floor_sci5_ours_aug_b0.1_g2_t0.3,Conservative-2VC2TC,conservative_full,1.0,5,0,,,,,none,none,
CCBench,LLaVA-NeXT-8B_Biased_Test,87,vcf_only,MCQ,both_max_center_mask_b0.2_g2.5_t0.2,Visual-CenterMask,visual_center,0.0,5,1,0.0,1,tc_os1_low,2.0,none,center,3
CCBench,LLaVA-NeXT-8B_Biased_Test,88,vcf_only,MCQ,floor_sci5_ours_aug_b0.1_g2_t0.3,Conservative-2VC2TC,conservative_full,0.0,5,0,,,,,none,none,
CCBench,LLaVA-NeXT-8B_Biased_Test,92,vcf_only,MCQ,both_max_center_mask_b0.2_g2.5_t0.2,Visual-CenterMask,visual_center,0.0,4,1,1.0,1,tc_os1_low,2.0,none,center,2
CCBench,LLaVA-NeXT-8B_Biased_Test,97,vcf_only,MCQ,floor_sci5_ours_aug_b0.1_g2_t0.3,Conservative-2VC2TC,conservative_full,0.0,5,0,,,,,none,none,
CCBench,LLaVA-NeXT-8B_Biased_Test,103,tcf_only,MCQ,floor_sci5_ours_aug_b0.1_g2_t0.3,Conservative-2VC2TC,conservative_full,0.0,5,0,,,,,none,none,
CCBench,LLaVA-NeXT-8B_Biased_Test,123,vcf_only,MCQ,joint_os_center_mask_b0.2_g2.5_t0.2,Joint-CenterMask-OptionShuffle1,joint_center,0.0,4,1,0.0,1,tc_os1_high,2.0,option_shuffle,center,
CCBench,LLaVA-NeXT-8B_Biased_Test,125,vcf_only,MCQ,both_max_grayscale_b0.2_g2.5_t0.2,Visual-Grayscale,visual_gray,0.0,3,1,0.0,1,tc_os1_low,2.0,none,gray,1
CCBench,LLaVA-NeXT-8B_Biased_Test,127,vcf_only,MCQ,floor_sci5_ours_aug_b0.1_g2_t0.3,Conservative-2VC2TC,conservative_full,0.0,5,0,,,,,none,none,
CCBench,LLaVA-NeXT-8B_Biased_Test,128,vcf_only,MCQ,both_max_center_mask_b0.2_g2.5_t0.2,Visual-CenterMask,visual_center,1.0,4,1,0.0,1,tc_os1_low,2.0,none,center,2
CCBench,LLaVA-NeXT-8B_Biased_Test,129,vcf_only,MCQ,both_max_center_mask_b0.2_g2.5_t0.2,Visual-CenterMask,visual_center,0.0,5,1,0.0,1,tc_os1_low,2.0,none,center,3
CCBench,LLaVA-NeXT-8B_Biased_Test,140,tcf_only,MCQ,floor_sci5_ours_aug_b0.1_g2_t0.3,Conservative-2VC2TC,conservative_full,0.0,5,0,,,,,none,none,
CCBench,LLaVA-NeXT-8B_Biased_Test,142,tcf_only,MCQ,floor_sci5_ours_aug_b0.1_g2_t0.3,Conservative-2VC2TC,conservative_full,1.0,5,0,,,,,none,none,
CCBench,LLaVA-NeXT-8B_Biased_Test,144,tcf_only,MCQ,floor_sci5_ours_aug_b0.1_g2_t0.3,Conservative-2VC2TC,conservative_full,0.0,5,0,,,,,none,none,
CCBench,LLaVA-NeXT-8B_Biased_Test,148,vcf_only,MCQ,floor_sci5_ours_aug_b0.1_g2_t0.3,Conservative-2VC2TC,conservative_full,0.0,5,0,,,,,none,none,
CCBench,LLaVA-NeXT-8B_Biased_Test,149,vcf_only,MCQ,floor_sci5_ours_aug_b0.1_g2_t0.3,Conservative-2VC2TC,conservative_full,0.0,5,0,,,,,none,none,
CCBench,LLaVA-NeXT-8B_Biased_Test,157,vcf_only,MCQ,joint_os_center_mask_b0.2_g2.5_t0.2,Joint-CenterMask-OptionShuffle1,joint_center,0.0,4,1,1.0,1,tc_os1_high,2.0,option_shuffle,center,
CCBench,LLaVA-NeXT-8B_Biased_Test,164,vcf_only,MCQ,floor_sci5_ours_aug_b0.1_g2_t0.3,Conservative-2VC2TC,conservative_full,0.0,5,0,,,,,none,none,
CCBench,LLaVA-NeXT-8B_Biased_Test,167,vcf_only,MCQ,both_max_grayscale_b0.2_g2.5_t0.2,Visual-Grayscale,visual_gray,0.0,5,1,0.0,1,tc_os1_low,2.0,none,gray,3
CCBench,LLaVA-NeXT-8B_Biased_Test,170,vcf_only,MCQ,floor_sci5_ours_aug_b0.1_g2_t0.3,Conservative-2VC2TC,conservative_full,0.0,5,0,,,,,none,none,
CCBench,LLaVA-NeXT-8B_Biased_Test,175,vcf_only,MCQ,floor_sci5_ours_aug_b0.1_g2_t0.3,Conservative-2VC2TC,conservative_full,0.0,5,0,,,,,none,none,
CCBench,LLaVA-NeXT-8B_Biased_Test,183,vcf_only,MCQ,both_max_grayscale_b0.2_g2.5_t0.2,Visual-Grayscale,visual_gray,0.0,5,1,0.0,1,tc_os1_low,2.0,none,gray,3
CCBench,LLaVA-NeXT-8B_Biased_Test,186,vcf_only,MCQ,floor_sci5_ours_aug_b0.1_g2_t0.3,Conservative-2VC2TC,conservative_full,0.0,5,0,,,,,none,none,
CCBench,LLaVA-NeXT-8B_Biased_Test,188,both,MCQ,floor_sci5_ours_aug_b0.1_g2_t0.3,Conservative-2VC2TC,conservative_full,0.0,5,0,,,,,none,none,
CCBench,LLaVA-NeXT-8B_Biased_Test,189,vcf_only,MCQ,floor_sci5_ours_aug_b0.1_g2_t0.3,Conservative-2VC2TC,conservative_full,0.0,5,0,,,,,none,none,
CCBench,LLaVA-NeXT-8B_Biased_Test,193,vcf_only,MCQ,floor_sci5_ours_aug_b0.1_g2_t0.3,Conservative-2VC2TC,conservative_full,0.0,5,0,,,,,none,none,
CCBench,LLaVA-NeXT-8B_Biased_Test,194,both,MCQ,floor_sci5_ours_aug_b0.1_g2_t0.3,Conservative-2VC2TC,conservative_full,0.0,5,0,,,,,none,none,
CCBench,LLaVA-NeXT-8B_Biased_Test,198,vcf_only,MCQ,floor_sci5_ours_aug_b0.1_g2_t0.3,Conservative-2VC2TC,conservative_full,0.0,5,0,,,,,none,none,
CCBench,LLaVA-NeXT-8B_Biased_Test,200,vcf_only,MCQ,both_max_grayscale_b0.2_g2.5_t0.2,Visual-Grayscale,visual_gray,1.0,3,1,0.0,1,tc_os1_low,1.0,none,gray,1
CCBench,LLaVA-NeXT-8B_Biased_Test,201,vcf_only,MCQ,floor_sci5_ours_aug_b0.1_g2_t0.3,Conservative-2VC2TC,conservative_full,1.0,5,0,,,,,none,none,
CCBench,LLaVA-NeXT-8B_Biased_Test,204,tcf_only,MCQ,floor_sci5_ours_aug_b0.1_g2_t0.3,Conservative-2VC2TC,conservative_full,0.0,5,0,,,,,none,none,
CCBench,LLaVA-NeXT-8B_Biased_Test,209,vcf_only,MCQ,floor_sci5_ours_aug_b0.1_g2_t0.3,Conservative-2VC2TC,conservative_full,0.0,5,0,,,,,none,none,
CCBench,LLaVA-NeXT-8B_Biased_Test,210,vcf_only,MCQ,floor_sci5_ours_aug_b0.1_g2_t0.3,Conservative-2VC2TC,conservative_full,1.0,5,0,,,,,none,none,
CCBench,LLaVA-NeXT-8B_Biased_Test,213,vcf_only,MCQ,floor_sci5_ours_aug_b0.1_g2_t0.3,Conservative-2VC2TC,conservative_full,0.0,5,0,,,,,none,none,
CCBench,LLaVA-NeXT-8B_Biased_Test,218,vcf_only,MCQ,joint_os_center_mask_b0.2_g2.5_t0.2,Joint-CenterMask-OptionShuffle1,joint_center,0.0,4,1,0.0,1,tc_os1_high,2.0,option_shuffle,center,
CCBench,LLaVA-NeXT-8B_Biased_Test,219,vcf_only,MCQ,joint_os_center_mask_b0.2_g2.5_t0.2,Joint-CenterMask-OptionShuffle1,joint_center,0.0,4,1,0.0,1,tc_os1_high,2.0,option_shuffle,center,
CCBench,LLaVA-NeXT-8B_Biased_Test,221,vcf_only,MCQ,joint_os_center_mask_b0.2_g2.5_t0.2,Joint-CenterMask-OptionShuffle1,joint_center,0.0,4,1,0.0,1,tc_os1_high,2.0,option_shuffle,center,
CCBench,LLaVA-NeXT-8B_Biased_Test,223,vcf_only,MCQ,joint_os_center_mask_b0.2_g2.5_t0.2,Joint-CenterMask-OptionShuffle1,joint_center,0.0,4,1,0.0,1,tc_os1_high,2.0,option_shuffle,center,
CCBench,LLaVA-NeXT-8B_Biased_Test,224,vcf_only,MCQ,joint_os_center_mask_b0.2_g2.5_t0.2,Joint-CenterMask-OptionShuffle1,joint_center,0.0,4,1,1.0,1,tc_os1_high,2.0,option_shuffle,center,
CCBench,LLaVA-NeXT-8B_Biased_Test,225,vcf_only,MCQ,joint_os_center_mask_b0.2_g2.5_t0.2,Joint-CenterMask-OptionShuffle1,joint_center,0.0,4,1,1.0,1,tc_os1_high,2.0,option_shuffle,center,
CCBench,LLaVA-NeXT-8B_Biased_Test,226,vcf_only,MCQ,floor_sci5_ours_aug_b0.1_g2_t0.3,Conservative-2VC2TC,conservative_full,0.0,5,0,,,,,none,none,
CCBench,LLaVA-NeXT-8B_Biased_Test,228,vcf_only,MCQ,floor_sci5_ours_aug_b0.1_g2_t0.3,Conservative-2VC2TC,conservative_full,0.0,5,0,,,,,none,none,
CCBench,LLaVA-NeXT-8B_Biased_Test,229,vcf_only,MCQ,floor_sci5_ours_aug_b0.1_g2_t0.3,Conservative-2VC2TC,conservative_full,0.0,5,0,,,,,none,none,
CCBench,LLaVA-NeXT-8B_Biased_Test,230,both,MCQ,floor_sci5_ours_aug_b0.1_g2_t0.3,Conservative-2VC2TC,conservative_full,0.0,5,0,,,,,none,none,
CCBench,LLaVA-NeXT-8B_Biased_Test,233,vcf_only,MCQ,joint_os_center_mask_b0.2_g2.5_t0.2,Joint-CenterMask-OptionShuffle1,joint_center,0.0,4,1,0.0,1,tc_os1_high,2.0,option_shuffle,center,
CCBench,LLaVA-NeXT-8B_Biased_Test,241,vcf_only,MCQ,floor_sci5_ours_aug_b0.1_g2_t0.3,Conservative-2VC2TC,conservative_full,0.0,5,0,,,,,none,none,
CCBench,LLaVA-NeXT-8B_Biased_Test,243,vcf_only,MCQ,joint_os_center_mask_b0.2_g2.5_t0.2,Joint-CenterMask-OptionShuffle1,joint_center,0.0,4,1,0.0,1,tc_os1_high,2.0,option_shuffle,center,
CCBench,LLaVA-NeXT-8B_Biased_Test,244,vcf_only,MCQ,joint_os_center_mask_b0.2_g2.5_t0.2,Joint-CenterMask-OptionShuffle1,joint_center,0.0,4,1,0.0,1,tc_os1_high,2.0,option_shuffle,center,
CCBench,LLaVA-NeXT-8B_Biased_Test,253,vcf_only,MCQ,floor_sci5_ours_aug_b0.1_g2_t0.3,Conservative-2VC2TC,conservative_full,0.0,5,0,,,,,none,none,
CCBench,LLaVA-NeXT-8B_Biased_Test,259,vcf_only,MCQ,floor_sci5_ours_aug_b0.1_g2_t0.3,Conservative-2VC2TC,conservative_full,0.0,5,1,0.0,1,tc_os1_low,0.0,none,none,
CCBench,LLaVA-NeXT-8B_Biased_Test,263,vcf_only,MCQ,both_max_grayscale_b0.2_g2.5_t0.2,Visual-Grayscale,visual_gray,1.0,3,1,0.0,1,tc_os1_low,2.0,none,gray,1
CCBench,LLaVA-NeXT-8B_Biased_Test,264,vcf_only,MCQ,floor_sci5_ours_aug_b0.1_g2_t0.3,Conservative-2VC2TC,conservative_full,0.0,5,0,,,,,none,none,
CCBench,LLaVA-NeXT-8B_Biased_Test,266,vcf_only,MCQ,both_max_grayscale_b0.2_g2.5_t0.2,Visual-Grayscale,visual_gray,1.0,3,1,0.0,1,tc_os1_low,2.0,none,gray,1
CCBench,LLaVA-NeXT-8B_Biased_Test,273,vcf_only,MCQ,floor_sci5_ours_aug_b0.1_g2_t0.3,Conservative-2VC2TC,conservative_full,1.0,5,0,,,,,none,none,
CCBench,LLaVA-NeXT-8B_Biased_Test,276,vcf_only,MCQ,both_max_grayscale_b0.2_g2.5_t0.2,Visual-Grayscale,visual_gray,0.0,3,1,0.0,1,tc_os1_low,2.0,none,gray,1
CCBench,LLaVA-NeXT-8B_Biased_Test,279,vcf_only,MCQ,joint_os_center_mask_b0.2_g2.5_t0.2,Joint-CenterMask-OptionShuffle1,joint_center,1.0,4,1,0.0,1,tc_os1_high,2.0,option_shuffle,center,
CCBench,LLaVA-NeXT-8B_Biased_Test,281,tcf_only,MCQ,floor_sci5_ours_aug_b0.1_g2_t0.3,Conservative-2VC2TC,conservative_full,0.0,5,0,,,,,none,none,
CCBench,LLaVA-NeXT-8B_Biased_Test,285,vcf_only,MCQ,both_max_center_mask_b0.2_g2.5_t0.2,Visual-CenterMask,visual_center,1.0,4,1,0.0,1,tc_os1_low,1.0,none,center,2
CCBench,LLaVA-NeXT-8B_Biased_Test,289,vcf_only,MCQ,both_max_center_mask_b0.2_g2.5_t0.2,Visual-CenterMask,visual_center,1.0,4,1,0.0,1,tc_os1_low,2.0,none,center,2
CCBench,LLaVA-NeXT-8B_Biased_Test,296,vcf_only,MCQ,floor_sci5_ours_aug_b0.1_g2_t0.3,Conservative-2VC2TC,conservative_full,0.0,5,0,,,,,none,none,
CCBench,LLaVA-NeXT-8B_Biased_Test,299,vcf_only,MCQ,floor_sci5_ours_aug_b0.1_g2_t0.3,Conservative-2VC2TC,conservative_full,0.0,5,0,,,,,none,none,
CCBench,LLaVA-NeXT-8B_Biased_Test,300,tcf_only,MCQ,floor_sci5_ours_aug_b0.1_g2_t0.3,Conservative-2VC2TC,conservative_full,0.0,5,0,,,,,none,none,
CCBench,LLaVA-NeXT-8B_Biased_Test,303,tcf_only,MCQ,floor_sci5_ours_aug_b0.1_g2_t0.3,Conservative-2VC2TC,conservative_full,0.0,5,0,,,,,none,none,
CCBench,LLaVA-NeXT-8B_Biased_Test,308,vcf_only,MCQ,floor_sci5_ours_aug_b0.1_g2_t0.3,Conservative-2VC2TC,conservative_full,0.0,5,0,,,,,none,none,
CCBench,LLaVA-NeXT-8B_Biased_Test,311,vcf_only,MCQ,floor_sci5_ours_aug_b0.1_g2_t0.3,Conservative-2VC2TC,conservative_full,0.0,5,0,,,,,none,none,
CCBench,LLaVA-NeXT-8B_Biased_Test,313,vcf_only,MCQ,floor_sci5_ours_aug_b0.1_g2_t0.3,Conservative-2VC2TC,conservative_full,0.0,5,0,,,,,none,none,
CCBench,LLaVA-NeXT-8B_Biased_Test,314,vcf_only,MCQ,floor_sci5_ours_aug_b0.1_g2_t0.3,Conservative-2VC2TC,conservative_full,1.0,5,0,,,,,none,none,
CCBench,LLaVA-NeXT-8B_Biased_Test,315,vcf_only,MCQ,floor_sci5_ours_aug_b0.1_g2_t0.3,Conservative-2VC2TC,conservative_full,0.0,5,0,,,,,none,none,
CCBench,LLaVA-NeXT-8B_Biased_Test,319,vcf_only,MCQ,floor_sci5_ours_aug_b0.1_g2_t0.3,Conservative-2VC2TC,conservative_full,0.0,5,0,,,,,none,none,
CCBench,LLaVA-NeXT-8B_Biased_Test,321,vcf_only,MCQ,floor_sci5_ours_aug_b0.1_g2_t0.3,Conservative-2VC2TC,conservative_full,1.0,5,0,,,,,none,none,
CCBench,LLaVA-NeXT-8B_Biased_Test,325,tcf_only,MCQ,floor_sci5_ours_aug_b0.1_g2_t0.3,Conservative-2VC2TC,conservative_full,0.0,5,0,,,,,none,none,
CCBench,LLaVA-NeXT-8B_Biased_Test,329,vcf_only,MCQ,floor_sci5_ours_aug_b0.1_g2_t0.3,Conservative-2VC2TC,conservative_full,0.0,5,0,,,,,none,none,
CCBench,LLaVA-NeXT-8B_Biased_Test,340,both,MCQ,floor_sci5_ours_aug_b0.1_g2_t0.3,Conservative-2VC2TC,conservative_full,1.0,5,0,,,,,none,none,
CCBench,LLaVA-NeXT-8B_Biased_Test,343,vcf_only,MCQ,floor_sci5_ours_aug_b0.1_g2_t0.3,Conservative-2VC2TC,conservative_full,1.0,5,0,,,,,none,none,
CCBench,LLaVA-NeXT-8B_Biased_Test,346,vcf_only,MCQ,floor_sci5_ours_aug_b0.1_g2_t0.3,Conservative-2VC2TC,conservative_full,0.0,5,0,,,,,none,none,
CCBench,LLaVA-NeXT-8B_Biased_Test,354,vcf_only,MCQ,floor_sci5_ours_aug_b0.1_g2_t0.3,Conservative-2VC2TC,conservative_full,1.0,5,0,,,,,none,none,
CCBench,LLaVA-NeXT-8B_Biased_Test,356,vcf_only,MCQ,floor_sci5_ours_aug_b0.1_g2_t0.3,Conservative-2VC2TC,conservative_full,0.0,5,0,,,,,none,none,
CCBench,LLaVA-NeXT-8B_Biased_Test,360,tcf_only,MCQ,floor_sci5_ours_aug_b0.1_g2_t0.3,Conservative-2VC2TC,conservative_full,0.0,5,0,,,,,none,none,
CCBench,LLaVA-NeXT-8B_Biased_Test,362,tcf_only,MCQ,floor_sci5_ours_aug_b0.1_g2_t0.3,Conservative-2VC2TC,conservative_full,0.0,5,0,,,,,none,none,
CCBench,LLaVA-NeXT-8B_Biased_Test,364,tcf_only,MCQ,floor_sci5_ours_aug_b0.1_g2_t0.3,Conservative-2VC2TC,conservative_full,0.0,5,0,,,,,none,none,
CCBench,LLaVA-NeXT-8B_Biased_Test,365,both,MCQ,floor_sci5_ours_aug_b0.1_g2_t0.3,Conservative-2VC2TC,conservative_full,0.0,5,0,,,,,none,none,
CCBench,LLaVA-NeXT-8B_Biased_Test,368,tcf_only,MCQ,floor_sci5_ours_aug_b0.1_g2_t0.3,Conservative-2VC2TC,conservative_full,1.0,5,0,,,,,none,none,
CCBench,LLaVA-NeXT-8B_Biased_Test,370,tcf_only,MCQ,floor_sci5_ours_aug_b0.1_g2_t0.3,Conservative-2VC2TC,conservative_full,0.0,5,0,,,,,none,none,
CCBench,LLaVA-NeXT-8B_Biased_Test,377,tcf_only,MCQ,floor_sci5_ours_aug_b0.1_g2_t0.3,Conservative-2VC2TC,conservative_full,0.0,5,0,,,,,none,none,
CCBench,LLaVA-NeXT-8B_Biased_Test,378,vcf_only,MCQ,floor_sci5_ours_aug_b0.1_g2_t0.3,Conservative-2VC2TC,conservative_full,0.0,5,0,,,,,none,none,
CCBench,LLaVA-NeXT-8B_Biased_Test,379,vcf_only,MCQ,floor_sci5_ours_aug_b0.1_g2_t0.3,Conservative-2VC2TC,conservative_full,0.0,5,0,,,,,none,none,
CCBench,LLaVA-NeXT-8B_Biased_Test,384,vcf_only,MCQ,floor_sci5_ours_aug_b0.1_g2_t0.3,Conservative-2VC2TC,conservative_full,0.0,5,0,,,,,none,none,
CCBench,LLaVA-NeXT-8B_Biased_Test,387,tcf_only,MCQ,floor_sci5_ours_aug_b0.1_g2_t0.3,Conservative-2VC2TC,conservative_full,1.0,5,0,,,,,none,none,
CCBench,LLaVA-NeXT-8B_Biased_Test,392,vcf_only,MCQ,floor_sci5_ours_aug_b0.1_g2_t0.3,Conservative-2VC2TC,conservative_full,0.0,5,0,,,,,none,none,
CCBench,LLaVA-NeXT-8B_Biased_Test,393,vcf_only,MCQ,floor_sci5_ours_aug_b0.1_g2_t0.3,Conservative-2VC2TC,conservative_full,0.0,5,0,,,,,none,none,
CCBench,LLaVA-NeXT-8B_Biased_Test,397,tcf_only,MCQ,floor_sci5_ours_aug_b0.1_g2_t0.3,Conservative-2VC2TC,conservative_full,1.0,5,0,,,,,none,none,
CCBench,LLaVA-NeXT-8B_Biased_Test,406,tcf_only,MCQ,floor_sci5_ours_aug_b0.1_g2_t0.3,Conservative-2VC2TC,conservative_full,0.0,5,0,,,,,none,none,
CCBench,LLaVA-NeXT-8B_Biased_Test,417,tcf_only,MCQ,floor_sci5_ours_aug_b0.1_g2_t0.3,Conservative-2VC2TC,conservative_full,1.0,5,0,,,,,none,none,
CCBench,LLaVA-NeXT-8B_Biased_Test,422,vcf_only,MCQ,floor_sci5_ours_aug_b0.1_g2_t0.3,Conservative-2VC2TC,conservative_full,0.0,5,0,,,,,none,none,
CCBench,LLaVA-NeXT-8B_Biased_Test,429,vcf_only,MCQ,floor_sci5_ours_aug_b0.1_g2_t0.3,Conservative-2VC2TC,conservative_full,0.0,5,1,0.0,1,tc_os1_low,0.0,none,none,
CCBench,LLaVA-NeXT-8B_Biased_Test,437,tcf_only,MCQ,floor_sci5_ours_aug_b0.1_g2_t0.3,Conservative-2VC2TC,conservative_full,0.0,5,0,,,,,none,none,
CCBench,LLaVA-NeXT-8B_Biased_Test,438,both,MCQ,floor_sci5_ours_aug_b0.1_g2_t0.3,Conservative-2VC2TC,conservative_full,0.0,5,0,,,,,none,none,
CCBench,LLaVA-NeXT-8B_Biased_Test,451,vcf_only,MCQ,both_max_center_mask_b0.2_g2.5_t0.2,Visual-CenterMask,visual_center,0.0,5,1,0.0,1,tc_os1_low,1.0,none,center,3
CCBench,LLaVA-NeXT-8B_Biased_Test,452,vcf_only,MCQ,both_max_grayscale_b0.2_g2.5_t0.2,Visual-Grayscale,visual_gray,0.0,3,1,0.0,1,tc_os1_low,1.0,none,gray,1
CCBench,LLaVA-NeXT-8B_Biased_Test,458,both,MCQ,floor_sci5_ours_aug_b0.1_g2_t0.3,Conservative-2VC2TC,conservative_full,1.0,5,0,,,,,none,none,
CCBench,LLaVA-NeXT-8B_Biased_Test,466,vcf_only,MCQ,both_max_center_mask_b0.2_g2.5_t0.2,Visual-CenterMask,visual_center,0.0,5,1,0.0,1,tc_os1_low,1.0,none,center,3
CCBench,LLaVA-NeXT-8B_Biased_Test,467,vcf_only,MCQ,both_max_center_mask_b0.2_g2.5_t0.2,Visual-CenterMask,visual_center,0.0,5,1,0.0,1,tc_os1_low,1.0,none,center,3
CCBench,LLaVA-NeXT-8B_Biased_Test,470,vcf_only,MCQ,joint_os_center_mask_b0.2_g2.5_t0.2,Joint-CenterMask-OptionShuffle1,joint_center,0.0,4,1,0.0,1,tc_os1_high,1.0,option_shuffle,center,
CCBench,LLaVA-NeXT-8B_Biased_Test,473,vcf_only,MCQ,floor_sci5_ours_aug_b0.1_g2_t0.3,Conservative-2VC2TC,conservative_full,0.0,5,0,,,,,none,none,
CCBench,LLaVA-NeXT-8B_Biased_Test,475,vcf_only,MCQ,floor_sci5_ours_aug_b0.1_g2_t0.3,Conservative-2VC2TC,conservative_full,0.0,5,0,,,,,none,none,
CCBench,LLaVA-NeXT-8B_Biased_Test,481,tcf_only,MCQ,floor_sci5_ours_aug_b0.1_g2_t0.3,Conservative-2VC2TC,conservative_full,0.0,5,0,,,,,none,none,
CCBench,LLaVA-NeXT-8B_Biased_Test,495,vcf_only,MCQ,both_max_grayscale_b0.2_g2.5_t0.2,Visual-Grayscale,visual_gray,0.0,3,1,0.0,1,tc_os1_low,1.0,none,gray,1
CCBench,LLaVA-NeXT-8B_Biased_Test,496,vcf_only,MCQ,both_max_grayscale_b0.2_g2.5_t0.2,Visual-Grayscale,visual_gray,1.0,3,1,0.0,1,tc_os1_low,2.0,none,gray,1
CCBench,LLaVA-NeXT-8B_Biased_Test,506,vcf_only,MCQ,both_max_center_mask_b0.2_g2.5_t0.2,Visual-CenterMask,visual_center,0.0,4,1,2.0,1,tc_os1_low,2.0,none,center,2
CCBench,LLaVA-NeXT-8B_Biased_Test,508,vcf_only,MCQ,floor_sci5_ours_aug_b0.1_g2_t0.3,Conservative-2VC2TC,conservative_full,1.0,5,0,,,,,none,none,
CCBench,LLaVA-NeXT-8B_Biased_Test,511,vcf_only,MCQ,both_max_center_mask_b0.2_g2.5_t0.2,Visual-CenterMask,visual_center,0.0,5,1,0.0,1,tc_os1_low,2.0,none,center,3
CCBench,LLaVA-NeXT-8B_Biased_Test,515,tcf_only,MCQ,floor_sci5_ours_aug_b0.1_g2_t0.3,Conservative-2VC2TC,conservative_full,0.0,5,0,,,,,none,none,
CCBench,LLaVA-NeXT-8B_Biased_Test,516,vcf_only,MCQ,joint_os_center_mask_b0.2_g2.5_t0.2,Joint-CenterMask-OptionShuffle1,joint_center,0.0,4,1,0.0,1,tc_os1_high,1.0,option_shuffle,center,
CCBench,LLaVA-NeXT-8B_Biased_Test,517,vcf_only,MCQ,joint_os_center_mask_b0.2_g2.5_t0.2,Joint-CenterMask-OptionShuffle1,joint_center,0.0,4,1,0.0,1,tc_os1_high,1.0,option_shuffle,center,
CCBench,LLaVA-NeXT-8B_Biased_Test,518,both,MCQ,floor_sci5_ours_aug_b0.1_g2_t0.3,Conservative-2VC2TC,conservative_full,0.0,5,0,,,,,none,none,
CCBench,LLaVA-NeXT-8B_Biased_Test,521,vcf_only,MCQ,joint_os_center_mask_b0.2_g2.5_t0.2,Joint-CenterMask-OptionShuffle1,joint_center,0.0,4,1,1.0,1,tc_os1_high,1.0,option_shuffle,center,
CCBench,LLaVA-NeXT-8B_Biased_Test,528,vcf_only,MCQ,joint_os_center_mask_b0.2_g2.5_t0.2,Joint-CenterMask-OptionShuffle1,joint_center,0.0,4,1,0.0,1,tc_os1_high,1.0,option_shuffle,center,
CCBench,LLaVA-NeXT-8B_Biased_Test,531,vcf_only,MCQ,floor_sci5_ours_aug_b0.1_g2_t0.3,Conservative-2VC2TC,conservative_full,0.0,5,0,,,,,none,none,
CCBench,LLaVA-NeXT-8B_Biased_Test,532,vcf_only,MCQ,floor_sci5_ours_aug_b0.1_g2_t0.3,Conservative-2VC2TC,conservative_full,0.0,5,0,,,,,none,none,
CCBench,LLaVA-NeXT-8B_Biased_Test,533,vcf_only,MCQ,floor_sci5_ours_aug_b0.1_g2_t0.3,Conservative-2VC2TC,conservative_full,0.0,5,0,,,,,none,none,
CCBench,LLaVA-NeXT-8B_Biased_Test,535,vcf_only,MCQ,joint_os_center_mask_b0.2_g2.5_t0.2,Joint-CenterMask-OptionShuffle1,joint_center,0.0,4,1,0.0,1,tc_os1_high,1.0,option_shuffle,center,
CCBench,LLaVA-NeXT-8B_Biased_Test,536,vcf_only,MCQ,joint_os_center_mask_b0.2_g2.5_t0.2,Joint-CenterMask-OptionShuffle1,joint_center,0.0,4,1,0.0,1,tc_os1_high,1.0,option_shuffle,center,
CCBench,LLaVA-NeXT-8B_Biased_Test,538,vcf_only,MCQ,floor_sci5_ours_aug_b0.1_g2_t0.3,Conservative-2VC2TC,conservative_full,0.0,5,0,,,,,none,none,
CCBench,LLaVA-NeXT-8B_Biased_Test,540,both,MCQ,floor_sci5_ours_aug_b0.1_g2_t0.3,Conservative-2VC2TC,conservative_full,0.0,5,0,,,,,none,none,
CCBench,LLaVA-NeXT-8B_Biased_Test,541,vcf_only,MCQ,both_max_grayscale_b0.2_g2.5_t0.2,Visual-Grayscale,visual_gray,1.0,3,1,1.0,1,tc_os1_low,1.0,none,gray,1
CCBench,LLaVA-NeXT-8B_Biased_Test,1000004,vcf_only,MCQ,both_max_center_mask_b0.2_g2.5_t0.2,Visual-CenterMask,visual_center,1.0,4,1,0.0,1,tc_os1_low,1.0,none,center,2
CCBench,LLaVA-NeXT-8B_Biased_Test,1000013,tcf_only,MCQ,floor_sci5_ours_aug_b0.1_g2_t0.3,Conservative-2VC2TC,conservative_full,0.0,5,0,,,,,none,none,
CCBench,LLaVA-NeXT-8B_Biased_Test,1000017,vcf_only,MCQ,joint_os_center_mask_b0.2_g2.5_t0.2,Joint-CenterMask-OptionShuffle1,joint_center,0.0,4,1,2.0,1,tc_os1_high,2.0,option_shuffle,center,
CCBench,LLaVA-NeXT-8B_Biased_Test,1000018,tcf_only,MCQ,floor_sci5_ours_aug_b0.1_g2_t0.3,Conservative-2VC2TC,conservative_full,1.0,5,0,,,,,none,none,
CCBench,LLaVA-NeXT-8B_Biased_Test,1000020,vcf_only,MCQ,floor_sci5_ours_aug_b0.1_g2_t0.3,Conservative-2VC2TC,conservative_full,1.0,5,0,,,,,none,none,
CCBench,LLaVA-NeXT-8B_Biased_Test,1000022,vcf_only,MCQ,joint_os_center_mask_b0.2_g2.5_t0.2,Joint-CenterMask-OptionShuffle1,joint_center,0.0,4,1,0.0,1,tc_os1_high,1.0,option_shuffle,center,
CCBench,LLaVA-NeXT-8B_Biased_Test,1000034,vcf_only,MCQ,both_max_grayscale_b0.2_g2.5_t0.2,Visual-Grayscale,visual_gray,0.0,5,1,0.0,1,tc_os1_low,2.0,none,gray,3
CCBench,LLaVA-NeXT-8B_Biased_Test,1000035,vcf_only,MCQ,both_max_grayscale_b0.2_g2.5_t0.2,Visual-Grayscale,visual_gray,0.0,5,1,0.0,1,tc_os1_low,1.0,none,gray,3
CCBench,LLaVA-NeXT-8B_Biased_Test,1000039,vcf_only,MCQ,both_max_center_mask_b0.2_g2.5_t0.2,Visual-CenterMask,visual_center,0.0,4,1,0.0,1,tc_os1_low,1.0,none,center,2
CCBench,LLaVA-NeXT-8B_Biased_Test,1000040,vcf_only,MCQ,both_max_grayscale_b0.2_g2.5_t0.2,Visual-Grayscale,visual_gray,1.0,3,1,0.0,1,tc_os1_low,2.0,none,gray,1
CCBench,LLaVA-NeXT-8B_Biased_Test,1000041,vcf_only,MCQ,floor_sci5_ours_aug_b0.1_g2_t0.3,Conservative-2VC2TC,conservative_full,0.0,5,0,,,,,none,none,
CCBench,LLaVA-NeXT-8B_Biased_Test,1000045,vcf_only,MCQ,floor_sci5_ours_aug_b0.1_g2_t0.3,Conservative-2VC2TC,conservative_full,0.0,5,0,,,,,none,none,
CCBench,LLaVA-NeXT-8B_Biased_Test,1000048,vcf_only,MCQ,floor_sci5_ours_aug_b0.1_g2_t0.3,Conservative-2VC2TC,conservative_full,0.0,5,0,,,,,none,none,
CCBench,LLaVA-NeXT-8B_Biased_Test,1000050,vcf_only,MCQ,both_max_grayscale_b0.2_g2.5_t0.2,Visual-Grayscale,visual_gray,0.0,3,1,2.0,1,tc_os1_low,2.0,none,gray,1
CCBench,LLaVA-NeXT-8B_Biased_Test,1000054,vcf_only,MCQ,both_max_strong_blur_b0.2_g2.5_t0.2,Visual-StrongBlur,visual_strong,0.0,5,1,0.0,1,tc_os1_low,2.0,none,strong,3
CCBench,LLaVA-NeXT-8B_Biased_Test,1000056,vcf_only,MCQ,floor_sci5_ours_aug_b0.1_g2_t0.3,Conservative-2VC2TC,conservative_full,0.0,5,0,,,,,none,none,
CCBench,LLaVA-NeXT-8B_Biased_Test,1000057,vcf_only,MCQ,both_max_grayscale_b0.2_g2.5_t0.2,Visual-Grayscale,visual_gray,1.0,3,1,0.0,1,tc_os1_low,1.0,none,gray,1
CCBench,LLaVA-NeXT-8B_Biased_Test,1000060,vcf_only,MCQ,both_max_grayscale_b0.2_g2.5_t0.2,Visual-Grayscale,visual_gray,0.0,5,1,0.0,1,tc_os1_low,1.0,none,gray,3
CCBench,LLaVA-NeXT-8B_Biased_Test,1000065,vcf_only,MCQ,both_max_center_mask_b0.2_g2.5_t0.2,Visual-CenterMask,visual_center,0.0,4,1,0.0,1,tc_os1_low,1.0,none,center,2
CCBench,LLaVA-NeXT-8B_Biased_Test,1000066,vcf_only,MCQ,floor_sci5_ours_aug_b0.1_g2_t0.3,Conservative-2VC2TC,conservative_full,0.0,5,0,,,,,none,none,
CCBench,LLaVA-NeXT-8B_Biased_Test,1000067,vcf_only,MCQ,floor_sci5_ours_aug_b0.1_g2_t0.3,Conservative-2VC2TC,conservative_full,0.0,5,1,0.0,1,tc_os1_low,0.0,none,none,
CCBench,LLaVA-NeXT-8B_Biased_Test,1000071,vcf_only,MCQ,joint_os_center_mask_b0.2_g2.5_t0.2,Joint-CenterMask-OptionShuffle1,joint_center,0.0,4,1,0.0,1,tc_os1_high,1.0,option_shuffle,center,
CCBench,LLaVA-NeXT-8B_Biased_Test,1000073,vcf_only,MCQ,floor_sci5_ours_aug_b0.1_g2_t0.3,Conservative-2VC2TC,conservative_full,1.0,5,0,,,,,none,none,
CCBench,LLaVA-NeXT-8B_Biased_Test,1000077,tcf_only,MCQ,floor_sci5_ours_aug_b0.1_g2_t0.3,Conservative-2VC2TC,conservative_full,1.0,5,0,,,,,none,none,
CCBench,LLaVA-NeXT-8B_Biased_Test,1000083,vcf_only,MCQ,floor_sci5_ours_aug_b0.1_g2_t0.3,Conservative-2VC2TC,conservative_full,1.0,5,0,,,,,none,none,
CCBench,LLaVA-NeXT-8B_Biased_Test,1000087,vcf_only,MCQ,both_max_strong_blur_b0.2_g2.5_t0.2,Visual-StrongBlur,visual_strong,0.0,5,1,0.0,1,tc_os1_low,2.0,none,strong,3
CCBench,LLaVA-NeXT-8B_Biased_Test,1000088,vcf_only,MCQ,floor_sci5_ours_aug_b0.1_g2_t0.3,Conservative-2VC2TC,conservative_full,0.0,5,0,,,,,none,none,
CCBench,LLaVA-NeXT-8B_Biased_Test,1000096,tcf_only,MCQ,floor_sci5_ours_aug_b0.1_g2_t0.3,Conservative-2VC2TC,conservative_full,0.0,5,0,,,,,none,none,
CCBench,LLaVA-NeXT-8B_Biased_Test,1000097,vcf_only,MCQ,floor_sci5_ours_aug_b0.1_g2_t0.3,Conservative-2VC2TC,conservative_full,0.0,5,0,,,,,none,none,
CCBench,LLaVA-NeXT-8B_Biased_Test,1000103,vcf_only,MCQ,floor_sci5_ours_aug_b0.1_g2_t0.3,Conservative-2VC2TC,conservative_full,0.0,5,0,,,,,none,none,
CCBench,LLaVA-NeXT-8B_Biased_Test,1000107,vcf_only,MCQ,both_max_center_mask_b0.2_g2.5_t0.2,Visual-CenterMask,visual_center,1.0,4,1,0.0,1,tc_os1_low,2.0,none,center,2
CCBench,LLaVA-NeXT-8B_Biased_Test,1000112,vcf_only,MCQ,floor_sci5_ours_aug_b0.1_g2_t0.3,Conservative-2VC2TC,conservative_full,0.0,5,0,,,,,none,none,
CCBench,LLaVA-NeXT-8B_Biased_Test,1000113,vcf_only,MCQ,floor_sci5_ours_aug_b0.1_g2_t0.3,Conservative-2VC2TC,conservative_full,1.0,5,0,,,,,none,none,
CCBench,LLaVA-NeXT-8B_Biased_Test,1000123,vcf_only,MCQ,both_max_grayscale_b0.2_g2.5_t0.2,Visual-Grayscale,visual_gray,0.0,3,1,0.0,1,tc_os1_low,2.0,none,gray,1
CCBench,LLaVA-NeXT-8B_Biased_Test,1000124,vcf_only,MCQ,floor_sci5_ours_aug_b0.1_g2_t0.3,Conservative-2VC2TC,conservative_full,0.0,5,0,,,,,none,none,
CCBench,LLaVA-NeXT-8B_Biased_Test,1000128,vcf_only,MCQ,both_max_center_mask_b0.2_g2.5_t0.2,Visual-CenterMask,visual_center,0.0,5,1,0.0,1,tc_os1_low,1.0,none,center,3
CCBench,LLaVA-NeXT-8B_Biased_Test,1000129,vcf_only,MCQ,both_max_center_mask_b0.2_g2.5_t0.2,Visual-CenterMask,visual_center,0.0,5,1,0.0,1,tc_os1_low,2.0,none,center,3
CCBench,LLaVA-NeXT-8B_Biased_Test,1000135,tcf_only,MCQ,floor_sci5_ours_aug_b0.1_g2_t0.3,Conservative-2VC2TC,conservative_full,1.0,5,0,,,,,none,none,
CCBench,LLaVA-NeXT-8B_Biased_Test,1000142,vcf_only,MCQ,joint_os_center_mask_b0.2_g2.5_t0.2,Joint-CenterMask-OptionShuffle1,joint_center,0.0,4,1,1.0,1,tc_os1_high,2.0,option_shuffle,center,
CCBench,LLaVA-NeXT-8B_Biased_Test,1000144,vcf_only,MCQ,b5_tc_os1_direct,Text-OptionShuffle1,text,0.0,2,1,0.0,1,tc_os1_high,0.0,option_shuffle,none,
CCBench,LLaVA-NeXT-8B_Biased_Test,1000145,vcf_only,MCQ,floor_sci5_ours_aug_b0.1_g2_t0.3,Conservative-2VC2TC,conservative_full,0.0,5,0,,,,,none,none,
CCBench,LLaVA-NeXT-8B_Biased_Test,1000147,vcf_only,MCQ,floor_sci5_ours_aug_b0.1_g2_t0.3,Conservative-2VC2TC,conservative_full,0.0,5,0,,,,,none,none,
CCBench,LLaVA-NeXT-8B_Biased_Test,1000149,vcf_only,MCQ,both_max_grayscale_b0.2_g2.5_t0.2,Visual-Grayscale,visual_gray,0.0,3,1,0.0,1,tc_os1_low,1.0,none,gray,1
CCBench,LLaVA-NeXT-8B_Biased_Test,1000150,vcf_only,MCQ,both_max_grayscale_b0.2_g2.5_t0.2,Visual-Grayscale,visual_gray,1.0,3,1,0.0,1,tc_os1_low,1.0,none,gray,1
CCBench,LLaVA-NeXT-8B_Biased_Test,1000162,vcf_only,MCQ,floor_sci5_ours_aug_b0.1_g2_t0.3,Conservative-2VC2TC,conservative_full,0.0,5,0,,,,,none,none,
CCBench,LLaVA-NeXT-8B_Biased_Test,1000163,vcf_only,MCQ,floor_sci5_ours_aug_b0.1_g2_t0.3,Conservative-2VC2TC,conservative_full,0.0,5,0,,,,,none,none,
CCBench,LLaVA-NeXT-8B_Biased_Test,1000164,tcf_only,MCQ,floor_sci5_ours_aug_b0.1_g2_t0.3,Conservative-2VC2TC,conservative_full,0.0,5,0,,,,,none,none,
CCBench,LLaVA-NeXT-8B_Biased_Test,1000175,vcf_only,MCQ,floor_sci5_ours_aug_b0.1_g2_t0.3,Conservative-2VC2TC,conservative_full,0.0,5,0,,,,,none,none,
CCBench,LLaVA-NeXT-8B_Biased_Test,1000176,vcf_only,MCQ,floor_sci5_ours_aug_b0.1_g2_t0.3,Conservative-2VC2TC,conservative_full,0.0,5,0,,,,,none,none,
CCBench,LLaVA-NeXT-8B_Biased_Test,1000178,vcf_only,MCQ,floor_sci5_ours_aug_b0.1_g2_t0.3,Conservative-2VC2TC,conservative_full,0.0,5,0,,,,,none,none,
CCBench,LLaVA-NeXT-8B_Biased_Test,1000183,tcf_only,MCQ,floor_sci5_ours_aug_b0.1_g2_t0.3,Conservative-2VC2TC,conservative_full,0.0,5,0,,,,,none,none,
CCBench,LLaVA-NeXT-8B_Biased_Test,1000185,vcf_only,MCQ,floor_sci5_ours_aug_b0.1_g2_t0.3,Conservative-2VC2TC,conservative_full,0.0,5,0,,,,,none,none,
CCBench,LLaVA-NeXT-8B_Biased_Test,1000186,vcf_only,MCQ,floor_sci5_ours_aug_b0.1_g2_t0.3,Conservative-2VC2TC,conservative_full,0.0,5,0,,,,,none,none,
CCBench,LLaVA-NeXT-8B_Biased_Test,1000188,vcf_only,MCQ,floor_sci5_ours_aug_b0.1_g2_t0.3,Conservative-2VC2TC,conservative_full,0.0,5,0,,,,,none,none,
CCBench,LLaVA-NeXT-8B_Biased_Test,1000189,tcf_only,MCQ,floor_sci5_ours_aug_b0.1_g2_t0.3,Conservative-2VC2TC,conservative_full,0.0,5,0,,,,,none,none,
CCBench,LLaVA-NeXT-8B_Biased_Test,1000193,vcf_only,MCQ,floor_sci5_ours_aug_b0.1_g2_t0.3,Conservative-2VC2TC,conservative_full,0.0,5,0,,,,,none,none,
CCBench,LLaVA-NeXT-8B_Biased_Test,1000198,vcf_only,MCQ,floor_sci5_ours_aug_b0.1_g2_t0.3,Conservative-2VC2TC,conservative_full,0.0,5,0,,,,,none,none,
CCBench,LLaVA-NeXT-8B_Biased_Test,1000200,vcf_only,MCQ,joint_os_center_mask_b0.2_g2.5_t0.2,Joint-CenterMask-OptionShuffle1,joint_center,0.0,4,1,0.0,1,tc_os1_high,2.0,option_shuffle,center,
CCBench,LLaVA-NeXT-8B_Biased_Test,1000201,vcf_only,MCQ,floor_sci5_ours_aug_b0.1_g2_t0.3,Conservative-2VC2TC,conservative_full,0.0,5,0,,,,,none,none,
CCBench,LLaVA-NeXT-8B_Biased_Test,1000204,vcf_only,MCQ,floor_sci5_ours_aug_b0.1_g2_t0.3,Conservative-2VC2TC,conservative_full,0.0,5,0,,,,,none,none,
CCBench,LLaVA-NeXT-8B_Biased_Test,1000210,vcf_only,MCQ,floor_sci5_ours_aug_b0.1_g2_t0.3,Conservative-2VC2TC,conservative_full,0.0,5,0,,,,,none,none,
CCBench,LLaVA-NeXT-8B_Biased_Test,1000211,both,MCQ,floor_sci5_ours_aug_b0.1_g2_t0.3,Conservative-2VC2TC,conservative_full,0.0,5,0,,,,,none,none,
CCBench,LLaVA-NeXT-8B_Biased_Test,1000213,tcf_only,MCQ,floor_sci5_ours_aug_b0.1_g2_t0.3,Conservative-2VC2TC,conservative_full,0.0,5,0,,,,,none,none,
CCBench,LLaVA-NeXT-8B_Biased_Test,1000214,both,MCQ,floor_sci5_ours_aug_b0.1_g2_t0.3,Conservative-2VC2TC,conservative_full,1.0,5,0,,,,,none,none,
CCBench,LLaVA-NeXT-8B_Biased_Test,1000223,vcf_only,MCQ,floor_sci5_ours_aug_b0.1_g2_t0.3,Conservative-2VC2TC,conservative_full,0.0,5,0,,,,,none,none,
CCBench,LLaVA-NeXT-8B_Biased_Test,1000224,tcf_only,MCQ,floor_sci5_ours_aug_b0.1_g2_t0.3,Conservative-2VC2TC,conservative_full,0.0,5,0,,,,,none,none,
CCBench,LLaVA-NeXT-8B_Biased_Test,1000225,vcf_only,MCQ,floor_sci5_ours_aug_b0.1_g2_t0.3,Conservative-2VC2TC,conservative_full,0.0,5,0,,,,,none,none,
CCBench,LLaVA-NeXT-8B_Biased_Test,1000226,tcf_only,MCQ,floor_sci5_ours_aug_b0.1_g2_t0.3,Conservative-2VC2TC,conservative_full,0.0,5,0,,,,,none,none,
CCBench,LLaVA-NeXT-8B_Biased_Test,1000228,both,MCQ,floor_sci5_ours_aug_b0.1_g2_t0.3,Conservative-2VC2TC,conservative_full,0.0,5,0,,,,,none,none,
CCBench,LLaVA-NeXT-8B_Biased_Test,1000229,tcf_only,MCQ,floor_sci5_ours_aug_b0.1_g2_t0.3,Conservative-2VC2TC,conservative_full,1.0,5,0,,,,,none,none,
CCBench,LLaVA-NeXT-8B_Biased_Test,1000230,tcf_only,MCQ,floor_sci5_ours_aug_b0.1_g2_t0.3,Conservative-2VC2TC,conservative_full,0.0,5,0,,,,,none,none,
CCBench,LLaVA-NeXT-8B_Biased_Test,1000233,vcf_only,MCQ,both_max_grayscale_b0.2_g2.5_t0.2,Visual-Grayscale,visual_gray,0.0,3,1,0.0,1,tc_os1_low,2.0,none,gray,1
CCBench,LLaVA-NeXT-8B_Biased_Test,1000236,vcf_only,MCQ,both_max_grayscale_b0.2_g2.5_t0.2,Visual-Grayscale,visual_gray,0.0,3,1,0.0,1,tc_os1_low,1.0,none,gray,1
CCBench,LLaVA-NeXT-8B_Biased_Test,1000239,vcf_only,MCQ,floor_sci5_ours_aug_b0.1_g2_t0.3,Conservative-2VC2TC,conservative_full,0.0,5,0,,,,,none,none,
CCBench,LLaVA-NeXT-8B_Biased_Test,1000240,vcf_only,MCQ,floor_sci5_ours_aug_b0.1_g2_t0.3,Conservative-2VC2TC,conservative_full,1.0,5,0,,,,,none,none,
CCBench,LLaVA-NeXT-8B_Biased_Test,1000241,vcf_only,MCQ,floor_sci5_ours_aug_b0.1_g2_t0.3,Conservative-2VC2TC,conservative_full,0.0,5,0,,,,,none,none,
CCBench,LLaVA-NeXT-8B_Biased_Test,1000243,vcf_only,MCQ,joint_os_center_mask_b0.2_g2.5_t0.2,Joint-CenterMask-OptionShuffle1,joint_center,0.0,4,1,0.0,1,tc_os1_high,2.0,option_shuffle,center,
CCBench,LLaVA-NeXT-8B_Biased_Test,1000244,vcf_only,MCQ,both_max_center_mask_b0.2_g2.5_t0.2,Visual-CenterMask,visual_center,0.0,4,1,0.0,1,tc_os1_low,2.0,none,center,2
CCBench,LLaVA-NeXT-8B_Biased_Test,1000248,tcf_only,MCQ,floor_sci5_ours_aug_b0.1_g2_t0.3,Conservative-2VC2TC,conservative_full,0.0,5,0,,,,,none,none,
CCBench,LLaVA-NeXT-8B_Biased_Test,1000250,vcf_only,MCQ,floor_sci5_ours_aug_b0.1_g2_t0.3,Conservative-2VC2TC,conservative_full,1.0,5,0,,,,,none,none,
CCBench,LLaVA-NeXT-8B_Biased_Test,1000251,vcf_only,MCQ,both_max_grayscale_b0.2_g2.5_t0.2,Visual-Grayscale,visual_gray,1.0,3,1,0.0,1,tc_os1_low,2.0,none,gray,1
CCBench,LLaVA-NeXT-8B_Biased_Test,1000253,vcf_only,MCQ,floor_sci5_ours_aug_b0.1_g2_t0.3,Conservative-2VC2TC,conservative_full,0.0,5,0,,,,,none,none,
CCBench,LLaVA-NeXT-8B_Biased_Test,1000259,vcf_only,MCQ,floor_sci5_ours_aug_b0.1_g2_t0.3,Conservative-2VC2TC,conservative_full,0.0,5,1,0.0,1,tc_os1_low,0.0,none,none,
CCBench,LLaVA-NeXT-8B_Biased_Test,1000263,vcf_only,MCQ,both_max_grayscale_b0.2_g2.5_t0.2,Visual-Grayscale,visual_gray,0.0,3,1,2.0,1,tc_os1_low,2.0,none,gray,1
CCBench,LLaVA-NeXT-8B_Biased_Test,1000264,vcf_only,MCQ,floor_sci5_ours_aug_b0.1_g2_t0.3,Conservative-2VC2TC,conservative_full,0.0,5,0,,,,,none,none,
CCBench,LLaVA-NeXT-8B_Biased_Test,1000279,vcf_only,MCQ,floor_sci5_ours_aug_b0.1_g2_t0.3,Conservative-2VC2TC,conservative_full,0.0,5,0,,,,,none,none,
CCBench,LLaVA-NeXT-8B_Biased_Test,1000285,vcf_only,MCQ,both_max_center_mask_b0.2_g2.5_t0.2,Visual-CenterMask,visual_center,0.0,4,1,0.0,1,tc_os1_low,1.0,none,center,2
CCBench,LLaVA-NeXT-8B_Biased_Test,1000289,vcf_only,MCQ,both_max_center_mask_b0.2_g2.5_t0.2,Visual-CenterMask,visual_center,1.0,4,1,0.0,1,tc_os1_low,2.0,none,center,2
CCBench,LLaVA-NeXT-8B_Biased_Test,1000296,both,MCQ,floor_sci5_ours_aug_b0.1_g2_t0.3,Conservative-2VC2TC,conservative_full,1.0,5,0,,,,,none,none,
CCBench,LLaVA-NeXT-8B_Biased_Test,1000299,vcf_only,MCQ,floor_sci5_ours_aug_b0.1_g2_t0.3,Conservative-2VC2TC,conservative_full,0.0,5,0,,,,,none,none,
CCBench,LLaVA-NeXT-8B_Biased_Test,1000300,both,MCQ,floor_sci5_ours_aug_b0.1_g2_t0.3,Conservative-2VC2TC,conservative_full,1.0,5,0,,,,,none,none,
CCBench,LLaVA-NeXT-8B_Biased_Test,1000303,both,MCQ,floor_sci5_ours_aug_b0.1_g2_t0.3,Conservative-2VC2TC,conservative_full,0.0,5,0,,,,,none,none,
CCBench,LLaVA-NeXT-8B_Biased_Test,1000308,vcf_only,MCQ,floor_sci5_ours_aug_b0.1_g2_t0.3,Conservative-2VC2TC,conservative_full,0.0,5,0,,,,,none,none,
CCBench,LLaVA-NeXT-8B_Biased_Test,1000311,vcf_only,MCQ,floor_sci5_ours_aug_b0.1_g2_t0.3,Conservative-2VC2TC,conservative_full,0.0,5,0,,,,,none,none,
CCBench,LLaVA-NeXT-8B_Biased_Test,1000313,vcf_only,MCQ,floor_sci5_ours_aug_b0.1_g2_t0.3,Conservative-2VC2TC,conservative_full,0.0,5,0,,,,,none,none,
CCBench,LLaVA-NeXT-8B_Biased_Test,1000314,vcf_only,MCQ,floor_sci5_ours_aug_b0.1_g2_t0.3,Conservative-2VC2TC,conservative_full,1.0,5,0,,,,,none,none,
CCBench,LLaVA-NeXT-8B_Biased_Test,1000315,vcf_only,MCQ,floor_sci5_ours_aug_b0.1_g2_t0.3,Conservative-2VC2TC,conservative_full,0.0,5,0,,,,,none,none,
CCBench,LLaVA-NeXT-8B_Biased_Test,1000318,tcf_only,MCQ,floor_sci5_ours_aug_b0.1_g2_t0.3,Conservative-2VC2TC,conservative_full,0.0,5,0,,,,,none,none,
CCBench,LLaVA-NeXT-8B_Biased_Test,1000319,vcf_only,MCQ,floor_sci5_ours_aug_b0.1_g2_t0.3,Conservative-2VC2TC,conservative_full,0.0,5,0,,,,,none,none,
CCBench,LLaVA-NeXT-8B_Biased_Test,1000320,both,MCQ,floor_sci5_ours_aug_b0.1_g2_t0.3,Conservative-2VC2TC,conservative_full,1.0,5,0,,,,,none,none,
CCBench,LLaVA-NeXT-8B_Biased_Test,1000321,vcf_only,MCQ,floor_sci5_ours_aug_b0.1_g2_t0.3,Conservative-2VC2TC,conservative_full,1.0,5,0,,,,,none,none,
CCBench,LLaVA-NeXT-8B_Biased_Test,1000323,tcf_only,MCQ,floor_sci5_ours_aug_b0.1_g2_t0.3,Conservative-2VC2TC,conservative_full,1.0,5,0,,,,,none,none,
CCBench,LLaVA-NeXT-8B_Biased_Test,1000324,vcf_only,MCQ,floor_sci5_ours_aug_b0.1_g2_t0.3,Conservative-2VC2TC,conservative_full,0.0,5,0,,,,,none,none,
CCBench,LLaVA-NeXT-8B_Biased_Test,1000325,vcf_only,MCQ,floor_sci5_ours_aug_b0.1_g2_t0.3,Conservative-2VC2TC,conservative_full,1.0,5,0,,,,,none,none,
CCBench,LLaVA-NeXT-8B_Biased_Test,1000327,tcf_only,MCQ,floor_sci5_ours_aug_b0.1_g2_t0.3,Conservative-2VC2TC,conservative_full,0.0,5,0,,,,,none,none,
CCBench,LLaVA-NeXT-8B_Biased_Test,1000329,vcf_only,MCQ,floor_sci5_ours_aug_b0.1_g2_t0.3,Conservative-2VC2TC,conservative_full,1.0,5,0,,,,,none,none,
CCBench,LLaVA-NeXT-8B_Biased_Test,1000331,vcf_only,MCQ,floor_sci5_ours_aug_b0.1_g2_t0.3,Conservative-2VC2TC,conservative_full,1.0,5,0,,,,,none,none,
CCBench,LLaVA-NeXT-8B_Biased_Test,1000336,tcf_only,MCQ,floor_sci5_ours_aug_b0.1_g2_t0.3,Conservative-2VC2TC,conservative_full,1.0,5,0,,,,,none,none,
CCBench,LLaVA-NeXT-8B_Biased_Test,1000340,both,MCQ,floor_sci5_ours_aug_b0.1_g2_t0.3,Conservative-2VC2TC,conservative_full,0.0,5,0,,,,,none,none,
CCBench,LLaVA-NeXT-8B_Biased_Test,1000343,vcf_only,MCQ,floor_sci5_ours_aug_b0.1_g2_t0.3,Conservative-2VC2TC,conservative_full,0.0,5,0,,,,,none,none,
CCBench,LLaVA-NeXT-8B_Biased_Test,1000345,tcf_only,MCQ,floor_sci5_ours_aug_b0.1_g2_t0.3,Conservative-2VC2TC,conservative_full,0.0,5,0,,,,,none,none,
CCBench,LLaVA-NeXT-8B_Biased_Test,1000346,vcf_only,MCQ,floor_sci5_ours_aug_b0.1_g2_t0.3,Conservative-2VC2TC,conservative_full,0.0,5,0,,,,,none,none,
CCBench,LLaVA-NeXT-8B_Biased_Test,1000350,vcf_only,MCQ,floor_sci5_ours_aug_b0.1_g2_t0.3,Conservative-2VC2TC,conservative_full,0.0,5,0,,,,,none,none,
CCBench,LLaVA-NeXT-8B_Biased_Test,1000352,both,MCQ,floor_sci5_ours_aug_b0.1_g2_t0.3,Conservative-2VC2TC,conservative_full,1.0,5,0,,,,,none,none,
CCBench,LLaVA-NeXT-8B_Biased_Test,1000354,tcf_only,MCQ,floor_sci5_ours_aug_b0.1_g2_t0.3,Conservative-2VC2TC,conservative_full,1.0,5,0,,,,,none,none,
CCBench,LLaVA-NeXT-8B_Biased_Test,1000356,both,MCQ,floor_sci5_ours_aug_b0.1_g2_t0.3,Conservative-2VC2TC,conservative_full,0.0,5,0,,,,,none,none,
CCBench,LLaVA-NeXT-8B_Biased_Test,1000360,vcf_only,MCQ,floor_sci5_ours_aug_b0.1_g2_t0.3,Conservative-2VC2TC,conservative_full,1.0,5,0,,,,,none,none,
CCBench,LLaVA-NeXT-8B_Biased_Test,1000362,tcf_only,MCQ,floor_sci5_ours_aug_b0.1_g2_t0.3,Conservative-2VC2TC,conservative_full,0.0,5,0,,,,,none,none,
CCBench,LLaVA-NeXT-8B_Biased_Test,1000364,vcf_only,MCQ,floor_sci5_ours_aug_b0.1_g2_t0.3,Conservative-2VC2TC,conservative_full,0.0,5,0,,,,,none,none,
CCBench,LLaVA-NeXT-8B_Biased_Test,1000365,vcf_only,MCQ,floor_sci5_ours_aug_b0.1_g2_t0.3,Conservative-2VC2TC,conservative_full,0.0,5,0,,,,,none,none,
CCBench,LLaVA-NeXT-8B_Biased_Test,1000367,vcf_only,MCQ,floor_sci5_ours_aug_b0.1_g2_t0.3,Conservative-2VC2TC,conservative_full,1.0,5,0,,,,,none,none,
CCBench,LLaVA-NeXT-8B_Biased_Test,1000369,vcf_only,MCQ,floor_sci5_ours_aug_b0.1_g2_t0.3,Conservative-2VC2TC,conservative_full,0.0,5,0,,,,,none,none,
CCBench,LLaVA-NeXT-8B_Biased_Test,1000370,tcf_only,MCQ,floor_sci5_ours_aug_b0.1_g2_t0.3,Conservative-2VC2TC,conservative_full,0.0,5,0,,,,,none,none,
CCBench,LLaVA-NeXT-8B_Biased_Test,1000376,vcf_only,MCQ,joint_os_center_mask_b0.2_g2.5_t0.2,Joint-CenterMask-OptionShuffle1,joint_center,0.0,4,1,0.0,1,tc_os1_high,1.0,option_shuffle,center,
CCBench,LLaVA-NeXT-8B_Biased_Test,1000379,tcf_only,MCQ,floor_sci5_ours_aug_b0.1_g2_t0.3,Conservative-2VC2TC,conservative_full,0.0,5,0,,,,,none,none,
CCBench,LLaVA-NeXT-8B_Biased_Test,1000382,vcf_only,MCQ,floor_sci5_ours_aug_b0.1_g2_t0.3,Conservative-2VC2TC,conservative_full,0.0,5,0,,,,,none,none,
CCBench,LLaVA-NeXT-8B_Biased_Test,1000384,tcf_only,MCQ,floor_sci5_ours_aug_b0.1_g2_t0.3,Conservative-2VC2TC,conservative_full,0.0,5,0,,,,,none,none,
CCBench,LLaVA-NeXT-8B_Biased_Test,1000386,vcf_only,MCQ,floor_sci5_ours_aug_b0.1_g2_t0.3,Conservative-2VC2TC,conservative_full,0.0,5,0,,,,,none,none,
CCBench,LLaVA-NeXT-8B_Biased_Test,1000387,tcf_only,MCQ,floor_sci5_ours_aug_b0.1_g2_t0.3,Conservative-2VC2TC,conservative_full,1.0,5,0,,,,,none,none,
CCBench,LLaVA-NeXT-8B_Biased_Test,1000391,both,MCQ,floor_sci5_ours_aug_b0.1_g2_t0.3,Conservative-2VC2TC,conservative_full,1.0,5,0,,,,,none,none,
CCBench,LLaVA-NeXT-8B_Biased_Test,1000402,tcf_only,MCQ,floor_sci5_ours_aug_b0.1_g2_t0.3,Conservative-2VC2TC,conservative_full,1.0,5,0,,,,,none,none,
CCBench,LLaVA-NeXT-8B_Biased_Test,1000406,vcf_only,MCQ,floor_sci5_ours_aug_b0.1_g2_t0.3,Conservative-2VC2TC,conservative_full,0.0,5,0,,,,,none,none,
CCBench,LLaVA-NeXT-8B_Biased_Test,1000422,vcf_only,MCQ,floor_sci5_ours_aug_b0.1_g2_t0.3,Conservative-2VC2TC,conservative_full,0.0,5,0,,,,,none,none,
CCBench,LLaVA-NeXT-8B_Biased_Test,1000429,vcf_only,MCQ,b5_tc_os1_direct,Text-OptionShuffle1,text,0.0,2,1,0.0,1,tc_os1_high,0.0,option_shuffle,none,
CCBench,LLaVA-NeXT-8B_Biased_Test,1000433,tcf_only,MCQ,floor_sci5_ours_aug_b0.1_g2_t0.3,Conservative-2VC2TC,conservative_full,1.0,5,0,,,,,none,none,
CCBench,LLaVA-NeXT-8B_Biased_Test,1000437,both,MCQ,floor_sci5_ours_aug_b0.1_g2_t0.3,Conservative-2VC2TC,conservative_full,1.0,5,0,,,,,none,none,
CCBench,LLaVA-NeXT-8B_Biased_Test,1000438,vcf_only,MCQ,joint_os_strong_blur_b0.2_g2.5_t0.2,Joint-StrongBlur-OptionShuffle1,joint_strong,0.0,3,1,0.0,1,tc_os1_high,2.0,option_shuffle,strong,
CCBench,LLaVA-NeXT-8B_Biased_Test,1000452,vcf_only,MCQ,both_max_grayscale_b0.2_g2.5_t0.2,Visual-Grayscale,visual_gray,0.0,3,1,0.0,1,tc_os1_low,2.0,none,gray,1
CCBench,LLaVA-NeXT-8B_Biased_Test,1000458,vcf_only,MCQ,floor_sci5_ours_aug_b0.1_g2_t0.3,Conservative-2VC2TC,conservative_full,1.0,5,0,,,,,none,none,
CCBench,LLaVA-NeXT-8B_Biased_Test,1000459,tcf_only,MCQ,floor_sci5_ours_aug_b0.1_g2_t0.3,Conservative-2VC2TC,conservative_full,0.0,5,0,,,,,none,none,
CCBench,LLaVA-NeXT-8B_Biased_Test,1000461,vcf_only,MCQ,floor_sci5_ours_aug_b0.1_g2_t0.3,Conservative-2VC2TC,conservative_full,0.0,5,0,,,,,none,none,
CCBench,LLaVA-NeXT-8B_Biased_Test,1000462,vcf_only,MCQ,floor_sci5_ours_aug_b0.1_g2_t0.3,Conservative-2VC2TC,conservative_full,0.0,5,0,,,,,none,none,
CCBench,LLaVA-NeXT-8B_Biased_Test,1000474,tcf_only,MCQ,floor_sci5_ours_aug_b0.1_g2_t0.3,Conservative-2VC2TC,conservative_full,1.0,5,0,,,,,none,none,
CCBench,LLaVA-NeXT-8B_Biased_Test,1000483,vcf_only,MCQ,floor_sci5_ours_aug_b0.1_g2_t0.3,Conservative-2VC2TC,conservative_full,0.0,5,0,,,,,none,none,
CCBench,LLaVA-NeXT-8B_Biased_Test,1000484,vcf_only,MCQ,both_max_grayscale_b0.2_g2.5_t0.2,Visual-Grayscale,visual_gray,0.0,3,1,2.0,1,tc_os1_low,2.0,none,gray,1
CCBench,LLaVA-NeXT-8B_Biased_Test,1000488,tcf_only,MCQ,floor_sci5_ours_aug_b0.1_g2_t0.3,Conservative-2VC2TC,conservative_full,0.0,5,0,,,,,none,none,
CCBench,LLaVA-NeXT-8B_Biased_Test,1000489,vcf_only,MCQ,joint_os_center_mask_b0.2_g2.5_t0.2,Joint-CenterMask-OptionShuffle1,joint_center,0.0,4,1,0.0,1,tc_os1_high,2.0,option_shuffle,center,
CCBench,LLaVA-NeXT-8B_Biased_Test,1000491,tcf_only,MCQ,floor_sci5_ours_aug_b0.1_g2_t0.3,Conservative-2VC2TC,conservative_full,0.0,5,0,,,,,none,none,
CCBench,LLaVA-NeXT-8B_Biased_Test,1000493,vcf_only,MCQ,both_max_grayscale_b0.2_g2.5_t0.2,Visual-Grayscale,visual_gray,0.0,3,1,0.0,1,tc_os1_low,2.0,none,gray,1
CCBench,LLaVA-NeXT-8B_Biased_Test,1000495,vcf_only,MCQ,both_max_grayscale_b0.2_g2.5_t0.2,Visual-Grayscale,visual_gray,0.0,3,1,0.0,1,tc_os1_low,1.0,none,gray,1
CCBench,LLaVA-NeXT-8B_Biased_Test,1000496,vcf_only,MCQ,floor_sci5_ours_aug_b0.1_g2_t0.3,Conservative-2VC2TC,conservative_full,0.0,5,0,,,,,none,none,
CCBench,LLaVA-NeXT-8B_Biased_Test,1000497,tcf_only,MCQ,floor_sci5_ours_aug_b0.1_g2_t0.3,Conservative-2VC2TC,conservative_full,0.0,5,0,,,,,none,none,
CCBench,LLaVA-NeXT-8B_Biased_Test,1000506,vcf_only,MCQ,floor_sci5_ours_aug_b0.1_g2_t0.3,Conservative-2VC2TC,conservative_full,0.0,5,0,,,,,none,none,
CCBench,LLaVA-NeXT-8B_Biased_Test,1000508,vcf_only,MCQ,floor_sci5_ours_aug_b0.1_g2_t0.3,Conservative-2VC2TC,conservative_full,1.0,5,0,,,,,none,none,
CCBench,LLaVA-NeXT-8B_Biased_Test,1000511,vcf_only,MCQ,floor_sci5_ours_aug_b0.1_g2_t0.3,Conservative-2VC2TC,conservative_full,0.0,5,0,,,,,none,none,
CCBench,LLaVA-NeXT-8B_Biased_Test,1000512,vcf_only,MCQ,floor_sci5_ours_aug_b0.1_g2_t0.3,Conservative-2VC2TC,conservative_full,1.0,5,0,,,,,none,none,
CCBench,LLaVA-NeXT-8B_Biased_Test,1000516,vcf_only,MCQ,both_max_grayscale_b0.2_g2.5_t0.2,Visual-Grayscale,visual_gray,0.0,3,1,0.0,1,tc_os1_low,1.0,none,gray,1
CCBench,LLaVA-NeXT-8B_Biased_Test,1000517,vcf_only,MCQ,both_max_grayscale_b0.2_g2.5_t0.2,Visual-Grayscale,visual_gray,1.0,3,1,0.0,1,tc_os1_low,1.0,none,gray,1
CCBench,LLaVA-NeXT-8B_Biased_Test,1000518,tcf_only,MCQ,floor_sci5_ours_aug_b0.1_g2_t0.3,Conservative-2VC2TC,conservative_full,0.0,5,0,,,,,none,none,
CCBench,LLaVA-NeXT-8B_Biased_Test,1000521,vcf_only,MCQ,floor_sci5_ours_aug_b0.1_g2_t0.3,Conservative-2VC2TC,conservative_full,0.0,5,0,,,,,none,none,
CCBench,LLaVA-NeXT-8B_Biased_Test,1000527,tcf_only,MCQ,floor_sci5_ours_aug_b0.1_g2_t0.3,Conservative-2VC2TC,conservative_full,1.0,5,0,,,,,none,none,
CCBench,LLaVA-NeXT-8B_Biased_Test,1000528,vcf_only,MCQ,floor_sci5_ours_aug_b0.1_g2_t0.3,Conservative-2VC2TC,conservative_full,0.0,5,1,0.0,1,tc_os1_low,0.0,none,none,
CCBench,LLaVA-NeXT-8B_Biased_Test,1000530,both,MCQ,floor_sci5_ours_aug_b0.1_g2_t0.3,Conservative-2VC2TC,conservative_full,0.0,5,0,,,,,none,none,
CCBench,LLaVA-NeXT-8B_Biased_Test,1000532,vcf_only,MCQ,floor_sci5_ours_aug_b0.1_g2_t0.3,Conservative-2VC2TC,conservative_full,0.0,5,0,,,,,none,none,
CCBench,LLaVA-NeXT-8B_Biased_Test,1000535,vcf_only,MCQ,both_max_strong_blur_b0.2_g2.5_t0.2,Visual-StrongBlur,visual_strong,0.0,5,1,0.0,1,tc_os1_low,1.0,none,strong,3
CCBench,LLaVA-NeXT-8B_Biased_Test,1000536,vcf_only,MCQ,both_max_grayscale_b0.2_g2.5_t0.2,Visual-Grayscale,visual_gray,0.0,5,1,0.0,1,tc_os1_low,1.0,none,gray,3
CCBench,LLaVA-NeXT-8B_Biased_Test,1000540,vcf_only,MCQ,floor_sci5_ours_aug_b0.1_g2_t0.3,Conservative-2VC2TC,conservative_full,0.0,5,0,,,,,none,none,
CCBench,LLaVA-NeXT-8B_Biased_Test,2000009,vcf_only,MCQ,joint_os_center_mask_b0.2_g2.5_t0.2,Joint-CenterMask-OptionShuffle1,joint_center,0.0,4,1,0.0,1,tc_os1_high,1.0,option_shuffle,center,
CCBench,LLaVA-NeXT-8B_Biased_Test,2000017,vcf_only,MCQ,floor_sci5_ours_aug_b0.1_g2_t0.3,Conservative-2VC2TC,conservative_full,0.0,5,0,,,,,none,none,
CCBench,LLaVA-NeXT-8B_Biased_Test,2000018,vcf_only,MCQ,floor_sci5_ours_aug_b0.1_g2_t0.3,Conservative-2VC2TC,conservative_full,0.0,5,0,,,,,none,none,
CCBench,LLaVA-NeXT-8B_Biased_Test,2000020,vcf_only,MCQ,floor_sci5_ours_aug_b0.1_g2_t0.3,Conservative-2VC2TC,conservative_full,0.0,5,0,,,,,none,none,
CCBench,LLaVA-NeXT-8B_Biased_Test,2000033,tcf_only,MCQ,floor_sci5_ours_aug_b0.1_g2_t0.3,Conservative-2VC2TC,conservative_full,1.0,5,0,,,,,none,none,
CCBench,LLaVA-NeXT-8B_Biased_Test,2000034,vcf_only,MCQ,floor_sci5_ours_aug_b0.1_g2_t0.3,Conservative-2VC2TC,conservative_full,0.0,5,1,0.0,1,tc_os1_low,0.0,none,none,
CCBench,LLaVA-NeXT-8B_Biased_Test,2000035,vcf_only,MCQ,both_max_grayscale_b0.2_g2.5_t0.2,Visual-Grayscale,visual_gray,0.0,5,1,0.0,1,tc_os1_low,1.0,none,gray,3
CCBench,LLaVA-NeXT-8B_Biased_Test,2000039,vcf_only,MCQ,joint_os_strong_blur_b0.2_g2.5_t0.2,Joint-StrongBlur-OptionShuffle1,joint_strong,0.0,3,1,0.0,1,tc_os1_high,1.0,option_shuffle,strong,
CCBench,LLaVA-NeXT-8B_Biased_Test,2000040,vcf_only,MCQ,joint_os_center_mask_b0.2_g2.5_t0.2,Joint-CenterMask-OptionShuffle1,joint_center,0.0,4,1,0.0,1,tc_os1_high,2.0,option_shuffle,center,
CCBench,LLaVA-NeXT-8B_Biased_Test,2000041,vcf_only,MCQ,both_max_grayscale_b0.2_g2.5_t0.2,Visual-Grayscale,visual_gray,0.0,5,1,1.0,1,tc_os1_low,2.0,none,gray,3
CCBench,LLaVA-NeXT-8B_Biased_Test,2000043,vcf_only,MCQ,floor_sci5_ours_aug_b0.1_g2_t0.3,Conservative-2VC2TC,conservative_full,0.0,5,0,,,,,none,none,
CCBench,LLaVA-NeXT-8B_Biased_Test,2000044,vcf_only,MCQ,both_max_grayscale_b0.2_g2.5_t0.2,Visual-Grayscale,visual_gray,0.0,3,1,1.0,1,tc_os1_low,2.0,none,gray,1
CCBench,LLaVA-NeXT-8B_Biased_Test,2000045,vcf_only,MCQ,both_max_strong_blur_b0.2_g2.5_t0.2,Visual-StrongBlur,visual_strong,0.0,5,1,0.0,1,tc_os1_low,2.0,none,strong,3
CCBench,LLaVA-NeXT-8B_Biased_Test,2000054,vcf_only,MCQ,floor_sci5_ours_aug_b0.1_g2_t0.3,Conservative-2VC2TC,conservative_full,0.0,5,0,,,,,none,none,
CCBench,LLaVA-NeXT-8B_Biased_Test,2000060,vcf_only,MCQ,joint_os_center_mask_b0.2_g2.5_t0.2,Joint-CenterMask-OptionShuffle1,joint_center,0.0,4,1,0.0,1,tc_os1_high,1.0,option_shuffle,center,
CCBench,LLaVA-NeXT-8B_Biased_Test,2000066,vcf_only,MCQ,both_max_grayscale_b0.2_g2.5_t0.2,Visual-Grayscale,visual_gray,1.0,3,1,0.0,1,tc_os1_low,2.0,none,gray,1
CCBench,LLaVA-NeXT-8B_Biased_Test,2000067,vcf_only,MCQ,joint_os_center_mask_b0.2_g2.5_t0.2,Joint-CenterMask-OptionShuffle1,joint_center,0.0,4,1,0.0,1,tc_os1_high,2.0,option_shuffle,center,
CCBench,LLaVA-NeXT-8B_Biased_Test,2000070,vcf_only,MCQ,joint_os_center_mask_b0.2_g2.5_t0.2,Joint-CenterMask-OptionShuffle1,joint_center,1.0,4,1,0.0,1,tc_os1_high,1.0,option_shuffle,center,
CCBench,LLaVA-NeXT-8B_Biased_Test,2000071,vcf_only,MCQ,joint_os_center_mask_b0.2_g2.5_t0.2,Joint-CenterMask-OptionShuffle1,joint_center,0.0,4,1,0.0,1,tc_os1_high,1.0,option_shuffle,center,
CCBench,LLaVA-NeXT-8B_Biased_Test,2000073,vcf_only,MCQ,floor_sci5_ours_aug_b0.1_g2_t0.3,Conservative-2VC2TC,conservative_full,0.0,5,0,,,,,none,none,
CCBench,LLaVA-NeXT-8B_Biased_Test,2000083,vcf_only,MCQ,both_max_grayscale_b0.2_g2.5_t0.2,Visual-Grayscale,visual_gray,1.0,3,1,2.0,1,tc_os1_low,2.0,none,gray,1
CCBench,LLaVA-NeXT-8B_Biased_Test,2000085,vcf_only,MCQ,floor_sci5_ours_aug_b0.1_g2_t0.3,Conservative-2VC2TC,conservative_full,1.0,5,0,,,,,none,none,
CCBench,LLaVA-NeXT-8B_Biased_Test,2000087,vcf_only,MCQ,both_max_center_mask_b0.2_g2.5_t0.2,Visual-CenterMask,visual_center,0.0,5,1,0.0,1,tc_os1_low,2.0,none,center,3
CCBench,LLaVA-NeXT-8B_Biased_Test,2000088,vcf_only,MCQ,floor_sci5_ours_aug_b0.1_g2_t0.3,Conservative-2VC2TC,conservative_full,0.0,5,0,,,,,none,none,
CCBench,LLaVA-NeXT-8B_Biased_Test,2000092,vcf_only,MCQ,floor_sci5_ours_aug_b0.1_g2_t0.3,Conservative-2VC2TC,conservative_full,0.0,5,0,,,,,none,none,
CCBench,LLaVA-NeXT-8B_Biased_Test,2000097,vcf_only,MCQ,floor_sci5_ours_aug_b0.1_g2_t0.3,Conservative-2VC2TC,conservative_full,0.0,5,0,,,,,none,none,
CCBench,LLaVA-NeXT-8B_Biased_Test,2000103,vcf_only,MCQ,floor_sci5_ours_aug_b0.1_g2_t0.3,Conservative-2VC2TC,conservative_full,0.0,5,0,,,,,none,none,
CCBench,LLaVA-NeXT-8B_Biased_Test,2000104,vcf_only,MCQ,floor_sci5_ours_aug_b0.1_g2_t0.3,Conservative-2VC2TC,conservative_full,0.0,5,0,,,,,none,none,
CCBench,LLaVA-NeXT-8B_Biased_Test,2000107,vcf_only,MCQ,joint_os_center_mask_b0.2_g2.5_t0.2,Joint-CenterMask-OptionShuffle1,joint_center,1.0,4,1,0.0,1,tc_os1_high,1.0,option_shuffle,center,
CCBench,LLaVA-NeXT-8B_Biased_Test,2000112,vcf_only,MCQ,floor_sci5_ours_aug_b0.1_g2_t0.3,Conservative-2VC2TC,conservative_full,1.0,5,0,,,,,none,none,
CCBench,LLaVA-NeXT-8B_Biased_Test,2000119,tcf_only,MCQ,floor_sci5_ours_aug_b0.1_g2_t0.3,Conservative-2VC2TC,conservative_full,1.0,5,0,,,,,none,none,
CCBench,LLaVA-NeXT-8B_Biased_Test,2000123,vcf_only,MCQ,joint_os_center_mask_b0.2_g2.5_t0.2,Joint-CenterMask-OptionShuffle1,joint_center,0.0,4,1,0.0,1,tc_os1_high,2.0,option_shuffle,center,
CCBench,LLaVA-NeXT-8B_Biased_Test,2000124,both,MCQ,floor_sci5_ours_aug_b0.1_g2_t0.3,Conservative-2VC2TC,conservative_full,0.0,5,0,,,,,none,none,
CCBench,LLaVA-NeXT-8B_Biased_Test,2000125,vcf_only,MCQ,floor_sci5_ours_aug_b0.1_g2_t0.3,Conservative-2VC2TC,conservative_full,0.0,5,0,,,,,none,none,
CCBench,LLaVA-NeXT-8B_Biased_Test,2000127,vcf_only,MCQ,floor_sci5_ours_aug_b0.1_g2_t0.3,Conservative-2VC2TC,conservative_full,0.0,5,0,,,,,none,none,
CCBench,LLaVA-NeXT-8B_Biased_Test,2000128,vcf_only,MCQ,joint_os_center_mask_b0.2_g2.5_t0.2,Joint-CenterMask-OptionShuffle1,joint_center,0.0,4,1,0.0,1,tc_os1_high,2.0,option_shuffle,center,
CCBench,LLaVA-NeXT-8B_Biased_Test,2000129,vcf_only,MCQ,joint_os_center_mask_b0.2_g2.5_t0.2,Joint-CenterMask-OptionShuffle1,joint_center,0.0,4,1,0.0,1,tc_os1_high,2.0,option_shuffle,center,
CCBench,LLaVA-NeXT-8B_Biased_Test,2000133,tcf_only,MCQ,floor_sci5_ours_aug_b0.1_g2_t0.3,Conservative-2VC2TC,conservative_full,1.0,5,0,,,,,none,none,
CCBench,LLaVA-NeXT-8B_Biased_Test,2000135,tcf_only,MCQ,floor_sci5_ours_aug_b0.1_g2_t0.3,Conservative-2VC2TC,conservative_full,1.0,5,0,,,,,none,none,
CCBench,LLaVA-NeXT-8B_Biased_Test,2000137,vcf_only,MCQ,joint_os_center_mask_b0.2_g2.5_t0.2,Joint-CenterMask-OptionShuffle1,joint_center,0.0,4,1,0.0,1,tc_os1_high,1.0,option_shuffle,center,
CCBench,LLaVA-NeXT-8B_Biased_Test,2000138,vcf_only,MCQ,floor_sci5_ours_aug_b0.1_g2_t0.3,Conservative-2VC2TC,conservative_full,0.0,5,0,,,,,none,none,
CCBench,LLaVA-NeXT-8B_Biased_Test,2000139,vcf_only,MCQ,floor_sci5_ours_aug_b0.1_g2_t0.3,Conservative-2VC2TC,conservative_full,0.0,5,0,,,,,none,none,
CCBench,LLaVA-NeXT-8B_Biased_Test,2000140,tcf_only,MCQ,floor_sci5_ours_aug_b0.1_g2_t0.3,Conservative-2VC2TC,conservative_full,0.0,5,0,,,,,none,none,
CCBench,LLaVA-NeXT-8B_Biased_Test,2000148,vcf_only,MCQ,joint_os_center_mask_b0.2_g2.5_t0.2,Joint-CenterMask-OptionShuffle1,joint_center,0.0,4,1,1.0,1,tc_os1_high,2.0,option_shuffle,center,
CCBench,LLaVA-NeXT-8B_Biased_Test,2000162,vcf_only,MCQ,both_max_center_mask_b0.2_g2.5_t0.2,Visual-CenterMask,visual_center,0.0,5,1,0.0,1,tc_os1_low,2.0,none,center,3
CCBench,LLaVA-NeXT-8B_Biased_Test,2000163,vcf_only,MCQ,both_max_center_mask_b0.2_g2.5_t0.2,Visual-CenterMask,visual_center,0.0,4,1,0.0,1,tc_os1_low,1.0,none,center,2
CCBench,LLaVA-NeXT-8B_Biased_Test,2000164,both,MCQ,floor_sci5_ours_aug_b0.1_g2_t0.3,Conservative-2VC2TC,conservative_full,0.0,5,0,,,,,none,none,
CCBench,LLaVA-NeXT-8B_Biased_Test,2000167,both,MCQ,floor_sci5_ours_aug_b0.1_g2_t0.3,Conservative-2VC2TC,conservative_full,1.0,5,0,,,,,none,none,
CCBench,LLaVA-NeXT-8B_Biased_Test,2000175,vcf_only,MCQ,floor_sci5_ours_aug_b0.1_g2_t0.3,Conservative-2VC2TC,conservative_full,1.0,5,0,,,,,none,none,
CCBench,LLaVA-NeXT-8B_Biased_Test,2000176,vcf_only,MCQ,floor_sci5_ours_aug_b0.1_g2_t0.3,Conservative-2VC2TC,conservative_full,0.0,5,0,,,,,none,none,
CCBench,LLaVA-NeXT-8B_Biased_Test,2000181,vcf_only,MCQ,both_max_center_mask_b0.2_g2.5_t0.2,Visual-CenterMask,visual_center,0.0,5,1,1.0,1,tc_os1_low,2.0,none,center,3
CCBench,LLaVA-NeXT-8B_Biased_Test,2000186,both,MCQ,floor_sci5_ours_aug_b0.1_g2_t0.3,Conservative-2VC2TC,conservative_full,0.0,5,0,,,,,none,none,
CCBench,LLaVA-NeXT-8B_Biased_Test,2000191,vcf_only,MCQ,floor_sci5_ours_aug_b0.1_g2_t0.3,Conservative-2VC2TC,conservative_full,1.0,5,0,,,,,none,none,
CCBench,LLaVA-NeXT-8B_Biased_Test,2000193,vcf_only,MCQ,floor_sci5_ours_aug_b0.1_g2_t0.3,Conservative-2VC2TC,conservative_full,0.0,5,0,,,,,none,none,
CCBench,LLaVA-NeXT-8B_Biased_Test,2000194,vcf_only,MCQ,floor_sci5_ours_aug_b0.1_g2_t0.3,Conservative-2VC2TC,conservative_full,0.0,5,0,,,,,none,none,
CCBench,LLaVA-NeXT-8B_Biased_Test,2000195,vcf_only,MCQ,floor_sci5_ours_aug_b0.1_g2_t0.3,Conservative-2VC2TC,conservative_full,0.0,5,0,,,,,none,none,
CCBench,LLaVA-NeXT-8B_Biased_Test,2000196,vcf_only,MCQ,floor_sci5_ours_aug_b0.1_g2_t0.3,Conservative-2VC2TC,conservative_full,0.0,5,0,,,,,none,none,
CCBench,LLaVA-NeXT-8B_Biased_Test,2000198,vcf_only,MCQ,both_max_grayscale_b0.2_g2.5_t0.2,Visual-Grayscale,visual_gray,0.0,3,1,0.0,1,tc_os1_low,2.0,none,gray,1
CCBench,LLaVA-NeXT-8B_Biased_Test,2000201,vcf_only,MCQ,floor_sci5_ours_aug_b0.1_g2_t0.3,Conservative-2VC2TC,conservative_full,0.0,5,0,,,,,none,none,
CCBench,LLaVA-NeXT-8B_Biased_Test,2000206,vcf_only,MCQ,floor_sci5_ours_aug_b0.1_g2_t0.3,Conservative-2VC2TC,conservative_full,0.0,5,0,,,,,none,none,
CCBench,LLaVA-NeXT-8B_Biased_Test,2000210,vcf_only,MCQ,joint_os_center_mask_b0.2_g2.5_t0.2,Joint-CenterMask-OptionShuffle1,joint_center,0.0,4,1,1.0,1,tc_os1_high,1.0,option_shuffle,center,
CCBench,LLaVA-NeXT-8B_Biased_Test,2000211,vcf_only,MCQ,joint_os_center_mask_b0.2_g2.5_t0.2,Joint-CenterMask-OptionShuffle1,joint_center,0.0,4,1,1.0,1,tc_os1_high,2.0,option_shuffle,center,
CCBench,LLaVA-NeXT-8B_Biased_Test,2000213,vcf_only,MCQ,joint_os_center_mask_b0.2_g2.5_t0.2,Joint-CenterMask-OptionShuffle1,joint_center,0.0,4,1,1.0,1,tc_os1_high,2.0,option_shuffle,center,
CCBench,LLaVA-NeXT-8B_Biased_Test,2000215,vcf_only,MCQ,floor_sci5_ours_aug_b0.1_g2_t0.3,Conservative-2VC2TC,conservative_full,0.0,5,0,,,,,none,none,
CCBench,LLaVA-NeXT-8B_Biased_Test,2000218,vcf_only,MCQ,joint_os_center_mask_b0.2_g2.5_t0.2,Joint-CenterMask-OptionShuffle1,joint_center,0.0,4,1,0.0,1,tc_os1_high,1.0,option_shuffle,center,
CCBench,LLaVA-NeXT-8B_Biased_Test,2000219,vcf_only,MCQ,joint_os_center_mask_b0.2_g2.5_t0.2,Joint-CenterMask-OptionShuffle1,joint_center,0.0,4,1,0.0,1,tc_os1_high,2.0,option_shuffle,center,
CCBench,LLaVA-NeXT-8B_Biased_Test,2000221,vcf_only,MCQ,joint_os_center_mask_b0.2_g2.5_t0.2,Joint-CenterMask-OptionShuffle1,joint_center,0.0,4,1,0.0,1,tc_os1_high,2.0,option_shuffle,center,
CCBench,LLaVA-NeXT-8B_Biased_Test,2000223,vcf_only,MCQ,floor_sci5_ours_aug_b0.1_g2_t0.3,Conservative-2VC2TC,conservative_full,0.0,5,0,,,,,none,none,
CCBench,LLaVA-NeXT-8B_Biased_Test,2000224,vcf_only,MCQ,both_max_center_mask_b0.2_g2.5_t0.2,Visual-CenterMask,visual_center,0.0,5,1,2.0,1,tc_os1_low,2.0,none,center,3
CCBench,LLaVA-NeXT-8B_Biased_Test,2000228,vcf_only,MCQ,floor_sci5_ours_aug_b0.1_g2_t0.3,Conservative-2VC2TC,conservative_full,0.0,5,0,,,,,none,none,
CCBench,LLaVA-NeXT-8B_Biased_Test,2000229,vcf_only,MCQ,both_max_center_mask_b0.2_g2.5_t0.2,Visual-CenterMask,visual_center,0.0,4,1,0.0,1,tc_os1_low,2.0,none,center,2
CCBench,LLaVA-NeXT-8B_Biased_Test,2000233,vcf_only,MCQ,both_max_grayscale_b0.2_g2.5_t0.2,Visual-Grayscale,visual_gray,0.0,3,1,0.0,1,tc_os1_low,1.0,none,gray,1
CCBench,LLaVA-NeXT-8B_Biased_Test,2000236,vcf_only,MCQ,both_max_grayscale_b0.2_g2.5_t0.2,Visual-Grayscale,visual_gray,0.0,3,1,0.0,1,tc_os1_low,1.0,none,gray,1
CCBench,LLaVA-NeXT-8B_Biased_Test,2000240,both,MCQ,floor_sci5_ours_aug_b0.1_g2_t0.3,Conservative-2VC2TC,conservative_full,1.0,5,0,,,,,none,none,
CCBench,LLaVA-NeXT-8B_Biased_Test,2000241,both,MCQ,floor_sci5_ours_aug_b0.1_g2_t0.3,Conservative-2VC2TC,conservative_full,0.0,5,0,,,,,none,none,
CCBench,LLaVA-NeXT-8B_Biased_Test,2000243,vcf_only,MCQ,joint_os_center_mask_b0.2_g2.5_t0.2,Joint-CenterMask-OptionShuffle1,joint_center,0.0,4,1,0.0,1,tc_os1_high,2.0,option_shuffle,center,
CCBench,LLaVA-NeXT-8B_Biased_Test,2000244,vcf_only,MCQ,joint_os_center_mask_b0.2_g2.5_t0.2,Joint-CenterMask-OptionShuffle1,joint_center,0.0,4,1,0.0,1,tc_os1_high,2.0,option_shuffle,center,
CCBench,LLaVA-NeXT-8B_Biased_Test,2000250,vcf_only,MCQ,floor_sci5_ours_aug_b0.1_g2_t0.3,Conservative-2VC2TC,conservative_full,1.0,5,0,,,,,none,none,
CCBench,LLaVA-NeXT-8B_Biased_Test,2000251,both,MCQ,floor_sci5_ours_aug_b0.1_g2_t0.3,Conservative-2VC2TC,conservative_full,1.0,5,0,,,,,none,none,
CCBench,LLaVA-NeXT-8B_Biased_Test,2000259,vcf_only,MCQ,both_max_center_mask_b0.2_g2.5_t0.2,Visual-CenterMask,visual_center,0.0,5,1,1.0,1,tc_os1_low,1.0,none,center,3
CCBench,LLaVA-NeXT-8B_Biased_Test,2000263,vcf_only,MCQ,both_max_grayscale_b0.2_g2.5_t0.2,Visual-Grayscale,visual_gray,0.0,3,1,1.0,1,tc_os1_low,1.0,none,gray,1
CCBench,LLaVA-NeXT-8B_Biased_Test,2000265,tcf_only,MCQ,floor_sci5_ours_aug_b0.1_g2_t0.3,Conservative-2VC2TC,conservative_full,0.0,5,0,,,,,none,none,
CCBench,LLaVA-NeXT-8B_Biased_Test,2000266,vcf_only,MCQ,floor_sci5_ours_aug_b0.1_g2_t0.3,Conservative-2VC2TC,conservative_full,0.0,5,0,,,,,none,none,
CCBench,LLaVA-NeXT-8B_Biased_Test,2000271,tcf_only,MCQ,floor_sci5_ours_aug_b0.1_g2_t0.3,Conservative-2VC2TC,conservative_full,0.0,5,0,,,,,none,none,
CCBench,LLaVA-NeXT-8B_Biased_Test,2000278,tcf_only,MCQ,floor_sci5_ours_aug_b0.1_g2_t0.3,Conservative-2VC2TC,conservative_full,1.0,5,0,,,,,none,none,
CCBench,LLaVA-NeXT-8B_Biased_Test,2000279,vcf_only,MCQ,both_max_grayscale_b0.2_g2.5_t0.2,Visual-Grayscale,visual_gray,0.0,3,1,1.0,1,tc_os1_low,2.0,none,gray,1
CCBench,LLaVA-NeXT-8B_Biased_Test,2000280,vcf_only,MCQ,floor_sci5_ours_aug_b0.1_g2_t0.3,Conservative-2VC2TC,conservative_full,1.0,5,0,,,,,none,none,
CCBench,LLaVA-NeXT-8B_Biased_Test,2000281,vcf_only,MCQ,both_max_grayscale_b0.2_g2.5_t0.2,Visual-Grayscale,visual_gray,1.0,3,1,0.0,1,tc_os1_low,1.0,none,gray,1
CCBench,LLaVA-NeXT-8B_Biased_Test,2000285,vcf_only,MCQ,joint_os_center_mask_b0.2_g2.5_t0.2,Joint-CenterMask-OptionShuffle1,joint_center,0.0,4,1,0.0,1,tc_os1_high,1.0,option_shuffle,center,
CCBench,LLaVA-NeXT-8B_Biased_Test,2000289,vcf_only,MCQ,joint_os_center_mask_b0.2_g2.5_t0.2,Joint-CenterMask-OptionShuffle1,joint_center,1.0,4,1,0.0,1,tc_os1_high,1.0,option_shuffle,center,
CCBench,LLaVA-NeXT-8B_Biased_Test,2000293,vcf_only,MCQ,joint_os_center_mask_b0.2_g2.5_t0.2,Joint-CenterMask-OptionShuffle1,joint_center,0.0,4,1,0.0,1,tc_os1_high,2.0,option_shuffle,center,
CCBench,LLaVA-NeXT-8B_Biased_Test,2000294,vcf_only,MCQ,joint_os_center_mask_b0.2_g2.5_t0.2,Joint-CenterMask-OptionShuffle1,joint_center,0.0,4,1,0.0,1,tc_os1_high,2.0,option_shuffle,center,
CCBench,LLaVA-NeXT-8B_Biased_Test,2000296,tcf_only,MCQ,floor_sci5_ours_aug_b0.1_g2_t0.3,Conservative-2VC2TC,conservative_full,0.0,5,0,,,,,none,none,
CCBench,LLaVA-NeXT-8B_Biased_Test,2000298,tcf_only,MCQ,floor_sci5_ours_aug_b0.1_g2_t0.3,Conservative-2VC2TC,conservative_full,1.0,5,0,,,,,none,none,
CCBench,LLaVA-NeXT-8B_Biased_Test,2000299,tcf_only,MCQ,floor_sci5_ours_aug_b0.1_g2_t0.3,Conservative-2VC2TC,conservative_full,0.0,5,0,,,,,none,none,
CCBench,LLaVA-NeXT-8B_Biased_Test,2000308,vcf_only,MCQ,floor_sci5_ours_aug_b0.1_g2_t0.3,Conservative-2VC2TC,conservative_full,0.0,5,0,,,,,none,none,
CCBench,LLaVA-NeXT-8B_Biased_Test,2000310,vcf_only,MCQ,floor_sci5_ours_aug_b0.1_g2_t0.3,Conservative-2VC2TC,conservative_full,1.0,5,0,,,,,none,none,
CCBench,LLaVA-NeXT-8B_Biased_Test,2000311,vcf_only,MCQ,floor_sci5_ours_aug_b0.1_g2_t0.3,Conservative-2VC2TC,conservative_full,0.0,5,0,,,,,none,none,
CCBench,LLaVA-NeXT-8B_Biased_Test,2000320,vcf_only,MCQ,floor_sci5_ours_aug_b0.1_g2_t0.3,Conservative-2VC2TC,conservative_full,0.0,5,0,,,,,none,none,
CCBench,LLaVA-NeXT-8B_Biased_Test,2000321,vcf_only,MCQ,floor_sci5_ours_aug_b0.1_g2_t0.3,Conservative-2VC2TC,conservative_full,1.0,5,0,,,,,none,none,
CCBench,LLaVA-NeXT-8B_Biased_Test,2000324,both,MCQ,floor_sci5_ours_aug_b0.1_g2_t0.3,Conservative-2VC2TC,conservative_full,0.0,5,0,,,,,none,none,
CCBench,LLaVA-NeXT-8B_Biased_Test,2000343,vcf_only,MCQ,floor_sci5_ours_aug_b0.1_g2_t0.3,Conservative-2VC2TC,conservative_full,0.0,5,0,,,,,none,none,
CCBench,LLaVA-NeXT-8B_Biased_Test,2000346,vcf_only,MCQ,floor_sci5_ours_aug_b0.1_g2_t0.3,Conservative-2VC2TC,conservative_full,0.0,5,0,,,,,none,none,
CCBench,LLaVA-NeXT-8B_Biased_Test,2000350,both,MCQ,floor_sci5_ours_aug_b0.1_g2_t0.3,Conservative-2VC2TC,conservative_full,0.0,5,0,,,,,none,none,
CCBench,LLaVA-NeXT-8B_Biased_Test,2000354,tcf_only,MCQ,floor_sci5_ours_aug_b0.1_g2_t0.3,Conservative-2VC2TC,conservative_full,1.0,5,0,,,,,none,none,
CCBench,LLaVA-NeXT-8B_Biased_Test,2000362,tcf_only,MCQ,floor_sci5_ours_aug_b0.1_g2_t0.3,Conservative-2VC2TC,conservative_full,0.0,5,0,,,,,none,none,
CCBench,LLaVA-NeXT-8B_Biased_Test,2000364,tcf_only,MCQ,floor_sci5_ours_aug_b0.1_g2_t0.3,Conservative-2VC2TC,conservative_full,1.0,5,0,,,,,none,none,
CCBench,LLaVA-NeXT-8B_Biased_Test,2000365,both,MCQ,floor_sci5_ours_aug_b0.1_g2_t0.3,Conservative-2VC2TC,conservative_full,0.0,5,0,,,,,none,none,
CCBench,LLaVA-NeXT-8B_Biased_Test,2000369,tcf_only,MCQ,floor_sci5_ours_aug_b0.1_g2_t0.3,Conservative-2VC2TC,conservative_full,0.0,5,0,,,,,none,none,
CCBench,LLaVA-NeXT-8B_Biased_Test,2000376,vcf_only,MCQ,floor_sci5_ours_aug_b0.1_g2_t0.3,Conservative-2VC2TC,conservative_full,0.0,5,0,,,,,none,none,
CCBench,LLaVA-NeXT-8B_Biased_Test,2000378,vcf_only,MCQ,joint_os_center_mask_b0.2_g2.5_t0.2,Joint-CenterMask-OptionShuffle1,joint_center,0.0,4,1,1.0,1,tc_os1_high,2.0,option_shuffle,center,
CCBench,LLaVA-NeXT-8B_Biased_Test,2000382,vcf_only,MCQ,floor_sci5_ours_aug_b0.1_g2_t0.3,Conservative-2VC2TC,conservative_full,0.0,5,0,,,,,none,none,
CCBench,LLaVA-NeXT-8B_Biased_Test,2000384,both,MCQ,floor_sci5_ours_aug_b0.1_g2_t0.3,Conservative-2VC2TC,conservative_full,0.0,5,0,,,,,none,none,
CCBench,LLaVA-NeXT-8B_Biased_Test,2000386,tcf_only,MCQ,floor_sci5_ours_aug_b0.1_g2_t0.3,Conservative-2VC2TC,conservative_full,0.0,5,0,,,,,none,none,
CCBench,LLaVA-NeXT-8B_Biased_Test,2000391,vcf_only,MCQ,floor_sci5_ours_aug_b0.1_g2_t0.3,Conservative-2VC2TC,conservative_full,0.0,5,0,,,,,none,none,
CCBench,LLaVA-NeXT-8B_Biased_Test,2000393,tcf_only,MCQ,floor_sci5_ours_aug_b0.1_g2_t0.3,Conservative-2VC2TC,conservative_full,0.0,5,0,,,,,none,none,
CCBench,LLaVA-NeXT-8B_Biased_Test,2000399,tcf_only,MCQ,floor_sci5_ours_aug_b0.1_g2_t0.3,Conservative-2VC2TC,conservative_full,1.0,5,0,,,,,none,none,
CCBench,LLaVA-NeXT-8B_Biased_Test,2000417,tcf_only,MCQ,floor_sci5_ours_aug_b0.1_g2_t0.3,Conservative-2VC2TC,conservative_full,1.0,5,0,,,,,none,none,
CCBench,LLaVA-NeXT-8B_Biased_Test,2000422,vcf_only,MCQ,floor_sci5_ours_aug_b0.1_g2_t0.3,Conservative-2VC2TC,conservative_full,0.0,5,0,,,,,none,none,
CCBench,LLaVA-NeXT-8B_Biased_Test,2000429,vcf_only,MCQ,joint_os_center_mask_b0.2_g2.5_t0.2,Joint-CenterMask-OptionShuffle1,joint_center,0.0,4,1,0.0,1,tc_os1_high,1.0,option_shuffle,center,
CCBench,LLaVA-NeXT-8B_Biased_Test,2000437,vcf_only,MCQ,joint_os_center_mask_b0.2_g2.5_t0.2,Joint-CenterMask-OptionShuffle1,joint_center,1.0,4,1,2.0,1,tc_os1_high,2.0,option_shuffle,center,
CCBench,LLaVA-NeXT-8B_Biased_Test,2000438,vcf_only,MCQ,both_max_grayscale_b0.2_g2.5_t0.2,Visual-Grayscale,visual_gray,0.0,3,1,0.0,1,tc_os1_low,2.0,none,gray,1
CCBench,LLaVA-NeXT-8B_Biased_Test,2000452,vcf_only,MCQ,joint_os_center_mask_b0.2_g2.5_t0.2,Joint-CenterMask-OptionShuffle1,joint_center,0.0,4,1,0.0,1,tc_os1_high,2.0,option_shuffle,center,
CCBench,LLaVA-NeXT-8B_Biased_Test,2000462,vcf_only,MCQ,floor_sci5_ours_aug_b0.1_g2_t0.3,Conservative-2VC2TC,conservative_full,0.0,5,0,,,,,none,none,
CCBench,LLaVA-NeXT-8B_Biased_Test,2000466,vcf_only,MCQ,both_max_center_mask_b0.2_g2.5_t0.2,Visual-CenterMask,visual_center,1.0,4,1,0.0,1,tc_os1_low,2.0,none,center,2
CCBench,LLaVA-NeXT-8B_Biased_Test,2000467,vcf_only,MCQ,both_max_center_mask_b0.2_g2.5_t0.2,Visual-CenterMask,visual_center,0.0,5,1,0.0,1,tc_os1_low,2.0,none,center,3
CCBench,LLaVA-NeXT-8B_Biased_Test,2000470,both,MCQ,floor_sci5_ours_aug_b0.1_g2_t0.3,Conservative-2VC2TC,conservative_full,0.0,5,0,,,,,none,none,
CCBench,LLaVA-NeXT-8B_Biased_Test,2000474,vcf_only,MCQ,floor_sci5_ours_aug_b0.1_g2_t0.3,Conservative-2VC2TC,conservative_full,1.0,5,0,,,,,none,none,
CCBench,LLaVA-NeXT-8B_Biased_Test,2000475,tcf_only,MCQ,floor_sci5_ours_aug_b0.1_g2_t0.3,Conservative-2VC2TC,conservative_full,0.0,5,0,,,,,none,none,
CCBench,LLaVA-NeXT-8B_Biased_Test,2000478,vcf_only,MCQ,joint_os_center_mask_b0.2_g2.5_t0.2,Joint-CenterMask-OptionShuffle1,joint_center,1.0,4,1,0.0,1,tc_os1_high,1.0,option_shuffle,center,
CCBench,LLaVA-NeXT-8B_Biased_Test,2000481,vcf_only,MCQ,both_max_center_mask_b0.2_g2.5_t0.2,Visual-CenterMask,visual_center,0.0,4,1,1.0,1,tc_os1_low,1.0,none,center,2
CCBench,LLaVA-NeXT-8B_Biased_Test,2000483,vcf_only,MCQ,floor_sci5_ours_aug_b0.1_g2_t0.3,Conservative-2VC2TC,conservative_full,1.0,5,0,,,,,none,none,
CCBench,LLaVA-NeXT-8B_Biased_Test,2000484,vcf_only,MCQ,floor_sci5_ours_aug_b0.1_g2_t0.3,Conservative-2VC2TC,conservative_full,1.0,5,0,,,,,none,none,
CCBench,LLaVA-NeXT-8B_Biased_Test,2000488,tcf_only,MCQ,floor_sci5_ours_aug_b0.1_g2_t0.3,Conservative-2VC2TC,conservative_full,1.0,5,0,,,,,none,none,
CCBench,LLaVA-NeXT-8B_Biased_Test,2000491,tcf_only,MCQ,floor_sci5_ours_aug_b0.1_g2_t0.3,Conservative-2VC2TC,conservative_full,0.0,5,0,,,,,none,none,
CCBench,LLaVA-NeXT-8B_Biased_Test,2000495,vcf_only,MCQ,both_max_grayscale_b0.2_g2.5_t0.2,Visual-Grayscale,visual_gray,0.0,3,1,0.0,1,tc_os1_low,2.0,none,gray,1
CCBench,LLaVA-NeXT-8B_Biased_Test,2000496,vcf_only,MCQ,both_max_grayscale_b0.2_g2.5_t0.2,Visual-Grayscale,visual_gray,1.0,3,1,0.0,1,tc_os1_low,2.0,none,gray,1
CCBench,LLaVA-NeXT-8B_Biased_Test,2000508,vcf_only,MCQ,floor_sci5_ours_aug_b0.1_g2_t0.3,Conservative-2VC2TC,conservative_full,1.0,5,0,,,,,none,none,
CCBench,LLaVA-NeXT-8B_Biased_Test,2000511,vcf_only,MCQ,both_max_grayscale_b0.2_g2.5_t0.2,Visual-Grayscale,visual_gray,1.0,3,1,0.0,1,tc_os1_low,1.0,none,gray,1
CCBench,LLaVA-NeXT-8B_Biased_Test,2000515,tcf_only,MCQ,floor_sci5_ours_aug_b0.1_g2_t0.3,Conservative-2VC2TC,conservative_full,0.0,5,0,,,,,none,none,
CCBench,LLaVA-NeXT-8B_Biased_Test,2000520,vcf_only,MCQ,both_max_center_mask_b0.2_g2.5_t0.2,Visual-CenterMask,visual_center,0.0,4,1,0.0,1,tc_os1_low,1.0,none,center,2
CCBench,LLaVA-NeXT-8B_Biased_Test,2000535,tcf_only,MCQ,floor_sci5_ours_aug_b0.1_g2_t0.3,Conservative-2VC2TC,conservative_full,0.0,5,0,,,,,none,none,
CCBench,LLaVA-NeXT-8B_Biased_Test,2000541,tcf_only,MCQ,floor_sci5_ours_aug_b0.1_g2_t0.3,Conservative-2VC2TC,conservative_full,1.0,5,0,,,,,none,none,
CCBench,LLaVA-NeXT-8B_Biased_Test,3000004,vcf_only,MCQ,joint_os_strong_blur_b0.2_g2.5_t0.2,Joint-StrongBlur-OptionShuffle1,joint_strong,0.0,3,1,0.0,1,tc_os1_high,1.0,option_shuffle,strong,
CCBench,LLaVA-NeXT-8B_Biased_Test,3000006,tcf_only,MCQ,floor_sci5_ours_aug_b0.1_g2_t0.3,Conservative-2VC2TC,conservative_full,0.0,5,0,,,,,none,none,
CCBench,LLaVA-NeXT-8B_Biased_Test,3000009,vcf_only,MCQ,both_max_grayscale_b0.2_g2.5_t0.2,Visual-Grayscale,visual_gray,0.0,3,1,0.0,1,tc_os1_low,1.0,none,gray,1
CCBench,LLaVA-NeXT-8B_Biased_Test,3000020,vcf_only,MCQ,floor_sci5_ours_aug_b0.1_g2_t0.3,Conservative-2VC2TC,conservative_full,1.0,5,0,,,,,none,none,
CCBench,LLaVA-NeXT-8B_Biased_Test,3000027,vcf_only,MCQ,floor_sci5_ours_aug_b0.1_g2_t0.3,Conservative-2VC2TC,conservative_full,1.0,5,0,,,,,none,none,
CCBench,LLaVA-NeXT-8B_Biased_Test,3000034,vcf_only,MCQ,both_max_grayscale_b0.2_g2.5_t0.2,Visual-Grayscale,visual_gray,0.0,5,1,0.0,1,tc_os1_low,1.0,none,gray,3
CCBench,LLaVA-NeXT-8B_Biased_Test,3000035,vcf_only,MCQ,both_max_grayscale_b0.2_g2.5_t0.2,Visual-Grayscale,visual_gray,0.0,5,1,0.0,1,tc_os1_low,1.0,none,gray,3
CCBench,LLaVA-NeXT-8B_Biased_Test,3000039,vcf_only,MCQ,both_max_center_mask_b0.2_g2.5_t0.2,Visual-CenterMask,visual_center,1.0,4,1,0.0,1,tc_os1_low,1.0,none,center,2
CCBench,LLaVA-NeXT-8B_Biased_Test,3000040,vcf_only,MCQ,floor_sci5_ours_aug_b0.1_g2_t0.3,Conservative-2VC2TC,conservative_full,0.0,5,0,,,,,none,none,
CCBench,LLaVA-NeXT-8B_Biased_Test,3000041,vcf_only,MCQ,both_max_grayscale_b0.2_g2.5_t0.2,Visual-Grayscale,visual_gray,0.0,5,1,0.0,1,tc_os1_low,1.0,none,gray,3
CCBench,LLaVA-NeXT-8B_Biased_Test,3000043,vcf_only,MCQ,floor_sci5_ours_aug_b0.1_g2_t0.3,Conservative-2VC2TC,conservative_full,0.0,5,0,,,,,none,none,
CCBench,LLaVA-NeXT-8B_Biased_Test,3000048,tcf_only,MCQ,floor_sci5_ours_aug_b0.1_g2_t0.3,Conservative-2VC2TC,conservative_full,1.0,5,0,,,,,none,none,
CCBench,LLaVA-NeXT-8B_Biased_Test,3000054,both,MCQ,floor_sci5_ours_aug_b0.1_g2_t0.3,Conservative-2VC2TC,conservative_full,1.0,5,0,,,,,none,none,
CCBench,LLaVA-NeXT-8B_Biased_Test,3000056,vcf_only,MCQ,both_max_grayscale_b0.2_g2.5_t0.2,Visual-Grayscale,visual_gray,0.0,3,1,0.0,1,tc_os1_low,1.0,none,gray,1
CCBench,LLaVA-NeXT-8B_Biased_Test,3000060,vcf_only,MCQ,floor_sci5_ours_aug_b0.1_g2_t0.3,Conservative-2VC2TC,conservative_full,0.0,5,0,,,,,none,none,
CCBench,LLaVA-NeXT-8B_Biased_Test,3000066,vcf_only,MCQ,both_max_grayscale_b0.2_g2.5_t0.2,Visual-Grayscale,visual_gray,1.0,3,1,0.0,1,tc_os1_low,1.0,none,gray,1
CCBench,LLaVA-NeXT-8B_Biased_Test,3000067,vcf_only,MCQ,both_max_grayscale_b0.2_g2.5_t0.2,Visual-Grayscale,visual_gray,0.0,5,1,0.0,1,tc_os1_low,1.0,none,gray,3
CCBench,LLaVA-NeXT-8B_Biased_Test,3000069,vcf_only,MCQ,floor_sci5_ours_aug_b0.1_g2_t0.3,Conservative-2VC2TC,conservative_full,0.0,5,0,,,,,none,none,
CCBench,LLaVA-NeXT-8B_Biased_Test,3000070,vcf_only,MCQ,both_max_center_mask_b0.2_g2.5_t0.2,Visual-CenterMask,visual_center,0.0,4,1,0.0,1,tc_os1_low,2.0,none,center,2
CCBench,LLaVA-NeXT-8B_Biased_Test,3000071,vcf_only,MCQ,joint_os_center_mask_b0.2_g2.5_t0.2,Joint-CenterMask-OptionShuffle1,joint_center,0.0,4,1,0.0,1,tc_os1_high,2.0,option_shuffle,center,
CCBench,LLaVA-NeXT-8B_Biased_Test,3000083,vcf_only,MCQ,both_max_grayscale_b0.2_g2.5_t0.2,Visual-Grayscale,visual_gray,1.0,3,1,1.0,1,tc_os1_low,1.0,none,gray,1
CCBench,LLaVA-NeXT-8B_Biased_Test,3000087,vcf_only,MCQ,both_max_grayscale_b0.2_g2.5_t0.2,Visual-Grayscale,visual_gray,0.0,5,1,0.0,1,tc_os1_low,2.0,none,gray,3
CCBench,LLaVA-NeXT-8B_Biased_Test,3000088,both,MCQ,floor_sci5_ours_aug_b0.1_g2_t0.3,Conservative-2VC2TC,conservative_full,0.0,5,0,,,,,none,none,
CCBench,LLaVA-NeXT-8B_Biased_Test,3000091,tcf_only,MCQ,floor_sci5_ours_aug_b0.1_g2_t0.3,Conservative-2VC2TC,conservative_full,1.0,5,0,,,,,none,none,
CCBench,LLaVA-NeXT-8B_Biased_Test,3000092,vcf_only,MCQ,joint_os_center_mask_b0.2_g2.5_t0.2,Joint-CenterMask-OptionShuffle1,joint_center,0.0,4,1,0.0,1,tc_os1_high,2.0,option_shuffle,center,
CCBench,LLaVA-NeXT-8B_Biased_Test,3000096,vcf_only,MCQ,floor_sci5_ours_aug_b0.1_g2_t0.3,Conservative-2VC2TC,conservative_full,0.0,5,0,,,,,none,none,
CCBench,LLaVA-NeXT-8B_Biased_Test,3000103,vcf_only,MCQ,floor_sci5_ours_aug_b0.1_g2_t0.3,Conservative-2VC2TC,conservative_full,0.0,5,0,,,,,none,none,
CCBench,LLaVA-NeXT-8B_Biased_Test,3000107,vcf_only,MCQ,joint_os_center_mask_b0.2_g2.5_t0.2,Joint-CenterMask-OptionShuffle1,joint_center,1.0,4,1,0.0,1,tc_os1_high,1.0,option_shuffle,center,
CCBench,LLaVA-NeXT-8B_Biased_Test,3000112,tcf_only,MCQ,floor_sci5_ours_aug_b0.1_g2_t0.3,Conservative-2VC2TC,conservative_full,0.0,5,0,,,,,none,none,
CCBench,LLaVA-NeXT-8B_Biased_Test,3000119,tcf_only,MCQ,floor_sci5_ours_aug_b0.1_g2_t0.3,Conservative-2VC2TC,conservative_full,1.0,5,0,,,,,none,none,
CCBench,LLaVA-NeXT-8B_Biased_Test,3000123,vcf_only,MCQ,both_max_grayscale_b0.2_g2.5_t0.2,Visual-Grayscale,visual_gray,0.0,3,1,0.0,1,tc_os1_low,2.0,none,gray,1
CCBench,LLaVA-NeXT-8B_Biased_Test,3000124,vcf_only,MCQ,floor_sci5_ours_aug_b0.1_g2_t0.3,Conservative-2VC2TC,conservative_full,0.0,5,0,,,,,none,none,
CCBench,LLaVA-NeXT-8B_Biased_Test,3000125,both,MCQ,floor_sci5_ours_aug_b0.1_g2_t0.3,Conservative-2VC2TC,conservative_full,0.0,5,0,,,,,none,none,
CCBench,LLaVA-NeXT-8B_Biased_Test,3000127,vcf_only,MCQ,floor_sci5_ours_aug_b0.1_g2_t0.3,Conservative-2VC2TC,conservative_full,0.0,5,0,,,,,none,none,
CCBench,LLaVA-NeXT-8B_Biased_Test,3000128,vcf_only,MCQ,joint_os_center_mask_b0.2_g2.5_t0.2,Joint-CenterMask-OptionShuffle1,joint_center,0.0,4,1,0.0,1,tc_os1_high,2.0,option_shuffle,center,
CCBench,LLaVA-NeXT-8B_Biased_Test,3000129,vcf_only,MCQ,joint_os_center_mask_b0.2_g2.5_t0.2,Joint-CenterMask-OptionShuffle1,joint_center,0.0,4,1,0.0,1,tc_os1_high,2.0,option_shuffle,center,
CCBench,LLaVA-NeXT-8B_Biased_Test,3000133,vcf_only,MCQ,joint_os_center_mask_b0.2_g2.5_t0.2,Joint-CenterMask-OptionShuffle1,joint_center,1.0,4,1,0.0,1,tc_os1_high,2.0,option_shuffle,center,
CCBench,LLaVA-NeXT-8B_Biased_Test,3000137,vcf_only,MCQ,both_max_grayscale_b0.2_g2.5_t0.2,Visual-Grayscale,visual_gray,0.0,3,1,0.0,1,tc_os1_low,2.0,none,gray,1
CCBench,LLaVA-NeXT-8B_Biased_Test,3000138,vcf_only,MCQ,both_max_grayscale_b0.2_g2.5_t0.2,Visual-Grayscale,visual_gray,0.0,5,1,0.0,1,tc_os1_low,2.0,none,gray,3
CCBench,LLaVA-NeXT-8B_Biased_Test,3000139,vcf_only,MCQ,floor_sci5_ours_aug_b0.1_g2_t0.3,Conservative-2VC2TC,conservative_full,0.0,5,0,,,,,none,none,
CCBench,LLaVA-NeXT-8B_Biased_Test,3000148,vcf_only,MCQ,floor_sci5_ours_aug_b0.1_g2_t0.3,Conservative-2VC2TC,conservative_full,0.0,5,1,0.0,1,tc_os1_low,0.0,none,none,
CCBench,LLaVA-NeXT-8B_Biased_Test,3000155,vcf_only,MCQ,floor_sci5_ours_aug_b0.1_g2_t0.3,Conservative-2VC2TC,conservative_full,0.0,5,0,,,,,none,none,
CCBench,LLaVA-NeXT-8B_Biased_Test,3000159,tcf_only,MCQ,floor_sci5_ours_aug_b0.1_g2_t0.3,Conservative-2VC2TC,conservative_full,0.0,5,0,,,,,none,none,
CCBench,LLaVA-NeXT-8B_Biased_Test,3000164,vcf_only,MCQ,floor_sci5_ours_aug_b0.1_g2_t0.3,Conservative-2VC2TC,conservative_full,0.0,5,0,,,,,none,none,
CCBench,LLaVA-NeXT-8B_Biased_Test,3000167,vcf_only,MCQ,floor_sci5_ours_aug_b0.1_g2_t0.3,Conservative-2VC2TC,conservative_full,1.0,5,0,,,,,none,none,
CCBench,LLaVA-NeXT-8B_Biased_Test,3000176,tcf_only,MCQ,floor_sci5_ours_aug_b0.1_g2_t0.3,Conservative-2VC2TC,conservative_full,0.0,5,0,,,,,none,none,
CCBench,LLaVA-NeXT-8B_Biased_Test,3000181,vcf_only,MCQ,floor_sci5_ours_aug_b0.1_g2_t0.3,Conservative-2VC2TC,conservative_full,0.0,5,0,,,,,none,none,
CCBench,LLaVA-NeXT-8B_Biased_Test,3000183,vcf_only,MCQ,both_max_grayscale_b0.2_g2.5_t0.2,Visual-Grayscale,visual_gray,0.0,5,1,0.0,1,tc_os1_low,2.0,none,gray,3
CCBench,LLaVA-NeXT-8B_Biased_Test,3000185,vcf_only,MCQ,floor_sci5_ours_aug_b0.1_g2_t0.3,Conservative-2VC2TC,conservative_full,0.0,5,0,,,,,none,none,
CCBench,LLaVA-NeXT-8B_Biased_Test,3000188,vcf_only,MCQ,b5_tc_os1_direct,Text-OptionShuffle1,text,0.0,2,1,1.0,1,tc_os1_high,0.0,option_shuffle,none,
CCBench,LLaVA-NeXT-8B_Biased_Test,3000189,vcf_only,MCQ,floor_sci5_ours_aug_b0.1_g2_t0.3,Conservative-2VC2TC,conservative_full,0.0,5,0,,,,,none,none,
CCBench,LLaVA-NeXT-8B_Biased_Test,3000190,tcf_only,MCQ,floor_sci5_ours_aug_b0.1_g2_t0.3,Conservative-2VC2TC,conservative_full,0.0,5,0,,,,,none,none,
CCBench,LLaVA-NeXT-8B_Biased_Test,3000191,tcf_only,MCQ,floor_sci5_ours_aug_b0.1_g2_t0.3,Conservative-2VC2TC,conservative_full,1.0,5,0,,,,,none,none,
CCBench,LLaVA-NeXT-8B_Biased_Test,3000193,vcf_only,MCQ,both_max_grayscale_b0.2_g2.5_t0.2,Visual-Grayscale,visual_gray,0.0,3,1,0.0,1,tc_os1_low,2.0,none,gray,1
CCBench,LLaVA-NeXT-8B_Biased_Test,3000194,vcf_only,MCQ,floor_sci5_ours_aug_b0.1_g2_t0.3,Conservative-2VC2TC,conservative_full,0.0,5,0,,,,,none,none,
CCBench,LLaVA-NeXT-8B_Biased_Test,3000195,vcf_only,MCQ,floor_sci5_ours_aug_b0.1_g2_t0.3,Conservative-2VC2TC,conservative_full,0.0,5,0,,,,,none,none,
CCBench,LLaVA-NeXT-8B_Biased_Test,3000198,vcf_only,MCQ,floor_sci5_ours_aug_b0.1_g2_t0.3,Conservative-2VC2TC,conservative_full,0.0,5,0,,,,,none,none,
CCBench,LLaVA-NeXT-8B_Biased_Test,3000200,vcf_only,MCQ,both_max_grayscale_b0.2_g2.5_t0.2,Visual-Grayscale,visual_gray,1.0,3,1,0.0,1,tc_os1_low,1.0,none,gray,1
CCBench,LLaVA-NeXT-8B_Biased_Test,3000201,vcf_only,MCQ,floor_sci5_ours_aug_b0.1_g2_t0.3,Conservative-2VC2TC,conservative_full,1.0,5,0,,,,,none,none,
CCBench,LLaVA-NeXT-8B_Biased_Test,3000210,vcf_only,MCQ,floor_sci5_ours_aug_b0.1_g2_t0.3,Conservative-2VC2TC,conservative_full,0.0,5,0,,,,,none,none,
CCBench,LLaVA-NeXT-8B_Biased_Test,3000213,tcf_only,MCQ,floor_sci5_ours_aug_b0.1_g2_t0.3,Conservative-2VC2TC,conservative_full,0.0,5,0,,,,,none,none,
CCBench,LLaVA-NeXT-8B_Biased_Test,3000214,both,MCQ,floor_sci5_ours_aug_b0.1_g2_t0.3,Conservative-2VC2TC,conservative_full,1.0,5,0,,,,,none,none,
CCBench,LLaVA-NeXT-8B_Biased_Test,3000218,vcf_only,MCQ,both_max_grayscale_b0.2_g2.5_t0.2,Visual-Grayscale,visual_gray,0.0,5,1,0.0,1,tc_os1_low,2.0,none,gray,3
CCBench,LLaVA-NeXT-8B_Biased_Test,3000219,vcf_only,MCQ,both_max_grayscale_b0.2_g2.5_t0.2,Visual-Grayscale,visual_gray,0.0,3,1,0.0,1,tc_os1_low,2.0,none,gray,1
CCBench,LLaVA-NeXT-8B_Biased_Test,3000221,vcf_only,MCQ,both_max_center_mask_b0.2_g2.5_t0.2,Visual-CenterMask,visual_center,0.0,4,1,0.0,1,tc_os1_low,2.0,none,center,2
CCBench,LLaVA-NeXT-8B_Biased_Test,3000228,vcf_only,MCQ,floor_sci5_ours_aug_b0.1_g2_t0.3,Conservative-2VC2TC,conservative_full,0.0,5,0,,,,,none,none,
CCBench,LLaVA-NeXT-8B_Biased_Test,3000229,vcf_only,MCQ,both_max_center_mask_b0.2_g2.5_t0.2,Visual-CenterMask,visual_center,1.0,4,1,1.0,1,tc_os1_low,2.0,none,center,2
CCBench,LLaVA-NeXT-8B_Biased_Test,3000230,tcf_only,MCQ,floor_sci5_ours_aug_b0.1_g2_t0.3,Conservative-2VC2TC,conservative_full,0.0,5,0,,,,,none,none,
CCBench,LLaVA-NeXT-8B_Biased_Test,3000233,vcf_only,MCQ,both_max_grayscale_b0.2_g2.5_t0.2,Visual-Grayscale,visual_gray,0.0,3,1,0.0,1,tc_os1_low,1.0,none,gray,1
CCBench,LLaVA-NeXT-8B_Biased_Test,3000236,vcf_only,MCQ,floor_sci5_ours_aug_b0.1_g2_t0.3,Conservative-2VC2TC,conservative_full,0.0,5,1,0.0,1,tc_os1_low,0.0,none,none,
CCBench,LLaVA-NeXT-8B_Biased_Test,3000240,vcf_only,MCQ,floor_sci5_ours_aug_b0.1_g2_t0.3,Conservative-2VC2TC,conservative_full,0.0,5,0,,,,,none,none,
CCBench,LLaVA-NeXT-8B_Biased_Test,3000243,vcf_only,MCQ,joint_os_center_mask_b0.2_g2.5_t0.2,Joint-CenterMask-OptionShuffle1,joint_center,0.0,4,1,0.0,1,tc_os1_high,2.0,option_shuffle,center,
CCBench,LLaVA-NeXT-8B_Biased_Test,3000244,vcf_only,MCQ,both_max_center_mask_b0.2_g2.5_t0.2,Visual-CenterMask,visual_center,0.0,4,1,0.0,1,tc_os1_low,2.0,none,center,2
CCBench,LLaVA-NeXT-8B_Biased_Test,3000250,vcf_only,MCQ,floor_sci5_ours_aug_b0.1_g2_t0.3,Conservative-2VC2TC,conservative_full,1.0,5,0,,,,,none,none,
CCBench,LLaVA-NeXT-8B_Biased_Test,3000259,vcf_only,MCQ,both_max_center_mask_b0.2_g2.5_t0.2,Visual-CenterMask,visual_center,0.0,5,1,0.0,1,tc_os1_low,1.0,none,center,3
CCBench,LLaVA-NeXT-8B_Biased_Test,3000261,vcf_only,MCQ,floor_sci5_ours_aug_b0.1_g2_t0.3,Conservative-2VC2TC,conservative_full,1.0,5,0,,,,,none,none,
CCBench,LLaVA-NeXT-8B_Biased_Test,3000263,vcf_only,MCQ,both_max_grayscale_b0.2_g2.5_t0.2,Visual-Grayscale,visual_gray,0.0,3,1,2.0,1,tc_os1_low,1.0,none,gray,1
CCBench,LLaVA-NeXT-8B_Biased_Test,3000264,both,MCQ,floor_sci5_ours_aug_b0.1_g2_t0.3,Conservative-2VC2TC,conservative_full,0.0,5,0,,,,,none,none,
CCBench,LLaVA-NeXT-8B_Biased_Test,3000265,vcf_only,MCQ,floor_sci5_ours_aug_b0.1_g2_t0.3,Conservative-2VC2TC,conservative_full,0.0,5,0,,,,,none,none,
CCBench,LLaVA-NeXT-8B_Biased_Test,3000266,vcf_only,MCQ,joint_os_center_mask_b0.2_g2.5_t0.2,Joint-CenterMask-OptionShuffle1,joint_center,0.0,4,1,0.0,1,tc_os1_high,2.0,option_shuffle,center,
CCBench,LLaVA-NeXT-8B_Biased_Test,3000274,vcf_only,MCQ,floor_sci5_ours_aug_b0.1_g2_t0.3,Conservative-2VC2TC,conservative_full,1.0,5,0,,,,,none,none,
CCBench,LLaVA-NeXT-8B_Biased_Test,3000276,vcf_only,MCQ,floor_sci5_ours_aug_b0.1_g2_t0.3,Conservative-2VC2TC,conservative_full,1.0,5,0,,,,,none,none,
CCBench,LLaVA-NeXT-8B_Biased_Test,3000278,vcf_only,MCQ,floor_sci5_ours_aug_b0.1_g2_t0.3,Conservative-2VC2TC,conservative_full,0.0,5,0,,,,,none,none,
CCBench,LLaVA-NeXT-8B_Biased_Test,3000279,vcf_only,MCQ,floor_sci5_ours_aug_b0.1_g2_t0.3,Conservative-2VC2TC,conservative_full,0.0,5,0,,,,,none,none,
CCBench,LLaVA-NeXT-8B_Biased_Test,3000280,vcf_only,MCQ,floor_sci5_ours_aug_b0.1_g2_t0.3,Conservative-2VC2TC,conservative_full,1.0,5,0,,,,,none,none,
CCBench,LLaVA-NeXT-8B_Biased_Test,3000285,vcf_only,MCQ,both_max_center_mask_b0.2_g2.5_t0.2,Visual-CenterMask,visual_center,1.0,4,1,0.0,1,tc_os1_low,2.0,none,center,2
CCBench,LLaVA-NeXT-8B_Biased_Test,3000289,vcf_only,MCQ,both_max_center_mask_b0.2_g2.5_t0.2,Visual-CenterMask,visual_center,1.0,4,1,0.0,1,tc_os1_low,2.0,none,center,2
CCBench,LLaVA-NeXT-8B_Biased_Test,3000296,vcf_only,MCQ,floor_sci5_ours_aug_b0.1_g2_t0.3,Conservative-2VC2TC,conservative_full,0.0,5,0,,,,,none,none,
CCBench,LLaVA-NeXT-8B_Biased_Test,3000299,vcf_only,MCQ,floor_sci5_ours_aug_b0.1_g2_t0.3,Conservative-2VC2TC,conservative_full,0.0,5,0,,,,,none,none,
CCBench,LLaVA-NeXT-8B_Biased_Test,3000311,both,MCQ,floor_sci5_ours_aug_b0.1_g2_t0.3,Conservative-2VC2TC,conservative_full,0.0,5,0,,,,,none,none,
CCBench,LLaVA-NeXT-8B_Biased_Test,3000313,vcf_only,MCQ,floor_sci5_ours_aug_b0.1_g2_t0.3,Conservative-2VC2TC,conservative_full,0.0,5,0,,,,,none,none,
CCBench,LLaVA-NeXT-8B_Biased_Test,3000315,vcf_only,MCQ,both_max_center_mask_b0.2_g2.5_t0.2,Visual-CenterMask,visual_center,0.0,5,1,2.0,1,tc_os1_low,1.0,none,center,3
CCBench,LLaVA-NeXT-8B_Biased_Test,3000319,vcf_only,MCQ,floor_sci5_ours_aug_b0.1_g2_t0.3,Conservative-2VC2TC,conservative_full,0.0,5,0,,,,,none,none,
CCBench,LLaVA-NeXT-8B_Biased_Test,3000320,both,MCQ,floor_sci5_ours_aug_b0.1_g2_t0.3,Conservative-2VC2TC,conservative_full,0.0,5,0,,,,,none,none,
CCBench,LLaVA-NeXT-8B_Biased_Test,3000323,tcf_only,MCQ,floor_sci5_ours_aug_b0.1_g2_t0.3,Conservative-2VC2TC,conservative_full,0.0,5,0,,,,,none,none,
CCBench,LLaVA-NeXT-8B_Biased_Test,3000324,vcf_only,MCQ,floor_sci5_ours_aug_b0.1_g2_t0.3,Conservative-2VC2TC,conservative_full,0.0,5,0,,,,,none,none,
CCBench,LLaVA-NeXT-8B_Biased_Test,3000325,tcf_only,MCQ,floor_sci5_ours_aug_b0.1_g2_t0.3,Conservative-2VC2TC,conservative_full,1.0,5,0,,,,,none,none,
CCBench,LLaVA-NeXT-8B_Biased_Test,3000329,vcf_only,MCQ,floor_sci5_ours_aug_b0.1_g2_t0.3,Conservative-2VC2TC,conservative_full,0.0,5,0,,,,,none,none,
CCBench,LLaVA-NeXT-8B_Biased_Test,3000331,tcf_only,MCQ,floor_sci5_ours_aug_b0.1_g2_t0.3,Conservative-2VC2TC,conservative_full,0.0,5,0,,,,,none,none,
CCBench,LLaVA-NeXT-8B_Biased_Test,3000340,both,MCQ,floor_sci5_ours_aug_b0.1_g2_t0.3,Conservative-2VC2TC,conservative_full,0.0,5,0,,,,,none,none,
CCBench,LLaVA-NeXT-8B_Biased_Test,3000343,both,MCQ,floor_sci5_ours_aug_b0.1_g2_t0.3,Conservative-2VC2TC,conservative_full,0.0,5,0,,,,,none,none,
CCBench,LLaVA-NeXT-8B_Biased_Test,3000345,tcf_only,MCQ,floor_sci5_ours_aug_b0.1_g2_t0.3,Conservative-2VC2TC,conservative_full,0.0,5,0,,,,,none,none,
CCBench,LLaVA-NeXT-8B_Biased_Test,3000346,tcf_only,MCQ,floor_sci5_ours_aug_b0.1_g2_t0.3,Conservative-2VC2TC,conservative_full,0.0,5,0,,,,,none,none,
CCBench,LLaVA-NeXT-8B_Biased_Test,3000350,vcf_only,MCQ,floor_sci5_ours_aug_b0.1_g2_t0.3,Conservative-2VC2TC,conservative_full,0.0,5,0,,,,,none,none,
CCBench,LLaVA-NeXT-8B_Biased_Test,3000352,vcf_only,MCQ,floor_sci5_ours_aug_b0.1_g2_t0.3,Conservative-2VC2TC,conservative_full,0.0,5,0,,,,,none,none,
CCBench,LLaVA-NeXT-8B_Biased_Test,3000355,tcf_only,MCQ,floor_sci5_ours_aug_b0.1_g2_t0.3,Conservative-2VC2TC,conservative_full,0.0,5,0,,,,,none,none,
CCBench,LLaVA-NeXT-8B_Biased_Test,3000356,vcf_only,MCQ,floor_sci5_ours_aug_b0.1_g2_t0.3,Conservative-2VC2TC,conservative_full,0.0,5,0,,,,,none,none,
CCBench,LLaVA-NeXT-8B_Biased_Test,3000360,vcf_only,MCQ,floor_sci5_ours_aug_b0.1_g2_t0.3,Conservative-2VC2TC,conservative_full,1.0,5,0,,,,,none,none,
CCBench,LLaVA-NeXT-8B_Biased_Test,3000364,vcf_only,MCQ,floor_sci5_ours_aug_b0.1_g2_t0.3,Conservative-2VC2TC,conservative_full,0.0,5,0,,,,,none,none,
CCBench,LLaVA-NeXT-8B_Biased_Test,3000365,tcf_only,MCQ,floor_sci5_ours_aug_b0.1_g2_t0.3,Conservative-2VC2TC,conservative_full,0.0,5,0,,,,,none,none,
CCBench,LLaVA-NeXT-8B_Biased_Test,3000367,vcf_only,MCQ,floor_sci5_ours_aug_b0.1_g2_t0.3,Conservative-2VC2TC,conservative_full,0.0,5,0,,,,,none,none,
CCBench,LLaVA-NeXT-8B_Biased_Test,3000368,tcf_only,MCQ,floor_sci5_ours_aug_b0.1_g2_t0.3,Conservative-2VC2TC,conservative_full,1.0,5,0,,,,,none,none,
CCBench,LLaVA-NeXT-8B_Biased_Test,3000369,tcf_only,MCQ,floor_sci5_ours_aug_b0.1_g2_t0.3,Conservative-2VC2TC,conservative_full,0.0,5,0,,,,,none,none,
CCBench,LLaVA-NeXT-8B_Biased_Test,3000370,vcf_only,MCQ,floor_sci5_ours_aug_b0.1_g2_t0.3,Conservative-2VC2TC,conservative_full,0.0,5,0,,,,,none,none,
CCBench,LLaVA-NeXT-8B_Biased_Test,3000376,tcf_only,MCQ,floor_sci5_ours_aug_b0.1_g2_t0.3,Conservative-2VC2TC,conservative_full,0.0,5,0,,,,,none,none,
CCBench,LLaVA-NeXT-8B_Biased_Test,3000384,both,MCQ,floor_sci5_ours_aug_b0.1_g2_t0.3,Conservative-2VC2TC,conservative_full,0.0,5,0,,,,,none,none,
CCBench,LLaVA-NeXT-8B_Biased_Test,3000386,vcf_only,MCQ,floor_sci5_ours_aug_b0.1_g2_t0.3,Conservative-2VC2TC,conservative_full,0.0,5,0,,,,,none,none,
CCBench,LLaVA-NeXT-8B_Biased_Test,3000387,tcf_only,MCQ,floor_sci5_ours_aug_b0.1_g2_t0.3,Conservative-2VC2TC,conservative_full,1.0,5,0,,,,,none,none,
CCBench,LLaVA-NeXT-8B_Biased_Test,3000391,tcf_only,MCQ,floor_sci5_ours_aug_b0.1_g2_t0.3,Conservative-2VC2TC,conservative_full,0.0,5,0,,,,,none,none,
CCBench,LLaVA-NeXT-8B_Biased_Test,3000393,tcf_only,MCQ,floor_sci5_ours_aug_b0.1_g2_t0.3,Conservative-2VC2TC,conservative_full,0.0,5,0,,,,,none,none,
CCBench,LLaVA-NeXT-8B_Biased_Test,3000397,tcf_only,MCQ,floor_sci5_ours_aug_b0.1_g2_t0.3,Conservative-2VC2TC,conservative_full,0.0,5,0,,,,,none,none,
CCBench,LLaVA-NeXT-8B_Biased_Test,3000404,vcf_only,MCQ,both_max_grayscale_b0.2_g2.5_t0.2,Visual-Grayscale,visual_gray,1.0,3,1,0.0,1,tc_os1_low,2.0,none,gray,1
CCBench,LLaVA-NeXT-8B_Biased_Test,3000406,vcf_only,MCQ,floor_sci5_ours_aug_b0.1_g2_t0.3,Conservative-2VC2TC,conservative_full,0.0,5,0,,,,,none,none,
CCBench,LLaVA-NeXT-8B_Biased_Test,3000417,tcf_only,MCQ,floor_sci5_ours_aug_b0.1_g2_t0.3,Conservative-2VC2TC,conservative_full,1.0,5,0,,,,,none,none,
CCBench,LLaVA-NeXT-8B_Biased_Test,3000429,vcf_only,MCQ,both_max_grayscale_b0.2_g2.5_t0.2,Visual-Grayscale,visual_gray,0.0,5,1,0.0,1,tc_os1_low,1.0,none,gray,3
CCBench,LLaVA-NeXT-8B_Biased_Test,3000436,vcf_only,MCQ,floor_sci5_ours_aug_b0.1_g2_t0.3,Conservative-2VC2TC,conservative_full,0.0,5,0,,,,,none,none,
CCBench,LLaVA-NeXT-8B_Biased_Test,3000437,vcf_only,MCQ,both_max_center_mask_b0.2_g2.5_t0.2,Visual-CenterMask,visual_center,0.0,5,1,1.0,1,tc_os1_low,2.0,none,center,3
CCBench,LLaVA-NeXT-8B_Biased_Test,3000438,both,MCQ,floor_sci5_ours_aug_b0.1_g2_t0.3,Conservative-2VC2TC,conservative_full,0.0,5,0,,,,,none,none,
CCBench,LLaVA-NeXT-8B_Biased_Test,3000452,vcf_only,MCQ,both_max_grayscale_b0.2_g2.5_t0.2,Visual-Grayscale,visual_gray,0.0,3,1,0.0,1,tc_os1_low,1.0,none,gray,1
CCBench,LLaVA-NeXT-8B_Biased_Test,3000458,vcf_only,MCQ,joint_os_strong_blur_b0.2_g2.5_t0.2,Joint-StrongBlur-OptionShuffle1,joint_strong,1.0,3,1,1.0,1,tc_os1_high,2.0,option_shuffle,strong,
CCBench,LLaVA-NeXT-8B_Biased_Test,3000461,vcf_only,MCQ,floor_sci5_ours_aug_b0.1_g2_t0.3,Conservative-2VC2TC,conservative_full,0.0,5,0,,,,,none,none,
CCBench,LLaVA-NeXT-8B_Biased_Test,3000462,both,MCQ,floor_sci5_ours_aug_b0.1_g2_t0.3,Conservative-2VC2TC,conservative_full,0.0,5,0,,,,,none,none,
CCBench,LLaVA-NeXT-8B_Biased_Test,3000466,vcf_only,MCQ,joint_os_center_mask_b0.2_g2.5_t0.2,Joint-CenterMask-OptionShuffle1,joint_center,0.0,4,1,0.0,1,tc_os1_high,2.0,option_shuffle,center,
CCBench,LLaVA-NeXT-8B_Biased_Test,3000467,vcf_only,MCQ,joint_os_center_mask_b0.2_g2.5_t0.2,Joint-CenterMask-OptionShuffle1,joint_center,0.0,4,1,0.0,1,tc_os1_high,2.0,option_shuffle,center,
CCBench,LLaVA-NeXT-8B_Biased_Test,3000473,tcf_only,MCQ,floor_sci5_ours_aug_b0.1_g2_t0.3,Conservative-2VC2TC,conservative_full,1.0,5,0,,,,,none,none,
CCBench,LLaVA-NeXT-8B_Biased_Test,3000478,vcf_only,MCQ,joint_os_center_mask_b0.2_g2.5_t0.2,Joint-CenterMask-OptionShuffle1,joint_center,0.0,4,1,0.0,1,tc_os1_high,1.0,option_shuffle,center,
CCBench,LLaVA-NeXT-8B_Biased_Test,3000481,vcf_only,MCQ,floor_sci5_ours_aug_b0.1_g2_t0.3,Conservative-2VC2TC,conservative_full,0.0,5,0,,,,,none,none,
CCBench,LLaVA-NeXT-8B_Biased_Test,3000484,tcf_only,MCQ,floor_sci5_ours_aug_b0.1_g2_t0.3,Conservative-2VC2TC,conservative_full,0.0,5,0,,,,,none,none,
CCBench,LLaVA-NeXT-8B_Biased_Test,3000485,tcf_only,MCQ,floor_sci5_ours_aug_b0.1_g2_t0.3,Conservative-2VC2TC,conservative_full,0.0,5,0,,,,,none,none,
CCBench,LLaVA-NeXT-8B_Biased_Test,3000488,both,MCQ,floor_sci5_ours_aug_b0.1_g2_t0.3,Conservative-2VC2TC,conservative_full,1.0,5,0,,,,,none,none,
CCBench,LLaVA-NeXT-8B_Biased_Test,3000493,vcf_only,MCQ,both_max_grayscale_b0.2_g2.5_t0.2,Visual-Grayscale,visual_gray,1.0,3,1,0.0,1,tc_os1_low,2.0,none,gray,1
CCBench,LLaVA-NeXT-8B_Biased_Test,3000495,vcf_only,MCQ,joint_os_center_mask_b0.2_g2.5_t0.2,Joint-CenterMask-OptionShuffle1,joint_center,0.0,4,1,0.0,1,tc_os1_high,1.0,option_shuffle,center,
CCBench,LLaVA-NeXT-8B_Biased_Test,3000496,vcf_only,MCQ,both_max_grayscale_b0.2_g2.5_t0.2,Visual-Grayscale,visual_gray,1.0,3,1,0.0,1,tc_os1_low,1.0,none,gray,1
CCBench,LLaVA-NeXT-8B_Biased_Test,3000498,vcf_only,MCQ,floor_sci5_ours_aug_b0.1_g2_t0.3,Conservative-2VC2TC,conservative_full,0.0,5,0,,,,,none,none,
CCBench,LLaVA-NeXT-8B_Biased_Test,3000506,vcf_only,MCQ,floor_sci5_ours_aug_b0.1_g2_t0.3,Conservative-2VC2TC,conservative_full,0.0,5,0,,,,,none,none,
CCBench,LLaVA-NeXT-8B_Biased_Test,3000507,tcf_only,MCQ,floor_sci5_ours_aug_b0.1_g2_t0.3,Conservative-2VC2TC,conservative_full,1.0,5,0,,,,,none,none,
CCBench,LLaVA-NeXT-8B_Biased_Test,3000508,vcf_only,MCQ,both_max_center_mask_b0.2_g2.5_t0.2,Visual-CenterMask,visual_center,0.0,4,1,0.0,1,tc_os1_low,2.0,none,center,2
CCBench,LLaVA-NeXT-8B_Biased_Test,3000511,vcf_only,MCQ,both_max_grayscale_b0.2_g2.5_t0.2,Visual-Grayscale,visual_gray,1.0,5,1,0.0,1,tc_os1_low,2.0,none,gray,3
CCBench,LLaVA-NeXT-8B_Biased_Test,3000512,tcf_only,MCQ,floor_sci5_ours_aug_b0.1_g2_t0.3,Conservative-2VC2TC,conservative_full,0.0,5,0,,,,,none,none,
CCBench,LLaVA-NeXT-8B_Biased_Test,3000515,tcf_only,MCQ,floor_sci5_ours_aug_b0.1_g2_t0.3,Conservative-2VC2TC,conservative_full,0.0,5,0,,,,,none,none,
CCBench,LLaVA-NeXT-8B_Biased_Test,3000530,vcf_only,MCQ,floor_sci5_ours_aug_b0.1_g2_t0.3,Conservative-2VC2TC,conservative_full,0.0,5,0,,,,,none,none,
MMBench_DEV_EN_V11,LLaVA-NeXT-8B_Biased_Test,308,tcf_only,MCQ,floor_sci5_ours_aug_b0.1_g2_t0.3,Conservative-2VC2TC,conservative_full,0.0,5,0,,,,,none,none,
MMBench_DEV_EN_V11,LLaVA-NeXT-8B_Biased_Test,313,tcf_only,MCQ,floor_sci5_ours_aug_b0.1_g2_t0.3,Conservative-2VC2TC,conservative_full,0.0,5,0,,,,,none,none,
MMBench_DEV_EN_V11,LLaVA-NeXT-8B_Biased_Test,407,both,MCQ,floor_sci5_ours_aug_b0.1_g2_t0.3,Conservative-2VC2TC,conservative_full,0.0,5,0,,,,,none,none,
MMBench_DEV_EN_V11,LLaVA-NeXT-8B_Biased_Test,419,tcf_only,MCQ,floor_sci5_ours_aug_b0.1_g2_t0.3,Conservative-2VC2TC,conservative_full,0.0,5,0,,,,,none,none,
MMBench_DEV_EN_V11,LLaVA-NeXT-8B_Biased_Test,452,vcf_only,MCQ,joint_os_center_mask_b0.2_g2.5_t0.2,Joint-CenterMask-OptionShuffle1,joint_center,0.0,4,1,0.0,1,tc_os1_high,2.0,option_shuffle,center,
MMBench_DEV_EN_V11,LLaVA-NeXT-8B_Biased_Test,481,vcf_only,MCQ,floor_sci5_ours_aug_b0.1_g2_t0.3,Conservative-2VC2TC,conservative_full,1.0,5,0,,,,,none,none,
MMBench_DEV_EN_V11,LLaVA-NeXT-8B_Biased_Test,482,vcf_only,MCQ,floor_sci5_ours_aug_b0.1_g2_t0.3,Conservative-2VC2TC,conservative_full,0.0,5,0,,,,,none,none,
MMBench_DEV_EN_V11,LLaVA-NeXT-8B_Biased_Test,484,vcf_only,MCQ,both_max_strong_blur_b0.2_g2.5_t0.2,Visual-StrongBlur,visual_strong,0.0,5,1,0.0,1,tc_os1_low,2.0,none,strong,3
MMBench_DEV_EN_V11,LLaVA-NeXT-8B_Biased_Test,1262,tcf_only,MCQ,floor_sci5_ours_aug_b0.1_g2_t0.3,Conservative-2VC2TC,conservative_full,1.0,5,0,,,,,none,none,
MMBench_DEV_EN_V11,LLaVA-NeXT-8B_Biased_Test,3113,vcf_only,MCQ,joint_os_strong_blur_b0.2_g2.5_t0.2,Joint-StrongBlur-OptionShuffle1,joint_strong,0.0,3,1,0.0,1,tc_os1_high,2.0,option_shuffle,strong,
MMBench_DEV_EN_V11,LLaVA-NeXT-8B_Biased_Test,282,tcf_only,MCQ,floor_sci5_ours_aug_b0.1_g2_t0.3,Conservative-2VC2TC,conservative_full,1.0,5,0,,,,,none,none,
MMBench_DEV_EN_V11,LLaVA-NeXT-8B_Biased_Test,285,tcf_only,MCQ,floor_sci5_ours_aug_b0.1_g2_t0.3,Conservative-2VC2TC,conservative_full,0.0,5,0,,,,,none,none,
MMBench_DEV_EN_V11,LLaVA-NeXT-8B_Biased_Test,288,both,MCQ,floor_sci5_ours_aug_b0.1_g2_t0.3,Conservative-2VC2TC,conservative_full,1.0,5,0,,,,,none,none,
MMBench_DEV_EN_V11,LLaVA-NeXT-8B_Biased_Test,290,both,MCQ,floor_sci5_ours_aug_b0.1_g2_t0.3,Conservative-2VC2TC,conservative_full,0.0,5,0,,,,,none,none,
MMBench_DEV_EN_V11,LLaVA-NeXT-8B_Biased_Test,294,both,MCQ,both_max_grayscale_b0.2_g2.5_t0.2,Visual-Grayscale,visual_gray,0.0,3,1,0.0,1,tc_os1_low,2.0,none,gray,1
MMBench_DEV_EN_V11,LLaVA-NeXT-8B_Biased_Test,300,tcf_only,MCQ,floor_sci5_ours_aug_b0.1_g2_t0.3,Conservative-2VC2TC,conservative_full,1.0,5,0,,,,,none,none,
MMBench_DEV_EN_V11,LLaVA-NeXT-8B_Biased_Test,306,both,MCQ,floor_sci5_ours_aug_b0.1_g2_t0.3,Conservative-2VC2TC,conservative_full,0.0,5,0,,,,,none,none,
MMBench_DEV_EN_V11,LLaVA-NeXT-8B_Biased_Test,311,tcf_only,MCQ,floor_sci5_ours_aug_b0.1_g2_t0.3,Conservative-2VC2TC,conservative_full,1.0,5,0,,,,,none,none,
MMBench_DEV_EN_V11,LLaVA-NeXT-8B_Biased_Test,408,vcf_only,MCQ,joint_os_center_mask_b0.2_g2.5_t0.2,Joint-CenterMask-OptionShuffle1,joint_center,0.0,4,1,0.0,1,tc_os1_high,2.0,option_shuffle,center,
MMBench_DEV_EN_V11,LLaVA-NeXT-8B_Biased_Test,414,vcf_only,MCQ,floor_sci5_ours_aug_b0.1_g2_t0.3,Conservative-2VC2TC,conservative_full,0.0,5,0,,,,,none,none,
MMBench_DEV_EN_V11,LLaVA-NeXT-8B_Biased_Test,415,vcf_only,MCQ,floor_sci5_ours_aug_b0.1_g2_t0.3,Conservative-2VC2TC,conservative_full,1.0,5,0,,,,,none,none,
MMBench_DEV_EN_V11,LLaVA-NeXT-8B_Biased_Test,607,vcf_only,MCQ,joint_os_center_mask_b0.2_g2.5_t0.2,Joint-CenterMask-OptionShuffle1,joint_center,1.0,4,1,0.0,1,tc_os1_high,2.0,option_shuffle,center,
MMBench_DEV_EN_V11,LLaVA-NeXT-8B_Biased_Test,610,vcf_only,MCQ,floor_sci5_ours_aug_b0.1_g2_t0.3,Conservative-2VC2TC,conservative_full,0.0,5,0,,,,,none,none,
MMBench_DEV_EN_V11,LLaVA-NeXT-8B_Biased_Test,840,vcf_only,MCQ,both_max_grayscale_b0.2_g2.5_t0.2,Visual-Grayscale,visual_gray,0.0,3,1,1.0,1,tc_os1_low,2.0,none,gray,1
MMBench_DEV_EN_V11,LLaVA-NeXT-8B_Biased_Test,846,tcf_only,MCQ,floor_sci5_ours_aug_b0.1_g2_t0.3,Conservative-2VC2TC,conservative_full,0.0,5,0,,,,,none,none,
MMBench_DEV_EN_V11,LLaVA-NeXT-8B_Biased_Test,1105,vcf_only,MCQ,joint_os_strong_blur_b0.2_g2.5_t0.2,Joint-StrongBlur-OptionShuffle1,joint_strong,0.0,3,1,0.0,1,tc_os1_high,2.0,option_shuffle,strong,
MMBench_DEV_EN_V11,LLaVA-NeXT-8B_Biased_Test,1113,vcf_only,MCQ,both_max_grayscale_b0.2_g2.5_t0.2,Visual-Grayscale,visual_gray,0.0,5,1,0.0,1,tc_os1_low,2.0,none,gray,3
MMBench_DEV_EN_V11,LLaVA-NeXT-8B_Biased_Test,1116,vcf_only,MCQ,both_max_grayscale_b0.2_g2.5_t0.2,Visual-Grayscale,visual_gray,0.0,5,1,0.0,1,tc_os1_low,2.0,none,gray,3
MMBench_DEV_EN_V11,LLaVA-NeXT-8B_Biased_Test,1122,vcf_only,MCQ,floor_sci5_ours_aug_b0.1_g2_t0.3,Conservative-2VC2TC,conservative_full,1.0,5,0,,,,,none,none,
MMBench_DEV_EN_V11,LLaVA-NeXT-8B_Biased_Test,1123,vcf_only,MCQ,both_max_grayscale_b0.2_g2.5_t0.2,Visual-Grayscale,visual_gray,1.0,3,1,0.0,1,tc_os1_low,2.0,none,gray,1
MMBench_DEV_EN_V11,LLaVA-NeXT-8B_Biased_Test,1124,vcf_only,MCQ,both_max_grayscale_b0.2_g2.5_t0.2,Visual-Grayscale,visual_gray,0.0,5,1,0.0,1,tc_os1_low,2.0,none,gray,3
MMBench_DEV_EN_V11,LLaVA-NeXT-8B_Biased_Test,2124,vcf_only,MCQ,floor_sci5_ours_aug_b0.1_g2_t0.3,Conservative-2VC2TC,conservative_full,1.0,5,0,,,,,none,none,
MMBench_DEV_EN_V11,LLaVA-NeXT-8B_Biased_Test,3086,vcf_only,MCQ,floor_sci5_ours_aug_b0.1_g2_t0.3,Conservative-2VC2TC,conservative_full,1.0,5,0,,,,,none,none,
MMBench_DEV_EN_V11,LLaVA-NeXT-8B_Biased_Test,3087,vcf_only,MCQ,floor_sci5_ours_aug_b0.1_g2_t0.3,Conservative-2VC2TC,conservative_full,0.0,5,0,,,,,none,none,
MMBench_DEV_EN_V11,LLaVA-NeXT-8B_Biased_Test,3508,vcf_only,MCQ,floor_sci5_ours_aug_b0.1_g2_t0.3,Conservative-2VC2TC,conservative_full,0.0,5,0,,,,,none,none,
MMBench_DEV_EN_V11,LLaVA-NeXT-8B_Biased_Test,3509,vcf_only,MCQ,floor_sci5_ours_aug_b0.1_g2_t0.3,Conservative-2VC2TC,conservative_full,1.0,5,0,,,,,none,none,
MMBench_DEV_EN_V11,LLaVA-NeXT-8B_Biased_Test,1014,tcf_only,MCQ,floor_sci5_ours_aug_b0.1_g2_t0.3,Conservative-2VC2TC,conservative_full,1.0,5,0,,,,,none,none,
MMBench_DEV_EN_V11,LLaVA-NeXT-8B_Biased_Test,1195,vcf_only,MCQ,floor_sci5_ours_aug_b0.1_g2_t0.3,Conservative-2VC2TC,conservative_full,1.0,5,0,,,,,none,none,
MMBench_DEV_EN_V11,LLaVA-NeXT-8B_Biased_Test,1210,vcf_only,MCQ,floor_sci5_ours_aug_b0.1_g2_t0.3,Conservative-2VC2TC,conservative_full,1.0,5,0,,,,,none,none,
MMBench_DEV_EN_V11,LLaVA-NeXT-8B_Biased_Test,1212,vcf_only,MCQ,both_max_grayscale_b0.2_g2.5_t0.2,Visual-Grayscale,visual_gray,1.0,3,1,0.0,1,tc_os1_low,2.0,none,gray,1
MMBench_DEV_EN_V11,LLaVA-NeXT-8B_Biased_Test,1219,both,MCQ,floor_sci5_ours_aug_b0.1_g2_t0.3,Conservative-2VC2TC,conservative_full,1.0,5,0,,,,,none,none,
MMBench_DEV_EN_V11,LLaVA-NeXT-8B_Biased_Test,1553,vcf_only,MCQ,floor_sci5_ours_aug_b0.1_g2_t0.3,Conservative-2VC2TC,conservative_full,1.0,5,0,,,,,none,none,
MMBench_DEV_EN_V11,LLaVA-NeXT-8B_Biased_Test,2540,vcf_only,MCQ,both_max_grayscale_b0.2_g2.5_t0.2,Visual-Grayscale,visual_gray,1.0,3,1,1.0,1,tc_os1_low,2.0,none,gray,1
MMBench_DEV_EN_V11,LLaVA-NeXT-8B_Biased_Test,2558,tcf_only,MCQ,floor_sci5_ours_aug_b0.1_g2_t0.3,Conservative-2VC2TC,conservative_full,0.0,5,0,,,,,none,none,
MMBench_DEV_EN_V11,LLaVA-NeXT-8B_Biased_Test,1,tcf_only,MCQ,both_max_grayscale_b0.2_g2.5_t0.2,Visual-Grayscale,visual_gray,1.0,5,1,0.0,1,tc_os1_low,2.0,none,gray,3
MMBench_DEV_EN_V11,LLaVA-NeXT-8B_Biased_Test,8,tcf_only,MCQ,both_max_center_mask_b0.2_g2.5_t0.2,Visual-CenterMask,visual_center,1.0,4,1,0.0,1,tc_os1_low,1.0,none,center,2
MMBench_DEV_EN_V11,LLaVA-NeXT-8B_Biased_Test,9,tcf_only,MCQ,floor_sci5_ours_aug_b0.1_g2_t0.3,Conservative-2VC2TC,conservative_full,0.0,5,0,,,,,none,none,
MMBench_DEV_EN_V11,LLaVA-NeXT-8B_Biased_Test,11,tcf_only,MCQ,floor_sci5_ours_aug_b0.1_g2_t0.3,Conservative-2VC2TC,conservative_full,1.0,5,0,,,,,none,none,
MMBench_DEV_EN_V11,LLaVA-NeXT-8B_Biased_Test,16,tcf_only,MCQ,joint_os_center_mask_b0.2_g2.5_t0.2,Joint-CenterMask-OptionShuffle1,joint_center,1.0,4,1,0.0,1,tc_os1_high,2.0,option_shuffle,center,
MMBench_DEV_EN_V11,LLaVA-NeXT-8B_Biased_Test,18,both,MCQ,both_max_strong_blur_b0.2_g2.5_t0.2,Visual-StrongBlur,visual_strong,1.0,5,1,1.0,1,tc_os1_low,2.0,none,strong,3
MMBench_DEV_EN_V11,LLaVA-NeXT-8B_Biased_Test,239,both,MCQ,floor_sci5_ours_aug_b0.1_g2_t0.3,Conservative-2VC2TC,conservative_full,0.0,5,0,,,,,none,none,
MMBench_DEV_EN_V11,LLaVA-NeXT-8B_Biased_Test,322,tcf_only,MCQ,floor_sci5_ours_aug_b0.1_g2_t0.3,Conservative-2VC2TC,conservative_full,0.0,5,0,,,,,none,none,
MMBench_DEV_EN_V11,LLaVA-NeXT-8B_Biased_Test,338,both,MCQ,floor_sci5_ours_aug_b0.1_g2_t0.3,Conservative-2VC2TC,conservative_full,0.0,5,0,,,,,none,none,
MMBench_DEV_EN_V11,LLaVA-NeXT-8B_Biased_Test,352,vcf_only,MCQ,floor_sci5_ours_aug_b0.1_g2_t0.3,Conservative-2VC2TC,conservative_full,0.0,5,0,,,,,none,none,
MMBench_DEV_EN_V11,LLaVA-NeXT-8B_Biased_Test,456,tcf_only,MCQ,floor_sci5_ours_aug_b0.1_g2_t0.3,Conservative-2VC2TC,conservative_full,0.0,5,0,,,,,none,none,
MMBench_DEV_EN_V11,LLaVA-NeXT-8B_Biased_Test,462,tcf_only,MCQ,floor_sci5_ours_aug_b0.1_g2_t0.3,Conservative-2VC2TC,conservative_full,1.0,5,0,,,,,none,none,
MMBench_DEV_EN_V11,LLaVA-NeXT-8B_Biased_Test,465,vcf_only,MCQ,floor_sci5_ours_aug_b0.1_g2_t0.3,Conservative-2VC2TC,conservative_full,0.0,5,0,,,,,none,none,
MMBench_DEV_EN_V11,LLaVA-NeXT-8B_Biased_Test,587,vcf_only,MCQ,joint_os_center_mask_b0.2_g2.5_t0.2,Joint-CenterMask-OptionShuffle1,joint_center,0.0,4,1,0.0,1,tc_os1_high,2.0,option_shuffle,center,
MMBench_DEV_EN_V11,LLaVA-NeXT-8B_Biased_Test,589,both,MCQ,floor_sci5_ours_aug_b0.1_g2_t0.3,Conservative-2VC2TC,conservative_full,0.0,5,0,,,,,none,none,
MMBench_DEV_EN_V11,LLaVA-NeXT-8B_Biased_Test,592,vcf_only,MCQ,both_max_grayscale_b0.2_g2.5_t0.2,Visual-Grayscale,visual_gray,0.0,3,1,0.0,1,tc_os1_low,2.0,none,gray,1
MMBench_DEV_EN_V11,LLaVA-NeXT-8B_Biased_Test,605,tcf_only,MCQ,floor_sci5_ours_aug_b0.1_g2_t0.3,Conservative-2VC2TC,conservative_full,0.0,5,0,,,,,none,none,
MMBench_DEV_EN_V11,LLaVA-NeXT-8B_Biased_Test,629,tcf_only,MCQ,floor_sci5_ours_aug_b0.1_g2_t0.3,Conservative-2VC2TC,conservative_full,0.0,5,0,,,,,none,none,
MMBench_DEV_EN_V11,LLaVA-NeXT-8B_Biased_Test,634,vcf_only,MCQ,floor_sci5_ours_aug_b0.1_g2_t0.3,Conservative-2VC2TC,conservative_full,1.0,5,0,,,,,none,none,
MMBench_DEV_EN_V11,LLaVA-NeXT-8B_Biased_Test,635,tcf_only,MCQ,floor_sci5_ours_aug_b0.1_g2_t0.3,Conservative-2VC2TC,conservative_full,0.0,5,0,,,,,none,none,
MMBench_DEV_EN_V11,LLaVA-NeXT-8B_Biased_Test,638,tcf_only,MCQ,floor_sci5_ours_aug_b0.1_g2_t0.3,Conservative-2VC2TC,conservative_full,0.0,5,0,,,,,none,none,
MMBench_DEV_EN_V11,LLaVA-NeXT-8B_Biased_Test,647,vcf_only,MCQ,floor_sci5_ours_aug_b0.1_g2_t0.3,Conservative-2VC2TC,conservative_full,1.0,5,0,,,,,none,none,
MMBench_DEV_EN_V11,LLaVA-NeXT-8B_Biased_Test,651,vcf_only,MCQ,floor_sci5_ours_aug_b0.1_g2_t0.3,Conservative-2VC2TC,conservative_full,0.0,5,0,,,,,none,none,
MMBench_DEV_EN_V11,LLaVA-NeXT-8B_Biased_Test,656,both,MCQ,floor_sci5_ours_aug_b0.1_g2_t0.3,Conservative-2VC2TC,conservative_full,1.0,5,0,,,,,none,none,
MMBench_DEV_EN_V11,LLaVA-NeXT-8B_Biased_Test,670,vcf_only,MCQ,floor_sci5_ours_aug_b0.1_g2_t0.3,Conservative-2VC2TC,conservative_full,0.0,5,0,,,,,none,none,
MMBench_DEV_EN_V11,LLaVA-NeXT-8B_Biased_Test,768,vcf_only,MCQ,floor_sci5_ours_aug_b0.1_g2_t0.3,Conservative-2VC2TC,conservative_full,0.0,5,0,,,,,none,none,
MMBench_DEV_EN_V11,LLaVA-NeXT-8B_Biased_Test,776,vcf_only,MCQ,both_max_strong_blur_b0.2_g2.5_t0.2,Visual-StrongBlur,visual_strong,0.0,5,1,0.0,1,tc_os1_low,2.0,none,strong,3
MMBench_DEV_EN_V11,LLaVA-NeXT-8B_Biased_Test,778,vcf_only,MCQ,floor_sci5_ours_aug_b0.1_g2_t0.3,Conservative-2VC2TC,conservative_full,1.0,5,0,,,,,none,none,
MMBench_DEV_EN_V11,LLaVA-NeXT-8B_Biased_Test,782,vcf_only,MCQ,joint_os_center_mask_b0.2_g2.5_t0.2,Joint-CenterMask-OptionShuffle1,joint_center,0.0,4,1,0.0,1,tc_os1_high,2.0,option_shuffle,center,
MMBench_DEV_EN_V11,LLaVA-NeXT-8B_Biased_Test,783,vcf_only,MCQ,floor_sci5_ours_aug_b0.1_g2_t0.3,Conservative-2VC2TC,conservative_full,1.0,5,0,,,,,none,none,
MMBench_DEV_EN_V11,LLaVA-NeXT-8B_Biased_Test,788,vcf_only,MCQ,floor_sci5_ours_aug_b0.1_g2_t0.3,Conservative-2VC2TC,conservative_full,0.0,5,0,,,,,none,none,
MMBench_DEV_EN_V11,LLaVA-NeXT-8B_Biased_Test,799,vcf_only,MCQ,floor_sci5_ours_aug_b0.1_g2_t0.3,Conservative-2VC2TC,conservative_full,0.0,5,0,,,,,none,none,
MMBench_DEV_EN_V11,LLaVA-NeXT-8B_Biased_Test,803,vcf_only,MCQ,floor_sci5_ours_aug_b0.1_g2_t0.3,Conservative-2VC2TC,conservative_full,0.0,5,0,,,,,none,none,
MMBench_DEV_EN_V11,LLaVA-NeXT-8B_Biased_Test,805,vcf_only,MCQ,floor_sci5_ours_aug_b0.1_g2_t0.3,Conservative-2VC2TC,conservative_full,0.0,5,0,,,,,none,none,
MMBench_DEV_EN_V11,LLaVA-NeXT-8B_Biased_Test,865,tcf_only,MCQ,floor_sci5_ours_aug_b0.1_g2_t0.3,Conservative-2VC2TC,conservative_full,1.0,5,0,,,,,none,none,
MMBench_DEV_EN_V11,LLaVA-NeXT-8B_Biased_Test,866,vcf_only,MCQ,floor_sci5_ours_aug_b0.1_g2_t0.3,Conservative-2VC2TC,conservative_full,0.0,5,0,,,,,none,none,
MMBench_DEV_EN_V11,LLaVA-NeXT-8B_Biased_Test,902,vcf_only,MCQ,both_max_grayscale_b0.2_g2.5_t0.2,Visual-Grayscale,visual_gray,0.0,3,1,1.0,1,tc_os1_low,1.0,none,gray,1
MMBench_DEV_EN_V11,LLaVA-NeXT-8B_Biased_Test,918,both,MCQ,floor_sci5_ours_aug_b0.1_g2_t0.3,Conservative-2VC2TC,conservative_full,1.0,5,0,,,,,none,none,
MMBench_DEV_EN_V11,LLaVA-NeXT-8B_Biased_Test,965,vcf_only,MCQ,both_max_grayscale_b0.2_g2.5_t0.2,Visual-Grayscale,visual_gray,1.0,5,1,0.0,1,tc_os1_low,2.0,none,gray,3
MMBench_DEV_EN_V11,LLaVA-NeXT-8B_Biased_Test,967,vcf_only,MCQ,floor_sci5_ours_aug_b0.1_g2_t0.3,Conservative-2VC2TC,conservative_full,1.0,5,0,,,,,none,none,
MMBench_DEV_EN_V11,LLaVA-NeXT-8B_Biased_Test,975,vcf_only,MCQ,floor_sci5_ours_aug_b0.1_g2_t0.3,Conservative-2VC2TC,conservative_full,0.0,5,0,,,,,none,none,
MMBench_DEV_EN_V11,LLaVA-NeXT-8B_Biased_Test,984,vcf_only,MCQ,floor_sci5_ours_aug_b0.1_g2_t0.3,Conservative-2VC2TC,conservative_full,0.0,5,0,,,,,none,none,
MMBench_DEV_EN_V11,LLaVA-NeXT-8B_Biased_Test,1000,tcf_only,MCQ,floor_sci5_ours_aug_b0.1_g2_t0.3,Conservative-2VC2TC,conservative_full,0.0,5,0,,,,,none,none,
MMBench_DEV_EN_V11,LLaVA-NeXT-8B_Biased_Test,1001,tcf_only,MCQ,floor_sci5_ours_aug_b0.1_g2_t0.3,Conservative-2VC2TC,conservative_full,1.0,5,0,,,,,none,none,
MMBench_DEV_EN_V11,LLaVA-NeXT-8B_Biased_Test,1003,vcf_only,MCQ,both_max_grayscale_b0.2_g2.5_t0.2,Visual-Grayscale,visual_gray,0.0,5,1,0.0,1,tc_os1_low,2.0,none,gray,3
MMBench_DEV_EN_V11,LLaVA-NeXT-8B_Biased_Test,1083,tcf_only,MCQ,floor_sci5_ours_aug_b0.1_g2_t0.3,Conservative-2VC2TC,conservative_full,0.0,5,0,,,,,none,none,
MMBench_DEV_EN_V11,LLaVA-NeXT-8B_Biased_Test,1300,vcf_only,MCQ,both_max_grayscale_b0.2_g2.5_t0.2,Visual-Grayscale,visual_gray,1.0,3,1,0.0,1,tc_os1_low,2.0,none,gray,1
MMBench_DEV_EN_V11,LLaVA-NeXT-8B_Biased_Test,1327,vcf_only,MCQ,both_max_grayscale_b0.2_g2.5_t0.2,Visual-Grayscale,visual_gray,0.0,5,1,0.0,1,tc_os1_low,2.0,none,gray,3
MMBench_DEV_EN_V11,LLaVA-NeXT-8B_Biased_Test,1338,vcf_only,MCQ,b5_tc_os1_direct,Text-OptionShuffle1,text,0.0,2,1,0.0,1,tc_os1_high,0.0,option_shuffle,none,
MMBench_DEV_EN_V11,LLaVA-NeXT-8B_Biased_Test,1402,vcf_only,MCQ,floor_sci5_ours_aug_b0.1_g2_t0.3,Conservative-2VC2TC,conservative_full,1.0,5,0,,,,,none,none,
MMBench_DEV_EN_V11,LLaVA-NeXT-8B_Biased_Test,1425,both,MCQ,floor_sci5_ours_aug_b0.1_g2_t0.3,Conservative-2VC2TC,conservative_full,0.0,5,0,,,,,none,none,
MMBench_DEV_EN_V11,LLaVA-NeXT-8B_Biased_Test,1428,vcf_only,MCQ,both_max_grayscale_b0.2_g2.5_t0.2,Visual-Grayscale,visual_gray,0.0,3,1,0.0,1,tc_os1_low,2.0,none,gray,1
MMBench_DEV_EN_V11,LLaVA-NeXT-8B_Biased_Test,1444,tcf_only,MCQ,floor_sci5_ours_aug_b0.1_g2_t0.3,Conservative-2VC2TC,conservative_full,0.0,5,0,,,,,none,none,
MMBench_DEV_EN_V11,LLaVA-NeXT-8B_Biased_Test,1469,vcf_only,MCQ,both_max_center_mask_b0.2_g2.5_t0.2,Visual-CenterMask,visual_center,0.0,4,1,0.0,1,tc_os1_low,1.0,none,center,2
MMBench_DEV_EN_V11,LLaVA-NeXT-8B_Biased_Test,1485,both,MCQ,floor_sci5_ours_aug_b0.1_g2_t0.3,Conservative-2VC2TC,conservative_full,1.0,5,0,,,,,none,none,
MMBench_DEV_EN_V11,LLaVA-NeXT-8B_Biased_Test,1487,tcf_only,MCQ,floor_sci5_ours_aug_b0.1_g2_t0.3,Conservative-2VC2TC,conservative_full,0.0,5,0,,,,,none,none,
MMBench_DEV_EN_V11,LLaVA-NeXT-8B_Biased_Test,1493,vcf_only,MCQ,floor_sci5_ours_aug_b0.1_g2_t0.3,Conservative-2VC2TC,conservative_full,0.0,5,0,,,,,none,none,
MMBench_DEV_EN_V11,LLaVA-NeXT-8B_Biased_Test,1500,vcf_only,MCQ,floor_sci5_ours_aug_b0.1_g2_t0.3,Conservative-2VC2TC,conservative_full,0.0,5,0,,,,,none,none,
MMBench_DEV_EN_V11,LLaVA-NeXT-8B_Biased_Test,1505,tcf_only,MCQ,floor_sci5_ours_aug_b0.1_g2_t0.3,Conservative-2VC2TC,conservative_full,0.0,5,0,,,,,none,none,
MMBench_DEV_EN_V11,LLaVA-NeXT-8B_Biased_Test,1507,tcf_only,MCQ,floor_sci5_ours_aug_b0.1_g2_t0.3,Conservative-2VC2TC,conservative_full,0.0,5,0,,,,,none,none,
MMBench_DEV_EN_V11,LLaVA-NeXT-8B_Biased_Test,1511,tcf_only,MCQ,floor_sci5_ours_aug_b0.1_g2_t0.3,Conservative-2VC2TC,conservative_full,1.0,5,0,,,,,none,none,
MMBench_DEV_EN_V11,LLaVA-NeXT-8B_Biased_Test,1517,vcf_only,MCQ,floor_sci5_ours_aug_b0.1_g2_t0.3,Conservative-2VC2TC,conservative_full,0.0,5,0,,,,,none,none,
MMBench_DEV_EN_V11,LLaVA-NeXT-8B_Biased_Test,1632,both,MCQ,floor_sci5_ours_aug_b0.1_g2_t0.3,Conservative-2VC2TC,conservative_full,1.0,5,0,,,,,none,none,
MMBench_DEV_EN_V11,LLaVA-NeXT-8B_Biased_Test,1637,tcf_only,MCQ,joint_os_center_mask_b0.2_g2.5_t0.2,Joint-CenterMask-OptionShuffle1,joint_center,1.0,4,1,1.0,1,tc_os1_high,2.0,option_shuffle,center,
MMBench_DEV_EN_V11,LLaVA-NeXT-8B_Biased_Test,1639,both,MCQ,floor_sci5_ours_aug_b0.1_g2_t0.3,Conservative-2VC2TC,conservative_full,1.0,5,0,,,,,none,none,
MMBench_DEV_EN_V11,LLaVA-NeXT-8B_Biased_Test,1642,both,MCQ,floor_sci5_ours_aug_b0.1_g2_t0.3,Conservative-2VC2TC,conservative_full,0.0,5,0,,,,,none,none,
MMBench_DEV_EN_V11,LLaVA-NeXT-8B_Biased_Test,1655,tcf_only,MCQ,both_max_grayscale_b0.2_g2.5_t0.2,Visual-Grayscale,visual_gray,1.0,3,1,1.0,1,tc_os1_low,2.0,none,gray,1
MMBench_DEV_EN_V11,LLaVA-NeXT-8B_Biased_Test,1657,both,MCQ,floor_sci5_ours_aug_b0.1_g2_t0.3,Conservative-2VC2TC,conservative_full,0.0,5,0,,,,,none,none,
MMBench_DEV_EN_V11,LLaVA-NeXT-8B_Biased_Test,1658,tcf_only,MCQ,joint_os_center_mask_b0.2_g2.5_t0.2,Joint-CenterMask-OptionShuffle1,joint_center,1.0,4,1,2.0,1,tc_os1_high,1.0,option_shuffle,center,
MMBench_DEV_EN_V11,LLaVA-NeXT-8B_Biased_Test,1659,tcf_only,MCQ,floor_sci5_ours_aug_b0.1_g2_t0.3,Conservative-2VC2TC,conservative_full,0.0,5,0,,,,,none,none,
MMBench_DEV_EN_V11,LLaVA-NeXT-8B_Biased_Test,1660,tcf_only,MCQ,floor_sci5_ours_aug_b0.1_g2_t0.3,Conservative-2VC2TC,conservative_full,1.0,5,0,,,,,none,none,
MMBench_DEV_EN_V11,LLaVA-NeXT-8B_Biased_Test,1663,tcf_only,MCQ,floor_sci5_ours_aug_b0.1_g2_t0.3,Conservative-2VC2TC,conservative_full,1.0,5,0,,,,,none,none,
MMBench_DEV_EN_V11,LLaVA-NeXT-8B_Biased_Test,1665,tcf_only,MCQ,both_max_grayscale_b0.2_g2.5_t0.2,Visual-Grayscale,visual_gray,1.0,3,1,2.0,1,tc_os1_low,1.0,none,gray,1
MMBench_DEV_EN_V11,LLaVA-NeXT-8B_Biased_Test,1666,both,MCQ,floor_sci5_ours_aug_b0.1_g2_t0.3,Conservative-2VC2TC,conservative_full,0.0,5,0,,,,,none,none,
MMBench_DEV_EN_V11,LLaVA-NeXT-8B_Biased_Test,1667,both,MCQ,floor_sci5_ours_aug_b0.1_g2_t0.3,Conservative-2VC2TC,conservative_full,0.0,5,0,,,,,none,none,
MMBench_DEV_EN_V11,LLaVA-NeXT-8B_Biased_Test,1669,both,MCQ,floor_sci5_ours_aug_b0.1_g2_t0.3,Conservative-2VC2TC,conservative_full,0.0,5,0,,,,,none,none,
MMBench_DEV_EN_V11,LLaVA-NeXT-8B_Biased_Test,1671,tcf_only,MCQ,floor_sci5_ours_aug_b0.1_g2_t0.3,Conservative-2VC2TC,conservative_full,1.0,5,0,,,,,none,none,
MMBench_DEV_EN_V11,LLaVA-NeXT-8B_Biased_Test,1675,tcf_only,MCQ,both_max_grayscale_b0.2_g2.5_t0.2,Visual-Grayscale,visual_gray,1.0,3,1,0.0,1,tc_os1_low,2.0,none,gray,1
MMBench_DEV_EN_V11,LLaVA-NeXT-8B_Biased_Test,1676,tcf_only,MCQ,b5_tc_os1_direct,Text-OptionShuffle1,text,1.0,2,1,0.0,1,tc_os1_high,0.0,option_shuffle,none,
MMBench_DEV_EN_V11,LLaVA-NeXT-8B_Biased_Test,1679,both,MCQ,floor_sci5_ours_aug_b0.1_g2_t0.3,Conservative-2VC2TC,conservative_full,0.0,5,0,,,,,none,none,
MMBench_DEV_EN_V11,LLaVA-NeXT-8B_Biased_Test,1684,vcf_only,MCQ,both_max_grayscale_b0.2_g2.5_t0.2,Visual-Grayscale,visual_gray,0.0,5,1,0.0,1,tc_os1_low,2.0,none,gray,3
MMBench_DEV_EN_V11,LLaVA-NeXT-8B_Biased_Test,1693,both,MCQ,floor_sci5_ours_aug_b0.1_g2_t0.3,Conservative-2VC2TC,conservative_full,1.0,5,0,,,,,none,none,
MMBench_DEV_EN_V11,LLaVA-NeXT-8B_Biased_Test,1715,vcf_only,MCQ,floor_sci5_ours_aug_b0.1_g2_t0.3,Conservative-2VC2TC,conservative_full,1.0,5,0,,,,,none,none,
MMBench_DEV_EN_V11,LLaVA-NeXT-8B_Biased_Test,1729,vcf_only,MCQ,floor_sci5_ours_aug_b0.1_g2_t0.3,Conservative-2VC2TC,conservative_full,1.0,5,0,,,,,none,none,
MMBench_DEV_EN_V11,LLaVA-NeXT-8B_Biased_Test,1740,tcf_only,MCQ,floor_sci5_ours_aug_b0.1_g2_t0.3,Conservative-2VC2TC,conservative_full,1.0,5,0,,,,,none,none,
MMBench_DEV_EN_V11,LLaVA-NeXT-8B_Biased_Test,1757,tcf_only,MCQ,floor_sci5_ours_aug_b0.1_g2_t0.3,Conservative-2VC2TC,conservative_full,0.0,5,0,,,,,none,none,
MMBench_DEV_EN_V11,LLaVA-NeXT-8B_Biased_Test,1758,tcf_only,MCQ,floor_sci5_ours_aug_b0.1_g2_t0.3,Conservative-2VC2TC,conservative_full,1.0,5,0,,,,,none,none,
MMBench_DEV_EN_V11,LLaVA-NeXT-8B_Biased_Test,1760,both,MCQ,floor_sci5_ours_aug_b0.1_g2_t0.3,Conservative-2VC2TC,conservative_full,1.0,5,0,,,,,none,none,
MMBench_DEV_EN_V11,LLaVA-NeXT-8B_Biased_Test,1765,vcf_only,MCQ,floor_sci5_ours_aug_b0.1_g2_t0.3,Conservative-2VC2TC,conservative_full,0.0,5,0,,,,,none,none,
MMBench_DEV_EN_V11,LLaVA-NeXT-8B_Biased_Test,1769,tcf_only,MCQ,floor_sci5_ours_aug_b0.1_g2_t0.3,Conservative-2VC2TC,conservative_full,1.0,5,0,,,,,none,none,
MMBench_DEV_EN_V11,LLaVA-NeXT-8B_Biased_Test,1773,both,MCQ,floor_sci5_ours_aug_b0.1_g2_t0.3,Conservative-2VC2TC,conservative_full,0.0,5,0,,,,,none,none,
MMBench_DEV_EN_V11,LLaVA-NeXT-8B_Biased_Test,1774,tcf_only,MCQ,floor_sci5_ours_aug_b0.1_g2_t0.3,Conservative-2VC2TC,conservative_full,0.0,5,0,,,,,none,none,
MMBench_DEV_EN_V11,LLaVA-NeXT-8B_Biased_Test,1843,vcf_only,MCQ,floor_sci5_ours_aug_b0.1_g2_t0.3,Conservative-2VC2TC,conservative_full,1.0,5,0,,,,,none,none,
MMBench_DEV_EN_V11,LLaVA-NeXT-8B_Biased_Test,1846,vcf_only,MCQ,floor_sci5_ours_aug_b0.1_g2_t0.3,Conservative-2VC2TC,conservative_full,0.0,5,0,,,,,none,none,
MMBench_DEV_EN_V11,LLaVA-NeXT-8B_Biased_Test,1847,vcf_only,MCQ,floor_sci5_ours_aug_b0.1_g2_t0.3,Conservative-2VC2TC,conservative_full,0.0,5,0,,,,,none,none,
MMBench_DEV_EN_V11,LLaVA-NeXT-8B_Biased_Test,1854,vcf_only,MCQ,floor_sci5_ours_aug_b0.1_g2_t0.3,Conservative-2VC2TC,conservative_full,0.0,5,0,,,,,none,none,
MMBench_DEV_EN_V11,LLaVA-NeXT-8B_Biased_Test,1860,vcf_only,MCQ,floor_sci5_ours_aug_b0.1_g2_t0.3,Conservative-2VC2TC,conservative_full,1.0,5,0,,,,,none,none,
MMBench_DEV_EN_V11,LLaVA-NeXT-8B_Biased_Test,1865,vcf_only,MCQ,floor_sci5_ours_aug_b0.1_g2_t0.3,Conservative-2VC2TC,conservative_full,1.0,5,0,,,,,none,none,
MMBench_DEV_EN_V11,LLaVA-NeXT-8B_Biased_Test,1868,vcf_only,MCQ,floor_sci5_ours_aug_b0.1_g2_t0.3,Conservative-2VC2TC,conservative_full,0.0,5,0,,,,,none,none,
MMBench_DEV_EN_V11,LLaVA-NeXT-8B_Biased_Test,1870,vcf_only,MCQ,floor_sci5_ours_aug_b0.1_g2_t0.3,Conservative-2VC2TC,conservative_full,0.0,5,0,,,,,none,none,
MMBench_DEV_EN_V11,LLaVA-NeXT-8B_Biased_Test,1871,vcf_only,MCQ,floor_sci5_ours_aug_b0.1_g2_t0.3,Conservative-2VC2TC,conservative_full,0.0,5,0,,,,,none,none,
MMBench_DEV_EN_V11,LLaVA-NeXT-8B_Biased_Test,1878,vcf_only,MCQ,floor_sci5_ours_aug_b0.1_g2_t0.3,Conservative-2VC2TC,conservative_full,0.0,5,0,,,,,none,none,
MMBench_DEV_EN_V11,LLaVA-NeXT-8B_Biased_Test,1879,vcf_only,MCQ,floor_sci5_ours_aug_b0.1_g2_t0.3,Conservative-2VC2TC,conservative_full,0.0,5,0,,,,,none,none,
MMBench_DEV_EN_V11,LLaVA-NeXT-8B_Biased_Test,1888,vcf_only,MCQ,floor_sci5_ours_aug_b0.1_g2_t0.3,Conservative-2VC2TC,conservative_full,0.0,5,0,,,,,none,none,
MMBench_DEV_EN_V11,LLaVA-NeXT-8B_Biased_Test,1940,vcf_only,MCQ,floor_sci5_ours_aug_b0.1_g2_t0.3,Conservative-2VC2TC,conservative_full,0.0,5,0,,,,,none,none,
MMBench_DEV_EN_V11,LLaVA-NeXT-8B_Biased_Test,1945,vcf_only,MCQ,floor_sci5_ours_aug_b0.1_g2_t0.3,Conservative-2VC2TC,conservative_full,1.0,5,0,,,,,none,none,
MMBench_DEV_EN_V11,LLaVA-NeXT-8B_Biased_Test,1946,both,MCQ,floor_sci5_ours_aug_b0.1_g2_t0.3,Conservative-2VC2TC,conservative_full,1.0,5,0,,,,,none,none,
MMBench_DEV_EN_V11,LLaVA-NeXT-8B_Biased_Test,1952,vcf_only,MCQ,both_max_strong_blur_b0.2_g2.5_t0.2,Visual-StrongBlur,visual_strong,1.0,5,1,0.0,1,tc_os1_low,2.0,none,strong,3
MMBench_DEV_EN_V11,LLaVA-NeXT-8B_Biased_Test,1953,vcf_only,MCQ,both_max_grayscale_b0.2_g2.5_t0.2,Visual-Grayscale,visual_gray,0.0,5,1,0.0,1,tc_os1_low,2.0,none,gray,3
MMBench_DEV_EN_V11,LLaVA-NeXT-8B_Biased_Test,1976,tcf_only,MCQ,floor_sci5_ours_aug_b0.1_g2_t0.3,Conservative-2VC2TC,conservative_full,1.0,5,0,,,,,none,none,
MMBench_DEV_EN_V11,LLaVA-NeXT-8B_Biased_Test,1977,tcf_only,MCQ,floor_sci5_ours_aug_b0.1_g2_t0.3,Conservative-2VC2TC,conservative_full,1.0,5,0,,,,,none,none,
MMBench_DEV_EN_V11,LLaVA-NeXT-8B_Biased_Test,1987,vcf_only,MCQ,both_max_strong_blur_b0.2_g2.5_t0.2,Visual-StrongBlur,visual_strong,1.0,5,1,0.0,1,tc_os1_low,2.0,none,strong,3
MMBench_DEV_EN_V11,LLaVA-NeXT-8B_Biased_Test,2624,both,MCQ,floor_sci5_ours_aug_b0.1_g2_t0.3,Conservative-2VC2TC,conservative_full,0.0,5,0,,,,,none,none,
MMBench_DEV_EN_V11,LLaVA-NeXT-8B_Biased_Test,2946,tcf_only,MCQ,joint_os_center_mask_b0.2_g2.5_t0.2,Joint-CenterMask-OptionShuffle1,joint_center,0.0,4,1,0.0,1,tc_os1_high,1.0,option_shuffle,center,
MMBench_DEV_EN_V11,LLaVA-NeXT-8B_Biased_Test,3071,vcf_only,MCQ,both_max_grayscale_b0.2_g2.5_t0.2,Visual-Grayscale,visual_gray,0.0,5,1,0.0,1,tc_os1_low,2.0,none,gray,3
MMBench_DEV_EN_V11,LLaVA-NeXT-8B_Biased_Test,3125,vcf_only,MCQ,floor_sci5_ours_aug_b0.1_g2_t0.3,Conservative-2VC2TC,conservative_full,1.0,5,0,,,,,none,none,
MMBench_DEV_EN_V11,LLaVA-NeXT-8B_Biased_Test,3166,vcf_only,MCQ,floor_sci5_ours_aug_b0.1_g2_t0.3,Conservative-2VC2TC,conservative_full,0.0,5,0,,,,,none,none,
MMBench_DEV_EN_V11,LLaVA-NeXT-8B_Biased_Test,3211,tcf_only,MCQ,floor_sci5_ours_aug_b0.1_g2_t0.3,Conservative-2VC2TC,conservative_full,1.0,5,0,,,,,none,none,
MMBench_DEV_EN_V11,LLaVA-NeXT-8B_Biased_Test,3225,vcf_only,MCQ,both_max_strong_blur_b0.2_g2.5_t0.2,Visual-StrongBlur,visual_strong,1.0,5,1,0.0,1,tc_os1_low,1.0,none,strong,3
MMBench_DEV_EN_V11,LLaVA-NeXT-8B_Biased_Test,3229,vcf_only,MCQ,joint_os_center_mask_b0.2_g2.5_t0.2,Joint-CenterMask-OptionShuffle1,joint_center,0.0,4,1,0.0,1,tc_os1_high,2.0,option_shuffle,center,
MMBench_DEV_EN_V11,LLaVA-NeXT-8B_Biased_Test,3354,vcf_only,MCQ,both_max_strong_blur_b0.2_g2.5_t0.2,Visual-StrongBlur,visual_strong,1.0,5,1,0.0,1,tc_os1_low,2.0,none,strong,3
MMBench_DEV_EN_V11,LLaVA-NeXT-8B_Biased_Test,3359,vcf_only,MCQ,both_max_grayscale_b0.2_g2.5_t0.2,Visual-Grayscale,visual_gray,0.0,5,1,0.0,1,tc_os1_low,1.0,none,gray,3
MMBench_DEV_EN_V11,LLaVA-NeXT-8B_Biased_Test,3366,vcf_only,MCQ,floor_sci5_ours_aug_b0.1_g2_t0.3,Conservative-2VC2TC,conservative_full,1.0,5,0,,,,,none,none,
MMBench_DEV_EN_V11,LLaVA-NeXT-8B_Biased_Test,3379,vcf_only,MCQ,both_max_center_mask_b0.2_g2.5_t0.2,Visual-CenterMask,visual_center,1.0,4,1,2.0,1,tc_os1_low,2.0,none,center,2
MMBench_DEV_EN_V11,LLaVA-NeXT-8B_Biased_Test,3390,both,MCQ,floor_sci5_ours_aug_b0.1_g2_t0.3,Conservative-2VC2TC,conservative_full,1.0,5,0,,,,,none,none,
MMBench_DEV_EN_V11,LLaVA-NeXT-8B_Biased_Test,3396,tcf_only,MCQ,floor_sci5_ours_aug_b0.1_g2_t0.3,Conservative-2VC2TC,conservative_full,0.0,5,0,,,,,none,none,
MMBench_DEV_EN_V11,LLaVA-NeXT-8B_Biased_Test,3474,vcf_only,MCQ,floor_sci5_ours_aug_b0.1_g2_t0.3,Conservative-2VC2TC,conservative_full,0.0,5,0,,,,,none,none,
MMBench_DEV_EN_V11,LLaVA-NeXT-8B_Biased_Test,3512,vcf_only,MCQ,floor_sci5_ours_aug_b0.1_g2_t0.3,Conservative-2VC2TC,conservative_full,1.0,5,0,,,,,none,none,
MMBench_DEV_EN_V11,LLaVA-NeXT-8B_Biased_Test,3520,vcf_only,MCQ,floor_sci5_ours_aug_b0.1_g2_t0.3,Conservative-2VC2TC,conservative_full,0.0,5,0,,,,,none,none,
MMBench_DEV_EN_V11,LLaVA-NeXT-8B_Biased_Test,3554,tcf_only,MCQ,floor_sci5_ours_aug_b0.1_g2_t0.3,Conservative-2VC2TC,conservative_full,0.0,5,0,,,,,none,none,
MMBench_DEV_EN_V11,LLaVA-NeXT-8B_Biased_Test,3557,tcf_only,MCQ,floor_sci5_ours_aug_b0.1_g2_t0.3,Conservative-2VC2TC,conservative_full,1.0,5,0,,,,,none,none,
MMBench_DEV_EN_V11,LLaVA-NeXT-8B_Biased_Test,3564,vcf_only,MCQ,floor_sci5_ours_aug_b0.1_g2_t0.3,Conservative-2VC2TC,conservative_full,0.0,5,0,,,,,none,none,
MMBench_DEV_EN_V11,LLaVA-NeXT-8B_Biased_Test,3599,vcf_only,MCQ,floor_sci5_ours_aug_b0.1_g2_t0.3,Conservative-2VC2TC,conservative_full,1.0,5,0,,,,,none,none,
MMBench_DEV_EN_V11,LLaVA-NeXT-8B_Biased_Test,3609,vcf_only,MCQ,floor_sci5_ours_aug_b0.1_g2_t0.3,Conservative-2VC2TC,conservative_full,0.0,5,0,,,,,none,none,
MMBench_DEV_EN_V11,LLaVA-NeXT-8B_Biased_Test,3611,both,MCQ,floor_sci5_ours_aug_b0.1_g2_t0.3,Conservative-2VC2TC,conservative_full,0.0,5,0,,,,,none,none,
MMBench_DEV_EN_V11,LLaVA-NeXT-8B_Biased_Test,3614,vcf_only,MCQ,floor_sci5_ours_aug_b0.1_g2_t0.3,Conservative-2VC2TC,conservative_full,1.0,5,0,,,,,none,none,
MMBench_DEV_EN_V11,LLaVA-NeXT-8B_Biased_Test,3629,tcf_only,MCQ,floor_sci5_ours_aug_b0.1_g2_t0.3,Conservative-2VC2TC,conservative_full,0.0,5,0,,,,,none,none,
MMBench_DEV_EN_V11,LLaVA-NeXT-8B_Biased_Test,3632,both,MCQ,floor_sci5_ours_aug_b0.1_g2_t0.3,Conservative-2VC2TC,conservative_full,0.0,5,0,,,,,none,none,
MMBench_DEV_EN_V11,LLaVA-NeXT-8B_Biased_Test,3639,tcf_only,MCQ,floor_sci5_ours_aug_b0.1_g2_t0.3,Conservative-2VC2TC,conservative_full,0.0,5,0,,,,,none,none,
MMBench_DEV_EN_V11,LLaVA-NeXT-8B_Biased_Test,3650,vcf_only,MCQ,floor_sci5_ours_aug_b0.1_g2_t0.3,Conservative-2VC2TC,conservative_full,1.0,5,0,,,,,none,none,
MMBench_DEV_EN_V11,LLaVA-NeXT-8B_Biased_Test,3653,vcf_only,MCQ,floor_sci5_ours_aug_b0.1_g2_t0.3,Conservative-2VC2TC,conservative_full,1.0,5,0,,,,,none,none,
MMBench_DEV_EN_V11,LLaVA-NeXT-8B_Biased_Test,3658,vcf_only,MCQ,floor_sci5_ours_aug_b0.1_g2_t0.3,Conservative-2VC2TC,conservative_full,0.0,5,0,,,,,none,none,
MMBench_DEV_EN_V11,LLaVA-NeXT-8B_Biased_Test,3664,vcf_only,MCQ,floor_sci5_ours_aug_b0.1_g2_t0.3,Conservative-2VC2TC,conservative_full,0.0,5,0,,,,,none,none,
MMBench_DEV_EN_V11,LLaVA-NeXT-8B_Biased_Test,3668,vcf_only,MCQ,floor_sci5_ours_aug_b0.1_g2_t0.3,Conservative-2VC2TC,conservative_full,0.0,5,0,,,,,none,none,
MMBench_DEV_EN_V11,LLaVA-NeXT-8B_Biased_Test,3674,both,MCQ,floor_sci5_ours_aug_b0.1_g2_t0.3,Conservative-2VC2TC,conservative_full,0.0,5,0,,,,,none,none,
MMBench_DEV_EN_V11,LLaVA-NeXT-8B_Biased_Test,3719,vcf_only,MCQ,joint_os_center_mask_b0.2_g2.5_t0.2,Joint-CenterMask-OptionShuffle1,joint_center,0.0,4,1,0.0,1,tc_os1_high,2.0,option_shuffle,center,
MMBench_DEV_EN_V11,LLaVA-NeXT-8B_Biased_Test,3738,vcf_only,MCQ,floor_sci5_ours_aug_b0.1_g2_t0.3,Conservative-2VC2TC,conservative_full,0.0,5,0,,,,,none,none,
MMBench_DEV_EN_V11,LLaVA-NeXT-8B_Biased_Test,3744,vcf_only,MCQ,floor_sci5_ours_aug_b0.1_g2_t0.3,Conservative-2VC2TC,conservative_full,1.0,5,0,,,,,none,none,
MMBench_DEV_EN_V11,LLaVA-NeXT-8B_Biased_Test,3757,vcf_only,MCQ,floor_sci5_ours_aug_b0.1_g2_t0.3,Conservative-2VC2TC,conservative_full,0.0,5,0,,,,,none,none,
MMBench_DEV_EN_V11,LLaVA-NeXT-8B_Biased_Test,1000295,vcf_only,MCQ,floor_sci5_ours_aug_b0.1_g2_t0.3,Conservative-2VC2TC,conservative_full,0.0,5,0,,,,,none,none,
MMBench_DEV_EN_V11,LLaVA-NeXT-8B_Biased_Test,1000403,vcf_only,MCQ,floor_sci5_ours_aug_b0.1_g2_t0.3,Conservative-2VC2TC,conservative_full,1.0,5,0,,,,,none,none,
MMBench_DEV_EN_V11,LLaVA-NeXT-8B_Biased_Test,1000404,vcf_only,MCQ,floor_sci5_ours_aug_b0.1_g2_t0.3,Conservative-2VC2TC,conservative_full,1.0,5,0,,,,,none,none,
MMBench_DEV_EN_V11,LLaVA-NeXT-8B_Biased_Test,1000419,tcf_only,MCQ,both_max_grayscale_b0.2_g2.5_t0.2,Visual-Grayscale,visual_gray,0.0,3,1,1.0,1,tc_os1_low,2.0,none,gray,1
MMBench_DEV_EN_V11,LLaVA-NeXT-8B_Biased_Test,1000452,tcf_only,MCQ,floor_sci5_ours_aug_b0.1_g2_t0.3,Conservative-2VC2TC,conservative_full,0.0,5,0,,,,,none,none,
MMBench_DEV_EN_V11,LLaVA-NeXT-8B_Biased_Test,1000480,vcf_only,MCQ,floor_sci5_ours_aug_b0.1_g2_t0.3,Conservative-2VC2TC,conservative_full,0.0,5,1,0.0,1,tc_os1_low,0.0,none,none,
MMBench_DEV_EN_V11,LLaVA-NeXT-8B_Biased_Test,1000484,vcf_only,MCQ,joint_os_center_mask_b0.2_g2.5_t0.2,Joint-CenterMask-OptionShuffle1,joint_center,0.0,4,1,0.0,1,tc_os1_high,2.0,option_shuffle,center,
MMBench_DEV_EN_V11,LLaVA-NeXT-8B_Biased_Test,1000485,tcf_only,MCQ,floor_sci5_ours_aug_b0.1_g2_t0.3,Conservative-2VC2TC,conservative_full,0.0,5,0,,,,,none,none,
MMBench_DEV_EN_V11,LLaVA-NeXT-8B_Biased_Test,1000486,tcf_only,MCQ,floor_sci5_ours_aug_b0.1_g2_t0.3,Conservative-2VC2TC,conservative_full,1.0,5,0,,,,,none,none,
MMBench_DEV_EN_V11,LLaVA-NeXT-8B_Biased_Test,1001262,vcf_only,MCQ,floor_sci5_ours_aug_b0.1_g2_t0.3,Conservative-2VC2TC,conservative_full,1.0,5,0,,,,,none,none,
MMBench_DEV_EN_V11,LLaVA-NeXT-8B_Biased_Test,1003113,vcf_only,MCQ,both_max_center_mask_b0.2_g2.5_t0.2,Visual-CenterMask,visual_center,0.0,4,1,0.0,1,tc_os1_low,2.0,none,center,2
MMBench_DEV_EN_V11,LLaVA-NeXT-8B_Biased_Test,1003451,tcf_only,MCQ,floor_sci5_ours_aug_b0.1_g2_t0.3,Conservative-2VC2TC,conservative_full,1.0,5,0,,,,,none,none,
MMBench_DEV_EN_V11,LLaVA-NeXT-8B_Biased_Test,1000284,both,MCQ,floor_sci5_ours_aug_b0.1_g2_t0.3,Conservative-2VC2TC,conservative_full,0.0,5,0,,,,,none,none,
MMBench_DEV_EN_V11,LLaVA-NeXT-8B_Biased_Test,1000285,tcf_only,MCQ,floor_sci5_ours_aug_b0.1_g2_t0.3,Conservative-2VC2TC,conservative_full,0.0,5,0,,,,,none,none,
MMBench_DEV_EN_V11,LLaVA-NeXT-8B_Biased_Test,1000288,both,MCQ,floor_sci5_ours_aug_b0.1_g2_t0.3,Conservative-2VC2TC,conservative_full,0.0,5,0,,,,,none,none,
MMBench_DEV_EN_V11,LLaVA-NeXT-8B_Biased_Test,1000290,both,MCQ,floor_sci5_ours_aug_b0.1_g2_t0.3,Conservative-2VC2TC,conservative_full,0.0,5,0,,,,,none,none,
MMBench_DEV_EN_V11,LLaVA-NeXT-8B_Biased_Test,1000292,both,MCQ,floor_sci5_ours_aug_b0.1_g2_t0.3,Conservative-2VC2TC,conservative_full,0.0,5,0,,,,,none,none,
MMBench_DEV_EN_V11,LLaVA-NeXT-8B_Biased_Test,1000294,both,MCQ,floor_sci5_ours_aug_b0.1_g2_t0.3,Conservative-2VC2TC,conservative_full,0.0,5,0,,,,,none,none,
MMBench_DEV_EN_V11,LLaVA-NeXT-8B_Biased_Test,1000306,tcf_only,MCQ,floor_sci5_ours_aug_b0.1_g2_t0.3,Conservative-2VC2TC,conservative_full,0.0,5,0,,,,,none,none,
MMBench_DEV_EN_V11,LLaVA-NeXT-8B_Biased_Test,1000412,vcf_only,MCQ,both_max_grayscale_b0.2_g2.5_t0.2,Visual-Grayscale,visual_gray,0.0,3,1,0.0,1,tc_os1_low,2.0,none,gray,1
MMBench_DEV_EN_V11,LLaVA-NeXT-8B_Biased_Test,1000414,vcf_only,MCQ,both_max_strong_blur_b0.2_g2.5_t0.2,Visual-StrongBlur,visual_strong,0.0,5,1,0.0,1,tc_os1_low,1.0,none,strong,3
MMBench_DEV_EN_V11,LLaVA-NeXT-8B_Biased_Test,1000610,vcf_only,MCQ,floor_sci5_ours_aug_b0.1_g2_t0.3,Conservative-2VC2TC,conservative_full,0.0,5,0,,,,,none,none,
MMBench_DEV_EN_V11,LLaVA-NeXT-8B_Biased_Test,1000840,vcf_only,MCQ,floor_sci5_ours_aug_b0.1_g2_t0.3,Conservative-2VC2TC,conservative_full,1.0,5,0,,,,,none,none,
MMBench_DEV_EN_V11,LLaVA-NeXT-8B_Biased_Test,1000846,tcf_only,MCQ,floor_sci5_ours_aug_b0.1_g2_t0.3,Conservative-2VC2TC,conservative_full,1.0,5,0,,,,,none,none,
MMBench_DEV_EN_V11,LLaVA-NeXT-8B_Biased_Test,1001102,vcf_only,MCQ,joint_os_strong_blur_b0.2_g2.5_t0.2,Joint-StrongBlur-OptionShuffle1,joint_strong,0.0,3,1,0.0,1,tc_os1_high,2.0,option_shuffle,strong,
MMBench_DEV_EN_V11,LLaVA-NeXT-8B_Biased_Test,1001113,vcf_only,MCQ,both_max_grayscale_b0.2_g2.5_t0.2,Visual-Grayscale,visual_gray,0.0,5,1,0.0,1,tc_os1_low,2.0,none,gray,3
MMBench_DEV_EN_V11,LLaVA-NeXT-8B_Biased_Test,1001114,vcf_only,MCQ,both_max_grayscale_b0.2_g2.5_t0.2,Visual-Grayscale,visual_gray,0.0,3,1,0.0,1,tc_os1_low,2.0,none,gray,1
MMBench_DEV_EN_V11,LLaVA-NeXT-8B_Biased_Test,1001116,vcf_only,MCQ,both_max_grayscale_b0.2_g2.5_t0.2,Visual-Grayscale,visual_gray,0.0,5,1,0.0,1,tc_os1_low,2.0,none,gray,3
MMBench_DEV_EN_V11,LLaVA-NeXT-8B_Biased_Test,1001122,vcf_only,MCQ,both_max_grayscale_b0.2_g2.5_t0.2,Visual-Grayscale,visual_gray,1.0,3,1,0.0,1,tc_os1_low,2.0,none,gray,1
MMBench_DEV_EN_V11,LLaVA-NeXT-8B_Biased_Test,1001123,vcf_only,MCQ,both_max_grayscale_b0.2_g2.5_t0.2,Visual-Grayscale,visual_gray,0.0,3,1,0.0,1,tc_os1_low,2.0,none,gray,1
MMBench_DEV_EN_V11,LLaVA-NeXT-8B_Biased_Test,1002124,tcf_only,MCQ,floor_sci5_ours_aug_b0.1_g2_t0.3,Conservative-2VC2TC,conservative_full,1.0,5,0,,,,,none,none,
MMBench_DEV_EN_V11,LLaVA-NeXT-8B_Biased_Test,1002420,vcf_only,MCQ,joint_os_strong_blur_b0.2_g2.5_t0.2,Joint-StrongBlur-OptionShuffle1,joint_strong,0.0,3,1,0.0,1,tc_os1_high,2.0,option_shuffle,strong,
MMBench_DEV_EN_V11,LLaVA-NeXT-8B_Biased_Test,1003508,tcf_only,MCQ,floor_sci5_ours_aug_b0.1_g2_t0.3,Conservative-2VC2TC,conservative_full,1.0,5,0,,,,,none,none,
MMBench_DEV_EN_V11,LLaVA-NeXT-8B_Biased_Test,1003524,tcf_only,MCQ,floor_sci5_ours_aug_b0.1_g2_t0.3,Conservative-2VC2TC,conservative_full,1.0,5,0,,,,,none,none,
MMBench_DEV_EN_V11,LLaVA-NeXT-8B_Biased_Test,1003735,tcf_only,MCQ,floor_sci5_ours_aug_b0.1_g2_t0.3,Conservative-2VC2TC,conservative_full,0.0,5,0,,,,,none,none,
MMBench_DEV_EN_V11,LLaVA-NeXT-8B_Biased_Test,1001014,tcf_only,MCQ,floor_sci5_ours_aug_b0.1_g2_t0.3,Conservative-2VC2TC,conservative_full,1.0,5,0,,,,,none,none,
MMBench_DEV_EN_V11,LLaVA-NeXT-8B_Biased_Test,1001192,tcf_only,MCQ,floor_sci5_ours_aug_b0.1_g2_t0.3,Conservative-2VC2TC,conservative_full,1.0,5,0,,,,,none,none,
MMBench_DEV_EN_V11,LLaVA-NeXT-8B_Biased_Test,1001210,vcf_only,MCQ,both_max_strong_blur_b0.2_g2.5_t0.2,Visual-StrongBlur,visual_strong,1.0,5,1,1.0,1,tc_os1_low,2.0,none,strong,3
MMBench_DEV_EN_V11,LLaVA-NeXT-8B_Biased_Test,1001216,tcf_only,MCQ,floor_sci5_ours_aug_b0.1_g2_t0.3,Conservative-2VC2TC,conservative_full,1.0,5,0,,,,,none,none,
MMBench_DEV_EN_V11,LLaVA-NeXT-8B_Biased_Test,1001219,tcf_only,MCQ,floor_sci5_ours_aug_b0.1_g2_t0.3,Conservative-2VC2TC,conservative_full,0.0,5,0,,,,,none,none,
MMBench_DEV_EN_V11,LLaVA-NeXT-8B_Biased_Test,1002558,tcf_only,MCQ,floor_sci5_ours_aug_b0.1_g2_t0.3,Conservative-2VC2TC,conservative_full,1.0,5,0,,,,,none,none,
MMBench_DEV_EN_V11,LLaVA-NeXT-8B_Biased_Test,1000001,tcf_only,MCQ,joint_os_center_mask_b0.2_g2.5_t0.2,Joint-CenterMask-OptionShuffle1,joint_center,1.0,4,1,0.0,1,tc_os1_high,2.0,option_shuffle,center,
MMBench_DEV_EN_V11,LLaVA-NeXT-8B_Biased_Test,1000002,tcf_only,MCQ,joint_os_center_mask_b0.2_g2.5_t0.2,Joint-CenterMask-OptionShuffle1,joint_center,1.0,4,1,1.0,1,tc_os1_high,1.0,option_shuffle,center,
MMBench_DEV_EN_V11,LLaVA-NeXT-8B_Biased_Test,1000007,both,MCQ,floor_sci5_ours_aug_b0.1_g2_t0.3,Conservative-2VC2TC,conservative_full,1.0,5,0,,,,,none,none,
MMBench_DEV_EN_V11,LLaVA-NeXT-8B_Biased_Test,1000011,tcf_only,MCQ,floor_sci5_ours_aug_b0.1_g2_t0.3,Conservative-2VC2TC,conservative_full,1.0,5,0,,,,,none,none,
MMBench_DEV_EN_V11,LLaVA-NeXT-8B_Biased_Test,1000012,both,MCQ,both_max_grayscale_b0.2_g2.5_t0.2,Visual-Grayscale,visual_gray,0.0,3,1,0.0,1,tc_os1_low,2.0,none,gray,1
MMBench_DEV_EN_V11,LLaVA-NeXT-8B_Biased_Test,1000016,tcf_only,MCQ,both_max_grayscale_b0.2_g2.5_t0.2,Visual-Grayscale,visual_gray,1.0,3,1,0.0,1,tc_os1_low,2.0,none,gray,1
MMBench_DEV_EN_V11,LLaVA-NeXT-8B_Biased_Test,1000018,both,MCQ,floor_sci5_ours_aug_b0.1_g2_t0.3,Conservative-2VC2TC,conservative_full,0.0,5,0,,,,,none,none,
MMBench_DEV_EN_V11,LLaVA-NeXT-8B_Biased_Test,1000322,vcf_only,MCQ,floor_sci5_ours_aug_b0.1_g2_t0.3,Conservative-2VC2TC,conservative_full,0.0,5,0,,,,,none,none,
MMBench_DEV_EN_V11,LLaVA-NeXT-8B_Biased_Test,1000334,tcf_only,MCQ,floor_sci5_ours_aug_b0.1_g2_t0.3,Conservative-2VC2TC,conservative_full,0.0,5,0,,,,,none,none,
MMBench_DEV_EN_V11,LLaVA-NeXT-8B_Biased_Test,1000335,tcf_only,MCQ,floor_sci5_ours_aug_b0.1_g2_t0.3,Conservative-2VC2TC,conservative_full,0.0,5,0,,,,,none,none,
MMBench_DEV_EN_V11,LLaVA-NeXT-8B_Biased_Test,1000337,tcf_only,MCQ,floor_sci5_ours_aug_b0.1_g2_t0.3,Conservative-2VC2TC,conservative_full,0.0,5,0,,,,,none,none,
MMBench_DEV_EN_V11,LLaVA-NeXT-8B_Biased_Test,1000346,both,MCQ,floor_sci5_ours_aug_b0.1_g2_t0.3,Conservative-2VC2TC,conservative_full,0.0,5,0,,,,,none,none,
MMBench_DEV_EN_V11,LLaVA-NeXT-8B_Biased_Test,1000461,tcf_only,MCQ,floor_sci5_ours_aug_b0.1_g2_t0.3,Conservative-2VC2TC,conservative_full,0.0,5,0,,,,,none,none,
MMBench_DEV_EN_V11,LLaVA-NeXT-8B_Biased_Test,1000465,both,MCQ,floor_sci5_ours_aug_b0.1_g2_t0.3,Conservative-2VC2TC,conservative_full,0.0,5,0,,,,,none,none,
MMBench_DEV_EN_V11,LLaVA-NeXT-8B_Biased_Test,1000496,vcf_only,MCQ,floor_sci5_ours_aug_b0.1_g2_t0.3,Conservative-2VC2TC,conservative_full,0.0,5,0,,,,,none,none,
MMBench_DEV_EN_V11,LLaVA-NeXT-8B_Biased_Test,1000511,tcf_only,MCQ,floor_sci5_ours_aug_b0.1_g2_t0.3,Conservative-2VC2TC,conservative_full,0.0,5,0,,,,,none,none,
MMBench_DEV_EN_V11,LLaVA-NeXT-8B_Biased_Test,1000587,vcf_only,MCQ,both_max_strong_blur_b0.2_g2.5_t0.2,Visual-StrongBlur,visual_strong,0.0,5,1,0.0,1,tc_os1_low,2.0,none,strong,3
MMBench_DEV_EN_V11,LLaVA-NeXT-8B_Biased_Test,1000589,vcf_only,MCQ,floor_sci5_ours_aug_b0.1_g2_t0.3,Conservative-2VC2TC,conservative_full,0.0,5,0,,,,,none,none,
MMBench_DEV_EN_V11,LLaVA-NeXT-8B_Biased_Test,1000592,vcf_only,MCQ,both_max_grayscale_b0.2_g2.5_t0.2,Visual-Grayscale,visual_gray,0.0,3,1,0.0,1,tc_os1_low,2.0,none,gray,1
MMBench_DEV_EN_V11,LLaVA-NeXT-8B_Biased_Test,1000602,vcf_only,MCQ,floor_sci5_ours_aug_b0.1_g2_t0.3,Conservative-2VC2TC,conservative_full,1.0,5,0,,,,,none,none,
MMBench_DEV_EN_V11,LLaVA-NeXT-8B_Biased_Test,1000634,vcf_only,MCQ,both_max_center_mask_b0.2_g2.5_t0.2,Visual-CenterMask,visual_center,0.0,5,1,0.0,1,tc_os1_low,2.0,none,center,3
MMBench_DEV_EN_V11,LLaVA-NeXT-8B_Biased_Test,1000640,tcf_only,MCQ,floor_sci5_ours_aug_b0.1_g2_t0.3,Conservative-2VC2TC,conservative_full,1.0,5,0,,,,,none,none,
MMBench_DEV_EN_V11,LLaVA-NeXT-8B_Biased_Test,1000647,vcf_only,MCQ,floor_sci5_ours_aug_b0.1_g2_t0.3,Conservative-2VC2TC,conservative_full,0.0,5,0,,,,,none,none,
MMBench_DEV_EN_V11,LLaVA-NeXT-8B_Biased_Test,1000651,vcf_only,MCQ,floor_sci5_ours_aug_b0.1_g2_t0.3,Conservative-2VC2TC,conservative_full,0.0,5,0,,,,,none,none,
MMBench_DEV_EN_V11,LLaVA-NeXT-8B_Biased_Test,1000657,tcf_only,MCQ,floor_sci5_ours_aug_b0.1_g2_t0.3,Conservative-2VC2TC,conservative_full,0.0,5,0,,,,,none,none,
MMBench_DEV_EN_V11,LLaVA-NeXT-8B_Biased_Test,1000768,vcf_only,MCQ,floor_sci5_ours_aug_b0.1_g2_t0.3,Conservative-2VC2TC,conservative_full,1.0,5,0,,,,,none,none,
MMBench_DEV_EN_V11,LLaVA-NeXT-8B_Biased_Test,1000773,vcf_only,MCQ,floor_sci5_ours_aug_b0.1_g2_t0.3,Conservative-2VC2TC,conservative_full,1.0,5,0,,,,,none,none,
MMBench_DEV_EN_V11,LLaVA-NeXT-8B_Biased_Test,1000778,both,MCQ,floor_sci5_ours_aug_b0.1_g2_t0.3,Conservative-2VC2TC,conservative_full,0.0,5,0,,,,,none,none,
MMBench_DEV_EN_V11,LLaVA-NeXT-8B_Biased_Test,1000779,tcf_only,MCQ,floor_sci5_ours_aug_b0.1_g2_t0.3,Conservative-2VC2TC,conservative_full,0.0,5,0,,,,,none,none,
MMBench_DEV_EN_V11,LLaVA-NeXT-8B_Biased_Test,1000782,vcf_only,MCQ,both_max_center_mask_b0.2_g2.5_t0.2,Visual-CenterMask,visual_center,0.0,5,1,0.0,1,tc_os1_low,2.0,none,center,3
MMBench_DEV_EN_V11,LLaVA-NeXT-8B_Biased_Test,1000792,both,MCQ,floor_sci5_ours_aug_b0.1_g2_t0.3,Conservative-2VC2TC,conservative_full,0.0,5,0,,,,,none,none,
MMBench_DEV_EN_V11,LLaVA-NeXT-8B_Biased_Test,1000799,vcf_only,MCQ,floor_sci5_ours_aug_b0.1_g2_t0.3,Conservative-2VC2TC,conservative_full,0.0,5,0,,,,,none,none,
MMBench_DEV_EN_V11,LLaVA-NeXT-8B_Biased_Test,1000800,vcf_only,MCQ,floor_sci5_ours_aug_b0.1_g2_t0.3,Conservative-2VC2TC,conservative_full,0.0,5,0,,,,,none,none,
MMBench_DEV_EN_V11,LLaVA-NeXT-8B_Biased_Test,1000805,vcf_only,MCQ,floor_sci5_ours_aug_b0.1_g2_t0.3,Conservative-2VC2TC,conservative_full,0.0,5,0,,,,,none,none,
MMBench_DEV_EN_V11,LLaVA-NeXT-8B_Biased_Test,1000826,vcf_only,MCQ,both_max_grayscale_b0.2_g2.5_t0.2,Visual-Grayscale,visual_gray,0.0,3,1,0.0,1,tc_os1_low,2.0,none,gray,1
MMBench_DEV_EN_V11,LLaVA-NeXT-8B_Biased_Test,1000866,vcf_only,MCQ,both_max_grayscale_b0.2_g2.5_t0.2,Visual-Grayscale,visual_gray,0.0,3,1,0.0,1,tc_os1_low,2.0,none,gray,1
MMBench_DEV_EN_V11,LLaVA-NeXT-8B_Biased_Test,1000867,both,MCQ,floor_sci5_ours_aug_b0.1_g2_t0.3,Conservative-2VC2TC,conservative_full,0.0,5,0,,,,,none,none,
MMBench_DEV_EN_V11,LLaVA-NeXT-8B_Biased_Test,1000892,tcf_only,MCQ,floor_sci5_ours_aug_b0.1_g2_t0.3,Conservative-2VC2TC,conservative_full,0.0,5,0,,,,,none,none,
MMBench_DEV_EN_V11,LLaVA-NeXT-8B_Biased_Test,1000908,tcf_only,MCQ,floor_sci5_ours_aug_b0.1_g2_t0.3,Conservative-2VC2TC,conservative_full,0.0,5,0,,,,,none,none,
MMBench_DEV_EN_V11,LLaVA-NeXT-8B_Biased_Test,1000918,vcf_only,MCQ,floor_sci5_ours_aug_b0.1_g2_t0.3,Conservative-2VC2TC,conservative_full,0.0,5,0,,,,,none,none,
MMBench_DEV_EN_V11,LLaVA-NeXT-8B_Biased_Test,1000965,vcf_only,MCQ,both_max_grayscale_b0.2_g2.5_t0.2,Visual-Grayscale,visual_gray,1.0,3,1,0.0,1,tc_os1_low,1.0,none,gray,1
MMBench_DEV_EN_V11,LLaVA-NeXT-8B_Biased_Test,1000967,vcf_only,MCQ,both_max_center_mask_b0.2_g2.5_t0.2,Visual-CenterMask,visual_center,1.0,4,1,0.0,1,tc_os1_low,1.0,none,center,2
MMBench_DEV_EN_V11,LLaVA-NeXT-8B_Biased_Test,1000975,vcf_only,MCQ,floor_sci5_ours_aug_b0.1_g2_t0.3,Conservative-2VC2TC,conservative_full,0.0,5,0,,,,,none,none,
MMBench_DEV_EN_V11,LLaVA-NeXT-8B_Biased_Test,1000976,vcf_only,MCQ,joint_os_strong_blur_b0.2_g2.5_t0.2,Joint-StrongBlur-OptionShuffle1,joint_strong,1.0,3,1,1.0,1,tc_os1_high,2.0,option_shuffle,strong,
MMBench_DEV_EN_V11,LLaVA-NeXT-8B_Biased_Test,1000984,both,MCQ,floor_sci5_ours_aug_b0.1_g2_t0.3,Conservative-2VC2TC,conservative_full,0.0,5,0,,,,,none,none,
MMBench_DEV_EN_V11,LLaVA-NeXT-8B_Biased_Test,1001338,vcf_only,MCQ,b5_tc_os1_direct,Text-OptionShuffle1,text,0.0,2,1,0.0,1,tc_os1_high,0.0,option_shuffle,none,
MMBench_DEV_EN_V11,LLaVA-NeXT-8B_Biased_Test,1001402,both,MCQ,floor_sci5_ours_aug_b0.1_g2_t0.3,Conservative-2VC2TC,conservative_full,0.0,5,0,,,,,none,none,
MMBench_DEV_EN_V11,LLaVA-NeXT-8B_Biased_Test,1001428,vcf_only,MCQ,joint_os_center_mask_b0.2_g2.5_t0.2,Joint-CenterMask-OptionShuffle1,joint_center,0.0,4,1,0.0,1,tc_os1_high,1.0,option_shuffle,center,
MMBench_DEV_EN_V11,LLaVA-NeXT-8B_Biased_Test,1001431,vcf_only,MCQ,floor_sci5_ours_aug_b0.1_g2_t0.3,Conservative-2VC2TC,conservative_full,1.0,5,0,,,,,none,none,
MMBench_DEV_EN_V11,LLaVA-NeXT-8B_Biased_Test,1001488,tcf_only,MCQ,floor_sci5_ours_aug_b0.1_g2_t0.3,Conservative-2VC2TC,conservative_full,1.0,5,0,,,,,none,none,
MMBench_DEV_EN_V11,LLaVA-NeXT-8B_Biased_Test,1001500,vcf_only,MCQ,floor_sci5_ours_aug_b0.1_g2_t0.3,Conservative-2VC2TC,conservative_full,0.0,5,0,,,,,none,none,
MMBench_DEV_EN_V11,LLaVA-NeXT-8B_Biased_Test,1001576,tcf_only,MCQ,floor_sci5_ours_aug_b0.1_g2_t0.3,Conservative-2VC2TC,conservative_full,1.0,5,0,,,,,none,none,
MMBench_DEV_EN_V11,LLaVA-NeXT-8B_Biased_Test,1001602,vcf_only,MCQ,joint_os_center_mask_b0.2_g2.5_t0.2,Joint-CenterMask-OptionShuffle1,joint_center,1.0,4,1,0.0,1,tc_os1_high,1.0,option_shuffle,center,
MMBench_DEV_EN_V11,LLaVA-NeXT-8B_Biased_Test,1001632,both,MCQ,floor_sci5_ours_aug_b0.1_g2_t0.3,Conservative-2VC2TC,conservative_full,0.0,5,0,,,,,none,none,
MMBench_DEV_EN_V11,LLaVA-NeXT-8B_Biased_Test,1001636,both,MCQ,floor_sci5_ours_aug_b0.1_g2_t0.3,Conservative-2VC2TC,conservative_full,0.0,5,0,,,,,none,none,
MMBench_DEV_EN_V11,LLaVA-NeXT-8B_Biased_Test,1001637,tcf_only,MCQ,b5_tc_os1_direct,Text-OptionShuffle1,text,0.0,2,1,2.0,1,tc_os1_high,0.0,option_shuffle,none,
MMBench_DEV_EN_V11,LLaVA-NeXT-8B_Biased_Test,1001642,both,MCQ,floor_sci5_ours_aug_b0.1_g2_t0.3,Conservative-2VC2TC,conservative_full,0.0,5,0,,,,,none,none,
MMBench_DEV_EN_V11,LLaVA-NeXT-8B_Biased_Test,1001647,vcf_only,MCQ,floor_sci5_ours_aug_b0.1_g2_t0.3,Conservative-2VC2TC,conservative_full,1.0,5,0,,,,,none,none,
MMBench_DEV_EN_V11,LLaVA-NeXT-8B_Biased_Test,1001651,both,MCQ,floor_sci5_ours_aug_b0.1_g2_t0.3,Conservative-2VC2TC,conservative_full,1.0,5,0,,,,,none,none,
MMBench_DEV_EN_V11,LLaVA-NeXT-8B_Biased_Test,1001655,tcf_only,MCQ,floor_sci5_ours_aug_b0.1_g2_t0.3,Conservative-2VC2TC,conservative_full,1.0,5,0,,,,,none,none,
MMBench_DEV_EN_V11,LLaVA-NeXT-8B_Biased_Test,1001656,tcf_only,MCQ,both_max_grayscale_b0.2_g2.5_t0.2,Visual-Grayscale,visual_gray,1.0,3,1,1.0,1,tc_os1_low,2.0,none,gray,1
MMBench_DEV_EN_V11,LLaVA-NeXT-8B_Biased_Test,1001657,tcf_only,MCQ,floor_sci5_ours_aug_b0.1_g2_t0.3,Conservative-2VC2TC,conservative_full,0.0,5,0,,,,,none,none,
MMBench_DEV_EN_V11,LLaVA-NeXT-8B_Biased_Test,1001658,tcf_only,MCQ,floor_sci5_ours_aug_b0.1_g2_t0.3,Conservative-2VC2TC,conservative_full,0.0,5,0,,,,,none,none,
MMBench_DEV_EN_V11,LLaVA-NeXT-8B_Biased_Test,1001660,tcf_only,MCQ,floor_sci5_ours_aug_b0.1_g2_t0.3,Conservative-2VC2TC,conservative_full,0.0,5,0,,,,,none,none,
MMBench_DEV_EN_V11,LLaVA-NeXT-8B_Biased_Test,1001662,tcf_only,MCQ,joint_os_center_mask_b0.2_g2.5_t0.2,Joint-CenterMask-OptionShuffle1,joint_center,1.0,4,1,2.0,1,tc_os1_high,2.0,option_shuffle,center,
MMBench_DEV_EN_V11,LLaVA-NeXT-8B_Biased_Test,1001663,tcf_only,MCQ,floor_sci5_ours_aug_b0.1_g2_t0.3,Conservative-2VC2TC,conservative_full,1.0,5,0,,,,,none,none,
MMBench_DEV_EN_V11,LLaVA-NeXT-8B_Biased_Test,1001665,tcf_only,MCQ,both_max_grayscale_b0.2_g2.5_t0.2,Visual-Grayscale,visual_gray,1.0,3,1,1.0,1,tc_os1_low,2.0,none,gray,1
MMBench_DEV_EN_V11,LLaVA-NeXT-8B_Biased_Test,1001667,tcf_only,MCQ,floor_sci5_ours_aug_b0.1_g2_t0.3,Conservative-2VC2TC,conservative_full,1.0,5,0,,,,,none,none,
MMBench_DEV_EN_V11,LLaVA-NeXT-8B_Biased_Test,1001669,both,MCQ,floor_sci5_ours_aug_b0.1_g2_t0.3,Conservative-2VC2TC,conservative_full,0.0,5,0,,,,,none,none,
MMBench_DEV_EN_V11,LLaVA-NeXT-8B_Biased_Test,1001677,tcf_only,MCQ,floor_sci5_ours_aug_b0.1_g2_t0.3,Conservative-2VC2TC,conservative_full,0.0,5,0,,,,,none,none,
MMBench_DEV_EN_V11,LLaVA-NeXT-8B_Biased_Test,1001679,tcf_only,MCQ,floor_sci5_ours_aug_b0.1_g2_t0.3,Conservative-2VC2TC,conservative_full,0.0,5,0,,,,,none,none,
MMBench_DEV_EN_V11,LLaVA-NeXT-8B_Biased_Test,1001684,vcf_only,MCQ,both_max_grayscale_b0.2_g2.5_t0.2,Visual-Grayscale,visual_gray,0.0,5,1,0.0,1,tc_os1_low,2.0,none,gray,3
MMBench_DEV_EN_V11,LLaVA-NeXT-8B_Biased_Test,1001741,tcf_only,MCQ,floor_sci5_ours_aug_b0.1_g2_t0.3,Conservative-2VC2TC,conservative_full,0.0,5,0,,,,,none,none,
MMBench_DEV_EN_V11,LLaVA-NeXT-8B_Biased_Test,1001743,tcf_only,MCQ,floor_sci5_ours_aug_b0.1_g2_t0.3,Conservative-2VC2TC,conservative_full,0.0,5,0,,,,,none,none,
MMBench_DEV_EN_V11,LLaVA-NeXT-8B_Biased_Test,1001760,vcf_only,MCQ,floor_sci5_ours_aug_b0.1_g2_t0.3,Conservative-2VC2TC,conservative_full,0.0,5,0,,,,,none,none,
MMBench_DEV_EN_V11,LLaVA-NeXT-8B_Biased_Test,1001762,tcf_only,MCQ,floor_sci5_ours_aug_b0.1_g2_t0.3,Conservative-2VC2TC,conservative_full,1.0,5,0,,,,,none,none,
MMBench_DEV_EN_V11,LLaVA-NeXT-8B_Biased_Test,1001765,both,MCQ,floor_sci5_ours_aug_b0.1_g2_t0.3,Conservative-2VC2TC,conservative_full,0.0,5,0,,,,,none,none,
MMBench_DEV_EN_V11,LLaVA-NeXT-8B_Biased_Test,1001772,both,MCQ,floor_sci5_ours_aug_b0.1_g2_t0.3,Conservative-2VC2TC,conservative_full,0.0,5,0,,,,,none,none,
MMBench_DEV_EN_V11,LLaVA-NeXT-8B_Biased_Test,1001773,tcf_only,MCQ,floor_sci5_ours_aug_b0.1_g2_t0.3,Conservative-2VC2TC,conservative_full,0.0,5,0,,,,,none,none,
MMBench_DEV_EN_V11,LLaVA-NeXT-8B_Biased_Test,1001774,both,MCQ,floor_sci5_ours_aug_b0.1_g2_t0.3,Conservative-2VC2TC,conservative_full,0.0,5,0,,,,,none,none,
MMBench_DEV_EN_V11,LLaVA-NeXT-8B_Biased_Test,1001847,vcf_only,MCQ,floor_sci5_ours_aug_b0.1_g2_t0.3,Conservative-2VC2TC,conservative_full,0.0,5,0,,,,,none,none,
MMBench_DEV_EN_V11,LLaVA-NeXT-8B_Biased_Test,1001849,vcf_only,MCQ,floor_sci5_ours_aug_b0.1_g2_t0.3,Conservative-2VC2TC,conservative_full,0.0,5,0,,,,,none,none,
MMBench_DEV_EN_V11,LLaVA-NeXT-8B_Biased_Test,1001858,vcf_only,MCQ,floor_sci5_ours_aug_b0.1_g2_t0.3,Conservative-2VC2TC,conservative_full,0.0,5,0,,,,,none,none,
MMBench_DEV_EN_V11,LLaVA-NeXT-8B_Biased_Test,1001865,vcf_only,MCQ,floor_sci5_ours_aug_b0.1_g2_t0.3,Conservative-2VC2TC,conservative_full,1.0,5,0,,,,,none,none,
MMBench_DEV_EN_V11,LLaVA-NeXT-8B_Biased_Test,1001867,vcf_only,MCQ,floor_sci5_ours_aug_b0.1_g2_t0.3,Conservative-2VC2TC,conservative_full,1.0,5,0,,,,,none,none,
MMBench_DEV_EN_V11,LLaVA-NeXT-8B_Biased_Test,1001868,both,MCQ,floor_sci5_ours_aug_b0.1_g2_t0.3,Conservative-2VC2TC,conservative_full,0.0,5,0,,,,,none,none,
MMBench_DEV_EN_V11,LLaVA-NeXT-8B_Biased_Test,1001870,vcf_only,MCQ,floor_sci5_ours_aug_b0.1_g2_t0.3,Conservative-2VC2TC,conservative_full,0.0,5,0,,,,,none,none,
MMBench_DEV_EN_V11,LLaVA-NeXT-8B_Biased_Test,1001882,vcf_only,MCQ,floor_sci5_ours_aug_b0.1_g2_t0.3,Conservative-2VC2TC,conservative_full,0.0,5,0,,,,,none,none,
MMBench_DEV_EN_V11,LLaVA-NeXT-8B_Biased_Test,1001888,vcf_only,MCQ,floor_sci5_ours_aug_b0.1_g2_t0.3,Conservative-2VC2TC,conservative_full,0.0,5,0,,,,,none,none,
MMBench_DEV_EN_V11,LLaVA-NeXT-8B_Biased_Test,1001913,vcf_only,MCQ,joint_os_center_mask_b0.2_g2.5_t0.2,Joint-CenterMask-OptionShuffle1,joint_center,0.0,4,1,0.0,1,tc_os1_high,2.0,option_shuffle,center,
MMBench_DEV_EN_V11,LLaVA-NeXT-8B_Biased_Test,1001940,vcf_only,MCQ,both_max_strong_blur_b0.2_g2.5_t0.2,Visual-StrongBlur,visual_strong,0.0,5,1,0.0,1,tc_os1_low,2.0,none,strong,3
MMBench_DEV_EN_V11,LLaVA-NeXT-8B_Biased_Test,1001941,tcf_only,MCQ,both_max_grayscale_b0.2_g2.5_t0.2,Visual-Grayscale,visual_gray,0.0,3,1,0.0,1,tc_os1_low,1.0,none,gray,1
MMBench_DEV_EN_V11,LLaVA-NeXT-8B_Biased_Test,1001945,vcf_only,MCQ,both_max_strong_blur_b0.2_g2.5_t0.2,Visual-StrongBlur,visual_strong,0.0,5,1,0.0,1,tc_os1_low,2.0,none,strong,3
MMBench_DEV_EN_V11,LLaVA-NeXT-8B_Biased_Test,1001953,vcf_only,MCQ,both_max_grayscale_b0.2_g2.5_t0.2,Visual-Grayscale,visual_gray,0.0,5,1,0.0,1,tc_os1_low,2.0,none,gray,3
MMBench_DEV_EN_V11,LLaVA-NeXT-8B_Biased_Test,1001977,tcf_only,MCQ,floor_sci5_ours_aug_b0.1_g2_t0.3,Conservative-2VC2TC,conservative_full,1.0,5,0,,,,,none,none,
MMBench_DEV_EN_V11,LLaVA-NeXT-8B_Biased_Test,1001979,vcf_only,MCQ,floor_sci5_ours_aug_b0.1_g2_t0.3,Conservative-2VC2TC,conservative_full,1.0,5,0,,,,,none,none,
MMBench_DEV_EN_V11,LLaVA-NeXT-8B_Biased_Test,1001985,vcf_only,MCQ,floor_sci5_ours_aug_b0.1_g2_t0.3,Conservative-2VC2TC,conservative_full,1.0,5,0,,,,,none,none,
MMBench_DEV_EN_V11,LLaVA-NeXT-8B_Biased_Test,1001987,vcf_only,MCQ,both_max_center_mask_b0.2_g2.5_t0.2,Visual-CenterMask,visual_center,0.0,5,1,0.0,1,tc_os1_low,2.0,none,center,3
MMBench_DEV_EN_V11,LLaVA-NeXT-8B_Biased_Test,1003068,vcf_only,MCQ,both_max_strong_blur_b0.2_g2.5_t0.2,Visual-StrongBlur,visual_strong,0.0,5,1,0.0,1,tc_os1_low,1.0,none,strong,3
MMBench_DEV_EN_V11,LLaVA-NeXT-8B_Biased_Test,1003088,vcf_only,MCQ,both_max_center_mask_b0.2_g2.5_t0.2,Visual-CenterMask,visual_center,0.0,5,1,0.0,1,tc_os1_low,2.0,none,center,3
MMBench_DEV_EN_V11,LLaVA-NeXT-8B_Biased_Test,1003091,vcf_only,MCQ,both_max_grayscale_b0.2_g2.5_t0.2,Visual-Grayscale,visual_gray,0.0,5,1,0.0,1,tc_os1_low,1.0,none,gray,3
MMBench_DEV_EN_V11,LLaVA-NeXT-8B_Biased_Test,1003128,vcf_only,MCQ,both_max_center_mask_b0.2_g2.5_t0.2,Visual-CenterMask,visual_center,0.0,5,1,0.0,1,tc_os1_low,2.0,none,center,3
MMBench_DEV_EN_V11,LLaVA-NeXT-8B_Biased_Test,1003154,vcf_only,MCQ,floor_sci5_ours_aug_b0.1_g2_t0.3,Conservative-2VC2TC,conservative_full,0.0,5,0,,,,,none,none,
MMBench_DEV_EN_V11,LLaVA-NeXT-8B_Biased_Test,1003229,vcf_only,MCQ,both_max_grayscale_b0.2_g2.5_t0.2,Visual-Grayscale,visual_gray,0.0,3,1,0.0,1,tc_os1_low,2.0,none,gray,1
MMBench_DEV_EN_V11,LLaVA-NeXT-8B_Biased_Test,1003238,tcf_only,MCQ,floor_sci5_ours_aug_b0.1_g2_t0.3,Conservative-2VC2TC,conservative_full,0.0,5,0,,,,,none,none,
MMBench_DEV_EN_V11,LLaVA-NeXT-8B_Biased_Test,1003247,both,MCQ,floor_sci5_ours_aug_b0.1_g2_t0.3,Conservative-2VC2TC,conservative_full,0.0,5,0,,,,,none,none,
MMBench_DEV_EN_V11,LLaVA-NeXT-8B_Biased_Test,1003372,vcf_only,MCQ,joint_os_center_mask_b0.2_g2.5_t0.2,Joint-CenterMask-OptionShuffle1,joint_center,0.0,4,1,1.0,1,tc_os1_high,2.0,option_shuffle,center,
MMBench_DEV_EN_V11,LLaVA-NeXT-8B_Biased_Test,1003379,vcf_only,MCQ,both_max_center_mask_b0.2_g2.5_t0.2,Visual-CenterMask,visual_center,1.0,4,1,2.0,1,tc_os1_low,2.0,none,center,2
MMBench_DEV_EN_V11,LLaVA-NeXT-8B_Biased_Test,1003390,vcf_only,MCQ,floor_sci5_ours_aug_b0.1_g2_t0.3,Conservative-2VC2TC,conservative_full,0.0,5,0,,,,,none,none,
MMBench_DEV_EN_V11,LLaVA-NeXT-8B_Biased_Test,1003467,tcf_only,MCQ,floor_sci5_ours_aug_b0.1_g2_t0.3,Conservative-2VC2TC,conservative_full,0.0,5,0,,,,,none,none,
MMBench_DEV_EN_V11,LLaVA-NeXT-8B_Biased_Test,1003474,vcf_only,MCQ,floor_sci5_ours_aug_b0.1_g2_t0.3,Conservative-2VC2TC,conservative_full,0.0,5,0,,,,,none,none,
MMBench_DEV_EN_V11,LLaVA-NeXT-8B_Biased_Test,1003512,vcf_only,MCQ,floor_sci5_ours_aug_b0.1_g2_t0.3,Conservative-2VC2TC,conservative_full,0.0,5,0,,,,,none,none,
MMBench_DEV_EN_V11,LLaVA-NeXT-8B_Biased_Test,1003520,vcf_only,MCQ,floor_sci5_ours_aug_b0.1_g2_t0.3,Conservative-2VC2TC,conservative_full,0.0,5,0,,,,,none,none,
MMBench_DEV_EN_V11,LLaVA-NeXT-8B_Biased_Test,1003526,tcf_only,MCQ,both_max_center_mask_b0.2_g2.5_t0.2,Visual-CenterMask,visual_center,0.0,4,1,1.0,1,tc_os1_low,1.0,none,center,2
MMBench_DEV_EN_V11,LLaVA-NeXT-8B_Biased_Test,1003556,vcf_only,MCQ,floor_sci5_ours_aug_b0.1_g2_t0.3,Conservative-2VC2TC,conservative_full,0.0,5,0,,,,,none,none,
MMBench_DEV_EN_V11,LLaVA-NeXT-8B_Biased_Test,1003597,tcf_only,MCQ,floor_sci5_ours_aug_b0.1_g2_t0.3,Conservative-2VC2TC,conservative_full,0.0,5,0,,,,,none,none,
MMBench_DEV_EN_V11,LLaVA-NeXT-8B_Biased_Test,1003599,vcf_only,MCQ,floor_sci5_ours_aug_b0.1_g2_t0.3,Conservative-2VC2TC,conservative_full,1.0,5,0,,,,,none,none,
MMBench_DEV_EN_V11,LLaVA-NeXT-8B_Biased_Test,1003607,vcf_only,MCQ,floor_sci5_ours_aug_b0.1_g2_t0.3,Conservative-2VC2TC,conservative_full,0.0,5,0,,,,,none,none,
MMBench_DEV_EN_V11,LLaVA-NeXT-8B_Biased_Test,1003609,vcf_only,MCQ,floor_sci5_ours_aug_b0.1_g2_t0.3,Conservative-2VC2TC,conservative_full,0.0,5,0,,,,,none,none,
MMBench_DEV_EN_V11,LLaVA-NeXT-8B_Biased_Test,1003611,vcf_only,MCQ,floor_sci5_ours_aug_b0.1_g2_t0.3,Conservative-2VC2TC,conservative_full,0.0,5,0,,,,,none,none,
MMBench_DEV_EN_V11,LLaVA-NeXT-8B_Biased_Test,1003619,vcf_only,MCQ,floor_sci5_ours_aug_b0.1_g2_t0.3,Conservative-2VC2TC,conservative_full,0.0,5,0,,,,,none,none,
MMBench_DEV_EN_V11,LLaVA-NeXT-8B_Biased_Test,1003625,tcf_only,MCQ,floor_sci5_ours_aug_b0.1_g2_t0.3,Conservative-2VC2TC,conservative_full,1.0,5,0,,,,,none,none,
MMBench_DEV_EN_V11,LLaVA-NeXT-8B_Biased_Test,1003632,vcf_only,MCQ,floor_sci5_ours_aug_b0.1_g2_t0.3,Conservative-2VC2TC,conservative_full,0.0,5,0,,,,,none,none,
MMBench_DEV_EN_V11,LLaVA-NeXT-8B_Biased_Test,1003633,vcf_only,MCQ,floor_sci5_ours_aug_b0.1_g2_t0.3,Conservative-2VC2TC,conservative_full,0.0,5,0,,,,,none,none,
MMBench_DEV_EN_V11,LLaVA-NeXT-8B_Biased_Test,1003646,vcf_only,MCQ,floor_sci5_ours_aug_b0.1_g2_t0.3,Conservative-2VC2TC,conservative_full,0.0,5,0,,,,,none,none,
MMBench_DEV_EN_V11,LLaVA-NeXT-8B_Biased_Test,1003653,vcf_only,MCQ,floor_sci5_ours_aug_b0.1_g2_t0.3,Conservative-2VC2TC,conservative_full,1.0,5,0,,,,,none,none,
MMBench_DEV_EN_V11,LLaVA-NeXT-8B_Biased_Test,1003659,tcf_only,MCQ,floor_sci5_ours_aug_b0.1_g2_t0.3,Conservative-2VC2TC,conservative_full,0.0,5,0,,,,,none,none,
MMBench_DEV_EN_V11,LLaVA-NeXT-8B_Biased_Test,1003664,vcf_only,MCQ,floor_sci5_ours_aug_b0.1_g2_t0.3,Conservative-2VC2TC,conservative_full,0.0,5,0,,,,,none,none,
MMBench_DEV_EN_V11,LLaVA-NeXT-8B_Biased_Test,1003668,vcf_only,MCQ,floor_sci5_ours_aug_b0.1_g2_t0.3,Conservative-2VC2TC,conservative_full,0.0,5,0,,,,,none,none,
MMBench_DEV_EN_V11,LLaVA-NeXT-8B_Biased_Test,1003672,tcf_only,MCQ,floor_sci5_ours_aug_b0.1_g2_t0.3,Conservative-2VC2TC,conservative_full,0.0,5,0,,,,,none,none,
MMBench_DEV_EN_V11,LLaVA-NeXT-8B_Biased_Test,1003674,vcf_only,MCQ,floor_sci5_ours_aug_b0.1_g2_t0.3,Conservative-2VC2TC,conservative_full,0.0,5,0,,,,,none,none,
MMBench_DEV_EN_V11,LLaVA-NeXT-8B_Biased_Test,1003713,vcf_only,MCQ,floor_sci5_ours_aug_b0.1_g2_t0.3,Conservative-2VC2TC,conservative_full,0.0,5,0,,,,,none,none,
MMBench_DEV_EN_V11,LLaVA-NeXT-8B_Biased_Test,1003738,vcf_only,MCQ,floor_sci5_ours_aug_b0.1_g2_t0.3,Conservative-2VC2TC,conservative_full,0.0,5,0,,,,,none,none,
MMBench_DEV_EN_V11,LLaVA-NeXT-8B_Biased_Test,1003740,tcf_only,MCQ,floor_sci5_ours_aug_b0.1_g2_t0.3,Conservative-2VC2TC,conservative_full,0.0,5,0,,,,,none,none,
MMBench_DEV_EN_V11,LLaVA-NeXT-8B_Biased_Test,1003742,tcf_only,MCQ,floor_sci5_ours_aug_b0.1_g2_t0.3,Conservative-2VC2TC,conservative_full,0.0,5,0,,,,,none,none,
MMBench_DEV_EN_V11,LLaVA-NeXT-8B_Biased_Test,1003744,vcf_only,MCQ,floor_sci5_ours_aug_b0.1_g2_t0.3,Conservative-2VC2TC,conservative_full,1.0,5,0,,,,,none,none,
MMBench_DEV_EN_V11,LLaVA-NeXT-8B_Biased_Test,1003751,tcf_only,MCQ,both_max_center_mask_b0.2_g2.5_t0.2,Visual-CenterMask,visual_center,1.0,4,1,0.0,1,tc_os1_low,1.0,none,center,2
MMBench_DEV_EN_V11,LLaVA-NeXT-8B_Biased_Test,1003752,tcf_only,MCQ,floor_sci5_ours_aug_b0.1_g2_t0.3,Conservative-2VC2TC,conservative_full,1.0,5,0,,,,,none,none,
MMBench_DEV_EN_V11,LLaVA-NeXT-8B_Biased_Test,1003757,vcf_only,MCQ,floor_sci5_ours_aug_b0.1_g2_t0.3,Conservative-2VC2TC,conservative_full,0.0,5,0,,,,,none,none,
MMBench_DEV_EN_V11,LLaVA-NeXT-8B_Biased_Test,2000284,both,MCQ,floor_sci5_ours_aug_b0.1_g2_t0.3,Conservative-2VC2TC,conservative_full,1.0,5,0,,,,,none,none,
MMBench_DEV_EN_V11,LLaVA-NeXT-8B_Biased_Test,2000285,tcf_only,MCQ,floor_sci5_ours_aug_b0.1_g2_t0.3,Conservative-2VC2TC,conservative_full,0.0,5,0,,,,,none,none,
MMBench_DEV_EN_V11,LLaVA-NeXT-8B_Biased_Test,2000288,tcf_only,MCQ,floor_sci5_ours_aug_b0.1_g2_t0.3,Conservative-2VC2TC,conservative_full,1.0,5,0,,,,,none,none,
MMBench_DEV_EN_V11,LLaVA-NeXT-8B_Biased_Test,2000292,both,MCQ,floor_sci5_ours_aug_b0.1_g2_t0.3,Conservative-2VC2TC,conservative_full,1.0,5,0,,,,,none,none,
MMBench_DEV_EN_V11,LLaVA-NeXT-8B_Biased_Test,2000294,both,MCQ,floor_sci5_ours_aug_b0.1_g2_t0.3,Conservative-2VC2TC,conservative_full,0.0,5,0,,,,,none,none,
MMBench_DEV_EN_V11,LLaVA-NeXT-8B_Biased_Test,2000300,tcf_only,MCQ,both_max_grayscale_b0.2_g2.5_t0.2,Visual-Grayscale,visual_gray,1.0,5,1,0.0,1,tc_os1_low,2.0,none,gray,3
MMBench_DEV_EN_V11,LLaVA-NeXT-8B_Biased_Test,2000311,both,MCQ,floor_sci5_ours_aug_b0.1_g2_t0.3,Conservative-2VC2TC,conservative_full,0.0,5,0,,,,,none,none,
MMBench_DEV_EN_V11,LLaVA-NeXT-8B_Biased_Test,2000408,vcf_only,MCQ,joint_os_center_mask_b0.2_g2.5_t0.2,Joint-CenterMask-OptionShuffle1,joint_center,0.0,4,1,0.0,1,tc_os1_high,2.0,option_shuffle,center,
MMBench_DEV_EN_V11,LLaVA-NeXT-8B_Biased_Test,2000412,vcf_only,MCQ,both_max_grayscale_b0.2_g2.5_t0.2,Visual-Grayscale,visual_gray,0.0,3,1,0.0,1,tc_os1_low,2.0,none,gray,1
MMBench_DEV_EN_V11,LLaVA-NeXT-8B_Biased_Test,2000414,vcf_only,MCQ,joint_os_center_mask_b0.2_g2.5_t0.2,Joint-CenterMask-OptionShuffle1,joint_center,0.0,4,1,0.0,1,tc_os1_high,1.0,option_shuffle,center,
MMBench_DEV_EN_V11,LLaVA-NeXT-8B_Biased_Test,2000415,tcf_only,MCQ,floor_sci5_ours_aug_b0.1_g2_t0.3,Conservative-2VC2TC,conservative_full,1.0,5,0,,,,,none,none,
MMBench_DEV_EN_V11,LLaVA-NeXT-8B_Biased_Test,2000607,vcf_only,MCQ,both_max_center_mask_b0.2_g2.5_t0.2,Visual-CenterMask,visual_center,1.0,4,1,0.0,1,tc_os1_low,2.0,none,center,2
MMBench_DEV_EN_V11,LLaVA-NeXT-8B_Biased_Test,2000840,tcf_only,MCQ,floor_sci5_ours_aug_b0.1_g2_t0.3,Conservative-2VC2TC,conservative_full,1.0,5,0,,,,,none,none,
MMBench_DEV_EN_V11,LLaVA-NeXT-8B_Biased_Test,2001102,both,MCQ,floor_sci5_ours_aug_b0.1_g2_t0.3,Conservative-2VC2TC,conservative_full,1.0,5,0,,,,,none,none,
MMBench_DEV_EN_V11,LLaVA-NeXT-8B_Biased_Test,2001105,vcf_only,MCQ,joint_os_strong_blur_b0.2_g2.5_t0.2,Joint-StrongBlur-OptionShuffle1,joint_strong,0.0,3,1,0.0,1,tc_os1_high,2.0,option_shuffle,strong,
MMBench_DEV_EN_V11,LLaVA-NeXT-8B_Biased_Test,2001114,vcf_only,MCQ,joint_os_center_mask_b0.2_g2.5_t0.2,Joint-CenterMask-OptionShuffle1,joint_center,0.0,4,1,0.0,1,tc_os1_high,2.0,option_shuffle,center,
MMBench_DEV_EN_V11,LLaVA-NeXT-8B_Biased_Test,2001116,vcf_only,MCQ,joint_os_center_mask_b0.2_g2.5_t0.2,Joint-CenterMask-OptionShuffle1,joint_center,0.0,4,1,0.0,1,tc_os1_high,2.0,option_shuffle,center,
MMBench_DEV_EN_V11,LLaVA-NeXT-8B_Biased_Test,2001122,vcf_only,MCQ,floor_sci5_ours_aug_b0.1_g2_t0.3,Conservative-2VC2TC,conservative_full,1.0,5,0,,,,,none,none,
MMBench_DEV_EN_V11,LLaVA-NeXT-8B_Biased_Test,2001123,vcf_only,MCQ,joint_os_strong_blur_b0.2_g2.5_t0.2,Joint-StrongBlur-OptionShuffle1,joint_strong,1.0,3,1,0.0,1,tc_os1_high,2.0,option_shuffle,strong,
MMBench_DEV_EN_V11,LLaVA-NeXT-8B_Biased_Test,2001124,vcf_only,MCQ,joint_os_center_mask_b0.2_g2.5_t0.2,Joint-CenterMask-OptionShuffle1,joint_center,0.0,4,1,0.0,1,tc_os1_high,2.0,option_shuffle,center,
MMBench_DEV_EN_V11,LLaVA-NeXT-8B_Biased_Test,2002266,both,MCQ,floor_sci5_ours_aug_b0.1_g2_t0.3,Conservative-2VC2TC,conservative_full,1.0,5,0,,,,,none,none,
MMBench_DEV_EN_V11,LLaVA-NeXT-8B_Biased_Test,2002420,vcf_only,MCQ,both_max_grayscale_b0.2_g2.5_t0.2,Visual-Grayscale,visual_gray,0.0,3,1,0.0,1,tc_os1_low,2.0,none,gray,1
MMBench_DEV_EN_V11,LLaVA-NeXT-8B_Biased_Test,2003087,vcf_only,MCQ,floor_sci5_ours_aug_b0.1_g2_t0.3,Conservative-2VC2TC,conservative_full,0.0,5,0,,,,,none,none,
MMBench_DEV_EN_V11,LLaVA-NeXT-8B_Biased_Test,2001195,vcf_only,MCQ,floor_sci5_ours_aug_b0.1_g2_t0.3,Conservative-2VC2TC,conservative_full,1.0,5,0,,,,,none,none,
MMBench_DEV_EN_V11,LLaVA-NeXT-8B_Biased_Test,2001210,vcf_only,MCQ,both_max_strong_blur_b0.2_g2.5_t0.2,Visual-StrongBlur,visual_strong,1.0,5,1,0.0,1,tc_os1_low,2.0,none,strong,3
MMBench_DEV_EN_V11,LLaVA-NeXT-8B_Biased_Test,2001212,vcf_only,MCQ,floor_sci5_ours_aug_b0.1_g2_t0.3,Conservative-2VC2TC,conservative_full,0.0,5,0,,,,,none,none,
MMBench_DEV_EN_V11,LLaVA-NeXT-8B_Biased_Test,2001219,vcf_only,MCQ,floor_sci5_ours_aug_b0.1_g2_t0.3,Conservative-2VC2TC,conservative_full,0.0,5,0,,,,,none,none,
MMBench_DEV_EN_V11,LLaVA-NeXT-8B_Biased_Test,2001549,vcf_only,MCQ,both_max_grayscale_b0.2_g2.5_t0.2,Visual-Grayscale,visual_gray,0.0,5,1,0.0,1,tc_os1_low,2.0,none,gray,3
MMBench_DEV_EN_V11,LLaVA-NeXT-8B_Biased_Test,2000002,tcf_only,MCQ,floor_sci5_ours_aug_b0.1_g2_t0.3,Conservative-2VC2TC,conservative_full,1.0,5,0,,,,,none,none,
MMBench_DEV_EN_V11,LLaVA-NeXT-8B_Biased_Test,2000007,both,MCQ,floor_sci5_ours_aug_b0.1_g2_t0.3,Conservative-2VC2TC,conservative_full,1.0,5,0,,,,,none,none,
MMBench_DEV_EN_V11,LLaVA-NeXT-8B_Biased_Test,2000008,tcf_only,MCQ,both_max_center_mask_b0.2_g2.5_t0.2,Visual-CenterMask,visual_center,1.0,4,1,0.0,1,tc_os1_low,1.0,none,center,2
MMBench_DEV_EN_V11,LLaVA-NeXT-8B_Biased_Test,2000009,tcf_only,MCQ,floor_sci5_ours_aug_b0.1_g2_t0.3,Conservative-2VC2TC,conservative_full,0.0,5,0,,,,,none,none,
MMBench_DEV_EN_V11,LLaVA-NeXT-8B_Biased_Test,2000012,both,MCQ,floor_sci5_ours_aug_b0.1_g2_t0.3,Conservative-2VC2TC,conservative_full,0.0,5,0,,,,,none,none,
MMBench_DEV_EN_V11,LLaVA-NeXT-8B_Biased_Test,2000016,tcf_only,MCQ,floor_sci5_ours_aug_b0.1_g2_t0.3,Conservative-2VC2TC,conservative_full,1.0,5,0,,,,,none,none,
MMBench_DEV_EN_V11,LLaVA-NeXT-8B_Biased_Test,2000018,both,MCQ,floor_sci5_ours_aug_b0.1_g2_t0.3,Conservative-2VC2TC,conservative_full,1.0,5,0,,,,,none,none,
MMBench_DEV_EN_V11,LLaVA-NeXT-8B_Biased_Test,2000223,vcf_only,MCQ,floor_sci5_ours_aug_b0.1_g2_t0.3,Conservative-2VC2TC,conservative_full,1.0,5,0,,,,,none,none,
MMBench_DEV_EN_V11,LLaVA-NeXT-8B_Biased_Test,2000335,tcf_only,MCQ,floor_sci5_ours_aug_b0.1_g2_t0.3,Conservative-2VC2TC,conservative_full,0.0,5,0,,,,,none,none,
MMBench_DEV_EN_V11,LLaVA-NeXT-8B_Biased_Test,2000337,vcf_only,MCQ,floor_sci5_ours_aug_b0.1_g2_t0.3,Conservative-2VC2TC,conservative_full,0.0,5,0,,,,,none,none,
MMBench_DEV_EN_V11,LLaVA-NeXT-8B_Biased_Test,2000338,tcf_only,MCQ,floor_sci5_ours_aug_b0.1_g2_t0.3,Conservative-2VC2TC,conservative_full,0.0,5,0,,,,,none,none,
MMBench_DEV_EN_V11,LLaVA-NeXT-8B_Biased_Test,2000339,tcf_only,MCQ,floor_sci5_ours_aug_b0.1_g2_t0.3,Conservative-2VC2TC,conservative_full,0.0,5,0,,,,,none,none,
MMBench_DEV_EN_V11,LLaVA-NeXT-8B_Biased_Test,2000346,vcf_only,MCQ,floor_sci5_ours_aug_b0.1_g2_t0.3,Conservative-2VC2TC,conservative_full,0.0,5,0,,,,,none,none,
MMBench_DEV_EN_V11,LLaVA-NeXT-8B_Biased_Test,2000352,both,MCQ,floor_sci5_ours_aug_b0.1_g2_t0.3,Conservative-2VC2TC,conservative_full,0.0,5,0,,,,,none,none,
MMBench_DEV_EN_V11,LLaVA-NeXT-8B_Biased_Test,2000465,vcf_only,MCQ,floor_sci5_ours_aug_b0.1_g2_t0.3,Conservative-2VC2TC,conservative_full,0.0,5,0,,,,,none,none,
MMBench_DEV_EN_V11,LLaVA-NeXT-8B_Biased_Test,2000491,vcf_only,MCQ,floor_sci5_ours_aug_b0.1_g2_t0.3,Conservative-2VC2TC,conservative_full,0.0,5,0,,,,,none,none,
MMBench_DEV_EN_V11,LLaVA-NeXT-8B_Biased_Test,2000500,vcf_only,MCQ,floor_sci5_ours_aug_b0.1_g2_t0.3,Conservative-2VC2TC,conservative_full,1.0,5,0,,,,,none,none,
MMBench_DEV_EN_V11,LLaVA-NeXT-8B_Biased_Test,2000560,vcf_only,MCQ,joint_os_strong_blur_b0.2_g2.5_t0.2,Joint-StrongBlur-OptionShuffle1,joint_strong,0.0,3,1,0.0,1,tc_os1_high,2.0,option_shuffle,strong,
MMBench_DEV_EN_V11,LLaVA-NeXT-8B_Biased_Test,2000587,vcf_only,MCQ,joint_os_strong_blur_b0.2_g2.5_t0.2,Joint-StrongBlur-OptionShuffle1,joint_strong,0.0,3,1,0.0,1,tc_os1_high,2.0,option_shuffle,strong,
MMBench_DEV_EN_V11,LLaVA-NeXT-8B_Biased_Test,2000592,vcf_only,MCQ,both_max_grayscale_b0.2_g2.5_t0.2,Visual-Grayscale,visual_gray,0.0,3,1,0.0,1,tc_os1_low,2.0,none,gray,1
MMBench_DEV_EN_V11,LLaVA-NeXT-8B_Biased_Test,2000602,vcf_only,MCQ,floor_sci5_ours_aug_b0.1_g2_t0.3,Conservative-2VC2TC,conservative_full,1.0,5,0,,,,,none,none,
MMBench_DEV_EN_V11,LLaVA-NeXT-8B_Biased_Test,2000634,tcf_only,MCQ,floor_sci5_ours_aug_b0.1_g2_t0.3,Conservative-2VC2TC,conservative_full,1.0,5,0,,,,,none,none,
MMBench_DEV_EN_V11,LLaVA-NeXT-8B_Biased_Test,2000651,vcf_only,MCQ,floor_sci5_ours_aug_b0.1_g2_t0.3,Conservative-2VC2TC,conservative_full,0.0,5,0,,,,,none,none,
MMBench_DEV_EN_V11,LLaVA-NeXT-8B_Biased_Test,2000670,vcf_only,MCQ,floor_sci5_ours_aug_b0.1_g2_t0.3,Conservative-2VC2TC,conservative_full,0.0,5,0,,,,,none,none,
MMBench_DEV_EN_V11,LLaVA-NeXT-8B_Biased_Test,2000685,vcf_only,MCQ,floor_sci5_ours_aug_b0.1_g2_t0.3,Conservative-2VC2TC,conservative_full,0.0,5,0,,,,,none,none,
MMBench_DEV_EN_V11,LLaVA-NeXT-8B_Biased_Test,2000768,both,MCQ,floor_sci5_ours_aug_b0.1_g2_t0.3,Conservative-2VC2TC,conservative_full,1.0,5,0,,,,,none,none,
MMBench_DEV_EN_V11,LLaVA-NeXT-8B_Biased_Test,2000773,vcf_only,MCQ,floor_sci5_ours_aug_b0.1_g2_t0.3,Conservative-2VC2TC,conservative_full,1.0,5,0,,,,,none,none,
MMBench_DEV_EN_V11,LLaVA-NeXT-8B_Biased_Test,2000776,vcf_only,MCQ,both_max_center_mask_b0.2_g2.5_t0.2,Visual-CenterMask,visual_center,0.0,4,1,0.0,1,tc_os1_low,2.0,none,center,2
MMBench_DEV_EN_V11,LLaVA-NeXT-8B_Biased_Test,2000779,tcf_only,MCQ,floor_sci5_ours_aug_b0.1_g2_t0.3,Conservative-2VC2TC,conservative_full,0.0,5,0,,,,,none,none,
MMBench_DEV_EN_V11,LLaVA-NeXT-8B_Biased_Test,2000785,vcf_only,MCQ,floor_sci5_ours_aug_b0.1_g2_t0.3,Conservative-2VC2TC,conservative_full,0.0,5,0,,,,,none,none,
MMBench_DEV_EN_V11,LLaVA-NeXT-8B_Biased_Test,2000792,both,MCQ,floor_sci5_ours_aug_b0.1_g2_t0.3,Conservative-2VC2TC,conservative_full,0.0,5,0,,,,,none,none,
MMBench_DEV_EN_V11,LLaVA-NeXT-8B_Biased_Test,2000800,both,MCQ,floor_sci5_ours_aug_b0.1_g2_t0.3,Conservative-2VC2TC,conservative_full,0.0,5,0,,,,,none,none,
MMBench_DEV_EN_V11,LLaVA-NeXT-8B_Biased_Test,2000826,vcf_only,MCQ,b5_tc_os1_direct,Text-OptionShuffle1,text,0.0,2,1,0.0,1,tc_os1_high,0.0,option_shuffle,none,
MMBench_DEV_EN_V11,LLaVA-NeXT-8B_Biased_Test,2000867,vcf_only,MCQ,floor_sci5_ours_aug_b0.1_g2_t0.3,Conservative-2VC2TC,conservative_full,0.0,5,0,,,,,none,none,
MMBench_DEV_EN_V11,LLaVA-NeXT-8B_Biased_Test,2000872,vcf_only,MCQ,floor_sci5_ours_aug_b0.1_g2_t0.3,Conservative-2VC2TC,conservative_full,0.0,5,0,,,,,none,none,
MMBench_DEV_EN_V11,LLaVA-NeXT-8B_Biased_Test,2000892,vcf_only,MCQ,floor_sci5_ours_aug_b0.1_g2_t0.3,Conservative-2VC2TC,conservative_full,0.0,5,0,,,,,none,none,
MMBench_DEV_EN_V11,LLaVA-NeXT-8B_Biased_Test,2000904,tcf_only,MCQ,floor_sci5_ours_aug_b0.1_g2_t0.3,Conservative-2VC2TC,conservative_full,1.0,5,0,,,,,none,none,
MMBench_DEV_EN_V11,LLaVA-NeXT-8B_Biased_Test,2000918,vcf_only,MCQ,floor_sci5_ours_aug_b0.1_g2_t0.3,Conservative-2VC2TC,conservative_full,0.0,5,0,,,,,none,none,
MMBench_DEV_EN_V11,LLaVA-NeXT-8B_Biased_Test,2000923,vcf_only,MCQ,both_max_center_mask_b0.2_g2.5_t0.2,Visual-CenterMask,visual_center,0.0,5,1,0.0,1,tc_os1_low,1.0,none,center,3
MMBench_DEV_EN_V11,LLaVA-NeXT-8B_Biased_Test,2000964,vcf_only,MCQ,joint_os_center_mask_b0.2_g2.5_t0.2,Joint-CenterMask-OptionShuffle1,joint_center,0.0,4,1,0.0,1,tc_os1_high,1.0,option_shuffle,center,
MMBench_DEV_EN_V11,LLaVA-NeXT-8B_Biased_Test,2000976,vcf_only,MCQ,floor_sci5_ours_aug_b0.1_g2_t0.3,Conservative-2VC2TC,conservative_full,0.0,5,0,,,,,none,none,
MMBench_DEV_EN_V11,LLaVA-NeXT-8B_Biased_Test,2000980,vcf_only,MCQ,both_max_grayscale_b0.2_g2.5_t0.2,Visual-Grayscale,visual_gray,0.0,5,1,2.0,1,tc_os1_low,2.0,none,gray,3
MMBench_DEV_EN_V11,LLaVA-NeXT-8B_Biased_Test,2000984,vcf_only,MCQ,both_max_grayscale_b0.2_g2.5_t0.2,Visual-Grayscale,visual_gray,1.0,3,1,0.0,1,tc_os1_low,2.0,none,gray,1
MMBench_DEV_EN_V11,LLaVA-NeXT-8B_Biased_Test,2001000,tcf_only,MCQ,floor_sci5_ours_aug_b0.1_g2_t0.3,Conservative-2VC2TC,conservative_full,0.0,5,0,,,,,none,none,
MMBench_DEV_EN_V11,LLaVA-NeXT-8B_Biased_Test,2001001,tcf_only,MCQ,floor_sci5_ours_aug_b0.1_g2_t0.3,Conservative-2VC2TC,conservative_full,1.0,5,0,,,,,none,none,
MMBench_DEV_EN_V11,LLaVA-NeXT-8B_Biased_Test,2001003,vcf_only,MCQ,both_max_grayscale_b0.2_g2.5_t0.2,Visual-Grayscale,visual_gray,0.0,5,1,0.0,1,tc_os1_low,2.0,none,gray,3
MMBench_DEV_EN_V11,LLaVA-NeXT-8B_Biased_Test,2001300,vcf_only,MCQ,both_max_grayscale_b0.2_g2.5_t0.2,Visual-Grayscale,visual_gray,1.0,3,1,0.0,1,tc_os1_low,2.0,none,gray,1
MMBench_DEV_EN_V11,LLaVA-NeXT-8B_Biased_Test,2001327,vcf_only,MCQ,both_max_center_mask_b0.2_g2.5_t0.2,Visual-CenterMask,visual_center,0.0,5,1,0.0,1,tc_os1_low,2.0,none,center,3
MMBench_DEV_EN_V11,LLaVA-NeXT-8B_Biased_Test,2001373,both,MCQ,floor_sci5_ours_aug_b0.1_g2_t0.3,Conservative-2VC2TC,conservative_full,1.0,5,0,,,,,none,none,
MMBench_DEV_EN_V11,LLaVA-NeXT-8B_Biased_Test,2001402,tcf_only,MCQ,floor_sci5_ours_aug_b0.1_g2_t0.3,Conservative-2VC2TC,conservative_full,1.0,5,0,,,,,none,none,
MMBench_DEV_EN_V11,LLaVA-NeXT-8B_Biased_Test,2001425,vcf_only,MCQ,floor_sci5_ours_aug_b0.1_g2_t0.3,Conservative-2VC2TC,conservative_full,0.0,5,0,,,,,none,none,
MMBench_DEV_EN_V11,LLaVA-NeXT-8B_Biased_Test,2001431,vcf_only,MCQ,joint_os_center_mask_b0.2_g2.5_t0.2,Joint-CenterMask-OptionShuffle1,joint_center,1.0,4,1,0.0,1,tc_os1_high,2.0,option_shuffle,center,
MMBench_DEV_EN_V11,LLaVA-NeXT-8B_Biased_Test,2001485,tcf_only,MCQ,floor_sci5_ours_aug_b0.1_g2_t0.3,Conservative-2VC2TC,conservative_full,1.0,5,0,,,,,none,none,
MMBench_DEV_EN_V11,LLaVA-NeXT-8B_Biased_Test,2001488,both,MCQ,floor_sci5_ours_aug_b0.1_g2_t0.3,Conservative-2VC2TC,conservative_full,1.0,5,0,,,,,none,none,
MMBench_DEV_EN_V11,LLaVA-NeXT-8B_Biased_Test,2001507,tcf_only,MCQ,floor_sci5_ours_aug_b0.1_g2_t0.3,Conservative-2VC2TC,conservative_full,0.0,5,0,,,,,none,none,
MMBench_DEV_EN_V11,LLaVA-NeXT-8B_Biased_Test,2001538,tcf_only,MCQ,both_max_center_mask_b0.2_g2.5_t0.2,Visual-CenterMask,visual_center,0.0,4,1,1.0,1,tc_os1_low,2.0,none,center,2
MMBench_DEV_EN_V11,LLaVA-NeXT-8B_Biased_Test,2001602,vcf_only,MCQ,joint_os_strong_blur_b0.2_g2.5_t0.2,Joint-StrongBlur-OptionShuffle1,joint_strong,0.0,3,1,0.0,1,tc_os1_high,1.0,option_shuffle,strong,
MMBench_DEV_EN_V11,LLaVA-NeXT-8B_Biased_Test,2001636,tcf_only,MCQ,floor_sci5_ours_aug_b0.1_g2_t0.3,Conservative-2VC2TC,conservative_full,0.0,5,0,,,,,none,none,
MMBench_DEV_EN_V11,LLaVA-NeXT-8B_Biased_Test,2001637,tcf_only,MCQ,both_max_grayscale_b0.2_g2.5_t0.2,Visual-Grayscale,visual_gray,1.0,5,1,1.0,1,tc_os1_low,2.0,none,gray,3
MMBench_DEV_EN_V11,LLaVA-NeXT-8B_Biased_Test,2001639,tcf_only,MCQ,floor_sci5_ours_aug_b0.1_g2_t0.3,Conservative-2VC2TC,conservative_full,1.0,5,0,,,,,none,none,
MMBench_DEV_EN_V11,LLaVA-NeXT-8B_Biased_Test,2001645,both,MCQ,both_max_grayscale_b0.2_g2.5_t0.2,Visual-Grayscale,visual_gray,0.0,3,1,2.0,1,tc_os1_low,2.0,none,gray,1
MMBench_DEV_EN_V11,LLaVA-NeXT-8B_Biased_Test,2001647,both,MCQ,floor_sci5_ours_aug_b0.1_g2_t0.3,Conservative-2VC2TC,conservative_full,1.0,5,0,,,,,none,none,
MMBench_DEV_EN_V11,LLaVA-NeXT-8B_Biased_Test,2001656,tcf_only,MCQ,floor_sci5_ours_aug_b0.1_g2_t0.3,Conservative-2VC2TC,conservative_full,1.0,5,0,,,,,none,none,
MMBench_DEV_EN_V11,LLaVA-NeXT-8B_Biased_Test,2001657,tcf_only,MCQ,floor_sci5_ours_aug_b0.1_g2_t0.3,Conservative-2VC2TC,conservative_full,1.0,5,0,,,,,none,none,
MMBench_DEV_EN_V11,LLaVA-NeXT-8B_Biased_Test,2001658,tcf_only,MCQ,floor_sci5_ours_aug_b0.1_g2_t0.3,Conservative-2VC2TC,conservative_full,1.0,5,0,,,,,none,none,
MMBench_DEV_EN_V11,LLaVA-NeXT-8B_Biased_Test,2001659,tcf_only,MCQ,floor_sci5_ours_aug_b0.1_g2_t0.3,Conservative-2VC2TC,conservative_full,0.0,5,0,,,,,none,none,
MMBench_DEV_EN_V11,LLaVA-NeXT-8B_Biased_Test,2001662,tcf_only,MCQ,both_max_grayscale_b0.2_g2.5_t0.2,Visual-Grayscale,visual_gray,1.0,5,1,0.0,1,tc_os1_low,2.0,none,gray,3
MMBench_DEV_EN_V11,LLaVA-NeXT-8B_Biased_Test,2001663,tcf_only,MCQ,floor_sci5_ours_aug_b0.1_g2_t0.3,Conservative-2VC2TC,conservative_full,1.0,5,0,,,,,none,none,
MMBench_DEV_EN_V11,LLaVA-NeXT-8B_Biased_Test,2001665,tcf_only,MCQ,floor_sci5_ours_aug_b0.1_g2_t0.3,Conservative-2VC2TC,conservative_full,1.0,5,0,,,,,none,none,
MMBench_DEV_EN_V11,LLaVA-NeXT-8B_Biased_Test,2001666,tcf_only,MCQ,floor_sci5_ours_aug_b0.1_g2_t0.3,Conservative-2VC2TC,conservative_full,0.0,5,0,,,,,none,none,
MMBench_DEV_EN_V11,LLaVA-NeXT-8B_Biased_Test,2001668,tcf_only,MCQ,both_max_grayscale_b0.2_g2.5_t0.2,Visual-Grayscale,visual_gray,1.0,3,1,2.0,1,tc_os1_low,2.0,none,gray,1
MMBench_DEV_EN_V11,LLaVA-NeXT-8B_Biased_Test,2001669,tcf_only,MCQ,floor_sci5_ours_aug_b0.1_g2_t0.3,Conservative-2VC2TC,conservative_full,0.0,5,0,,,,,none,none,
MMBench_DEV_EN_V11,LLaVA-NeXT-8B_Biased_Test,2001671,tcf_only,MCQ,both_max_center_mask_b0.2_g2.5_t0.2,Visual-CenterMask,visual_center,0.0,4,1,1.0,1,tc_os1_low,2.0,none,center,2
MMBench_DEV_EN_V11,LLaVA-NeXT-8B_Biased_Test,2001675,both,MCQ,floor_sci5_ours_aug_b0.1_g2_t0.3,Conservative-2VC2TC,conservative_full,1.0,5,0,,,,,none,none,
MMBench_DEV_EN_V11,LLaVA-NeXT-8B_Biased_Test,2001677,both,MCQ,floor_sci5_ours_aug_b0.1_g2_t0.3,Conservative-2VC2TC,conservative_full,1.0,5,0,,,,,none,none,
MMBench_DEV_EN_V11,LLaVA-NeXT-8B_Biased_Test,2001679,both,MCQ,floor_sci5_ours_aug_b0.1_g2_t0.3,Conservative-2VC2TC,conservative_full,0.0,5,0,,,,,none,none,
MMBench_DEV_EN_V11,LLaVA-NeXT-8B_Biased_Test,2001700,vcf_only,MCQ,floor_sci5_ours_aug_b0.1_g2_t0.3,Conservative-2VC2TC,conservative_full,1.0,5,0,,,,,none,none,
MMBench_DEV_EN_V11,LLaVA-NeXT-8B_Biased_Test,2001729,vcf_only,MCQ,joint_os_strong_blur_b0.2_g2.5_t0.2,Joint-StrongBlur-OptionShuffle1,joint_strong,1.0,3,1,0.0,1,tc_os1_high,2.0,option_shuffle,strong,
MMBench_DEV_EN_V11,LLaVA-NeXT-8B_Biased_Test,2001740,tcf_only,MCQ,floor_sci5_ours_aug_b0.1_g2_t0.3,Conservative-2VC2TC,conservative_full,1.0,5,0,,,,,none,none,
MMBench_DEV_EN_V11,LLaVA-NeXT-8B_Biased_Test,2001743,tcf_only,MCQ,floor_sci5_ours_aug_b0.1_g2_t0.3,Conservative-2VC2TC,conservative_full,0.0,5,0,,,,,none,none,
MMBench_DEV_EN_V11,LLaVA-NeXT-8B_Biased_Test,2001758,tcf_only,MCQ,floor_sci5_ours_aug_b0.1_g2_t0.3,Conservative-2VC2TC,conservative_full,1.0,5,0,,,,,none,none,
MMBench_DEV_EN_V11,LLaVA-NeXT-8B_Biased_Test,2001762,tcf_only,MCQ,floor_sci5_ours_aug_b0.1_g2_t0.3,Conservative-2VC2TC,conservative_full,1.0,5,0,,,,,none,none,
MMBench_DEV_EN_V11,LLaVA-NeXT-8B_Biased_Test,2001764,tcf_only,MCQ,floor_sci5_ours_aug_b0.1_g2_t0.3,Conservative-2VC2TC,conservative_full,1.0,5,0,,,,,none,none,
MMBench_DEV_EN_V11,LLaVA-NeXT-8B_Biased_Test,2001765,both,MCQ,floor_sci5_ours_aug_b0.1_g2_t0.3,Conservative-2VC2TC,conservative_full,1.0,5,0,,,,,none,none,
MMBench_DEV_EN_V11,LLaVA-NeXT-8B_Biased_Test,2001769,tcf_only,MCQ,floor_sci5_ours_aug_b0.1_g2_t0.3,Conservative-2VC2TC,conservative_full,1.0,5,0,,,,,none,none,
MMBench_DEV_EN_V11,LLaVA-NeXT-8B_Biased_Test,2001772,both,MCQ,floor_sci5_ours_aug_b0.1_g2_t0.3,Conservative-2VC2TC,conservative_full,0.0,5,0,,,,,none,none,
MMBench_DEV_EN_V11,LLaVA-NeXT-8B_Biased_Test,2001773,both,MCQ,floor_sci5_ours_aug_b0.1_g2_t0.3,Conservative-2VC2TC,conservative_full,1.0,5,0,,,,,none,none,
MMBench_DEV_EN_V11,LLaVA-NeXT-8B_Biased_Test,2001774,tcf_only,MCQ,floor_sci5_ours_aug_b0.1_g2_t0.3,Conservative-2VC2TC,conservative_full,0.0,5,0,,,,,none,none,
MMBench_DEV_EN_V11,LLaVA-NeXT-8B_Biased_Test,2001846,tcf_only,MCQ,floor_sci5_ours_aug_b0.1_g2_t0.3,Conservative-2VC2TC,conservative_full,0.0,5,0,,,,,none,none,
MMBench_DEV_EN_V11,LLaVA-NeXT-8B_Biased_Test,2001849,vcf_only,MCQ,floor_sci5_ours_aug_b0.1_g2_t0.3,Conservative-2VC2TC,conservative_full,0.0,5,0,,,,,none,none,
MMBench_DEV_EN_V11,LLaVA-NeXT-8B_Biased_Test,2001854,vcf_only,MCQ,both_max_grayscale_b0.2_g2.5_t0.2,Visual-Grayscale,visual_gray,0.0,3,1,0.0,1,tc_os1_low,2.0,none,gray,1
MMBench_DEV_EN_V11,LLaVA-NeXT-8B_Biased_Test,2001862,tcf_only,MCQ,floor_sci5_ours_aug_b0.1_g2_t0.3,Conservative-2VC2TC,conservative_full,0.0,5,0,,,,,none,none,
MMBench_DEV_EN_V11,LLaVA-NeXT-8B_Biased_Test,2001867,vcf_only,MCQ,floor_sci5_ours_aug_b0.1_g2_t0.3,Conservative-2VC2TC,conservative_full,1.0,5,0,,,,,none,none,
MMBench_DEV_EN_V11,LLaVA-NeXT-8B_Biased_Test,2001870,tcf_only,MCQ,floor_sci5_ours_aug_b0.1_g2_t0.3,Conservative-2VC2TC,conservative_full,0.0,5,0,,,,,none,none,
MMBench_DEV_EN_V11,LLaVA-NeXT-8B_Biased_Test,2001871,vcf_only,MCQ,floor_sci5_ours_aug_b0.1_g2_t0.3,Conservative-2VC2TC,conservative_full,0.0,5,0,,,,,none,none,
MMBench_DEV_EN_V11,LLaVA-NeXT-8B_Biased_Test,2001878,vcf_only,MCQ,floor_sci5_ours_aug_b0.1_g2_t0.3,Conservative-2VC2TC,conservative_full,1.0,5,0,,,,,none,none,
MMBench_DEV_EN_V11,LLaVA-NeXT-8B_Biased_Test,2001879,vcf_only,MCQ,joint_os_center_mask_b0.2_g2.5_t0.2,Joint-CenterMask-OptionShuffle1,joint_center,0.0,4,1,0.0,1,tc_os1_high,2.0,option_shuffle,center,
MMBench_DEV_EN_V11,LLaVA-NeXT-8B_Biased_Test,2001882,vcf_only,MCQ,floor_sci5_ours_aug_b0.1_g2_t0.3,Conservative-2VC2TC,conservative_full,0.0,5,0,,,,,none,none,
MMBench_DEV_EN_V11,LLaVA-NeXT-8B_Biased_Test,2001913,vcf_only,MCQ,both_max_grayscale_b0.2_g2.5_t0.2,Visual-Grayscale,visual_gray,0.0,5,1,0.0,1,tc_os1_low,1.0,none,gray,3
MMBench_DEV_EN_V11,LLaVA-NeXT-8B_Biased_Test,2001945,vcf_only,MCQ,floor_sci5_ours_aug_b0.1_g2_t0.3,Conservative-2VC2TC,conservative_full,1.0,5,0,,,,,none,none,
MMBench_DEV_EN_V11,LLaVA-NeXT-8B_Biased_Test,2001946,tcf_only,MCQ,floor_sci5_ours_aug_b0.1_g2_t0.3,Conservative-2VC2TC,conservative_full,1.0,5,0,,,,,none,none,
MMBench_DEV_EN_V11,LLaVA-NeXT-8B_Biased_Test,2001952,vcf_only,MCQ,both_max_center_mask_b0.2_g2.5_t0.2,Visual-CenterMask,visual_center,0.0,4,1,0.0,1,tc_os1_low,2.0,none,center,2
MMBench_DEV_EN_V11,LLaVA-NeXT-8B_Biased_Test,2001979,vcf_only,MCQ,floor_sci5_ours_aug_b0.1_g2_t0.3,Conservative-2VC2TC,conservative_full,1.0,5,0,,,,,none,none,
MMBench_DEV_EN_V11,LLaVA-NeXT-8B_Biased_Test,2001987,vcf_only,MCQ,floor_sci5_ours_aug_b0.1_g2_t0.3,Conservative-2VC2TC,conservative_full,1.0,5,0,,,,,none,none,
MMBench_DEV_EN_V11,LLaVA-NeXT-8B_Biased_Test,2002650,tcf_only,MCQ,floor_sci5_ours_aug_b0.1_g2_t0.3,Conservative-2VC2TC,conservative_full,1.0,5,0,,,,,none,none,
MMBench_DEV_EN_V11,LLaVA-NeXT-8B_Biased_Test,2003068,both,MCQ,floor_sci5_ours_aug_b0.1_g2_t0.3,Conservative-2VC2TC,conservative_full,0.0,5,0,,,,,none,none,
MMBench_DEV_EN_V11,LLaVA-NeXT-8B_Biased_Test,2003071,vcf_only,MCQ,both_max_grayscale_b0.2_g2.5_t0.2,Visual-Grayscale,visual_gray,0.0,5,1,0.0,1,tc_os1_low,2.0,none,gray,3
MMBench_DEV_EN_V11,LLaVA-NeXT-8B_Biased_Test,2003079,vcf_only,MCQ,floor_sci5_ours_aug_b0.1_g2_t0.3,Conservative-2VC2TC,conservative_full,0.0,5,0,,,,,none,none,
MMBench_DEV_EN_V11,LLaVA-NeXT-8B_Biased_Test,2003090,tcf_only,MCQ,floor_sci5_ours_aug_b0.1_g2_t0.3,Conservative-2VC2TC,conservative_full,1.0,5,0,,,,,none,none,
MMBench_DEV_EN_V11,LLaVA-NeXT-8B_Biased_Test,2003109,tcf_only,MCQ,floor_sci5_ours_aug_b0.1_g2_t0.3,Conservative-2VC2TC,conservative_full,1.0,5,0,,,,,none,none,
MMBench_DEV_EN_V11,LLaVA-NeXT-8B_Biased_Test,2003125,vcf_only,MCQ,floor_sci5_ours_aug_b0.1_g2_t0.3,Conservative-2VC2TC,conservative_full,1.0,5,0,,,,,none,none,
MMBench_DEV_EN_V11,LLaVA-NeXT-8B_Biased_Test,2003154,vcf_only,MCQ,floor_sci5_ours_aug_b0.1_g2_t0.3,Conservative-2VC2TC,conservative_full,0.0,5,0,,,,,none,none,
MMBench_DEV_EN_V11,LLaVA-NeXT-8B_Biased_Test,2003161,vcf_only,MCQ,floor_sci5_ours_aug_b0.1_g2_t0.3,Conservative-2VC2TC,conservative_full,0.0,5,0,,,,,none,none,
MMBench_DEV_EN_V11,LLaVA-NeXT-8B_Biased_Test,2003166,vcf_only,MCQ,both_max_strong_blur_b0.2_g2.5_t0.2,Visual-StrongBlur,visual_strong,1.0,5,1,1.0,1,tc_os1_low,1.0,none,strong,3
MMBench_DEV_EN_V11,LLaVA-NeXT-8B_Biased_Test,2003225,vcf_only,MCQ,both_max_strong_blur_b0.2_g2.5_t0.2,Visual-StrongBlur,visual_strong,1.0,5,1,0.0,1,tc_os1_low,1.0,none,strong,3
MMBench_DEV_EN_V11,LLaVA-NeXT-8B_Biased_Test,2003229,vcf_only,MCQ,both_max_grayscale_b0.2_g2.5_t0.2,Visual-Grayscale,visual_gray,1.0,3,1,0.0,1,tc_os1_low,2.0,none,gray,1
MMBench_DEV_EN_V11,LLaVA-NeXT-8B_Biased_Test,2003354,vcf_only,MCQ,both_max_grayscale_b0.2_g2.5_t0.2,Visual-Grayscale,visual_gray,0.0,5,1,0.0,1,tc_os1_low,1.0,none,gray,3
MMBench_DEV_EN_V11,LLaVA-NeXT-8B_Biased_Test,2003366,vcf_only,MCQ,floor_sci5_ours_aug_b0.1_g2_t0.3,Conservative-2VC2TC,conservative_full,0.0,5,0,,,,,none,none,
MMBench_DEV_EN_V11,LLaVA-NeXT-8B_Biased_Test,2003370,vcf_only,MCQ,joint_os_strong_blur_b0.2_g2.5_t0.2,Joint-StrongBlur-OptionShuffle1,joint_strong,1.0,3,1,0.0,1,tc_os1_high,2.0,option_shuffle,strong,
MMBench_DEV_EN_V11,LLaVA-NeXT-8B_Biased_Test,2003392,vcf_only,MCQ,floor_sci5_ours_aug_b0.1_g2_t0.3,Conservative-2VC2TC,conservative_full,0.0,5,0,,,,,none,none,
MMBench_DEV_EN_V11,LLaVA-NeXT-8B_Biased_Test,2003394,vcf_only,MCQ,floor_sci5_ours_aug_b0.1_g2_t0.3,Conservative-2VC2TC,conservative_full,0.0,5,0,,,,,none,none,
MMBench_DEV_EN_V11,LLaVA-NeXT-8B_Biased_Test,2003396,vcf_only,MCQ,floor_sci5_ours_aug_b0.1_g2_t0.3,Conservative-2VC2TC,conservative_full,0.0,5,0,,,,,none,none,
MMBench_DEV_EN_V11,LLaVA-NeXT-8B_Biased_Test,2003512,vcf_only,MCQ,both_max_grayscale_b0.2_g2.5_t0.2,Visual-Grayscale,visual_gray,0.0,5,1,0.0,1,tc_os1_low,2.0,none,gray,3
MMBench_DEV_EN_V11,LLaVA-NeXT-8B_Biased_Test,2003554,tcf_only,MCQ,floor_sci5_ours_aug_b0.1_g2_t0.3,Conservative-2VC2TC,conservative_full,0.0,5,0,,,,,none,none,
MMBench_DEV_EN_V11,LLaVA-NeXT-8B_Biased_Test,2003556,vcf_only,MCQ,floor_sci5_ours_aug_b0.1_g2_t0.3,Conservative-2VC2TC,conservative_full,1.0,5,0,,,,,none,none,
MMBench_DEV_EN_V11,LLaVA-NeXT-8B_Biased_Test,2003599,vcf_only,MCQ,floor_sci5_ours_aug_b0.1_g2_t0.3,Conservative-2VC2TC,conservative_full,1.0,5,0,,,,,none,none,
MMBench_DEV_EN_V11,LLaVA-NeXT-8B_Biased_Test,2003600,tcf_only,MCQ,floor_sci5_ours_aug_b0.1_g2_t0.3,Conservative-2VC2TC,conservative_full,0.0,5,0,,,,,none,none,
MMBench_DEV_EN_V11,LLaVA-NeXT-8B_Biased_Test,2003607,vcf_only,MCQ,floor_sci5_ours_aug_b0.1_g2_t0.3,Conservative-2VC2TC,conservative_full,0.0,5,0,,,,,none,none,
MMBench_DEV_EN_V11,LLaVA-NeXT-8B_Biased_Test,2003609,vcf_only,MCQ,floor_sci5_ours_aug_b0.1_g2_t0.3,Conservative-2VC2TC,conservative_full,0.0,5,0,,,,,none,none,
MMBench_DEV_EN_V11,LLaVA-NeXT-8B_Biased_Test,2003611,vcf_only,MCQ,floor_sci5_ours_aug_b0.1_g2_t0.3,Conservative-2VC2TC,conservative_full,0.0,5,0,,,,,none,none,
MMBench_DEV_EN_V11,LLaVA-NeXT-8B_Biased_Test,2003614,vcf_only,MCQ,floor_sci5_ours_aug_b0.1_g2_t0.3,Conservative-2VC2TC,conservative_full,0.0,5,0,,,,,none,none,
MMBench_DEV_EN_V11,LLaVA-NeXT-8B_Biased_Test,2003619,vcf_only,MCQ,floor_sci5_ours_aug_b0.1_g2_t0.3,Conservative-2VC2TC,conservative_full,1.0,5,0,,,,,none,none,
MMBench_DEV_EN_V11,LLaVA-NeXT-8B_Biased_Test,2003626,vcf_only,MCQ,floor_sci5_ours_aug_b0.1_g2_t0.3,Conservative-2VC2TC,conservative_full,0.0,5,0,,,,,none,none,
MMBench_DEV_EN_V11,LLaVA-NeXT-8B_Biased_Test,2003631,vcf_only,MCQ,floor_sci5_ours_aug_b0.1_g2_t0.3,Conservative-2VC2TC,conservative_full,0.0,5,0,,,,,none,none,
MMBench_DEV_EN_V11,LLaVA-NeXT-8B_Biased_Test,2003632,vcf_only,MCQ,floor_sci5_ours_aug_b0.1_g2_t0.3,Conservative-2VC2TC,conservative_full,0.0,5,0,,,,,none,none,
MMBench_DEV_EN_V11,LLaVA-NeXT-8B_Biased_Test,2003633,vcf_only,MCQ,floor_sci5_ours_aug_b0.1_g2_t0.3,Conservative-2VC2TC,conservative_full,1.0,5,0,,,,,none,none,
MMBench_DEV_EN_V11,LLaVA-NeXT-8B_Biased_Test,2003646,vcf_only,MCQ,floor_sci5_ours_aug_b0.1_g2_t0.3,Conservative-2VC2TC,conservative_full,0.0,5,0,,,,,none,none,
MMBench_DEV_EN_V11,LLaVA-NeXT-8B_Biased_Test,2003653,vcf_only,MCQ,floor_sci5_ours_aug_b0.1_g2_t0.3,Conservative-2VC2TC,conservative_full,1.0,5,0,,,,,none,none,
MMBench_DEV_EN_V11,LLaVA-NeXT-8B_Biased_Test,2003659,tcf_only,MCQ,floor_sci5_ours_aug_b0.1_g2_t0.3,Conservative-2VC2TC,conservative_full,0.0,5,0,,,,,none,none,
MMBench_DEV_EN_V11,LLaVA-NeXT-8B_Biased_Test,2003664,vcf_only,MCQ,floor_sci5_ours_aug_b0.1_g2_t0.3,Conservative-2VC2TC,conservative_full,0.0,5,0,,,,,none,none,
MMBench_DEV_EN_V11,LLaVA-NeXT-8B_Biased_Test,2003674,vcf_only,MCQ,floor_sci5_ours_aug_b0.1_g2_t0.3,Conservative-2VC2TC,conservative_full,0.0,5,0,,,,,none,none,
MMBench_DEV_EN_V11,LLaVA-NeXT-8B_Biased_Test,2003696,vcf_only,MCQ,joint_os_center_mask_b0.2_g2.5_t0.2,Joint-CenterMask-OptionShuffle1,joint_center,1.0,4,1,0.0,1,tc_os1_high,1.0,option_shuffle,center,
MMBench_DEV_EN_V11,LLaVA-NeXT-8B_Biased_Test,2003719,vcf_only,MCQ,both_max_center_mask_b0.2_g2.5_t0.2,Visual-CenterMask,visual_center,0.0,5,1,0.0,1,tc_os1_low,2.0,none,center,3
MMBench_DEV_EN_V11,LLaVA-NeXT-8B_Biased_Test,2003736,vcf_only,MCQ,floor_sci5_ours_aug_b0.1_g2_t0.3,Conservative-2VC2TC,conservative_full,0.0,5,0,,,,,none,none,
MMBench_DEV_EN_V11,LLaVA-NeXT-8B_Biased_Test,2003740,tcf_only,MCQ,floor_sci5_ours_aug_b0.1_g2_t0.3,Conservative-2VC2TC,conservative_full,0.0,5,0,,,,,none,none,
MMBench_DEV_EN_V11,LLaVA-NeXT-8B_Biased_Test,2003742,vcf_only,MCQ,floor_sci5_ours_aug_b0.1_g2_t0.3,Conservative-2VC2TC,conservative_full,0.0,5,0,,,,,none,none,
MMBench_DEV_EN_V11,LLaVA-NeXT-8B_Biased_Test,2003744,vcf_only,MCQ,floor_sci5_ours_aug_b0.1_g2_t0.3,Conservative-2VC2TC,conservative_full,0.0,5,0,,,,,none,none,
MMBench_DEV_EN_V11,LLaVA-NeXT-8B_Biased_Test,2003757,vcf_only,MCQ,joint_os_center_mask_b0.2_g2.5_t0.2,Joint-CenterMask-OptionShuffle1,joint_center,0.0,4,1,1.0,1,tc_os1_high,1.0,option_shuffle,center,
MMBench_DEV_EN_V11,LLaVA-NeXT-8B_Biased_Test,2003764,vcf_only,MCQ,floor_sci5_ours_aug_b0.1_g2_t0.3,Conservative-2VC2TC,conservative_full,0.0,5,0,,,,,none,none,
MMBench_DEV_EN_V11,LLaVA-NeXT-8B_Biased_Test,3000001,tcf_only,MCQ,both_max_grayscale_b0.2_g2.5_t0.2,Visual-Grayscale,visual_gray,1.0,3,1,0.0,1,tc_os1_low,1.0,none,gray,1
MMBench_DEV_EN_V11,LLaVA-NeXT-8B_Biased_Test,3000002,both,MCQ,floor_sci5_ours_aug_b0.1_g2_t0.3,Conservative-2VC2TC,conservative_full,1.0,5,0,,,,,none,none,
MMBench_DEV_EN_V11,LLaVA-NeXT-8B_Biased_Test,3000008,tcf_only,MCQ,floor_sci5_ours_aug_b0.1_g2_t0.3,Conservative-2VC2TC,conservative_full,1.0,5,0,,,,,none,none,
MMBench_DEV_EN_V11,LLaVA-NeXT-8B_Biased_Test,3000009,both,MCQ,floor_sci5_ours_aug_b0.1_g2_t0.3,Conservative-2VC2TC,conservative_full,1.0,5,0,,,,,none,none,
MMBench_DEV_EN_V11,LLaVA-NeXT-8B_Biased_Test,3000011,both,MCQ,floor_sci5_ours_aug_b0.1_g2_t0.3,Conservative-2VC2TC,conservative_full,1.0,5,0,,,,,none,none,
MMBench_DEV_EN_V11,LLaVA-NeXT-8B_Biased_Test,3000012,both,MCQ,joint_os_center_mask_b0.2_g2.5_t0.2,Joint-CenterMask-OptionShuffle1,joint_center,0.0,4,1,0.0,1,tc_os1_high,2.0,option_shuffle,center,
MMBench_DEV_EN_V11,LLaVA-NeXT-8B_Biased_Test,3000018,tcf_only,MCQ,floor_sci5_ours_aug_b0.1_g2_t0.3,Conservative-2VC2TC,conservative_full,1.0,5,0,,,,,none,none,
MMBench_DEV_EN_V11,LLaVA-NeXT-8B_Biased_Test,3000334,tcf_only,MCQ,floor_sci5_ours_aug_b0.1_g2_t0.3,Conservative-2VC2TC,conservative_full,0.0,5,0,,,,,none,none,
MMBench_DEV_EN_V11,LLaVA-NeXT-8B_Biased_Test,3000338,tcf_only,MCQ,floor_sci5_ours_aug_b0.1_g2_t0.3,Conservative-2VC2TC,conservative_full,0.0,5,0,,,,,none,none,
MMBench_DEV_EN_V11,LLaVA-NeXT-8B_Biased_Test,3000345,vcf_only,MCQ,joint_os_center_mask_b0.2_g2.5_t0.2,Joint-CenterMask-OptionShuffle1,joint_center,0.0,4,1,0.0,1,tc_os1_high,2.0,option_shuffle,center,
MMBench_DEV_EN_V11,LLaVA-NeXT-8B_Biased_Test,3000346,vcf_only,MCQ,floor_sci5_ours_aug_b0.1_g2_t0.3,Conservative-2VC2TC,conservative_full,0.0,5,0,,,,,none,none,
MMBench_DEV_EN_V11,LLaVA-NeXT-8B_Biased_Test,3000352,vcf_only,MCQ,floor_sci5_ours_aug_b0.1_g2_t0.3,Conservative-2VC2TC,conservative_full,0.0,5,0,,,,,none,none,
MMBench_DEV_EN_V11,LLaVA-NeXT-8B_Biased_Test,3000353,vcf_only,MCQ,floor_sci5_ours_aug_b0.1_g2_t0.3,Conservative-2VC2TC,conservative_full,1.0,5,0,,,,,none,none,
MMBench_DEV_EN_V11,LLaVA-NeXT-8B_Biased_Test,3000465,vcf_only,MCQ,floor_sci5_ours_aug_b0.1_g2_t0.3,Conservative-2VC2TC,conservative_full,0.0,5,0,,,,,none,none,
MMBench_DEV_EN_V11,LLaVA-NeXT-8B_Biased_Test,3000491,vcf_only,MCQ,floor_sci5_ours_aug_b0.1_g2_t0.3,Conservative-2VC2TC,conservative_full,1.0,5,0,,,,,none,none,
MMBench_DEV_EN_V11,LLaVA-NeXT-8B_Biased_Test,3000494,vcf_only,MCQ,floor_sci5_ours_aug_b0.1_g2_t0.3,Conservative-2VC2TC,conservative_full,1.0,5,0,,,,,none,none,
MMBench_DEV_EN_V11,LLaVA-NeXT-8B_Biased_Test,3000506,tcf_only,MCQ,floor_sci5_ours_aug_b0.1_g2_t0.3,Conservative-2VC2TC,conservative_full,1.0,5,0,,,,,none,none,
MMBench_DEV_EN_V11,LLaVA-NeXT-8B_Biased_Test,3000565,vcf_only,MCQ,floor_sci5_ours_aug_b0.1_g2_t0.3,Conservative-2VC2TC,conservative_full,1.0,5,0,,,,,none,none,
MMBench_DEV_EN_V11,LLaVA-NeXT-8B_Biased_Test,3000587,vcf_only,MCQ,both_max_strong_blur_b0.2_g2.5_t0.2,Visual-StrongBlur,visual_strong,0.0,5,1,0.0,1,tc_os1_low,2.0,none,strong,3
MMBench_DEV_EN_V11,LLaVA-NeXT-8B_Biased_Test,3000591,both,MCQ,floor_sci5_ours_aug_b0.1_g2_t0.3,Conservative-2VC2TC,conservative_full,1.0,5,0,,,,,none,none,
MMBench_DEV_EN_V11,LLaVA-NeXT-8B_Biased_Test,3000602,tcf_only,MCQ,floor_sci5_ours_aug_b0.1_g2_t0.3,Conservative-2VC2TC,conservative_full,1.0,5,0,,,,,none,none,
MMBench_DEV_EN_V11,LLaVA-NeXT-8B_Biased_Test,3000634,both,MCQ,floor_sci5_ours_aug_b0.1_g2_t0.3,Conservative-2VC2TC,conservative_full,0.0,5,0,,,,,none,none,
MMBench_DEV_EN_V11,LLaVA-NeXT-8B_Biased_Test,3000647,vcf_only,MCQ,floor_sci5_ours_aug_b0.1_g2_t0.3,Conservative-2VC2TC,conservative_full,1.0,5,0,,,,,none,none,
MMBench_DEV_EN_V11,LLaVA-NeXT-8B_Biased_Test,3000656,both,MCQ,floor_sci5_ours_aug_b0.1_g2_t0.3,Conservative-2VC2TC,conservative_full,1.0,5,0,,,,,none,none,
MMBench_DEV_EN_V11,LLaVA-NeXT-8B_Biased_Test,3000685,vcf_only,MCQ,floor_sci5_ours_aug_b0.1_g2_t0.3,Conservative-2VC2TC,conservative_full,0.0,5,0,,,,,none,none,
MMBench_DEV_EN_V11,LLaVA-NeXT-8B_Biased_Test,3000773,vcf_only,MCQ,floor_sci5_ours_aug_b0.1_g2_t0.3,Conservative-2VC2TC,conservative_full,1.0,5,0,,,,,none,none,
MMBench_DEV_EN_V11,LLaVA-NeXT-8B_Biased_Test,3000776,vcf_only,MCQ,joint_os_strong_blur_b0.2_g2.5_t0.2,Joint-StrongBlur-OptionShuffle1,joint_strong,0.0,3,1,0.0,1,tc_os1_high,2.0,option_shuffle,strong,
MMBench_DEV_EN_V11,LLaVA-NeXT-8B_Biased_Test,3000778,both,MCQ,floor_sci5_ours_aug_b0.1_g2_t0.3,Conservative-2VC2TC,conservative_full,0.0,5,0,,,,,none,none,
MMBench_DEV_EN_V11,LLaVA-NeXT-8B_Biased_Test,3000779,vcf_only,MCQ,floor_sci5_ours_aug_b0.1_g2_t0.3,Conservative-2VC2TC,conservative_full,0.0,5,0,,,,,none,none,
MMBench_DEV_EN_V11,LLaVA-NeXT-8B_Biased_Test,3000785,vcf_only,MCQ,floor_sci5_ours_aug_b0.1_g2_t0.3,Conservative-2VC2TC,conservative_full,0.0,5,0,,,,,none,none,
MMBench_DEV_EN_V11,LLaVA-NeXT-8B_Biased_Test,3000788,vcf_only,MCQ,floor_sci5_ours_aug_b0.1_g2_t0.3,Conservative-2VC2TC,conservative_full,0.0,5,0,,,,,none,none,
MMBench_DEV_EN_V11,LLaVA-NeXT-8B_Biased_Test,3000792,both,MCQ,floor_sci5_ours_aug_b0.1_g2_t0.3,Conservative-2VC2TC,conservative_full,0.0,5,0,,,,,none,none,
MMBench_DEV_EN_V11,LLaVA-NeXT-8B_Biased_Test,3000799,vcf_only,MCQ,floor_sci5_ours_aug_b0.1_g2_t0.3,Conservative-2VC2TC,conservative_full,0.0,5,0,,,,,none,none,
MMBench_DEV_EN_V11,LLaVA-NeXT-8B_Biased_Test,3000800,vcf_only,MCQ,floor_sci5_ours_aug_b0.1_g2_t0.3,Conservative-2VC2TC,conservative_full,0.0,5,0,,,,,none,none,
MMBench_DEV_EN_V11,LLaVA-NeXT-8B_Biased_Test,3000803,vcf_only,MCQ,floor_sci5_ours_aug_b0.1_g2_t0.3,Conservative-2VC2TC,conservative_full,0.0,5,0,,,,,none,none,
MMBench_DEV_EN_V11,LLaVA-NeXT-8B_Biased_Test,3000826,vcf_only,MCQ,b5_tc_os1_direct,Text-OptionShuffle1,text,0.0,2,1,0.0,1,tc_os1_high,0.0,option_shuffle,none,
MMBench_DEV_EN_V11,LLaVA-NeXT-8B_Biased_Test,3000866,vcf_only,MCQ,both_max_grayscale_b0.2_g2.5_t0.2,Visual-Grayscale,visual_gray,0.0,3,1,0.0,1,tc_os1_low,2.0,none,gray,1
MMBench_DEV_EN_V11,LLaVA-NeXT-8B_Biased_Test,3000867,both,MCQ,floor_sci5_ours_aug_b0.1_g2_t0.3,Conservative-2VC2TC,conservative_full,0.0,5,0,,,,,none,none,
MMBench_DEV_EN_V11,LLaVA-NeXT-8B_Biased_Test,3000892,vcf_only,MCQ,floor_sci5_ours_aug_b0.1_g2_t0.3,Conservative-2VC2TC,conservative_full,0.0,5,0,,,,,none,none,
MMBench_DEV_EN_V11,LLaVA-NeXT-8B_Biased_Test,3000904,vcf_only,MCQ,floor_sci5_ours_aug_b0.1_g2_t0.3,Conservative-2VC2TC,conservative_full,1.0,5,0,,,,,none,none,
MMBench_DEV_EN_V11,LLaVA-NeXT-8B_Biased_Test,3000923,vcf_only,MCQ,floor_sci5_ours_aug_b0.1_g2_t0.3,Conservative-2VC2TC,conservative_full,0.0,5,0,,,,,none,none,
MMBench_DEV_EN_V11,LLaVA-NeXT-8B_Biased_Test,3000927,tcf_only,MCQ,floor_sci5_ours_aug_b0.1_g2_t0.3,Conservative-2VC2TC,conservative_full,0.0,5,0,,,,,none,none,
MMBench_DEV_EN_V11,LLaVA-NeXT-8B_Biased_Test,3000967,vcf_only,MCQ,floor_sci5_ours_aug_b0.1_g2_t0.3,Conservative-2VC2TC,conservative_full,0.0,5,0,,,,,none,none,
MMBench_DEV_EN_V11,LLaVA-NeXT-8B_Biased_Test,3000968,vcf_only,MCQ,both_max_grayscale_b0.2_g2.5_t0.2,Visual-Grayscale,visual_gray,1.0,3,1,0.0,1,tc_os1_low,1.0,none,gray,1
MMBench_DEV_EN_V11,LLaVA-NeXT-8B_Biased_Test,3000970,tcf_only,MCQ,floor_sci5_ours_aug_b0.1_g2_t0.3,Conservative-2VC2TC,conservative_full,0.0,5,0,,,,,none,none,
MMBench_DEV_EN_V11,LLaVA-NeXT-8B_Biased_Test,3000975,tcf_only,MCQ,floor_sci5_ours_aug_b0.1_g2_t0.3,Conservative-2VC2TC,conservative_full,1.0,5,0,,,,,none,none,
MMBench_DEV_EN_V11,LLaVA-NeXT-8B_Biased_Test,3000976,vcf_only,MCQ,floor_sci5_ours_aug_b0.1_g2_t0.3,Conservative-2VC2TC,conservative_full,1.0,5,0,,,,,none,none,
MMBench_DEV_EN_V11,LLaVA-NeXT-8B_Biased_Test,3000986,vcf_only,MCQ,floor_sci5_ours_aug_b0.1_g2_t0.3,Conservative-2VC2TC,conservative_full,0.0,5,0,,,,,none,none,
MMBench_DEV_EN_V11,LLaVA-NeXT-8B_Biased_Test,3001003,vcf_only,MCQ,both_max_grayscale_b0.2_g2.5_t0.2,Visual-Grayscale,visual_gray,0.0,3,1,0.0,1,tc_os1_low,2.0,none,gray,1
MMBench_DEV_EN_V11,LLaVA-NeXT-8B_Biased_Test,3001004,both,MCQ,floor_sci5_ours_aug_b0.1_g2_t0.3,Conservative-2VC2TC,conservative_full,1.0,5,0,,,,,none,none,
MMBench_DEV_EN_V11,LLaVA-NeXT-8B_Biased_Test,3001015,vcf_only,MCQ,both_max_grayscale_b0.2_g2.5_t0.2,Visual-Grayscale,visual_gray,0.0,3,1,0.0,1,tc_os1_low,1.0,none,gray,1
MMBench_DEV_EN_V11,LLaVA-NeXT-8B_Biased_Test,3001300,vcf_only,MCQ,joint_os_center_mask_b0.2_g2.5_t0.2,Joint-CenterMask-OptionShuffle1,joint_center,0.0,4,1,0.0,1,tc_os1_high,2.0,option_shuffle,center,
MMBench_DEV_EN_V11,LLaVA-NeXT-8B_Biased_Test,3001338,vcf_only,MCQ,joint_os_strong_blur_b0.2_g2.5_t0.2,Joint-StrongBlur-OptionShuffle1,joint_strong,0.0,3,1,0.0,1,tc_os1_high,1.0,option_shuffle,strong,
MMBench_DEV_EN_V11,LLaVA-NeXT-8B_Biased_Test,3001377,tcf_only,MCQ,floor_sci5_ours_aug_b0.1_g2_t0.3,Conservative-2VC2TC,conservative_full,1.0,5,0,,,,,none,none,
MMBench_DEV_EN_V11,LLaVA-NeXT-8B_Biased_Test,3001428,vcf_only,MCQ,both_max_grayscale_b0.2_g2.5_t0.2,Visual-Grayscale,visual_gray,0.0,5,1,1.0,1,tc_os1_low,1.0,none,gray,3
MMBench_DEV_EN_V11,LLaVA-NeXT-8B_Biased_Test,3001444,tcf_only,MCQ,floor_sci5_ours_aug_b0.1_g2_t0.3,Conservative-2VC2TC,conservative_full,0.0,5,0,,,,,none,none,
MMBench_DEV_EN_V11,LLaVA-NeXT-8B_Biased_Test,3001469,vcf_only,MCQ,both_max_center_mask_b0.2_g2.5_t0.2,Visual-CenterMask,visual_center,0.0,4,1,0.0,1,tc_os1_low,1.0,none,center,2
MMBench_DEV_EN_V11,LLaVA-NeXT-8B_Biased_Test,3001485,tcf_only,MCQ,floor_sci5_ours_aug_b0.1_g2_t0.3,Conservative-2VC2TC,conservative_full,1.0,5,0,,,,,none,none,
MMBench_DEV_EN_V11,LLaVA-NeXT-8B_Biased_Test,3001488,tcf_only,MCQ,floor_sci5_ours_aug_b0.1_g2_t0.3,Conservative-2VC2TC,conservative_full,0.0,5,0,,,,,none,none,
MMBench_DEV_EN_V11,LLaVA-NeXT-8B_Biased_Test,3001511,tcf_only,MCQ,floor_sci5_ours_aug_b0.1_g2_t0.3,Conservative-2VC2TC,conservative_full,1.0,5,0,,,,,none,none,
MMBench_DEV_EN_V11,LLaVA-NeXT-8B_Biased_Test,3001538,tcf_only,MCQ,both_max_strong_blur_b0.2_g2.5_t0.2,Visual-StrongBlur,visual_strong,0.0,5,1,0.0,1,tc_os1_low,2.0,none,strong,3
MMBench_DEV_EN_V11,LLaVA-NeXT-8B_Biased_Test,3001602,vcf_only,MCQ,both_max_grayscale_b0.2_g2.5_t0.2,Visual-Grayscale,visual_gray,0.0,3,1,0.0,1,tc_os1_low,1.0,none,gray,1
MMBench_DEV_EN_V11,LLaVA-NeXT-8B_Biased_Test,3001632,tcf_only,MCQ,floor_sci5_ours_aug_b0.1_g2_t0.3,Conservative-2VC2TC,conservative_full,1.0,5,0,,,,,none,none,
MMBench_DEV_EN_V11,LLaVA-NeXT-8B_Biased_Test,3001636,tcf_only,MCQ,floor_sci5_ours_aug_b0.1_g2_t0.3,Conservative-2VC2TC,conservative_full,1.0,5,0,,,,,none,none,
MMBench_DEV_EN_V11,LLaVA-NeXT-8B_Biased_Test,3001639,tcf_only,MCQ,floor_sci5_ours_aug_b0.1_g2_t0.3,Conservative-2VC2TC,conservative_full,1.0,5,0,,,,,none,none,
MMBench_DEV_EN_V11,LLaVA-NeXT-8B_Biased_Test,3001642,tcf_only,MCQ,floor_sci5_ours_aug_b0.1_g2_t0.3,Conservative-2VC2TC,conservative_full,0.0,5,0,,,,,none,none,
MMBench_DEV_EN_V11,LLaVA-NeXT-8B_Biased_Test,3001645,tcf_only,MCQ,floor_sci5_ours_aug_b0.1_g2_t0.3,Conservative-2VC2TC,conservative_full,0.0,5,0,,,,,none,none,
MMBench_DEV_EN_V11,LLaVA-NeXT-8B_Biased_Test,3001655,tcf_only,MCQ,floor_sci5_ours_aug_b0.1_g2_t0.3,Conservative-2VC2TC,conservative_full,1.0,5,0,,,,,none,none,
MMBench_DEV_EN_V11,LLaVA-NeXT-8B_Biased_Test,3001656,both,MCQ,floor_sci5_ours_aug_b0.1_g2_t0.3,Conservative-2VC2TC,conservative_full,1.0,5,0,,,,,none,none,
MMBench_DEV_EN_V11,LLaVA-NeXT-8B_Biased_Test,3001658,tcf_only,MCQ,floor_sci5_ours_aug_b0.1_g2_t0.3,Conservative-2VC2TC,conservative_full,0.0,5,0,,,,,none,none,
MMBench_DEV_EN_V11,LLaVA-NeXT-8B_Biased_Test,3001659,both,MCQ,floor_sci5_ours_aug_b0.1_g2_t0.3,Conservative-2VC2TC,conservative_full,0.0,5,0,,,,,none,none,
MMBench_DEV_EN_V11,LLaVA-NeXT-8B_Biased_Test,3001660,tcf_only,MCQ,floor_sci5_ours_aug_b0.1_g2_t0.3,Conservative-2VC2TC,conservative_full,1.0,5,0,,,,,none,none,
MMBench_DEV_EN_V11,LLaVA-NeXT-8B_Biased_Test,3001662,tcf_only,MCQ,both_max_grayscale_b0.2_g2.5_t0.2,Visual-Grayscale,visual_gray,1.0,3,1,1.0,1,tc_os1_low,2.0,none,gray,1
MMBench_DEV_EN_V11,LLaVA-NeXT-8B_Biased_Test,3001666,tcf_only,MCQ,floor_sci5_ours_aug_b0.1_g2_t0.3,Conservative-2VC2TC,conservative_full,0.0,5,0,,,,,none,none,
MMBench_DEV_EN_V11,LLaVA-NeXT-8B_Biased_Test,3001667,tcf_only,MCQ,floor_sci5_ours_aug_b0.1_g2_t0.3,Conservative-2VC2TC,conservative_full,0.0,5,0,,,,,none,none,
MMBench_DEV_EN_V11,LLaVA-NeXT-8B_Biased_Test,3001668,tcf_only,MCQ,floor_sci5_ours_aug_b0.1_g2_t0.3,Conservative-2VC2TC,conservative_full,1.0,5,0,,,,,none,none,
MMBench_DEV_EN_V11,LLaVA-NeXT-8B_Biased_Test,3001671,tcf_only,MCQ,floor_sci5_ours_aug_b0.1_g2_t0.3,Conservative-2VC2TC,conservative_full,0.0,5,0,,,,,none,none,
MMBench_DEV_EN_V11,LLaVA-NeXT-8B_Biased_Test,3001675,tcf_only,MCQ,both_max_grayscale_b0.2_g2.5_t0.2,Visual-Grayscale,visual_gray,1.0,3,1,0.0,1,tc_os1_low,2.0,none,gray,1
MMBench_DEV_EN_V11,LLaVA-NeXT-8B_Biased_Test,3001676,tcf_only,MCQ,both_max_grayscale_b0.2_g2.5_t0.2,Visual-Grayscale,visual_gray,1.0,3,1,0.0,1,tc_os1_low,2.0,none,gray,1
MMBench_DEV_EN_V11,LLaVA-NeXT-8B_Biased_Test,3001677,tcf_only,MCQ,floor_sci5_ours_aug_b0.1_g2_t0.3,Conservative-2VC2TC,conservative_full,1.0,5,0,,,,,none,none,
MMBench_DEV_EN_V11,LLaVA-NeXT-8B_Biased_Test,3001684,vcf_only,MCQ,both_max_grayscale_b0.2_g2.5_t0.2,Visual-Grayscale,visual_gray,0.0,5,1,0.0,1,tc_os1_low,2.0,none,gray,3
MMBench_DEV_EN_V11,LLaVA-NeXT-8B_Biased_Test,3001700,vcf_only,MCQ,both_max_grayscale_b0.2_g2.5_t0.2,Visual-Grayscale,visual_gray,1.0,3,1,0.0,1,tc_os1_low,2.0,none,gray,1
MMBench_DEV_EN_V11,LLaVA-NeXT-8B_Biased_Test,3001707,vcf_only,MCQ,joint_os_strong_blur_b0.2_g2.5_t0.2,Joint-StrongBlur-OptionShuffle1,joint_strong,1.0,3,1,1.0,1,tc_os1_high,2.0,option_shuffle,strong,
MMBench_DEV_EN_V11,LLaVA-NeXT-8B_Biased_Test,3001712,tcf_only,MCQ,floor_sci5_ours_aug_b0.1_g2_t0.3,Conservative-2VC2TC,conservative_full,1.0,5,0,,,,,none,none,
MMBench_DEV_EN_V11,LLaVA-NeXT-8B_Biased_Test,3001715,vcf_only,MCQ,both_max_grayscale_b0.2_g2.5_t0.2,Visual-Grayscale,visual_gray,1.0,3,1,0.0,1,tc_os1_low,2.0,none,gray,1
MMBench_DEV_EN_V11,LLaVA-NeXT-8B_Biased_Test,3001729,both,MCQ,floor_sci5_ours_aug_b0.1_g2_t0.3,Conservative-2VC2TC,conservative_full,1.0,5,0,,,,,none,none,
MMBench_DEV_EN_V11,LLaVA-NeXT-8B_Biased_Test,3001740,tcf_only,MCQ,floor_sci5_ours_aug_b0.1_g2_t0.3,Conservative-2VC2TC,conservative_full,1.0,5,0,,,,,none,none,
MMBench_DEV_EN_V11,LLaVA-NeXT-8B_Biased_Test,3001743,tcf_only,MCQ,floor_sci5_ours_aug_b0.1_g2_t0.3,Conservative-2VC2TC,conservative_full,0.0,5,0,,,,,none,none,
MMBench_DEV_EN_V11,LLaVA-NeXT-8B_Biased_Test,3001757,tcf_only,MCQ,floor_sci5_ours_aug_b0.1_g2_t0.3,Conservative-2VC2TC,conservative_full,0.0,5,0,,,,,none,none,
MMBench_DEV_EN_V11,LLaVA-NeXT-8B_Biased_Test,3001760,both,MCQ,floor_sci5_ours_aug_b0.1_g2_t0.3,Conservative-2VC2TC,conservative_full,1.0,5,0,,,,,none,none,
MMBench_DEV_EN_V11,LLaVA-NeXT-8B_Biased_Test,3001762,tcf_only,MCQ,floor_sci5_ours_aug_b0.1_g2_t0.3,Conservative-2VC2TC,conservative_full,1.0,5,0,,,,,none,none,
MMBench_DEV_EN_V11,LLaVA-NeXT-8B_Biased_Test,3001769,tcf_only,MCQ,floor_sci5_ours_aug_b0.1_g2_t0.3,Conservative-2VC2TC,conservative_full,1.0,5,0,,,,,none,none,
MMBench_DEV_EN_V11,LLaVA-NeXT-8B_Biased_Test,3001772,both,MCQ,both_max_grayscale_b0.2_g2.5_t0.2,Visual-Grayscale,visual_gray,0.0,5,1,1.0,1,tc_os1_low,2.0,none,gray,3
MMBench_DEV_EN_V11,LLaVA-NeXT-8B_Biased_Test,3001774,tcf_only,MCQ,floor_sci5_ours_aug_b0.1_g2_t0.3,Conservative-2VC2TC,conservative_full,0.0,5,0,,,,,none,none,
MMBench_DEV_EN_V11,LLaVA-NeXT-8B_Biased_Test,3001847,vcf_only,MCQ,floor_sci5_ours_aug_b0.1_g2_t0.3,Conservative-2VC2TC,conservative_full,0.0,5,0,,,,,none,none,
MMBench_DEV_EN_V11,LLaVA-NeXT-8B_Biased_Test,3001854,vcf_only,MCQ,both_max_strong_blur_b0.2_g2.5_t0.2,Visual-StrongBlur,visual_strong,0.0,5,1,0.0,1,tc_os1_low,2.0,none,strong,3
MMBench_DEV_EN_V11,LLaVA-NeXT-8B_Biased_Test,3001863,tcf_only,MCQ,floor_sci5_ours_aug_b0.1_g2_t0.3,Conservative-2VC2TC,conservative_full,0.0,5,0,,,,,none,none,
MMBench_DEV_EN_V11,LLaVA-NeXT-8B_Biased_Test,3001867,vcf_only,MCQ,floor_sci5_ours_aug_b0.1_g2_t0.3,Conservative-2VC2TC,conservative_full,0.0,5,0,,,,,none,none,
MMBench_DEV_EN_V11,LLaVA-NeXT-8B_Biased_Test,3001870,vcf_only,MCQ,floor_sci5_ours_aug_b0.1_g2_t0.3,Conservative-2VC2TC,conservative_full,0.0,5,0,,,,,none,none,
MMBench_DEV_EN_V11,LLaVA-NeXT-8B_Biased_Test,3001871,vcf_only,MCQ,floor_sci5_ours_aug_b0.1_g2_t0.3,Conservative-2VC2TC,conservative_full,0.0,5,0,,,,,none,none,
MMBench_DEV_EN_V11,LLaVA-NeXT-8B_Biased_Test,3001875,tcf_only,MCQ,floor_sci5_ours_aug_b0.1_g2_t0.3,Conservative-2VC2TC,conservative_full,1.0,5,0,,,,,none,none,
MMBench_DEV_EN_V11,LLaVA-NeXT-8B_Biased_Test,3001878,both,MCQ,floor_sci5_ours_aug_b0.1_g2_t0.3,Conservative-2VC2TC,conservative_full,1.0,5,0,,,,,none,none,
MMBench_DEV_EN_V11,LLaVA-NeXT-8B_Biased_Test,3001879,vcf_only,MCQ,floor_sci5_ours_aug_b0.1_g2_t0.3,Conservative-2VC2TC,conservative_full,0.0,5,0,,,,,none,none,
MMBench_DEV_EN_V11,LLaVA-NeXT-8B_Biased_Test,3001882,vcf_only,MCQ,floor_sci5_ours_aug_b0.1_g2_t0.3,Conservative-2VC2TC,conservative_full,0.0,5,0,,,,,none,none,
MMBench_DEV_EN_V11,LLaVA-NeXT-8B_Biased_Test,3001940,vcf_only,MCQ,floor_sci5_ours_aug_b0.1_g2_t0.3,Conservative-2VC2TC,conservative_full,0.0,5,0,,,,,none,none,
MMBench_DEV_EN_V11,LLaVA-NeXT-8B_Biased_Test,3001945,vcf_only,MCQ,floor_sci5_ours_aug_b0.1_g2_t0.3,Conservative-2VC2TC,conservative_full,1.0,5,0,,,,,none,none,
MMBench_DEV_EN_V11,LLaVA-NeXT-8B_Biased_Test,3001952,vcf_only,MCQ,both_max_strong_blur_b0.2_g2.5_t0.2,Visual-StrongBlur,visual_strong,1.0,5,1,0.0,1,tc_os1_low,2.0,none,strong,3
MMBench_DEV_EN_V11,LLaVA-NeXT-8B_Biased_Test,3001953,vcf_only,MCQ,both_max_strong_blur_b0.2_g2.5_t0.2,Visual-StrongBlur,visual_strong,1.0,5,1,0.0,1,tc_os1_low,2.0,none,strong,3
MMBench_DEV_EN_V11,LLaVA-NeXT-8B_Biased_Test,3001965,tcf_only,MCQ,both_max_grayscale_b0.2_g2.5_t0.2,Visual-Grayscale,visual_gray,1.0,3,1,0.0,1,tc_os1_low,1.0,none,gray,1
MMBench_DEV_EN_V11,LLaVA-NeXT-8B_Biased_Test,3001979,vcf_only,MCQ,floor_sci5_ours_aug_b0.1_g2_t0.3,Conservative-2VC2TC,conservative_full,1.0,5,0,,,,,none,none,
MMBench_DEV_EN_V11,LLaVA-NeXT-8B_Biased_Test,3002650,tcf_only,MCQ,floor_sci5_ours_aug_b0.1_g2_t0.3,Conservative-2VC2TC,conservative_full,1.0,5,0,,,,,none,none,
MMBench_DEV_EN_V11,LLaVA-NeXT-8B_Biased_Test,3002728,tcf_only,MCQ,floor_sci5_ours_aug_b0.1_g2_t0.3,Conservative-2VC2TC,conservative_full,1.0,5,0,,,,,none,none,
MMBench_DEV_EN_V11,LLaVA-NeXT-8B_Biased_Test,3002946,tcf_only,MCQ,floor_sci5_ours_aug_b0.1_g2_t0.3,Conservative-2VC2TC,conservative_full,0.0,5,0,,,,,none,none,
MMBench_DEV_EN_V11,LLaVA-NeXT-8B_Biased_Test,3003067,tcf_only,MCQ,floor_sci5_ours_aug_b0.1_g2_t0.3,Conservative-2VC2TC,conservative_full,0.0,5,0,,,,,none,none,
MMBench_DEV_EN_V11,LLaVA-NeXT-8B_Biased_Test,3003068,vcf_only,MCQ,both_max_strong_blur_b0.2_g2.5_t0.2,Visual-StrongBlur,visual_strong,0.0,5,1,0.0,1,tc_os1_low,1.0,none,strong,3
MMBench_DEV_EN_V11,LLaVA-NeXT-8B_Biased_Test,3003071,vcf_only,MCQ,both_max_grayscale_b0.2_g2.5_t0.2,Visual-Grayscale,visual_gray,0.0,3,1,0.0,1,tc_os1_low,2.0,none,gray,1
MMBench_DEV_EN_V11,LLaVA-NeXT-8B_Biased_Test,3003079,vcf_only,MCQ,floor_sci5_ours_aug_b0.1_g2_t0.3,Conservative-2VC2TC,conservative_full,0.0,5,0,,,,,none,none,
MMBench_DEV_EN_V11,LLaVA-NeXT-8B_Biased_Test,3003088,vcf_only,MCQ,both_max_center_mask_b0.2_g2.5_t0.2,Visual-CenterMask,visual_center,0.0,5,1,0.0,1,tc_os1_low,1.0,none,center,3
MMBench_DEV_EN_V11,LLaVA-NeXT-8B_Biased_Test,3003119,tcf_only,MCQ,floor_sci5_ours_aug_b0.1_g2_t0.3,Conservative-2VC2TC,conservative_full,1.0,5,0,,,,,none,none,
MMBench_DEV_EN_V11,LLaVA-NeXT-8B_Biased_Test,3003128,vcf_only,MCQ,both_max_center_mask_b0.2_g2.5_t0.2,Visual-CenterMask,visual_center,0.0,5,1,0.0,1,tc_os1_low,2.0,none,center,3
MMBench_DEV_EN_V11,LLaVA-NeXT-8B_Biased_Test,3003166,vcf_only,MCQ,both_max_strong_blur_b0.2_g2.5_t0.2,Visual-StrongBlur,visual_strong,1.0,5,1,0.0,1,tc_os1_low,1.0,none,strong,3
MMBench_DEV_EN_V11,LLaVA-NeXT-8B_Biased_Test,3003202,tcf_only,MCQ,floor_sci5_ours_aug_b0.1_g2_t0.3,Conservative-2VC2TC,conservative_full,0.0,5,0,,,,,none,none,
MMBench_DEV_EN_V11,LLaVA-NeXT-8B_Biased_Test,3003225,vcf_only,MCQ,both_max_strong_blur_b0.2_g2.5_t0.2,Visual-StrongBlur,visual_strong,1.0,5,1,0.0,1,tc_os1_low,1.0,none,strong,3
MMBench_DEV_EN_V11,LLaVA-NeXT-8B_Biased_Test,3003228,vcf_only,MCQ,both_max_grayscale_b0.2_g2.5_t0.2,Visual-Grayscale,visual_gray,0.0,3,1,0.0,1,tc_os1_low,1.0,none,gray,1
MMBench_DEV_EN_V11,LLaVA-NeXT-8B_Biased_Test,3003366,vcf_only,MCQ,both_max_grayscale_b0.2_g2.5_t0.2,Visual-Grayscale,visual_gray,0.0,5,1,0.0,1,tc_os1_low,1.0,none,gray,3
MMBench_DEV_EN_V11,LLaVA-NeXT-8B_Biased_Test,3003380,tcf_only,MCQ,floor_sci5_ours_aug_b0.1_g2_t0.3,Conservative-2VC2TC,conservative_full,1.0,5,0,,,,,none,none,
MMBench_DEV_EN_V11,LLaVA-NeXT-8B_Biased_Test,3003394,both,MCQ,floor_sci5_ours_aug_b0.1_g2_t0.3,Conservative-2VC2TC,conservative_full,0.0,5,0,,,,,none,none,
MMBench_DEV_EN_V11,LLaVA-NeXT-8B_Biased_Test,3003396,both,MCQ,floor_sci5_ours_aug_b0.1_g2_t0.3,Conservative-2VC2TC,conservative_full,0.0,5,0,,,,,none,none,
MMBench_DEV_EN_V11,LLaVA-NeXT-8B_Biased_Test,3003427,tcf_only,MCQ,floor_sci5_ours_aug_b0.1_g2_t0.3,Conservative-2VC2TC,conservative_full,0.0,5,0,,,,,none,none,
MMBench_DEV_EN_V11,LLaVA-NeXT-8B_Biased_Test,3003467,tcf_only,MCQ,both_max_grayscale_b0.2_g2.5_t0.2,Visual-Grayscale,visual_gray,1.0,3,1,0.0,1,tc_os1_low,1.0,none,gray,1
MMBench_DEV_EN_V11,LLaVA-NeXT-8B_Biased_Test,3003520,vcf_only,MCQ,floor_sci5_ours_aug_b0.1_g2_t0.3,Conservative-2VC2TC,conservative_full,0.0,5,0,,,,,none,none,
MMBench_DEV_EN_V11,LLaVA-NeXT-8B_Biased_Test,3003556,vcf_only,MCQ,floor_sci5_ours_aug_b0.1_g2_t0.3,Conservative-2VC2TC,conservative_full,0.0,5,0,,,,,none,none,
MMBench_DEV_EN_V11,LLaVA-NeXT-8B_Biased_Test,3003557,tcf_only,MCQ,floor_sci5_ours_aug_b0.1_g2_t0.3,Conservative-2VC2TC,conservative_full,1.0,5,0,,,,,none,none,
MMBench_DEV_EN_V11,LLaVA-NeXT-8B_Biased_Test,3003597,vcf_only,MCQ,floor_sci5_ours_aug_b0.1_g2_t0.3,Conservative-2VC2TC,conservative_full,0.0,5,0,,,,,none,none,
MMBench_DEV_EN_V11,LLaVA-NeXT-8B_Biased_Test,3003607,vcf_only,MCQ,floor_sci5_ours_aug_b0.1_g2_t0.3,Conservative-2VC2TC,conservative_full,0.0,5,0,,,,,none,none,
MMBench_DEV_EN_V11,LLaVA-NeXT-8B_Biased_Test,3003611,both,MCQ,floor_sci5_ours_aug_b0.1_g2_t0.3,Conservative-2VC2TC,conservative_full,0.0,5,0,,,,,none,none,
MMBench_DEV_EN_V11,LLaVA-NeXT-8B_Biased_Test,3003619,vcf_only,MCQ,floor_sci5_ours_aug_b0.1_g2_t0.3,Conservative-2VC2TC,conservative_full,0.0,5,0,,,,,none,none,
MMBench_DEV_EN_V11,LLaVA-NeXT-8B_Biased_Test,3003625,vcf_only,MCQ,floor_sci5_ours_aug_b0.1_g2_t0.3,Conservative-2VC2TC,conservative_full,1.0,5,0,,,,,none,none,
MMBench_DEV_EN_V11,LLaVA-NeXT-8B_Biased_Test,3003626,vcf_only,MCQ,floor_sci5_ours_aug_b0.1_g2_t0.3,Conservative-2VC2TC,conservative_full,0.0,5,0,,,,,none,none,
MMBench_DEV_EN_V11,LLaVA-NeXT-8B_Biased_Test,3003631,vcf_only,MCQ,floor_sci5_ours_aug_b0.1_g2_t0.3,Conservative-2VC2TC,conservative_full,0.0,5,0,,,,,none,none,
MMBench_DEV_EN_V11,LLaVA-NeXT-8B_Biased_Test,3003633,vcf_only,MCQ,floor_sci5_ours_aug_b0.1_g2_t0.3,Conservative-2VC2TC,conservative_full,1.0,5,0,,,,,none,none,
MMBench_DEV_EN_V11,LLaVA-NeXT-8B_Biased_Test,3003646,vcf_only,MCQ,floor_sci5_ours_aug_b0.1_g2_t0.3,Conservative-2VC2TC,conservative_full,0.0,5,0,,,,,none,none,
MMBench_DEV_EN_V11,LLaVA-NeXT-8B_Biased_Test,3003653,vcf_only,MCQ,floor_sci5_ours_aug_b0.1_g2_t0.3,Conservative-2VC2TC,conservative_full,1.0,5,0,,,,,none,none,
MMBench_DEV_EN_V11,LLaVA-NeXT-8B_Biased_Test,3003659,vcf_only,MCQ,floor_sci5_ours_aug_b0.1_g2_t0.3,Conservative-2VC2TC,conservative_full,0.0,5,0,,,,,none,none,
MMBench_DEV_EN_V11,LLaVA-NeXT-8B_Biased_Test,3003668,both,MCQ,floor_sci5_ours_aug_b0.1_g2_t0.3,Conservative-2VC2TC,conservative_full,0.0,5,0,,,,,none,none,
MMBench_DEV_EN_V11,LLaVA-NeXT-8B_Biased_Test,3003672,vcf_only,MCQ,floor_sci5_ours_aug_b0.1_g2_t0.3,Conservative-2VC2TC,conservative_full,0.0,5,0,,,,,none,none,
MMBench_DEV_EN_V11,LLaVA-NeXT-8B_Biased_Test,3003696,vcf_only,MCQ,both_max_grayscale_b0.2_g2.5_t0.2,Visual-Grayscale,visual_gray,1.0,3,1,0.0,1,tc_os1_low,1.0,none,gray,1
MMBench_DEV_EN_V11,LLaVA-NeXT-8B_Biased_Test,3003706,vcf_only,MCQ,floor_sci5_ours_aug_b0.1_g2_t0.3,Conservative-2VC2TC,conservative_full,1.0,5,0,,,,,none,none,
MMBench_DEV_EN_V11,LLaVA-NeXT-8B_Biased_Test,3003719,vcf_only,MCQ,both_max_center_mask_b0.2_g2.5_t0.2,Visual-CenterMask,visual_center,0.0,5,1,0.0,1,tc_os1_low,2.0,none,center,3
MMBench_DEV_EN_V11,LLaVA-NeXT-8B_Biased_Test,3003738,tcf_only,MCQ,floor_sci5_ours_aug_b0.1_g2_t0.3,Conservative-2VC2TC,conservative_full,0.0,5,0,,,,,none,none,
MMBench_DEV_EN_V11,LLaVA-NeXT-8B_Biased_Test,3003740,tcf_only,MCQ,floor_sci5_ours_aug_b0.1_g2_t0.3,Conservative-2VC2TC,conservative_full,0.0,5,0,,,,,none,none,
MMBench_DEV_EN_V11,LLaVA-NeXT-8B_Biased_Test,3003744,vcf_only,MCQ,floor_sci5_ours_aug_b0.1_g2_t0.3,Conservative-2VC2TC,conservative_full,0.0,5,0,,,,,none,none,
MMBench_DEV_EN_V11,LLaVA-NeXT-8B_Biased_Test,3003752,tcf_only,MCQ,floor_sci5_ours_aug_b0.1_g2_t0.3,Conservative-2VC2TC,conservative_full,1.0,5,0,,,,,none,none,
MMBench_DEV_EN_V11,LLaVA-NeXT-8B_Biased_Test,3003764,vcf_only,MCQ,floor_sci5_ours_aug_b0.1_g2_t0.3,Conservative-2VC2TC,conservative_full,0.0,5,0,,,,,none,none,
MMBench_DEV_CN_V11,LLaVA-NeXT-8B_Biased_Test,286,vcf_only,MCQ,floor_sci5_ours_aug_b0.1_g2_t0.3,Conservative-2VC2TC,conservative_full,0.0,5,0,,,,,none,none,
MMBench_DEV_CN_V11,LLaVA-NeXT-8B_Biased_Test,308,tcf_only,MCQ,floor_sci5_ours_aug_b0.1_g2_t0.3,Conservative-2VC2TC,conservative_full,0.0,5,0,,,,,none,none,
MMBench_DEV_CN_V11,LLaVA-NeXT-8B_Biased_Test,313,tcf_only,MCQ,floor_sci5_ours_aug_b0.1_g2_t0.3,Conservative-2VC2TC,conservative_full,0.0,5,0,,,,,none,none,
MMBench_DEV_CN_V11,LLaVA-NeXT-8B_Biased_Test,371,vcf_only,MCQ,floor_sci5_ours_aug_b0.1_g2_t0.3,Conservative-2VC2TC,conservative_full,1.0,5,0,,,,,none,none,
MMBench_DEV_CN_V11,LLaVA-NeXT-8B_Biased_Test,404,both,MCQ,floor_sci5_ours_aug_b0.1_g2_t0.3,Conservative-2VC2TC,conservative_full,0.0,5,0,,,,,none,none,
MMBench_DEV_CN_V11,LLaVA-NeXT-8B_Biased_Test,407,vcf_only,MCQ,floor_sci5_ours_aug_b0.1_g2_t0.3,Conservative-2VC2TC,conservative_full,0.0,5,0,,,,,none,none,
MMBench_DEV_CN_V11,LLaVA-NeXT-8B_Biased_Test,419,vcf_only,MCQ,floor_sci5_ours_aug_b0.1_g2_t0.3,Conservative-2VC2TC,conservative_full,0.0,5,0,,,,,none,none,
MMBench_DEV_CN_V11,LLaVA-NeXT-8B_Biased_Test,449,vcf_only,MCQ,joint_os_center_mask_b0.2_g2.5_t0.2,Joint-CenterMask-OptionShuffle1,joint_center,0.0,4,1,0.0,1,tc_os1_high,2.0,option_shuffle,center,
MMBench_DEV_CN_V11,LLaVA-NeXT-8B_Biased_Test,452,vcf_only,MCQ,joint_os_strong_blur_b0.2_g2.5_t0.2,Joint-StrongBlur-OptionShuffle1,joint_strong,1.0,3,1,0.0,1,tc_os1_high,2.0,option_shuffle,strong,
MMBench_DEV_CN_V11,LLaVA-NeXT-8B_Biased_Test,481,vcf_only,MCQ,floor_sci5_ours_aug_b0.1_g2_t0.3,Conservative-2VC2TC,conservative_full,1.0,5,0,,,,,none,none,
MMBench_DEV_CN_V11,LLaVA-NeXT-8B_Biased_Test,482,vcf_only,MCQ,joint_os_strong_blur_b0.2_g2.5_t0.2,Joint-StrongBlur-OptionShuffle1,joint_strong,1.0,3,1,0.0,1,tc_os1_high,2.0,option_shuffle,strong,
MMBench_DEV_CN_V11,LLaVA-NeXT-8B_Biased_Test,484,vcf_only,MCQ,joint_os_center_mask_b0.2_g2.5_t0.2,Joint-CenterMask-OptionShuffle1,joint_center,0.0,4,1,0.0,1,tc_os1_high,2.0,option_shuffle,center,
MMBench_DEV_CN_V11,LLaVA-NeXT-8B_Biased_Test,486,vcf_only,MCQ,both_max_grayscale_b0.2_g2.5_t0.2,Visual-Grayscale,visual_gray,0.0,5,1,0.0,1,tc_os1_low,2.0,none,gray,3
MMBench_DEV_CN_V11,LLaVA-NeXT-8B_Biased_Test,858,vcf_only,MCQ,floor_sci5_ours_aug_b0.1_g2_t0.3,Conservative-2VC2TC,conservative_full,1.0,5,0,,,,,none,none,
MMBench_DEV_CN_V11,LLaVA-NeXT-8B_Biased_Test,1231,tcf_only,MCQ,floor_sci5_ours_aug_b0.1_g2_t0.3,Conservative-2VC2TC,conservative_full,1.0,5,0,,,,,none,none,
MMBench_DEV_CN_V11,LLaVA-NeXT-8B_Biased_Test,1257,tcf_only,MCQ,floor_sci5_ours_aug_b0.1_g2_t0.3,Conservative-2VC2TC,conservative_full,0.0,5,0,,,,,none,none,
MMBench_DEV_CN_V11,LLaVA-NeXT-8B_Biased_Test,1258,tcf_only,MCQ,floor_sci5_ours_aug_b0.1_g2_t0.3,Conservative-2VC2TC,conservative_full,0.0,5,0,,,,,none,none,
MMBench_DEV_CN_V11,LLaVA-NeXT-8B_Biased_Test,1262,vcf_only,MCQ,floor_sci5_ours_aug_b0.1_g2_t0.3,Conservative-2VC2TC,conservative_full,1.0,5,0,,,,,none,none,
MMBench_DEV_CN_V11,LLaVA-NeXT-8B_Biased_Test,3113,vcf_only,MCQ,both_max_center_mask_b0.2_g2.5_t0.2,Visual-CenterMask,visual_center,0.0,4,1,0.0,1,tc_os1_low,2.0,none,center,2
MMBench_DEV_CN_V11,LLaVA-NeXT-8B_Biased_Test,3301,vcf_only,MCQ,both_max_grayscale_b0.2_g2.5_t0.2,Visual-Grayscale,visual_gray,0.0,5,1,0.0,1,tc_os1_low,2.0,none,gray,3
MMBench_DEV_CN_V11,LLaVA-NeXT-8B_Biased_Test,3452,tcf_only,MCQ,floor_sci5_ours_aug_b0.1_g2_t0.3,Conservative-2VC2TC,conservative_full,1.0,5,0,,,,,none,none,
MMBench_DEV_CN_V11,LLaVA-NeXT-8B_Biased_Test,284,vcf_only,MCQ,both_max_grayscale_b0.2_g2.5_t0.2,Visual-Grayscale,visual_gray,0.0,3,1,1.0,1,tc_os1_low,2.0,none,gray,1
MMBench_DEV_CN_V11,LLaVA-NeXT-8B_Biased_Test,285,tcf_only,MCQ,floor_sci5_ours_aug_b0.1_g2_t0.3,Conservative-2VC2TC,conservative_full,1.0,5,0,,,,,none,none,
MMBench_DEV_CN_V11,LLaVA-NeXT-8B_Biased_Test,288,vcf_only,MCQ,both_max_grayscale_b0.2_g2.5_t0.2,Visual-Grayscale,visual_gray,1.0,3,1,0.0,1,tc_os1_low,2.0,none,gray,1
MMBench_DEV_CN_V11,LLaVA-NeXT-8B_Biased_Test,292,both,MCQ,floor_sci5_ours_aug_b0.1_g2_t0.3,Conservative-2VC2TC,conservative_full,1.0,5,0,,,,,none,none,
MMBench_DEV_CN_V11,LLaVA-NeXT-8B_Biased_Test,294,vcf_only,MCQ,both_max_grayscale_b0.2_g2.5_t0.2,Visual-Grayscale,visual_gray,0.0,3,1,0.0,1,tc_os1_low,2.0,none,gray,1
MMBench_DEV_CN_V11,LLaVA-NeXT-8B_Biased_Test,300,tcf_only,MCQ,floor_sci5_ours_aug_b0.1_g2_t0.3,Conservative-2VC2TC,conservative_full,1.0,5,0,,,,,none,none,
MMBench_DEV_CN_V11,LLaVA-NeXT-8B_Biased_Test,307,vcf_only,MCQ,floor_sci5_ours_aug_b0.1_g2_t0.3,Conservative-2VC2TC,conservative_full,1.0,5,0,,,,,none,none,
MMBench_DEV_CN_V11,LLaVA-NeXT-8B_Biased_Test,311,both,MCQ,floor_sci5_ours_aug_b0.1_g2_t0.3,Conservative-2VC2TC,conservative_full,0.0,5,0,,,,,none,none,
MMBench_DEV_CN_V11,LLaVA-NeXT-8B_Biased_Test,408,vcf_only,MCQ,both_max_grayscale_b0.2_g2.5_t0.2,Visual-Grayscale,visual_gray,0.0,3,1,0.0,1,tc_os1_low,2.0,none,gray,1
MMBench_DEV_CN_V11,LLaVA-NeXT-8B_Biased_Test,412,vcf_only,MCQ,joint_os_center_mask_b0.2_g2.5_t0.2,Joint-CenterMask-OptionShuffle1,joint_center,0.0,4,1,0.0,1,tc_os1_high,2.0,option_shuffle,center,
MMBench_DEV_CN_V11,LLaVA-NeXT-8B_Biased_Test,414,vcf_only,MCQ,both_max_strong_blur_b0.2_g2.5_t0.2,Visual-StrongBlur,visual_strong,1.0,5,1,0.0,1,tc_os1_low,2.0,none,strong,3
MMBench_DEV_CN_V11,LLaVA-NeXT-8B_Biased_Test,415,vcf_only,MCQ,floor_sci5_ours_aug_b0.1_g2_t0.3,Conservative-2VC2TC,conservative_full,1.0,5,0,,,,,none,none,
MMBench_DEV_CN_V11,LLaVA-NeXT-8B_Biased_Test,1012,tcf_only,MCQ,floor_sci5_ours_aug_b0.1_g2_t0.3,Conservative-2VC2TC,conservative_full,0.0,5,0,,,,,none,none,
MMBench_DEV_CN_V11,LLaVA-NeXT-8B_Biased_Test,1104,tcf_only,MCQ,floor_sci5_ours_aug_b0.1_g2_t0.3,Conservative-2VC2TC,conservative_full,1.0,5,0,,,,,none,none,
MMBench_DEV_CN_V11,LLaVA-NeXT-8B_Biased_Test,1105,vcf_only,MCQ,joint_os_center_mask_b0.2_g2.5_t0.2,Joint-CenterMask-OptionShuffle1,joint_center,0.0,4,1,0.0,1,tc_os1_high,1.0,option_shuffle,center,
MMBench_DEV_CN_V11,LLaVA-NeXT-8B_Biased_Test,1107,both,MCQ,floor_sci5_ours_aug_b0.1_g2_t0.3,Conservative-2VC2TC,conservative_full,1.0,5,0,,,,,none,none,
MMBench_DEV_CN_V11,LLaVA-NeXT-8B_Biased_Test,1113,vcf_only,MCQ,both_max_center_mask_b0.2_g2.5_t0.2,Visual-CenterMask,visual_center,0.0,5,1,0.0,1,tc_os1_low,2.0,none,center,3
MMBench_DEV_CN_V11,LLaVA-NeXT-8B_Biased_Test,1114,vcf_only,MCQ,both_max_center_mask_b0.2_g2.5_t0.2,Visual-CenterMask,visual_center,1.0,4,1,0.0,1,tc_os1_low,2.0,none,center,2
MMBench_DEV_CN_V11,LLaVA-NeXT-8B_Biased_Test,1124,vcf_only,MCQ,both_max_grayscale_b0.2_g2.5_t0.2,Visual-Grayscale,visual_gray,0.0,5,1,0.0,1,tc_os1_low,1.0,none,gray,3
MMBench_DEV_CN_V11,LLaVA-NeXT-8B_Biased_Test,1125,tcf_only,MCQ,floor_sci5_ours_aug_b0.1_g2_t0.3,Conservative-2VC2TC,conservative_full,0.0,5,1,0.0,1,tc_os1_low,0.0,none,none,
MMBench_DEV_CN_V11,LLaVA-NeXT-8B_Biased_Test,1200,tcf_only,MCQ,floor_sci5_ours_aug_b0.1_g2_t0.3,Conservative-2VC2TC,conservative_full,1.0,5,0,,,,,none,none,
MMBench_DEV_CN_V11,LLaVA-NeXT-8B_Biased_Test,1210,tcf_only,MCQ,floor_sci5_ours_aug_b0.1_g2_t0.3,Conservative-2VC2TC,conservative_full,1.0,5,0,,,,,none,none,
MMBench_DEV_CN_V11,LLaVA-NeXT-8B_Biased_Test,1212,vcf_only,MCQ,joint_os_strong_blur_b0.2_g2.5_t0.2,Joint-StrongBlur-OptionShuffle1,joint_strong,0.0,3,1,1.0,1,tc_os1_high,2.0,option_shuffle,strong,
MMBench_DEV_CN_V11,LLaVA-NeXT-8B_Biased_Test,1553,vcf_only,MCQ,floor_sci5_ours_aug_b0.1_g2_t0.3,Conservative-2VC2TC,conservative_full,0.0,5,0,,,,,none,none,
MMBench_DEV_CN_V11,LLaVA-NeXT-8B_Biased_Test,2124,vcf_only,MCQ,floor_sci5_ours_aug_b0.1_g2_t0.3,Conservative-2VC2TC,conservative_full,1.0,5,0,,,,,none,none,
MMBench_DEV_CN_V11,LLaVA-NeXT-8B_Biased_Test,2420,vcf_only,MCQ,both_max_grayscale_b0.2_g2.5_t0.2,Visual-Grayscale,visual_gray,0.0,3,1,0.0,1,tc_os1_low,2.0,none,gray,1
MMBench_DEV_CN_V11,LLaVA-NeXT-8B_Biased_Test,2540,both,MCQ,floor_sci5_ours_aug_b0.1_g2_t0.3,Conservative-2VC2TC,conservative_full,1.0,5,0,,,,,none,none,
MMBench_DEV_CN_V11,LLaVA-NeXT-8B_Biased_Test,2573,vcf_only,MCQ,floor_sci5_ours_aug_b0.1_g2_t0.3,Conservative-2VC2TC,conservative_full,0.0,5,0,,,,,none,none,
MMBench_DEV_CN_V11,LLaVA-NeXT-8B_Biased_Test,3087,vcf_only,MCQ,both_max_center_mask_b0.2_g2.5_t0.2,Visual-CenterMask,visual_center,0.0,5,1,0.0,1,tc_os1_low,2.0,none,center,3
MMBench_DEV_CN_V11,LLaVA-NeXT-8B_Biased_Test,3509,vcf_only,MCQ,joint_os_center_mask_b0.2_g2.5_t0.2,Joint-CenterMask-OptionShuffle1,joint_center,0.0,4,1,0.0,1,tc_os1_high,2.0,option_shuffle,center,
MMBench_DEV_CN_V11,LLaVA-NeXT-8B_Biased_Test,9,vcf_only,MCQ,floor_sci5_ours_aug_b0.1_g2_t0.3,Conservative-2VC2TC,conservative_full,0.0,5,0,,,,,none,none,
MMBench_DEV_CN_V11,LLaVA-NeXT-8B_Biased_Test,18,vcf_only,MCQ,floor_sci5_ours_aug_b0.1_g2_t0.3,Conservative-2VC2TC,conservative_full,1.0,5,0,,,,,none,none,
MMBench_DEV_CN_V11,LLaVA-NeXT-8B_Biased_Test,151,both,MCQ,b5_tc_os1_direct,Text-OptionShuffle1,text,1.0,2,1,2.0,1,tc_os1_high,0.0,option_shuffle,none,
MMBench_DEV_CN_V11,LLaVA-NeXT-8B_Biased_Test,334,vcf_only,MCQ,floor_sci5_ours_aug_b0.1_g2_t0.3,Conservative-2VC2TC,conservative_full,0.0,5,0,,,,,none,none,
MMBench_DEV_CN_V11,LLaVA-NeXT-8B_Biased_Test,338,vcf_only,MCQ,floor_sci5_ours_aug_b0.1_g2_t0.3,Conservative-2VC2TC,conservative_full,0.0,5,0,,,,,none,none,
MMBench_DEV_CN_V11,LLaVA-NeXT-8B_Biased_Test,456,tcf_only,MCQ,floor_sci5_ours_aug_b0.1_g2_t0.3,Conservative-2VC2TC,conservative_full,0.0,5,0,,,,,none,none,
MMBench_DEV_CN_V11,LLaVA-NeXT-8B_Biased_Test,462,tcf_only,MCQ,floor_sci5_ours_aug_b0.1_g2_t0.3,Conservative-2VC2TC,conservative_full,1.0,5,0,,,,,none,none,
MMBench_DEV_CN_V11,LLaVA-NeXT-8B_Biased_Test,491,tcf_only,MCQ,floor_sci5_ours_aug_b0.1_g2_t0.3,Conservative-2VC2TC,conservative_full,1.0,5,0,,,,,none,none,
MMBench_DEV_CN_V11,LLaVA-NeXT-8B_Biased_Test,500,vcf_only,MCQ,floor_sci5_ours_aug_b0.1_g2_t0.3,Conservative-2VC2TC,conservative_full,1.0,5,0,,,,,none,none,
MMBench_DEV_CN_V11,LLaVA-NeXT-8B_Biased_Test,562,vcf_only,MCQ,both_max_grayscale_b0.2_g2.5_t0.2,Visual-Grayscale,visual_gray,0.0,3,1,0.0,1,tc_os1_low,1.0,none,gray,1
MMBench_DEV_CN_V11,LLaVA-NeXT-8B_Biased_Test,587,vcf_only,MCQ,floor_sci5_ours_aug_b0.1_g2_t0.3,Conservative-2VC2TC,conservative_full,0.0,5,0,,,,,none,none,
MMBench_DEV_CN_V11,LLaVA-NeXT-8B_Biased_Test,594,vcf_only,MCQ,floor_sci5_ours_aug_b0.1_g2_t0.3,Conservative-2VC2TC,conservative_full,1.0,5,0,,,,,none,none,
MMBench_DEV_CN_V11,LLaVA-NeXT-8B_Biased_Test,629,vcf_only,MCQ,floor_sci5_ours_aug_b0.1_g2_t0.3,Conservative-2VC2TC,conservative_full,0.0,5,0,,,,,none,none,
MMBench_DEV_CN_V11,LLaVA-NeXT-8B_Biased_Test,638,tcf_only,MCQ,floor_sci5_ours_aug_b0.1_g2_t0.3,Conservative-2VC2TC,conservative_full,1.0,5,0,,,,,none,none,
MMBench_DEV_CN_V11,LLaVA-NeXT-8B_Biased_Test,647,vcf_only,MCQ,floor_sci5_ours_aug_b0.1_g2_t0.3,Conservative-2VC2TC,conservative_full,0.0,5,0,,,,,none,none,
MMBench_DEV_CN_V11,LLaVA-NeXT-8B_Biased_Test,656,vcf_only,MCQ,floor_sci5_ours_aug_b0.1_g2_t0.3,Conservative-2VC2TC,conservative_full,1.0,5,0,,,,,none,none,
MMBench_DEV_CN_V11,LLaVA-NeXT-8B_Biased_Test,661,tcf_only,MCQ,floor_sci5_ours_aug_b0.1_g2_t0.3,Conservative-2VC2TC,conservative_full,0.0,5,0,,,,,none,none,
MMBench_DEV_CN_V11,LLaVA-NeXT-8B_Biased_Test,689,vcf_only,MCQ,floor_sci5_ours_aug_b0.1_g2_t0.3,Conservative-2VC2TC,conservative_full,0.0,5,0,,,,,none,none,
MMBench_DEV_CN_V11,LLaVA-NeXT-8B_Biased_Test,768,both,MCQ,floor_sci5_ours_aug_b0.1_g2_t0.3,Conservative-2VC2TC,conservative_full,0.0,5,0,,,,,none,none,
MMBench_DEV_CN_V11,LLaVA-NeXT-8B_Biased_Test,773,both,MCQ,floor_sci5_ours_aug_b0.1_g2_t0.3,Conservative-2VC2TC,conservative_full,1.0,5,0,,,,,none,none,
MMBench_DEV_CN_V11,LLaVA-NeXT-8B_Biased_Test,776,vcf_only,MCQ,joint_os_strong_blur_b0.2_g2.5_t0.2,Joint-StrongBlur-OptionShuffle1,joint_strong,1.0,3,1,0.0,1,tc_os1_high,2.0,option_shuffle,strong,
MMBench_DEV_CN_V11,LLaVA-NeXT-8B_Biased_Test,778,vcf_only,MCQ,floor_sci5_ours_aug_b0.1_g2_t0.3,Conservative-2VC2TC,conservative_full,0.0,5,0,,,,,none,none,
MMBench_DEV_CN_V11,LLaVA-NeXT-8B_Biased_Test,785,vcf_only,MCQ,floor_sci5_ours_aug_b0.1_g2_t0.3,Conservative-2VC2TC,conservative_full,0.0,5,0,,,,,none,none,
MMBench_DEV_CN_V11,LLaVA-NeXT-8B_Biased_Test,788,tcf_only,MCQ,floor_sci5_ours_aug_b0.1_g2_t0.3,Conservative-2VC2TC,conservative_full,0.0,5,0,,,,,none,none,
MMBench_DEV_CN_V11,LLaVA-NeXT-8B_Biased_Test,801,vcf_only,MCQ,floor_sci5_ours_aug_b0.1_g2_t0.3,Conservative-2VC2TC,conservative_full,1.0,5,0,,,,,none,none,
MMBench_DEV_CN_V11,LLaVA-NeXT-8B_Biased_Test,805,vcf_only,MCQ,floor_sci5_ours_aug_b0.1_g2_t0.3,Conservative-2VC2TC,conservative_full,0.0,5,0,,,,,none,none,
MMBench_DEV_CN_V11,LLaVA-NeXT-8B_Biased_Test,865,both,MCQ,floor_sci5_ours_aug_b0.1_g2_t0.3,Conservative-2VC2TC,conservative_full,0.0,5,0,,,,,none,none,
MMBench_DEV_CN_V11,LLaVA-NeXT-8B_Biased_Test,866,tcf_only,MCQ,floor_sci5_ours_aug_b0.1_g2_t0.3,Conservative-2VC2TC,conservative_full,0.0,5,0,,,,,none,none,
MMBench_DEV_CN_V11,LLaVA-NeXT-8B_Biased_Test,890,both,MCQ,floor_sci5_ours_aug_b0.1_g2_t0.3,Conservative-2VC2TC,conservative_full,1.0,5,0,,,,,none,none,
MMBench_DEV_CN_V11,LLaVA-NeXT-8B_Biased_Test,909,vcf_only,MCQ,floor_sci5_ours_aug_b0.1_g2_t0.3,Conservative-2VC2TC,conservative_full,0.0,5,0,,,,,none,none,
MMBench_DEV_CN_V11,LLaVA-NeXT-8B_Biased_Test,918,both,MCQ,floor_sci5_ours_aug_b0.1_g2_t0.3,Conservative-2VC2TC,conservative_full,1.0,5,0,,,,,none,none,
MMBench_DEV_CN_V11,LLaVA-NeXT-8B_Biased_Test,924,tcf_only,MCQ,floor_sci5_ours_aug_b0.1_g2_t0.3,Conservative-2VC2TC,conservative_full,1.0,5,0,,,,,none,none,
MMBench_DEV_CN_V11,LLaVA-NeXT-8B_Biased_Test,926,vcf_only,MCQ,floor_sci5_ours_aug_b0.1_g2_t0.3,Conservative-2VC2TC,conservative_full,0.0,5,0,,,,,none,none,
MMBench_DEV_CN_V11,LLaVA-NeXT-8B_Biased_Test,952,tcf_only,MCQ,floor_sci5_ours_aug_b0.1_g2_t0.3,Conservative-2VC2TC,conservative_full,1.0,5,0,,,,,none,none,
MMBench_DEV_CN_V11,LLaVA-NeXT-8B_Biased_Test,965,both,MCQ,floor_sci5_ours_aug_b0.1_g2_t0.3,Conservative-2VC2TC,conservative_full,0.0,5,0,,,,,none,none,
MMBench_DEV_CN_V11,LLaVA-NeXT-8B_Biased_Test,967,tcf_only,MCQ,floor_sci5_ours_aug_b0.1_g2_t0.3,Conservative-2VC2TC,conservative_full,1.0,5,0,,,,,none,none,
MMBench_DEV_CN_V11,LLaVA-NeXT-8B_Biased_Test,968,tcf_only,MCQ,floor_sci5_ours_aug_b0.1_g2_t0.3,Conservative-2VC2TC,conservative_full,1.0,5,0,,,,,none,none,
MMBench_DEV_CN_V11,LLaVA-NeXT-8B_Biased_Test,975,vcf_only,MCQ,floor_sci5_ours_aug_b0.1_g2_t0.3,Conservative-2VC2TC,conservative_full,0.0,5,0,,,,,none,none,
MMBench_DEV_CN_V11,LLaVA-NeXT-8B_Biased_Test,986,tcf_only,MCQ,floor_sci5_ours_aug_b0.1_g2_t0.3,Conservative-2VC2TC,conservative_full,1.0,5,0,,,,,none,none,
MMBench_DEV_CN_V11,LLaVA-NeXT-8B_Biased_Test,1003,vcf_only,MCQ,floor_sci5_ours_aug_b0.1_g2_t0.3,Conservative-2VC2TC,conservative_full,0.0,5,0,,,,,none,none,
MMBench_DEV_CN_V11,LLaVA-NeXT-8B_Biased_Test,1013,vcf_only,MCQ,floor_sci5_ours_aug_b0.1_g2_t0.3,Conservative-2VC2TC,conservative_full,0.0,5,0,,,,,none,none,
MMBench_DEV_CN_V11,LLaVA-NeXT-8B_Biased_Test,1083,vcf_only,MCQ,floor_sci5_ours_aug_b0.1_g2_t0.3,Conservative-2VC2TC,conservative_full,1.0,5,0,,,,,none,none,
MMBench_DEV_CN_V11,LLaVA-NeXT-8B_Biased_Test,1166,vcf_only,MCQ,floor_sci5_ours_aug_b0.1_g2_t0.3,Conservative-2VC2TC,conservative_full,1.0,5,0,,,,,none,none,
MMBench_DEV_CN_V11,LLaVA-NeXT-8B_Biased_Test,1294,vcf_only,MCQ,floor_sci5_ours_aug_b0.1_g2_t0.3,Conservative-2VC2TC,conservative_full,0.0,5,0,,,,,none,none,
MMBench_DEV_CN_V11,LLaVA-NeXT-8B_Biased_Test,1338,vcf_only,MCQ,b5_tc_os1_direct,Text-OptionShuffle1,text,0.0,2,1,0.0,1,tc_os1_high,0.0,option_shuffle,none,
MMBench_DEV_CN_V11,LLaVA-NeXT-8B_Biased_Test,1402,tcf_only,MCQ,floor_sci5_ours_aug_b0.1_g2_t0.3,Conservative-2VC2TC,conservative_full,1.0,5,0,,,,,none,none,
MMBench_DEV_CN_V11,LLaVA-NeXT-8B_Biased_Test,1485,vcf_only,MCQ,floor_sci5_ours_aug_b0.1_g2_t0.3,Conservative-2VC2TC,conservative_full,1.0,5,0,,,,,none,none,
MMBench_DEV_CN_V11,LLaVA-NeXT-8B_Biased_Test,1511,tcf_only,MCQ,floor_sci5_ours_aug_b0.1_g2_t0.3,Conservative-2VC2TC,conservative_full,0.0,5,0,,,,,none,none,
MMBench_DEV_CN_V11,LLaVA-NeXT-8B_Biased_Test,1523,vcf_only,MCQ,floor_sci5_ours_aug_b0.1_g2_t0.3,Conservative-2VC2TC,conservative_full,0.0,5,0,,,,,none,none,
MMBench_DEV_CN_V11,LLaVA-NeXT-8B_Biased_Test,1591,tcf_only,MCQ,floor_sci5_ours_aug_b0.1_g2_t0.3,Conservative-2VC2TC,conservative_full,1.0,5,0,,,,,none,none,
MMBench_DEV_CN_V11,LLaVA-NeXT-8B_Biased_Test,1632,vcf_only,MCQ,floor_sci5_ours_aug_b0.1_g2_t0.3,Conservative-2VC2TC,conservative_full,1.0,5,0,,,,,none,none,
MMBench_DEV_CN_V11,LLaVA-NeXT-8B_Biased_Test,1639,tcf_only,MCQ,floor_sci5_ours_aug_b0.1_g2_t0.3,Conservative-2VC2TC,conservative_full,1.0,5,0,,,,,none,none,
MMBench_DEV_CN_V11,LLaVA-NeXT-8B_Biased_Test,1642,both,MCQ,floor_sci5_ours_aug_b0.1_g2_t0.3,Conservative-2VC2TC,conservative_full,1.0,5,0,,,,,none,none,
MMBench_DEV_CN_V11,LLaVA-NeXT-8B_Biased_Test,1647,both,MCQ,floor_sci5_ours_aug_b0.1_g2_t0.3,Conservative-2VC2TC,conservative_full,1.0,5,0,,,,,none,none,
MMBench_DEV_CN_V11,LLaVA-NeXT-8B_Biased_Test,1659,tcf_only,MCQ,floor_sci5_ours_aug_b0.1_g2_t0.3,Conservative-2VC2TC,conservative_full,0.0,5,0,,,,,none,none,
MMBench_DEV_CN_V11,LLaVA-NeXT-8B_Biased_Test,1665,tcf_only,MCQ,both_max_grayscale_b0.2_g2.5_t0.2,Visual-Grayscale,visual_gray,0.0,3,1,2.0,1,tc_os1_low,1.0,none,gray,1
MMBench_DEV_CN_V11,LLaVA-NeXT-8B_Biased_Test,1666,vcf_only,MCQ,floor_sci5_ours_aug_b0.1_g2_t0.3,Conservative-2VC2TC,conservative_full,1.0,5,0,,,,,none,none,
MMBench_DEV_CN_V11,LLaVA-NeXT-8B_Biased_Test,1667,vcf_only,MCQ,floor_sci5_ours_aug_b0.1_g2_t0.3,Conservative-2VC2TC,conservative_full,0.0,5,0,,,,,none,none,
MMBench_DEV_CN_V11,LLaVA-NeXT-8B_Biased_Test,1669,vcf_only,MCQ,floor_sci5_ours_aug_b0.1_g2_t0.3,Conservative-2VC2TC,conservative_full,0.0,5,0,,,,,none,none,
MMBench_DEV_CN_V11,LLaVA-NeXT-8B_Biased_Test,1671,tcf_only,MCQ,floor_sci5_ours_aug_b0.1_g2_t0.3,Conservative-2VC2TC,conservative_full,1.0,5,0,,,,,none,none,
MMBench_DEV_CN_V11,LLaVA-NeXT-8B_Biased_Test,1679,vcf_only,MCQ,floor_sci5_ours_aug_b0.1_g2_t0.3,Conservative-2VC2TC,conservative_full,0.0,5,0,,,,,none,none,
MMBench_DEV_CN_V11,LLaVA-NeXT-8B_Biased_Test,1684,vcf_only,MCQ,joint_os_center_mask_b0.2_g2.5_t0.2,Joint-CenterMask-OptionShuffle1,joint_center,0.0,4,1,0.0,1,tc_os1_high,2.0,option_shuffle,center,
MMBench_DEV_CN_V11,LLaVA-NeXT-8B_Biased_Test,1703,vcf_only,MCQ,joint_os_strong_blur_b0.2_g2.5_t0.2,Joint-StrongBlur-OptionShuffle1,joint_strong,1.0,3,1,0.0,1,tc_os1_high,2.0,option_shuffle,strong,
MMBench_DEV_CN_V11,LLaVA-NeXT-8B_Biased_Test,1712,tcf_only,MCQ,floor_sci5_ours_aug_b0.1_g2_t0.3,Conservative-2VC2TC,conservative_full,1.0,5,0,,,,,none,none,
MMBench_DEV_CN_V11,LLaVA-NeXT-8B_Biased_Test,1715,vcf_only,MCQ,floor_sci5_ours_aug_b0.1_g2_t0.3,Conservative-2VC2TC,conservative_full,1.0,5,0,,,,,none,none,
MMBench_DEV_CN_V11,LLaVA-NeXT-8B_Biased_Test,1720,tcf_only,MCQ,floor_sci5_ours_aug_b0.1_g2_t0.3,Conservative-2VC2TC,conservative_full,0.0,5,0,,,,,none,none,
MMBench_DEV_CN_V11,LLaVA-NeXT-8B_Biased_Test,1740,vcf_only,MCQ,floor_sci5_ours_aug_b0.1_g2_t0.3,Conservative-2VC2TC,conservative_full,1.0,5,0,,,,,none,none,
MMBench_DEV_CN_V11,LLaVA-NeXT-8B_Biased_Test,1741,vcf_only,MCQ,floor_sci5_ours_aug_b0.1_g2_t0.3,Conservative-2VC2TC,conservative_full,1.0,5,0,,,,,none,none,
MMBench_DEV_CN_V11,LLaVA-NeXT-8B_Biased_Test,1757,vcf_only,MCQ,floor_sci5_ours_aug_b0.1_g2_t0.3,Conservative-2VC2TC,conservative_full,0.0,5,0,,,,,none,none,
MMBench_DEV_CN_V11,LLaVA-NeXT-8B_Biased_Test,1758,both,MCQ,floor_sci5_ours_aug_b0.1_g2_t0.3,Conservative-2VC2TC,conservative_full,1.0,5,0,,,,,none,none,
MMBench_DEV_CN_V11,LLaVA-NeXT-8B_Biased_Test,1760,both,MCQ,floor_sci5_ours_aug_b0.1_g2_t0.3,Conservative-2VC2TC,conservative_full,0.0,5,0,,,,,none,none,
MMBench_DEV_CN_V11,LLaVA-NeXT-8B_Biased_Test,1769,tcf_only,MCQ,floor_sci5_ours_aug_b0.1_g2_t0.3,Conservative-2VC2TC,conservative_full,1.0,5,0,,,,,none,none,
MMBench_DEV_CN_V11,LLaVA-NeXT-8B_Biased_Test,1773,vcf_only,MCQ,floor_sci5_ours_aug_b0.1_g2_t0.3,Conservative-2VC2TC,conservative_full,0.0,5,0,,,,,none,none,
MMBench_DEV_CN_V11,LLaVA-NeXT-8B_Biased_Test,1774,tcf_only,MCQ,floor_sci5_ours_aug_b0.1_g2_t0.3,Conservative-2VC2TC,conservative_full,0.0,5,0,,,,,none,none,
MMBench_DEV_CN_V11,LLaVA-NeXT-8B_Biased_Test,1843,both,MCQ,floor_sci5_ours_aug_b0.1_g2_t0.3,Conservative-2VC2TC,conservative_full,0.0,5,0,,,,,none,none,
MMBench_DEV_CN_V11,LLaVA-NeXT-8B_Biased_Test,1847,vcf_only,MCQ,floor_sci5_ours_aug_b0.1_g2_t0.3,Conservative-2VC2TC,conservative_full,0.0,5,0,,,,,none,none,
MMBench_DEV_CN_V11,LLaVA-NeXT-8B_Biased_Test,1854,vcf_only,MCQ,floor_sci5_ours_aug_b0.1_g2_t0.3,Conservative-2VC2TC,conservative_full,0.0,5,0,,,,,none,none,
MMBench_DEV_CN_V11,LLaVA-NeXT-8B_Biased_Test,1857,vcf_only,MCQ,floor_sci5_ours_aug_b0.1_g2_t0.3,Conservative-2VC2TC,conservative_full,1.0,5,0,,,,,none,none,
MMBench_DEV_CN_V11,LLaVA-NeXT-8B_Biased_Test,1870,tcf_only,MCQ,floor_sci5_ours_aug_b0.1_g2_t0.3,Conservative-2VC2TC,conservative_full,1.0,5,0,,,,,none,none,
MMBench_DEV_CN_V11,LLaVA-NeXT-8B_Biased_Test,1871,vcf_only,MCQ,floor_sci5_ours_aug_b0.1_g2_t0.3,Conservative-2VC2TC,conservative_full,1.0,5,0,,,,,none,none,
MMBench_DEV_CN_V11,LLaVA-NeXT-8B_Biased_Test,1875,tcf_only,MCQ,floor_sci5_ours_aug_b0.1_g2_t0.3,Conservative-2VC2TC,conservative_full,0.0,5,0,,,,,none,none,
MMBench_DEV_CN_V11,LLaVA-NeXT-8B_Biased_Test,1878,vcf_only,MCQ,floor_sci5_ours_aug_b0.1_g2_t0.3,Conservative-2VC2TC,conservative_full,0.0,5,0,,,,,none,none,
MMBench_DEV_CN_V11,LLaVA-NeXT-8B_Biased_Test,1879,vcf_only,MCQ,floor_sci5_ours_aug_b0.1_g2_t0.3,Conservative-2VC2TC,conservative_full,0.0,5,0,,,,,none,none,
MMBench_DEV_CN_V11,LLaVA-NeXT-8B_Biased_Test,1888,vcf_only,MCQ,floor_sci5_ours_aug_b0.1_g2_t0.3,Conservative-2VC2TC,conservative_full,0.0,5,0,,,,,none,none,
MMBench_DEV_CN_V11,LLaVA-NeXT-8B_Biased_Test,1913,vcf_only,MCQ,both_max_grayscale_b0.2_g2.5_t0.2,Visual-Grayscale,visual_gray,0.0,3,1,0.0,1,tc_os1_low,2.0,none,gray,1
MMBench_DEV_CN_V11,LLaVA-NeXT-8B_Biased_Test,1940,tcf_only,MCQ,floor_sci5_ours_aug_b0.1_g2_t0.3,Conservative-2VC2TC,conservative_full,1.0,5,0,,,,,none,none,
MMBench_DEV_CN_V11,LLaVA-NeXT-8B_Biased_Test,1952,vcf_only,MCQ,floor_sci5_ours_aug_b0.1_g2_t0.3,Conservative-2VC2TC,conservative_full,0.0,5,0,,,,,none,none,
MMBench_DEV_CN_V11,LLaVA-NeXT-8B_Biased_Test,1953,vcf_only,MCQ,both_max_grayscale_b0.2_g2.5_t0.2,Visual-Grayscale,visual_gray,0.0,5,1,0.0,1,tc_os1_low,2.0,none,gray,3
MMBench_DEV_CN_V11,LLaVA-NeXT-8B_Biased_Test,1975,tcf_only,MCQ,floor_sci5_ours_aug_b0.1_g2_t0.3,Conservative-2VC2TC,conservative_full,1.0,5,0,,,,,none,none,
MMBench_DEV_CN_V11,LLaVA-NeXT-8B_Biased_Test,2404,vcf_only,MCQ,floor_sci5_ours_aug_b0.1_g2_t0.3,Conservative-2VC2TC,conservative_full,0.0,5,0,,,,,none,none,
MMBench_DEV_CN_V11,LLaVA-NeXT-8B_Biased_Test,2624,vcf_only,MCQ,floor_sci5_ours_aug_b0.1_g2_t0.3,Conservative-2VC2TC,conservative_full,0.0,5,0,,,,,none,none,
MMBench_DEV_CN_V11,LLaVA-NeXT-8B_Biased_Test,3067,vcf_only,MCQ,floor_sci5_ours_aug_b0.1_g2_t0.3,Conservative-2VC2TC,conservative_full,1.0,5,0,,,,,none,none,
MMBench_DEV_CN_V11,LLaVA-NeXT-8B_Biased_Test,3088,vcf_only,MCQ,both_max_center_mask_b0.2_g2.5_t0.2,Visual-CenterMask,visual_center,0.0,4,1,0.0,1,tc_os1_low,2.0,none,center,2
MMBench_DEV_CN_V11,LLaVA-NeXT-8B_Biased_Test,3091,vcf_only,MCQ,floor_sci5_ours_aug_b0.1_g2_t0.3,Conservative-2VC2TC,conservative_full,0.0,5,0,,,,,none,none,
MMBench_DEV_CN_V11,LLaVA-NeXT-8B_Biased_Test,3097,both,MCQ,floor_sci5_ours_aug_b0.1_g2_t0.3,Conservative-2VC2TC,conservative_full,1.0,5,0,,,,,none,none,
MMBench_DEV_CN_V11,LLaVA-NeXT-8B_Biased_Test,3125,vcf_only,MCQ,both_max_grayscale_b0.2_g2.5_t0.2,Visual-Grayscale,visual_gray,0.0,5,1,0.0,1,tc_os1_low,1.0,none,gray,3
MMBench_DEV_CN_V11,LLaVA-NeXT-8B_Biased_Test,3131,both,MCQ,floor_sci5_ours_aug_b0.1_g2_t0.3,Conservative-2VC2TC,conservative_full,0.0,5,0,,,,,none,none,
MMBench_DEV_CN_V11,LLaVA-NeXT-8B_Biased_Test,3166,vcf_only,MCQ,joint_os_center_mask_b0.2_g2.5_t0.2,Joint-CenterMask-OptionShuffle1,joint_center,0.0,4,1,0.0,1,tc_os1_high,2.0,option_shuffle,center,
MMBench_DEV_CN_V11,LLaVA-NeXT-8B_Biased_Test,3202,vcf_only,MCQ,both_max_center_mask_b0.2_g2.5_t0.2,Visual-CenterMask,visual_center,1.0,4,1,0.0,1,tc_os1_low,1.0,none,center,2
MMBench_DEV_CN_V11,LLaVA-NeXT-8B_Biased_Test,3210,vcf_only,MCQ,both_max_strong_blur_b0.2_g2.5_t0.2,Visual-StrongBlur,visual_strong,0.0,5,1,0.0,1,tc_os1_low,1.0,none,strong,3
MMBench_DEV_CN_V11,LLaVA-NeXT-8B_Biased_Test,3211,vcf_only,MCQ,both_max_grayscale_b0.2_g2.5_t0.2,Visual-Grayscale,visual_gray,1.0,3,1,0.0,1,tc_os1_low,2.0,none,gray,1
MMBench_DEV_CN_V11,LLaVA-NeXT-8B_Biased_Test,3225,vcf_only,MCQ,both_max_grayscale_b0.2_g2.5_t0.2,Visual-Grayscale,visual_gray,0.0,5,1,0.0,1,tc_os1_low,1.0,none,gray,3
MMBench_DEV_CN_V11,LLaVA-NeXT-8B_Biased_Test,3229,vcf_only,MCQ,both_max_grayscale_b0.2_g2.5_t0.2,Visual-Grayscale,visual_gray,1.0,3,1,0.0,1,tc_os1_low,2.0,none,gray,1
MMBench_DEV_CN_V11,LLaVA-NeXT-8B_Biased_Test,3242,both,MCQ,floor_sci5_ours_aug_b0.1_g2_t0.3,Conservative-2VC2TC,conservative_full,0.0,5,0,,,,,none,none,
MMBench_DEV_CN_V11,LLaVA-NeXT-8B_Biased_Test,3354,vcf_only,MCQ,floor_sci5_ours_aug_b0.1_g2_t0.3,Conservative-2VC2TC,conservative_full,0.0,5,0,,,,,none,none,
MMBench_DEV_CN_V11,LLaVA-NeXT-8B_Biased_Test,3359,vcf_only,MCQ,both_max_grayscale_b0.2_g2.5_t0.2,Visual-Grayscale,visual_gray,0.0,5,1,1.0,1,tc_os1_low,1.0,none,gray,3
MMBench_DEV_CN_V11,LLaVA-NeXT-8B_Biased_Test,3366,both,MCQ,floor_sci5_ours_aug_b0.1_g2_t0.3,Conservative-2VC2TC,conservative_full,1.0,5,0,,,,,none,none,
MMBench_DEV_CN_V11,LLaVA-NeXT-8B_Biased_Test,3375,vcf_only,MCQ,floor_sci5_ours_aug_b0.1_g2_t0.3,Conservative-2VC2TC,conservative_full,0.0,5,0,,,,,none,none,
MMBench_DEV_CN_V11,LLaVA-NeXT-8B_Biased_Test,3379,vcf_only,MCQ,both_max_center_mask_b0.2_g2.5_t0.2,Visual-CenterMask,visual_center,0.0,5,1,0.0,1,tc_os1_low,2.0,none,center,3
MMBench_DEV_CN_V11,LLaVA-NeXT-8B_Biased_Test,3396,vcf_only,MCQ,floor_sci5_ours_aug_b0.1_g2_t0.3,Conservative-2VC2TC,conservative_full,0.0,5,0,,,,,none,none,
MMBench_DEV_CN_V11,LLaVA-NeXT-8B_Biased_Test,3474,vcf_only,MCQ,floor_sci5_ours_aug_b0.1_g2_t0.3,Conservative-2VC2TC,conservative_full,0.0,5,0,,,,,none,none,
MMBench_DEV_CN_V11,LLaVA-NeXT-8B_Biased_Test,3495,tcf_only,MCQ,floor_sci5_ours_aug_b0.1_g2_t0.3,Conservative-2VC2TC,conservative_full,1.0,5,0,,,,,none,none,
MMBench_DEV_CN_V11,LLaVA-NeXT-8B_Biased_Test,3503,vcf_only,MCQ,floor_sci5_ours_aug_b0.1_g2_t0.3,Conservative-2VC2TC,conservative_full,0.0,5,0,,,,,none,none,
MMBench_DEV_CN_V11,LLaVA-NeXT-8B_Biased_Test,3516,tcf_only,MCQ,floor_sci5_ours_aug_b0.1_g2_t0.3,Conservative-2VC2TC,conservative_full,1.0,5,0,,,,,none,none,
MMBench_DEV_CN_V11,LLaVA-NeXT-8B_Biased_Test,3564,vcf_only,MCQ,floor_sci5_ours_aug_b0.1_g2_t0.3,Conservative-2VC2TC,conservative_full,0.0,5,0,,,,,none,none,
MMBench_DEV_CN_V11,LLaVA-NeXT-8B_Biased_Test,3597,tcf_only,MCQ,floor_sci5_ours_aug_b0.1_g2_t0.3,Conservative-2VC2TC,conservative_full,1.0,5,0,,,,,none,none,
MMBench_DEV_CN_V11,LLaVA-NeXT-8B_Biased_Test,3599,tcf_only,MCQ,floor_sci5_ours_aug_b0.1_g2_t0.3,Conservative-2VC2TC,conservative_full,1.0,5,0,,,,,none,none,
MMBench_DEV_CN_V11,LLaVA-NeXT-8B_Biased_Test,3601,vcf_only,MCQ,floor_sci5_ours_aug_b0.1_g2_t0.3,Conservative-2VC2TC,conservative_full,0.0,5,0,,,,,none,none,
MMBench_DEV_CN_V11,LLaVA-NeXT-8B_Biased_Test,3609,vcf_only,MCQ,floor_sci5_ours_aug_b0.1_g2_t0.3,Conservative-2VC2TC,conservative_full,0.0,5,0,,,,,none,none,
MMBench_DEV_CN_V11,LLaVA-NeXT-8B_Biased_Test,3616,tcf_only,MCQ,floor_sci5_ours_aug_b0.1_g2_t0.3,Conservative-2VC2TC,conservative_full,0.0,5,0,,,,,none,none,
MMBench_DEV_CN_V11,LLaVA-NeXT-8B_Biased_Test,3625,tcf_only,MCQ,floor_sci5_ours_aug_b0.1_g2_t0.3,Conservative-2VC2TC,conservative_full,1.0,5,0,,,,,none,none,
MMBench_DEV_CN_V11,LLaVA-NeXT-8B_Biased_Test,3629,tcf_only,MCQ,floor_sci5_ours_aug_b0.1_g2_t0.3,Conservative-2VC2TC,conservative_full,0.0,5,0,,,,,none,none,
MMBench_DEV_CN_V11,LLaVA-NeXT-8B_Biased_Test,3639,both,MCQ,floor_sci5_ours_aug_b0.1_g2_t0.3,Conservative-2VC2TC,conservative_full,0.0,5,0,,,,,none,none,
MMBench_DEV_CN_V11,LLaVA-NeXT-8B_Biased_Test,3650,vcf_only,MCQ,floor_sci5_ours_aug_b0.1_g2_t0.3,Conservative-2VC2TC,conservative_full,0.0,5,0,,,,,none,none,
MMBench_DEV_CN_V11,LLaVA-NeXT-8B_Biased_Test,3658,vcf_only,MCQ,floor_sci5_ours_aug_b0.1_g2_t0.3,Conservative-2VC2TC,conservative_full,0.0,5,0,,,,,none,none,
MMBench_DEV_CN_V11,LLaVA-NeXT-8B_Biased_Test,3664,both,MCQ,floor_sci5_ours_aug_b0.1_g2_t0.3,Conservative-2VC2TC,conservative_full,0.0,5,0,,,,,none,none,
MMBench_DEV_CN_V11,LLaVA-NeXT-8B_Biased_Test,3667,both,MCQ,floor_sci5_ours_aug_b0.1_g2_t0.3,Conservative-2VC2TC,conservative_full,1.0,5,0,,,,,none,none,
MMBench_DEV_CN_V11,LLaVA-NeXT-8B_Biased_Test,3668,vcf_only,MCQ,floor_sci5_ours_aug_b0.1_g2_t0.3,Conservative-2VC2TC,conservative_full,0.0,5,0,,,,,none,none,
MMBench_DEV_CN_V11,LLaVA-NeXT-8B_Biased_Test,3674,vcf_only,MCQ,floor_sci5_ours_aug_b0.1_g2_t0.3,Conservative-2VC2TC,conservative_full,0.0,5,0,,,,,none,none,
MMBench_DEV_CN_V11,LLaVA-NeXT-8B_Biased_Test,3713,vcf_only,MCQ,joint_os_center_mask_b0.2_g2.5_t0.2,Joint-CenterMask-OptionShuffle1,joint_center,1.0,4,1,0.0,1,tc_os1_high,2.0,option_shuffle,center,
MMBench_DEV_CN_V11,LLaVA-NeXT-8B_Biased_Test,3717,tcf_only,MCQ,floor_sci5_ours_aug_b0.1_g2_t0.3,Conservative-2VC2TC,conservative_full,1.0,5,0,,,,,none,none,
MMBench_DEV_CN_V11,LLaVA-NeXT-8B_Biased_Test,3738,vcf_only,MCQ,floor_sci5_ours_aug_b0.1_g2_t0.3,Conservative-2VC2TC,conservative_full,0.0,5,0,,,,,none,none,
MMBench_DEV_CN_V11,LLaVA-NeXT-8B_Biased_Test,3742,tcf_only,MCQ,floor_sci5_ours_aug_b0.1_g2_t0.3,Conservative-2VC2TC,conservative_full,0.0,5,0,,,,,none,none,
MMBench_DEV_CN_V11,LLaVA-NeXT-8B_Biased_Test,3744,vcf_only,MCQ,floor_sci5_ours_aug_b0.1_g2_t0.3,Conservative-2VC2TC,conservative_full,0.0,5,0,,,,,none,none,
MMBench_DEV_CN_V11,LLaVA-NeXT-8B_Biased_Test,1000403,tcf_only,MCQ,floor_sci5_ours_aug_b0.1_g2_t0.3,Conservative-2VC2TC,conservative_full,0.0,5,0,,,,,none,none,
MMBench_DEV_CN_V11,LLaVA-NeXT-8B_Biased_Test,1000404,vcf_only,MCQ,floor_sci5_ours_aug_b0.1_g2_t0.3,Conservative-2VC2TC,conservative_full,1.0,5,0,,,,,none,none,
MMBench_DEV_CN_V11,LLaVA-NeXT-8B_Biased_Test,1000449,vcf_only,MCQ,both_max_grayscale_b0.2_g2.5_t0.2,Visual-Grayscale,visual_gray,0.0,5,1,0.0,1,tc_os1_low,2.0,none,gray,3
MMBench_DEV_CN_V11,LLaVA-NeXT-8B_Biased_Test,1000452,both,MCQ,floor_sci5_ours_aug_b0.1_g2_t0.3,Conservative-2VC2TC,conservative_full,1.0,5,0,,,,,none,none,
MMBench_DEV_CN_V11,LLaVA-NeXT-8B_Biased_Test,1000477,vcf_only,MCQ,floor_sci5_ours_aug_b0.1_g2_t0.3,Conservative-2VC2TC,conservative_full,1.0,5,0,,,,,none,none,
MMBench_DEV_CN_V11,LLaVA-NeXT-8B_Biased_Test,1000484,vcf_only,MCQ,both_max_strong_blur_b0.2_g2.5_t0.2,Visual-StrongBlur,visual_strong,0.0,5,1,0.0,1,tc_os1_low,2.0,none,strong,3
MMBench_DEV_CN_V11,LLaVA-NeXT-8B_Biased_Test,1000485,vcf_only,MCQ,joint_os_center_mask_b0.2_g2.5_t0.2,Joint-CenterMask-OptionShuffle1,joint_center,0.0,4,1,0.0,1,tc_os1_high,2.0,option_shuffle,center,
MMBench_DEV_CN_V11,LLaVA-NeXT-8B_Biased_Test,1000486,vcf_only,MCQ,joint_os_center_mask_b0.2_g2.5_t0.2,Joint-CenterMask-OptionShuffle1,joint_center,0.0,4,1,0.0,1,tc_os1_high,2.0,option_shuffle,center,
MMBench_DEV_CN_V11,LLaVA-NeXT-8B_Biased_Test,1000487,tcf_only,MCQ,floor_sci5_ours_aug_b0.1_g2_t0.3,Conservative-2VC2TC,conservative_full,1.0,5,0,,,,,none,none,
MMBench_DEV_CN_V11,LLaVA-NeXT-8B_Biased_Test,1001262,tcf_only,MCQ,floor_sci5_ours_aug_b0.1_g2_t0.3,Conservative-2VC2TC,conservative_full,1.0,5,0,,,,,none,none,
MMBench_DEV_CN_V11,LLaVA-NeXT-8B_Biased_Test,1003113,vcf_only,MCQ,both_max_center_mask_b0.2_g2.5_t0.2,Visual-CenterMask,visual_center,0.0,4,1,0.0,1,tc_os1_low,2.0,none,center,2
MMBench_DEV_CN_V11,LLaVA-NeXT-8B_Biased_Test,1003411,tcf_only,MCQ,floor_sci5_ours_aug_b0.1_g2_t0.3,Conservative-2VC2TC,conservative_full,1.0,5,0,,,,,none,none,
MMBench_DEV_CN_V11,LLaVA-NeXT-8B_Biased_Test,1003451,tcf_only,MCQ,floor_sci5_ours_aug_b0.1_g2_t0.3,Conservative-2VC2TC,conservative_full,0.0,5,0,,,,,none,none,
MMBench_DEV_CN_V11,LLaVA-NeXT-8B_Biased_Test,1000284,vcf_only,MCQ,both_max_grayscale_b0.2_g2.5_t0.2,Visual-Grayscale,visual_gray,0.0,3,1,0.0,1,tc_os1_low,2.0,none,gray,1
MMBench_DEV_CN_V11,LLaVA-NeXT-8B_Biased_Test,1000290,both,MCQ,floor_sci5_ours_aug_b0.1_g2_t0.3,Conservative-2VC2TC,conservative_full,0.0,5,0,,,,,none,none,
MMBench_DEV_CN_V11,LLaVA-NeXT-8B_Biased_Test,1000292,vcf_only,MCQ,floor_sci5_ours_aug_b0.1_g2_t0.3,Conservative-2VC2TC,conservative_full,0.0,5,0,,,,,none,none,
MMBench_DEV_CN_V11,LLaVA-NeXT-8B_Biased_Test,1000294,both,MCQ,floor_sci5_ours_aug_b0.1_g2_t0.3,Conservative-2VC2TC,conservative_full,0.0,5,0,,,,,none,none,
MMBench_DEV_CN_V11,LLaVA-NeXT-8B_Biased_Test,1000306,vcf_only,MCQ,floor_sci5_ours_aug_b0.1_g2_t0.3,Conservative-2VC2TC,conservative_full,0.0,5,0,,,,,none,none,
MMBench_DEV_CN_V11,LLaVA-NeXT-8B_Biased_Test,1000366,tcf_only,MCQ,floor_sci5_ours_aug_b0.1_g2_t0.3,Conservative-2VC2TC,conservative_full,1.0,5,0,,,,,none,none,
MMBench_DEV_CN_V11,LLaVA-NeXT-8B_Biased_Test,1000408,vcf_only,MCQ,joint_os_center_mask_b0.2_g2.5_t0.2,Joint-CenterMask-OptionShuffle1,joint_center,0.0,4,1,0.0,1,tc_os1_high,2.0,option_shuffle,center,
MMBench_DEV_CN_V11,LLaVA-NeXT-8B_Biased_Test,1000412,vcf_only,MCQ,joint_os_center_mask_b0.2_g2.5_t0.2,Joint-CenterMask-OptionShuffle1,joint_center,0.0,4,1,0.0,1,tc_os1_high,2.0,option_shuffle,center,
MMBench_DEV_CN_V11,LLaVA-NeXT-8B_Biased_Test,1000414,vcf_only,MCQ,both_max_strong_blur_b0.2_g2.5_t0.2,Visual-StrongBlur,visual_strong,0.0,5,1,0.0,1,tc_os1_low,2.0,none,strong,3
MMBench_DEV_CN_V11,LLaVA-NeXT-8B_Biased_Test,1000610,tcf_only,MCQ,floor_sci5_ours_aug_b0.1_g2_t0.3,Conservative-2VC2TC,conservative_full,0.0,5,0,,,,,none,none,
MMBench_DEV_CN_V11,LLaVA-NeXT-8B_Biased_Test,1000835,tcf_only,MCQ,floor_sci5_ours_aug_b0.1_g2_t0.3,Conservative-2VC2TC,conservative_full,0.0,5,0,,,,,none,none,
MMBench_DEV_CN_V11,LLaVA-NeXT-8B_Biased_Test,1001104,vcf_only,MCQ,floor_sci5_ours_aug_b0.1_g2_t0.3,Conservative-2VC2TC,conservative_full,1.0,5,0,,,,,none,none,
MMBench_DEV_CN_V11,LLaVA-NeXT-8B_Biased_Test,1001105,vcf_only,MCQ,both_max_center_mask_b0.2_g2.5_t0.2,Visual-CenterMask,visual_center,0.0,5,1,0.0,1,tc_os1_low,2.0,none,center,3
MMBench_DEV_CN_V11,LLaVA-NeXT-8B_Biased_Test,1001114,vcf_only,MCQ,joint_os_center_mask_b0.2_g2.5_t0.2,Joint-CenterMask-OptionShuffle1,joint_center,1.0,4,1,0.0,1,tc_os1_high,2.0,option_shuffle,center,
MMBench_DEV_CN_V11,LLaVA-NeXT-8B_Biased_Test,1001116,vcf_only,MCQ,both_max_grayscale_b0.2_g2.5_t0.2,Visual-Grayscale,visual_gray,0.0,5,1,0.0,1,tc_os1_low,1.0,none,gray,3
MMBench_DEV_CN_V11,LLaVA-NeXT-8B_Biased_Test,1001122,tcf_only,MCQ,floor_sci5_ours_aug_b0.1_g2_t0.3,Conservative-2VC2TC,conservative_full,1.0,5,0,,,,,none,none,
MMBench_DEV_CN_V11,LLaVA-NeXT-8B_Biased_Test,1001124,vcf_only,MCQ,both_max_grayscale_b0.2_g2.5_t0.2,Visual-Grayscale,visual_gray,0.0,5,1,0.0,1,tc_os1_low,1.0,none,gray,3
MMBench_DEV_CN_V11,LLaVA-NeXT-8B_Biased_Test,1001195,vcf_only,MCQ,floor_sci5_ours_aug_b0.1_g2_t0.3,Conservative-2VC2TC,conservative_full,0.0,5,0,,,,,none,none,
MMBench_DEV_CN_V11,LLaVA-NeXT-8B_Biased_Test,1001200,vcf_only,MCQ,floor_sci5_ours_aug_b0.1_g2_t0.3,Conservative-2VC2TC,conservative_full,1.0,5,0,,,,,none,none,
MMBench_DEV_CN_V11,LLaVA-NeXT-8B_Biased_Test,1001216,both,MCQ,floor_sci5_ours_aug_b0.1_g2_t0.3,Conservative-2VC2TC,conservative_full,1.0,5,0,,,,,none,none,
MMBench_DEV_CN_V11,LLaVA-NeXT-8B_Biased_Test,1002124,tcf_only,MCQ,floor_sci5_ours_aug_b0.1_g2_t0.3,Conservative-2VC2TC,conservative_full,1.0,5,0,,,,,none,none,
MMBench_DEV_CN_V11,LLaVA-NeXT-8B_Biased_Test,1002420,vcf_only,MCQ,joint_os_strong_blur_b0.2_g2.5_t0.2,Joint-StrongBlur-OptionShuffle1,joint_strong,0.0,3,1,0.0,1,tc_os1_high,2.0,option_shuffle,strong,
MMBench_DEV_CN_V11,LLaVA-NeXT-8B_Biased_Test,1003086,vcf_only,MCQ,joint_os_strong_blur_b0.2_g2.5_t0.2,Joint-StrongBlur-OptionShuffle1,joint_strong,0.0,3,1,1.0,1,tc_os1_high,2.0,option_shuffle,strong,
MMBench_DEV_CN_V11,LLaVA-NeXT-8B_Biased_Test,1003087,vcf_only,MCQ,both_max_strong_blur_b0.2_g2.5_t0.2,Visual-StrongBlur,visual_strong,0.0,5,1,0.0,1,tc_os1_low,2.0,none,strong,3
MMBench_DEV_CN_V11,LLaVA-NeXT-8B_Biased_Test,1000011,both,MCQ,floor_sci5_ours_aug_b0.1_g2_t0.3,Conservative-2VC2TC,conservative_full,1.0,5,0,,,,,none,none,
MMBench_DEV_CN_V11,LLaVA-NeXT-8B_Biased_Test,1000012,vcf_only,MCQ,floor_sci5_ours_aug_b0.1_g2_t0.3,Conservative-2VC2TC,conservative_full,0.0,5,0,,,,,none,none,
MMBench_DEV_CN_V11,LLaVA-NeXT-8B_Biased_Test,1000018,both,MCQ,floor_sci5_ours_aug_b0.1_g2_t0.3,Conservative-2VC2TC,conservative_full,1.0,5,0,,,,,none,none,
MMBench_DEV_CN_V11,LLaVA-NeXT-8B_Biased_Test,1000151,vcf_only,MCQ,floor_sci5_ours_aug_b0.1_g2_t0.3,Conservative-2VC2TC,conservative_full,0.0,5,0,,,,,none,none,
MMBench_DEV_CN_V11,LLaVA-NeXT-8B_Biased_Test,1000322,vcf_only,MCQ,floor_sci5_ours_aug_b0.1_g2_t0.3,Conservative-2VC2TC,conservative_full,0.0,5,0,,,,,none,none,
MMBench_DEV_CN_V11,LLaVA-NeXT-8B_Biased_Test,1000338,tcf_only,MCQ,floor_sci5_ours_aug_b0.1_g2_t0.3,Conservative-2VC2TC,conservative_full,0.0,5,0,,,,,none,none,
MMBench_DEV_CN_V11,LLaVA-NeXT-8B_Biased_Test,1000461,tcf_only,MCQ,floor_sci5_ours_aug_b0.1_g2_t0.3,Conservative-2VC2TC,conservative_full,0.0,5,0,,,,,none,none,
MMBench_DEV_CN_V11,LLaVA-NeXT-8B_Biased_Test,1000465,tcf_only,MCQ,floor_sci5_ours_aug_b0.1_g2_t0.3,Conservative-2VC2TC,conservative_full,0.0,5,0,,,,,none,none,
MMBench_DEV_CN_V11,LLaVA-NeXT-8B_Biased_Test,1000535,vcf_only,MCQ,joint_os_center_mask_b0.2_g2.5_t0.2,Joint-CenterMask-OptionShuffle1,joint_center,0.0,4,1,0.0,1,tc_os1_high,2.0,option_shuffle,center,
MMBench_DEV_CN_V11,LLaVA-NeXT-8B_Biased_Test,1000562,vcf_only,MCQ,both_max_grayscale_b0.2_g2.5_t0.2,Visual-Grayscale,visual_gray,0.0,3,1,0.0,1,tc_os1_low,1.0,none,gray,1
MMBench_DEV_CN_V11,LLaVA-NeXT-8B_Biased_Test,1000573,vcf_only,MCQ,both_max_grayscale_b0.2_g2.5_t0.2,Visual-Grayscale,visual_gray,1.0,3,1,0.0,1,tc_os1_low,2.0,none,gray,1
MMBench_DEV_CN_V11,LLaVA-NeXT-8B_Biased_Test,1000582,tcf_only,MCQ,floor_sci5_ours_aug_b0.1_g2_t0.3,Conservative-2VC2TC,conservative_full,1.0,5,0,,,,,none,none,
MMBench_DEV_CN_V11,LLaVA-NeXT-8B_Biased_Test,1000587,vcf_only,MCQ,floor_sci5_ours_aug_b0.1_g2_t0.3,Conservative-2VC2TC,conservative_full,0.0,5,0,,,,,none,none,
MMBench_DEV_CN_V11,LLaVA-NeXT-8B_Biased_Test,1000602,tcf_only,MCQ,joint_os_center_mask_b0.2_g2.5_t0.2,Joint-CenterMask-OptionShuffle1,joint_center,0.0,4,1,0.0,1,tc_os1_high,1.0,option_shuffle,center,
MMBench_DEV_CN_V11,LLaVA-NeXT-8B_Biased_Test,1000634,vcf_only,MCQ,floor_sci5_ours_aug_b0.1_g2_t0.3,Conservative-2VC2TC,conservative_full,0.0,5,0,,,,,none,none,
MMBench_DEV_CN_V11,LLaVA-NeXT-8B_Biased_Test,1000647,vcf_only,MCQ,floor_sci5_ours_aug_b0.1_g2_t0.3,Conservative-2VC2TC,conservative_full,0.0,5,0,,,,,none,none,
MMBench_DEV_CN_V11,LLaVA-NeXT-8B_Biased_Test,1000656,vcf_only,MCQ,floor_sci5_ours_aug_b0.1_g2_t0.3,Conservative-2VC2TC,conservative_full,1.0,5,0,,,,,none,none,
MMBench_DEV_CN_V11,LLaVA-NeXT-8B_Biased_Test,1000689,vcf_only,MCQ,floor_sci5_ours_aug_b0.1_g2_t0.3,Conservative-2VC2TC,conservative_full,0.0,5,0,,,,,none,none,
MMBench_DEV_CN_V11,LLaVA-NeXT-8B_Biased_Test,1000768,vcf_only,MCQ,floor_sci5_ours_aug_b0.1_g2_t0.3,Conservative-2VC2TC,conservative_full,0.0,5,0,,,,,none,none,
MMBench_DEV_CN_V11,LLaVA-NeXT-8B_Biased_Test,1000778,tcf_only,MCQ,floor_sci5_ours_aug_b0.1_g2_t0.3,Conservative-2VC2TC,conservative_full,0.0,5,0,,,,,none,none,
MMBench_DEV_CN_V11,LLaVA-NeXT-8B_Biased_Test,1000779,vcf_only,MCQ,floor_sci5_ours_aug_b0.1_g2_t0.3,Conservative-2VC2TC,conservative_full,0.0,5,0,,,,,none,none,
MMBench_DEV_CN_V11,LLaVA-NeXT-8B_Biased_Test,1000788,tcf_only,MCQ,floor_sci5_ours_aug_b0.1_g2_t0.3,Conservative-2VC2TC,conservative_full,0.0,5,0,,,,,none,none,
MMBench_DEV_CN_V11,LLaVA-NeXT-8B_Biased_Test,1000800,vcf_only,MCQ,floor_sci5_ours_aug_b0.1_g2_t0.3,Conservative-2VC2TC,conservative_full,0.0,5,0,,,,,none,none,
MMBench_DEV_CN_V11,LLaVA-NeXT-8B_Biased_Test,1000805,vcf_only,MCQ,floor_sci5_ours_aug_b0.1_g2_t0.3,Conservative-2VC2TC,conservative_full,0.0,5,0,,,,,none,none,
MMBench_DEV_CN_V11,LLaVA-NeXT-8B_Biased_Test,1000826,vcf_only,MCQ,both_max_grayscale_b0.2_g2.5_t0.2,Visual-Grayscale,visual_gray,0.0,3,1,0.0,1,tc_os1_low,2.0,none,gray,1
MMBench_DEV_CN_V11,LLaVA-NeXT-8B_Biased_Test,1000866,both,MCQ,floor_sci5_ours_aug_b0.1_g2_t0.3,Conservative-2VC2TC,conservative_full,0.0,5,0,,,,,none,none,
MMBench_DEV_CN_V11,LLaVA-NeXT-8B_Biased_Test,1000867,vcf_only,MCQ,joint_os_center_mask_b0.2_g2.5_t0.2,Joint-CenterMask-OptionShuffle1,joint_center,1.0,4,1,0.0,1,tc_os1_high,2.0,option_shuffle,center,
MMBench_DEV_CN_V11,LLaVA-NeXT-8B_Biased_Test,1000890,vcf_only,MCQ,both_max_center_mask_b0.2_g2.5_t0.2,Visual-CenterMask,visual_center,1.0,4,1,1.0,1,tc_os1_low,2.0,none,center,2
MMBench_DEV_CN_V11,LLaVA-NeXT-8B_Biased_Test,1000908,vcf_only,MCQ,floor_sci5_ours_aug_b0.1_g2_t0.3,Conservative-2VC2TC,conservative_full,0.0,5,0,,,,,none,none,
MMBench_DEV_CN_V11,LLaVA-NeXT-8B_Biased_Test,1000914,tcf_only,MCQ,floor_sci5_ours_aug_b0.1_g2_t0.3,Conservative-2VC2TC,conservative_full,0.0,5,0,,,,,none,none,
MMBench_DEV_CN_V11,LLaVA-NeXT-8B_Biased_Test,1000967,vcf_only,MCQ,both_max_center_mask_b0.2_g2.5_t0.2,Visual-CenterMask,visual_center,1.0,4,1,2.0,1,tc_os1_low,1.0,none,center,2
MMBench_DEV_CN_V11,LLaVA-NeXT-8B_Biased_Test,1000975,vcf_only,MCQ,floor_sci5_ours_aug_b0.1_g2_t0.3,Conservative-2VC2TC,conservative_full,0.0,5,0,,,,,none,none,
MMBench_DEV_CN_V11,LLaVA-NeXT-8B_Biased_Test,1000976,vcf_only,MCQ,both_max_grayscale_b0.2_g2.5_t0.2,Visual-Grayscale,visual_gray,0.0,3,1,0.0,1,tc_os1_low,2.0,none,gray,1
MMBench_DEV_CN_V11,LLaVA-NeXT-8B_Biased_Test,1000990,vcf_only,MCQ,floor_sci5_ours_aug_b0.1_g2_t0.3,Conservative-2VC2TC,conservative_full,0.0,5,0,,,,,none,none,
MMBench_DEV_CN_V11,LLaVA-NeXT-8B_Biased_Test,1001013,tcf_only,MCQ,floor_sci5_ours_aug_b0.1_g2_t0.3,Conservative-2VC2TC,conservative_full,0.0,5,0,,,,,none,none,
MMBench_DEV_CN_V11,LLaVA-NeXT-8B_Biased_Test,1001187,tcf_only,MCQ,floor_sci5_ours_aug_b0.1_g2_t0.3,Conservative-2VC2TC,conservative_full,1.0,5,0,,,,,none,none,
MMBench_DEV_CN_V11,LLaVA-NeXT-8B_Biased_Test,1001338,vcf_only,MCQ,floor_sci5_ours_aug_b0.1_g2_t0.3,Conservative-2VC2TC,conservative_full,0.0,5,1,0.0,1,tc_os1_low,0.0,none,none,
MMBench_DEV_CN_V11,LLaVA-NeXT-8B_Biased_Test,1001431,tcf_only,MCQ,floor_sci5_ours_aug_b0.1_g2_t0.3,Conservative-2VC2TC,conservative_full,1.0,5,0,,,,,none,none,
MMBench_DEV_CN_V11,LLaVA-NeXT-8B_Biased_Test,1001451,vcf_only,MCQ,floor_sci5_ours_aug_b0.1_g2_t0.3,Conservative-2VC2TC,conservative_full,0.0,5,0,,,,,none,none,
MMBench_DEV_CN_V11,LLaVA-NeXT-8B_Biased_Test,1001487,tcf_only,MCQ,floor_sci5_ours_aug_b0.1_g2_t0.3,Conservative-2VC2TC,conservative_full,0.0,5,0,,,,,none,none,
MMBench_DEV_CN_V11,LLaVA-NeXT-8B_Biased_Test,1001523,both,MCQ,floor_sci5_ours_aug_b0.1_g2_t0.3,Conservative-2VC2TC,conservative_full,0.0,5,0,,,,,none,none,
MMBench_DEV_CN_V11,LLaVA-NeXT-8B_Biased_Test,1001531,tcf_only,MCQ,floor_sci5_ours_aug_b0.1_g2_t0.3,Conservative-2VC2TC,conservative_full,0.0,5,0,,,,,none,none,
MMBench_DEV_CN_V11,LLaVA-NeXT-8B_Biased_Test,1001598,vcf_only,MCQ,floor_sci5_ours_aug_b0.1_g2_t0.3,Conservative-2VC2TC,conservative_full,0.0,5,0,,,,,none,none,
MMBench_DEV_CN_V11,LLaVA-NeXT-8B_Biased_Test,1001632,tcf_only,MCQ,floor_sci5_ours_aug_b0.1_g2_t0.3,Conservative-2VC2TC,conservative_full,0.0,5,0,,,,,none,none,
MMBench_DEV_CN_V11,LLaVA-NeXT-8B_Biased_Test,1001636,vcf_only,MCQ,both_max_grayscale_b0.2_g2.5_t0.2,Visual-Grayscale,visual_gray,0.0,3,1,2.0,1,tc_os1_low,2.0,none,gray,1
MMBench_DEV_CN_V11,LLaVA-NeXT-8B_Biased_Test,1001642,tcf_only,MCQ,floor_sci5_ours_aug_b0.1_g2_t0.3,Conservative-2VC2TC,conservative_full,0.0,5,0,,,,,none,none,
MMBench_DEV_CN_V11,LLaVA-NeXT-8B_Biased_Test,1001647,vcf_only,MCQ,floor_sci5_ours_aug_b0.1_g2_t0.3,Conservative-2VC2TC,conservative_full,0.0,5,0,,,,,none,none,
MMBench_DEV_CN_V11,LLaVA-NeXT-8B_Biased_Test,1001655,tcf_only,MCQ,floor_sci5_ours_aug_b0.1_g2_t0.3,Conservative-2VC2TC,conservative_full,0.0,5,0,,,,,none,none,
MMBench_DEV_CN_V11,LLaVA-NeXT-8B_Biased_Test,1001658,tcf_only,MCQ,floor_sci5_ours_aug_b0.1_g2_t0.3,Conservative-2VC2TC,conservative_full,0.0,5,0,,,,,none,none,
MMBench_DEV_CN_V11,LLaVA-NeXT-8B_Biased_Test,1001660,tcf_only,MCQ,floor_sci5_ours_aug_b0.1_g2_t0.3,Conservative-2VC2TC,conservative_full,0.0,5,0,,,,,none,none,
MMBench_DEV_CN_V11,LLaVA-NeXT-8B_Biased_Test,1001665,tcf_only,MCQ,floor_sci5_ours_aug_b0.1_g2_t0.3,Conservative-2VC2TC,conservative_full,1.0,5,0,,,,,none,none,
MMBench_DEV_CN_V11,LLaVA-NeXT-8B_Biased_Test,1001667,vcf_only,MCQ,floor_sci5_ours_aug_b0.1_g2_t0.3,Conservative-2VC2TC,conservative_full,0.0,5,0,,,,,none,none,
MMBench_DEV_CN_V11,LLaVA-NeXT-8B_Biased_Test,1001669,tcf_only,MCQ,floor_sci5_ours_aug_b0.1_g2_t0.3,Conservative-2VC2TC,conservative_full,0.0,5,0,,,,,none,none,
MMBench_DEV_CN_V11,LLaVA-NeXT-8B_Biased_Test,1001679,vcf_only,MCQ,floor_sci5_ours_aug_b0.1_g2_t0.3,Conservative-2VC2TC,conservative_full,0.0,5,0,,,,,none,none,
MMBench_DEV_CN_V11,LLaVA-NeXT-8B_Biased_Test,1001684,vcf_only,MCQ,both_max_grayscale_b0.2_g2.5_t0.2,Visual-Grayscale,visual_gray,0.0,5,1,0.0,1,tc_os1_low,2.0,none,gray,3
MMBench_DEV_CN_V11,LLaVA-NeXT-8B_Biased_Test,1001707,tcf_only,MCQ,floor_sci5_ours_aug_b0.1_g2_t0.3,Conservative-2VC2TC,conservative_full,0.0,5,0,,,,,none,none,
MMBench_DEV_CN_V11,LLaVA-NeXT-8B_Biased_Test,1001715,tcf_only,MCQ,floor_sci5_ours_aug_b0.1_g2_t0.3,Conservative-2VC2TC,conservative_full,1.0,5,0,,,,,none,none,
MMBench_DEV_CN_V11,LLaVA-NeXT-8B_Biased_Test,1001741,vcf_only,MCQ,floor_sci5_ours_aug_b0.1_g2_t0.3,Conservative-2VC2TC,conservative_full,1.0,5,0,,,,,none,none,
MMBench_DEV_CN_V11,LLaVA-NeXT-8B_Biased_Test,1001757,tcf_only,MCQ,floor_sci5_ours_aug_b0.1_g2_t0.3,Conservative-2VC2TC,conservative_full,0.0,5,0,,,,,none,none,
MMBench_DEV_CN_V11,LLaVA-NeXT-8B_Biased_Test,1001760,both,MCQ,floor_sci5_ours_aug_b0.1_g2_t0.3,Conservative-2VC2TC,conservative_full,0.0,5,0,,,,,none,none,
MMBench_DEV_CN_V11,LLaVA-NeXT-8B_Biased_Test,1001762,tcf_only,MCQ,floor_sci5_ours_aug_b0.1_g2_t0.3,Conservative-2VC2TC,conservative_full,1.0,5,0,,,,,none,none,
MMBench_DEV_CN_V11,LLaVA-NeXT-8B_Biased_Test,1001764,tcf_only,MCQ,floor_sci5_ours_aug_b0.1_g2_t0.3,Conservative-2VC2TC,conservative_full,1.0,5,0,,,,,none,none,
MMBench_DEV_CN_V11,LLaVA-NeXT-8B_Biased_Test,1001765,both,MCQ,floor_sci5_ours_aug_b0.1_g2_t0.3,Conservative-2VC2TC,conservative_full,0.0,5,0,,,,,none,none,
MMBench_DEV_CN_V11,LLaVA-NeXT-8B_Biased_Test,1001772,tcf_only,MCQ,floor_sci5_ours_aug_b0.1_g2_t0.3,Conservative-2VC2TC,conservative_full,0.0,5,0,,,,,none,none,
MMBench_DEV_CN_V11,LLaVA-NeXT-8B_Biased_Test,1001774,vcf_only,MCQ,floor_sci5_ours_aug_b0.1_g2_t0.3,Conservative-2VC2TC,conservative_full,0.0,5,0,,,,,none,none,
MMBench_DEV_CN_V11,LLaVA-NeXT-8B_Biased_Test,1001800,both,MCQ,both_max_grayscale_b0.2_g2.5_t0.2,Visual-Grayscale,visual_gray,0.0,3,1,2.0,1,tc_os1_low,1.0,none,gray,1
MMBench_DEV_CN_V11,LLaVA-NeXT-8B_Biased_Test,1001843,both,MCQ,floor_sci5_ours_aug_b0.1_g2_t0.3,Conservative-2VC2TC,conservative_full,0.0,5,0,,,,,none,none,
MMBench_DEV_CN_V11,LLaVA-NeXT-8B_Biased_Test,1001847,vcf_only,MCQ,floor_sci5_ours_aug_b0.1_g2_t0.3,Conservative-2VC2TC,conservative_full,0.0,5,0,,,,,none,none,
MMBench_DEV_CN_V11,LLaVA-NeXT-8B_Biased_Test,1001849,vcf_only,MCQ,floor_sci5_ours_aug_b0.1_g2_t0.3,Conservative-2VC2TC,conservative_full,0.0,5,0,,,,,none,none,
MMBench_DEV_CN_V11,LLaVA-NeXT-8B_Biased_Test,1001858,vcf_only,MCQ,joint_os_center_mask_b0.2_g2.5_t0.2,Joint-CenterMask-OptionShuffle1,joint_center,0.0,4,1,0.0,1,tc_os1_high,2.0,option_shuffle,center,
MMBench_DEV_CN_V11,LLaVA-NeXT-8B_Biased_Test,1001867,both,MCQ,floor_sci5_ours_aug_b0.1_g2_t0.3,Conservative-2VC2TC,conservative_full,1.0,5,0,,,,,none,none,
MMBench_DEV_CN_V11,LLaVA-NeXT-8B_Biased_Test,1001868,vcf_only,MCQ,floor_sci5_ours_aug_b0.1_g2_t0.3,Conservative-2VC2TC,conservative_full,0.0,5,0,,,,,none,none,
MMBench_DEV_CN_V11,LLaVA-NeXT-8B_Biased_Test,1001870,tcf_only,MCQ,floor_sci5_ours_aug_b0.1_g2_t0.3,Conservative-2VC2TC,conservative_full,0.0,5,0,,,,,none,none,
MMBench_DEV_CN_V11,LLaVA-NeXT-8B_Biased_Test,1001875,tcf_only,MCQ,floor_sci5_ours_aug_b0.1_g2_t0.3,Conservative-2VC2TC,conservative_full,0.0,5,0,,,,,none,none,
MMBench_DEV_CN_V11,LLaVA-NeXT-8B_Biased_Test,1001877,tcf_only,MCQ,floor_sci5_ours_aug_b0.1_g2_t0.3,Conservative-2VC2TC,conservative_full,1.0,5,0,,,,,none,none,
MMBench_DEV_CN_V11,LLaVA-NeXT-8B_Biased_Test,1001882,vcf_only,MCQ,floor_sci5_ours_aug_b0.1_g2_t0.3,Conservative-2VC2TC,conservative_full,1.0,5,0,,,,,none,none,
MMBench_DEV_CN_V11,LLaVA-NeXT-8B_Biased_Test,1001888,vcf_only,MCQ,floor_sci5_ours_aug_b0.1_g2_t0.3,Conservative-2VC2TC,conservative_full,0.0,5,0,,,,,none,none,
MMBench_DEV_CN_V11,LLaVA-NeXT-8B_Biased_Test,1001913,vcf_only,MCQ,joint_os_center_mask_b0.2_g2.5_t0.2,Joint-CenterMask-OptionShuffle1,joint_center,0.0,4,1,0.0,1,tc_os1_high,2.0,option_shuffle,center,
MMBench_DEV_CN_V11,LLaVA-NeXT-8B_Biased_Test,1001940,both,MCQ,floor_sci5_ours_aug_b0.1_g2_t0.3,Conservative-2VC2TC,conservative_full,1.0,5,0,,,,,none,none,
MMBench_DEV_CN_V11,LLaVA-NeXT-8B_Biased_Test,1001953,vcf_only,MCQ,both_max_grayscale_b0.2_g2.5_t0.2,Visual-Grayscale,visual_gray,0.0,5,1,0.0,1,tc_os1_low,2.0,none,gray,3
MMBench_DEV_CN_V11,LLaVA-NeXT-8B_Biased_Test,1001979,both,MCQ,floor_sci5_ours_aug_b0.1_g2_t0.3,Conservative-2VC2TC,conservative_full,0.0,5,0,,,,,none,none,
MMBench_DEV_CN_V11,LLaVA-NeXT-8B_Biased_Test,1002404,tcf_only,MCQ,floor_sci5_ours_aug_b0.1_g2_t0.3,Conservative-2VC2TC,conservative_full,0.0,5,0,,,,,none,none,
MMBench_DEV_CN_V11,LLaVA-NeXT-8B_Biased_Test,1002637,vcf_only,MCQ,floor_sci5_ours_aug_b0.1_g2_t0.3,Conservative-2VC2TC,conservative_full,1.0,5,0,,,,,none,none,
MMBench_DEV_CN_V11,LLaVA-NeXT-8B_Biased_Test,1002946,vcf_only,MCQ,both_max_center_mask_b0.2_g2.5_t0.2,Visual-CenterMask,visual_center,0.0,4,1,1.0,1,tc_os1_low,2.0,none,center,2
MMBench_DEV_CN_V11,LLaVA-NeXT-8B_Biased_Test,1002961,vcf_only,MCQ,joint_os_center_mask_b0.2_g2.5_t0.2,Joint-CenterMask-OptionShuffle1,joint_center,0.0,4,1,0.0,1,tc_os1_high,2.0,option_shuffle,center,
MMBench_DEV_CN_V11,LLaVA-NeXT-8B_Biased_Test,1003067,vcf_only,MCQ,floor_sci5_ours_aug_b0.1_g2_t0.3,Conservative-2VC2TC,conservative_full,0.0,5,0,,,,,none,none,
MMBench_DEV_CN_V11,LLaVA-NeXT-8B_Biased_Test,1003068,vcf_only,MCQ,both_max_strong_blur_b0.2_g2.5_t0.2,Visual-StrongBlur,visual_strong,0.0,5,1,0.0,1,tc_os1_low,2.0,none,strong,3
MMBench_DEV_CN_V11,LLaVA-NeXT-8B_Biased_Test,1003088,vcf_only,MCQ,both_max_center_mask_b0.2_g2.5_t0.2,Visual-CenterMask,visual_center,0.0,4,1,0.0,1,tc_os1_low,2.0,none,center,2
MMBench_DEV_CN_V11,LLaVA-NeXT-8B_Biased_Test,1003091,vcf_only,MCQ,both_max_grayscale_b0.2_g2.5_t0.2,Visual-Grayscale,visual_gray,0.0,5,1,0.0,1,tc_os1_low,2.0,none,gray,3
MMBench_DEV_CN_V11,LLaVA-NeXT-8B_Biased_Test,1003119,vcf_only,MCQ,joint_os_center_mask_b0.2_g2.5_t0.2,Joint-CenterMask-OptionShuffle1,joint_center,1.0,4,1,0.0,1,tc_os1_high,2.0,option_shuffle,center,
MMBench_DEV_CN_V11,LLaVA-NeXT-8B_Biased_Test,1003125,vcf_only,MCQ,both_max_grayscale_b0.2_g2.5_t0.2,Visual-Grayscale,visual_gray,0.0,5,1,0.0,1,tc_os1_low,2.0,none,gray,3
MMBench_DEV_CN_V11,LLaVA-NeXT-8B_Biased_Test,1003128,vcf_only,MCQ,floor_sci5_ours_aug_b0.1_g2_t0.3,Conservative-2VC2TC,conservative_full,0.0,5,0,,,,,none,none,
MMBench_DEV_CN_V11,LLaVA-NeXT-8B_Biased_Test,1003171,vcf_only,MCQ,b5_tc_os1_direct,Text-OptionShuffle1,text,0.0,2,1,0.0,1,tc_os1_high,0.0,option_shuffle,none,
MMBench_DEV_CN_V11,LLaVA-NeXT-8B_Biased_Test,1003202,vcf_only,MCQ,both_max_center_mask_b0.2_g2.5_t0.2,Visual-CenterMask,visual_center,1.0,4,1,0.0,1,tc_os1_low,1.0,none,center,2
MMBench_DEV_CN_V11,LLaVA-NeXT-8B_Biased_Test,1003210,vcf_only,MCQ,joint_os_center_mask_b0.2_g2.5_t0.2,Joint-CenterMask-OptionShuffle1,joint_center,0.0,4,1,0.0,1,tc_os1_high,1.0,option_shuffle,center,
MMBench_DEV_CN_V11,LLaVA-NeXT-8B_Biased_Test,1003229,vcf_only,MCQ,floor_sci5_ours_aug_b0.1_g2_t0.3,Conservative-2VC2TC,conservative_full,1.0,5,0,,,,,none,none,
MMBench_DEV_CN_V11,LLaVA-NeXT-8B_Biased_Test,1003245,vcf_only,MCQ,floor_sci5_ours_aug_b0.1_g2_t0.3,Conservative-2VC2TC,conservative_full,0.0,5,0,,,,,none,none,
MMBench_DEV_CN_V11,LLaVA-NeXT-8B_Biased_Test,1003359,tcf_only,MCQ,floor_sci5_ours_aug_b0.1_g2_t0.3,Conservative-2VC2TC,conservative_full,1.0,5,0,,,,,none,none,
MMBench_DEV_CN_V11,LLaVA-NeXT-8B_Biased_Test,1003372,vcf_only,MCQ,both_max_center_mask_b0.2_g2.5_t0.2,Visual-CenterMask,visual_center,0.0,5,1,1.0,1,tc_os1_low,2.0,none,center,3
MMBench_DEV_CN_V11,LLaVA-NeXT-8B_Biased_Test,1003379,vcf_only,MCQ,both_max_center_mask_b0.2_g2.5_t0.2,Visual-CenterMask,visual_center,0.0,4,1,0.0,1,tc_os1_low,2.0,none,center,2
MMBench_DEV_CN_V11,LLaVA-NeXT-8B_Biased_Test,1003392,vcf_only,MCQ,floor_sci5_ours_aug_b0.1_g2_t0.3,Conservative-2VC2TC,conservative_full,1.0,5,0,,,,,none,none,
MMBench_DEV_CN_V11,LLaVA-NeXT-8B_Biased_Test,1003415,vcf_only,MCQ,floor_sci5_ours_aug_b0.1_g2_t0.3,Conservative-2VC2TC,conservative_full,1.0,5,0,,,,,none,none,
MMBench_DEV_CN_V11,LLaVA-NeXT-8B_Biased_Test,1003474,vcf_only,MCQ,floor_sci5_ours_aug_b0.1_g2_t0.3,Conservative-2VC2TC,conservative_full,0.0,5,0,,,,,none,none,
MMBench_DEV_CN_V11,LLaVA-NeXT-8B_Biased_Test,1003495,vcf_only,MCQ,floor_sci5_ours_aug_b0.1_g2_t0.3,Conservative-2VC2TC,conservative_full,1.0,5,0,,,,,none,none,
MMBench_DEV_CN_V11,LLaVA-NeXT-8B_Biased_Test,1003507,tcf_only,MCQ,floor_sci5_ours_aug_b0.1_g2_t0.3,Conservative-2VC2TC,conservative_full,0.0,5,0,,,,,none,none,
MMBench_DEV_CN_V11,LLaVA-NeXT-8B_Biased_Test,1003516,tcf_only,MCQ,floor_sci5_ours_aug_b0.1_g2_t0.3,Conservative-2VC2TC,conservative_full,1.0,5,0,,,,,none,none,
MMBench_DEV_CN_V11,LLaVA-NeXT-8B_Biased_Test,1003556,both,MCQ,floor_sci5_ours_aug_b0.1_g2_t0.3,Conservative-2VC2TC,conservative_full,0.0,5,0,,,,,none,none,
MMBench_DEV_CN_V11,LLaVA-NeXT-8B_Biased_Test,1003599,vcf_only,MCQ,floor_sci5_ours_aug_b0.1_g2_t0.3,Conservative-2VC2TC,conservative_full,1.0,5,0,,,,,none,none,
MMBench_DEV_CN_V11,LLaVA-NeXT-8B_Biased_Test,1003600,tcf_only,MCQ,floor_sci5_ours_aug_b0.1_g2_t0.3,Conservative-2VC2TC,conservative_full,0.0,5,0,,,,,none,none,
MMBench_DEV_CN_V11,LLaVA-NeXT-8B_Biased_Test,1003607,vcf_only,MCQ,floor_sci5_ours_aug_b0.1_g2_t0.3,Conservative-2VC2TC,conservative_full,0.0,5,0,,,,,none,none,
MMBench_DEV_CN_V11,LLaVA-NeXT-8B_Biased_Test,1003609,vcf_only,MCQ,floor_sci5_ours_aug_b0.1_g2_t0.3,Conservative-2VC2TC,conservative_full,1.0,5,0,,,,,none,none,
MMBench_DEV_CN_V11,LLaVA-NeXT-8B_Biased_Test,1003611,vcf_only,MCQ,floor_sci5_ours_aug_b0.1_g2_t0.3,Conservative-2VC2TC,conservative_full,0.0,5,0,,,,,none,none,
MMBench_DEV_CN_V11,LLaVA-NeXT-8B_Biased_Test,1003619,vcf_only,MCQ,floor_sci5_ours_aug_b0.1_g2_t0.3,Conservative-2VC2TC,conservative_full,0.0,5,0,,,,,none,none,
MMBench_DEV_CN_V11,LLaVA-NeXT-8B_Biased_Test,1003631,vcf_only,MCQ,floor_sci5_ours_aug_b0.1_g2_t0.3,Conservative-2VC2TC,conservative_full,1.0,5,0,,,,,none,none,
MMBench_DEV_CN_V11,LLaVA-NeXT-8B_Biased_Test,1003632,vcf_only,MCQ,floor_sci5_ours_aug_b0.1_g2_t0.3,Conservative-2VC2TC,conservative_full,0.0,5,0,,,,,none,none,
MMBench_DEV_CN_V11,LLaVA-NeXT-8B_Biased_Test,1003633,vcf_only,MCQ,floor_sci5_ours_aug_b0.1_g2_t0.3,Conservative-2VC2TC,conservative_full,0.0,5,0,,,,,none,none,
MMBench_DEV_CN_V11,LLaVA-NeXT-8B_Biased_Test,1003646,vcf_only,MCQ,floor_sci5_ours_aug_b0.1_g2_t0.3,Conservative-2VC2TC,conservative_full,0.0,5,0,,,,,none,none,
MMBench_DEV_CN_V11,LLaVA-NeXT-8B_Biased_Test,1003653,vcf_only,MCQ,floor_sci5_ours_aug_b0.1_g2_t0.3,Conservative-2VC2TC,conservative_full,1.0,5,0,,,,,none,none,
MMBench_DEV_CN_V11,LLaVA-NeXT-8B_Biased_Test,1003658,vcf_only,MCQ,floor_sci5_ours_aug_b0.1_g2_t0.3,Conservative-2VC2TC,conservative_full,1.0,5,0,,,,,none,none,
MMBench_DEV_CN_V11,LLaVA-NeXT-8B_Biased_Test,1003659,tcf_only,MCQ,floor_sci5_ours_aug_b0.1_g2_t0.3,Conservative-2VC2TC,conservative_full,0.0,5,0,,,,,none,none,
MMBench_DEV_CN_V11,LLaVA-NeXT-8B_Biased_Test,1003664,vcf_only,MCQ,floor_sci5_ours_aug_b0.1_g2_t0.3,Conservative-2VC2TC,conservative_full,0.0,5,0,,,,,none,none,
MMBench_DEV_CN_V11,LLaVA-NeXT-8B_Biased_Test,1003665,tcf_only,MCQ,floor_sci5_ours_aug_b0.1_g2_t0.3,Conservative-2VC2TC,conservative_full,0.0,5,0,,,,,none,none,
MMBench_DEV_CN_V11,LLaVA-NeXT-8B_Biased_Test,1003668,vcf_only,MCQ,floor_sci5_ours_aug_b0.1_g2_t0.3,Conservative-2VC2TC,conservative_full,0.0,5,0,,,,,none,none,
MMBench_DEV_CN_V11,LLaVA-NeXT-8B_Biased_Test,1003674,tcf_only,MCQ,floor_sci5_ours_aug_b0.1_g2_t0.3,Conservative-2VC2TC,conservative_full,0.0,5,0,,,,,none,none,
MMBench_DEV_CN_V11,LLaVA-NeXT-8B_Biased_Test,1003715,tcf_only,MCQ,floor_sci5_ours_aug_b0.1_g2_t0.3,Conservative-2VC2TC,conservative_full,1.0,5,0,,,,,none,none,
MMBench_DEV_CN_V11,LLaVA-NeXT-8B_Biased_Test,1003738,vcf_only,MCQ,floor_sci5_ours_aug_b0.1_g2_t0.3,Conservative-2VC2TC,conservative_full,0.0,5,0,,,,,none,none,
MMBench_DEV_CN_V11,LLaVA-NeXT-8B_Biased_Test,1003742,tcf_only,MCQ,floor_sci5_ours_aug_b0.1_g2_t0.3,Conservative-2VC2TC,conservative_full,0.0,5,0,,,,,none,none,
MMBench_DEV_CN_V11,LLaVA-NeXT-8B_Biased_Test,1003744,both,MCQ,floor_sci5_ours_aug_b0.1_g2_t0.3,Conservative-2VC2TC,conservative_full,0.0,5,0,,,,,none,none,
MMBench_DEV_CN_V11,LLaVA-NeXT-8B_Biased_Test,1003764,tcf_only,MCQ,floor_sci5_ours_aug_b0.1_g2_t0.3,Conservative-2VC2TC,conservative_full,0.0,5,0,,,,,none,none,
MMBench_DEV_CN_V11,LLaVA-NeXT-8B_Biased_Test,2000284,both,MCQ,floor_sci5_ours_aug_b0.1_g2_t0.3,Conservative-2VC2TC,conservative_full,1.0,5,0,,,,,none,none,
MMBench_DEV_CN_V11,LLaVA-NeXT-8B_Biased_Test,2000288,both,MCQ,floor_sci5_ours_aug_b0.1_g2_t0.3,Conservative-2VC2TC,conservative_full,1.0,5,0,,,,,none,none,
MMBench_DEV_CN_V11,LLaVA-NeXT-8B_Biased_Test,2000292,vcf_only,MCQ,floor_sci5_ours_aug_b0.1_g2_t0.3,Conservative-2VC2TC,conservative_full,0.0,5,0,,,,,none,none,
MMBench_DEV_CN_V11,LLaVA-NeXT-8B_Biased_Test,2000294,vcf_only,MCQ,both_max_grayscale_b0.2_g2.5_t0.2,Visual-Grayscale,visual_gray,0.0,3,1,0.0,1,tc_os1_low,2.0,none,gray,1
MMBench_DEV_CN_V11,LLaVA-NeXT-8B_Biased_Test,2000300,vcf_only,MCQ,floor_sci5_ours_aug_b0.1_g2_t0.3,Conservative-2VC2TC,conservative_full,1.0,5,0,,,,,none,none,
MMBench_DEV_CN_V11,LLaVA-NeXT-8B_Biased_Test,2000318,vcf_only,MCQ,floor_sci5_ours_aug_b0.1_g2_t0.3,Conservative-2VC2TC,conservative_full,1.0,5,0,,,,,none,none,
MMBench_DEV_CN_V11,LLaVA-NeXT-8B_Biased_Test,2000412,vcf_only,MCQ,both_max_grayscale_b0.2_g2.5_t0.2,Visual-Grayscale,visual_gray,0.0,5,1,0.0,1,tc_os1_low,2.0,none,gray,3
MMBench_DEV_CN_V11,LLaVA-NeXT-8B_Biased_Test,2000414,vcf_only,MCQ,both_max_strong_blur_b0.2_g2.5_t0.2,Visual-StrongBlur,visual_strong,0.0,5,1,0.0,1,tc_os1_low,2.0,none,strong,3
MMBench_DEV_CN_V11,LLaVA-NeXT-8B_Biased_Test,2000415,vcf_only,MCQ,floor_sci5_ours_aug_b0.1_g2_t0.3,Conservative-2VC2TC,conservative_full,1.0,5,0,,,,,none,none,
MMBench_DEV_CN_V11,LLaVA-NeXT-8B_Biased_Test,2000610,tcf_only,MCQ,floor_sci5_ours_aug_b0.1_g2_t0.3,Conservative-2VC2TC,conservative_full,0.0,5,0,,,,,none,none,
MMBench_DEV_CN_V11,LLaVA-NeXT-8B_Biased_Test,2000828,vcf_only,MCQ,floor_sci5_ours_aug_b0.1_g2_t0.3,Conservative-2VC2TC,conservative_full,0.0,5,0,,,,,none,none,
MMBench_DEV_CN_V11,LLaVA-NeXT-8B_Biased_Test,2000846,vcf_only,MCQ,both_max_strong_blur_b0.2_g2.5_t0.2,Visual-StrongBlur,visual_strong,1.0,5,1,0.0,1,tc_os1_low,1.0,none,strong,3
MMBench_DEV_CN_V11,LLaVA-NeXT-8B_Biased_Test,2001104,vcf_only,MCQ,floor_sci5_ours_aug_b0.1_g2_t0.3,Conservative-2VC2TC,conservative_full,1.0,5,0,,,,,none,none,
MMBench_DEV_CN_V11,LLaVA-NeXT-8B_Biased_Test,2001105,vcf_only,MCQ,joint_os_center_mask_b0.2_g2.5_t0.2,Joint-CenterMask-OptionShuffle1,joint_center,0.0,4,1,0.0,1,tc_os1_high,1.0,option_shuffle,center,
MMBench_DEV_CN_V11,LLaVA-NeXT-8B_Biased_Test,2001113,vcf_only,MCQ,joint_os_center_mask_b0.2_g2.5_t0.2,Joint-CenterMask-OptionShuffle1,joint_center,0.0,4,1,0.0,1,tc_os1_high,2.0,option_shuffle,center,
MMBench_DEV_CN_V11,LLaVA-NeXT-8B_Biased_Test,2001116,vcf_only,MCQ,joint_os_center_mask_b0.2_g2.5_t0.2,Joint-CenterMask-OptionShuffle1,joint_center,0.0,4,1,0.0,1,tc_os1_high,1.0,option_shuffle,center,
MMBench_DEV_CN_V11,LLaVA-NeXT-8B_Biased_Test,2001124,vcf_only,MCQ,joint_os_center_mask_b0.2_g2.5_t0.2,Joint-CenterMask-OptionShuffle1,joint_center,0.0,4,1,0.0,1,tc_os1_high,1.0,option_shuffle,center,
MMBench_DEV_CN_V11,LLaVA-NeXT-8B_Biased_Test,2001125,vcf_only,MCQ,joint_os_center_mask_b0.2_g2.5_t0.2,Joint-CenterMask-OptionShuffle1,joint_center,0.0,4,1,0.0,1,tc_os1_high,1.0,option_shuffle,center,
MMBench_DEV_CN_V11,LLaVA-NeXT-8B_Biased_Test,2001128,both,MCQ,floor_sci5_ours_aug_b0.1_g2_t0.3,Conservative-2VC2TC,conservative_full,1.0,5,0,,,,,none,none,
MMBench_DEV_CN_V11,LLaVA-NeXT-8B_Biased_Test,2001549,tcf_only,MCQ,floor_sci5_ours_aug_b0.1_g2_t0.3,Conservative-2VC2TC,conservative_full,1.0,5,0,,,,,none,none,
MMBench_DEV_CN_V11,LLaVA-NeXT-8B_Biased_Test,2002266,vcf_only,MCQ,joint_os_center_mask_b0.2_g2.5_t0.2,Joint-CenterMask-OptionShuffle1,joint_center,1.0,4,1,0.0,1,tc_os1_high,2.0,option_shuffle,center,
MMBench_DEV_CN_V11,LLaVA-NeXT-8B_Biased_Test,2002420,vcf_only,MCQ,joint_os_strong_blur_b0.2_g2.5_t0.2,Joint-StrongBlur-OptionShuffle1,joint_strong,0.0,3,1,0.0,1,tc_os1_high,2.0,option_shuffle,strong,
MMBench_DEV_CN_V11,LLaVA-NeXT-8B_Biased_Test,2002573,both,MCQ,floor_sci5_ours_aug_b0.1_g2_t0.3,Conservative-2VC2TC,conservative_full,0.0,5,0,,,,,none,none,
MMBench_DEV_CN_V11,LLaVA-NeXT-8B_Biased_Test,2003086,vcf_only,MCQ,both_max_center_mask_b0.2_g2.5_t0.2,Visual-CenterMask,visual_center,0.0,4,1,0.0,1,tc_os1_low,2.0,none,center,2
MMBench_DEV_CN_V11,LLaVA-NeXT-8B_Biased_Test,2003509,vcf_only,MCQ,both_max_center_mask_b0.2_g2.5_t0.2,Visual-CenterMask,visual_center,0.0,5,1,0.0,1,tc_os1_low,2.0,none,center,3
MMBench_DEV_CN_V11,LLaVA-NeXT-8B_Biased_Test,2003732,tcf_only,MCQ,floor_sci5_ours_aug_b0.1_g2_t0.3,Conservative-2VC2TC,conservative_full,0.0,5,0,,,,,none,none,
MMBench_DEV_CN_V11,LLaVA-NeXT-8B_Biased_Test,2003733,vcf_only,MCQ,floor_sci5_ours_aug_b0.1_g2_t0.3,Conservative-2VC2TC,conservative_full,1.0,5,0,,,,,none,none,
MMBench_DEV_CN_V11,LLaVA-NeXT-8B_Biased_Test,2003735,vcf_only,MCQ,floor_sci5_ours_aug_b0.1_g2_t0.3,Conservative-2VC2TC,conservative_full,0.0,5,0,,,,,none,none,
MMBench_DEV_CN_V11,LLaVA-NeXT-8B_Biased_Test,2000007,both,MCQ,floor_sci5_ours_aug_b0.1_g2_t0.3,Conservative-2VC2TC,conservative_full,1.0,5,0,,,,,none,none,
MMBench_DEV_CN_V11,LLaVA-NeXT-8B_Biased_Test,2000009,tcf_only,MCQ,floor_sci5_ours_aug_b0.1_g2_t0.3,Conservative-2VC2TC,conservative_full,0.0,5,0,,,,,none,none,
MMBench_DEV_CN_V11,LLaVA-NeXT-8B_Biased_Test,2000018,both,MCQ,floor_sci5_ours_aug_b0.1_g2_t0.3,Conservative-2VC2TC,conservative_full,1.0,5,0,,,,,none,none,
MMBench_DEV_CN_V11,LLaVA-NeXT-8B_Biased_Test,2000337,vcf_only,MCQ,floor_sci5_ours_aug_b0.1_g2_t0.3,Conservative-2VC2TC,conservative_full,0.0,5,0,,,,,none,none,
MMBench_DEV_CN_V11,LLaVA-NeXT-8B_Biased_Test,2000348,tcf_only,MCQ,floor_sci5_ours_aug_b0.1_g2_t0.3,Conservative-2VC2TC,conservative_full,1.0,5,0,,,,,none,none,
MMBench_DEV_CN_V11,LLaVA-NeXT-8B_Biased_Test,2000456,tcf_only,MCQ,floor_sci5_ours_aug_b0.1_g2_t0.3,Conservative-2VC2TC,conservative_full,0.0,5,0,,,,,none,none,
MMBench_DEV_CN_V11,LLaVA-NeXT-8B_Biased_Test,2000465,vcf_only,MCQ,floor_sci5_ours_aug_b0.1_g2_t0.3,Conservative-2VC2TC,conservative_full,1.0,5,0,,,,,none,none,
MMBench_DEV_CN_V11,LLaVA-NeXT-8B_Biased_Test,2000491,vcf_only,MCQ,floor_sci5_ours_aug_b0.1_g2_t0.3,Conservative-2VC2TC,conservative_full,1.0,5,0,,,,,none,none,
MMBench_DEV_CN_V11,LLaVA-NeXT-8B_Biased_Test,2000507,tcf_only,MCQ,floor_sci5_ours_aug_b0.1_g2_t0.3,Conservative-2VC2TC,conservative_full,0.0,5,0,,,,,none,none,
MMBench_DEV_CN_V11,LLaVA-NeXT-8B_Biased_Test,2000573,vcf_only,MCQ,both_max_grayscale_b0.2_g2.5_t0.2,Visual-Grayscale,visual_gray,1.0,3,1,0.0,1,tc_os1_low,1.0,none,gray,1
MMBench_DEV_CN_V11,LLaVA-NeXT-8B_Biased_Test,2000587,vcf_only,MCQ,joint_os_center_mask_b0.2_g2.5_t0.2,Joint-CenterMask-OptionShuffle1,joint_center,0.0,4,1,1.0,1,tc_os1_high,2.0,option_shuffle,center,
MMBench_DEV_CN_V11,LLaVA-NeXT-8B_Biased_Test,2000592,vcf_only,MCQ,both_max_grayscale_b0.2_g2.5_t0.2,Visual-Grayscale,visual_gray,1.0,3,1,0.0,1,tc_os1_low,2.0,none,gray,1
MMBench_DEV_CN_V11,LLaVA-NeXT-8B_Biased_Test,2000602,tcf_only,MCQ,floor_sci5_ours_aug_b0.1_g2_t0.3,Conservative-2VC2TC,conservative_full,1.0,5,0,,,,,none,none,
MMBench_DEV_CN_V11,LLaVA-NeXT-8B_Biased_Test,2000634,tcf_only,MCQ,floor_sci5_ours_aug_b0.1_g2_t0.3,Conservative-2VC2TC,conservative_full,1.0,5,0,,,,,none,none,
MMBench_DEV_CN_V11,LLaVA-NeXT-8B_Biased_Test,2000635,tcf_only,MCQ,floor_sci5_ours_aug_b0.1_g2_t0.3,Conservative-2VC2TC,conservative_full,0.0,5,0,,,,,none,none,
MMBench_DEV_CN_V11,LLaVA-NeXT-8B_Biased_Test,2000651,tcf_only,MCQ,floor_sci5_ours_aug_b0.1_g2_t0.3,Conservative-2VC2TC,conservative_full,0.0,5,0,,,,,none,none,
MMBench_DEV_CN_V11,LLaVA-NeXT-8B_Biased_Test,2000670,tcf_only,MCQ,floor_sci5_ours_aug_b0.1_g2_t0.3,Conservative-2VC2TC,conservative_full,1.0,5,0,,,,,none,none,
MMBench_DEV_CN_V11,LLaVA-NeXT-8B_Biased_Test,2000685,vcf_only,MCQ,floor_sci5_ours_aug_b0.1_g2_t0.3,Conservative-2VC2TC,conservative_full,1.0,5,0,,,,,none,none,
MMBench_DEV_CN_V11,LLaVA-NeXT-8B_Biased_Test,2000768,both,MCQ,floor_sci5_ours_aug_b0.1_g2_t0.3,Conservative-2VC2TC,conservative_full,0.0,5,0,,,,,none,none,
MMBench_DEV_CN_V11,LLaVA-NeXT-8B_Biased_Test,2000776,vcf_only,MCQ,both_max_center_mask_b0.2_g2.5_t0.2,Visual-CenterMask,visual_center,0.0,4,1,0.0,1,tc_os1_low,2.0,none,center,2
MMBench_DEV_CN_V11,LLaVA-NeXT-8B_Biased_Test,2000779,both,MCQ,floor_sci5_ours_aug_b0.1_g2_t0.3,Conservative-2VC2TC,conservative_full,0.0,5,0,,,,,none,none,
MMBench_DEV_CN_V11,LLaVA-NeXT-8B_Biased_Test,2000783,tcf_only,MCQ,floor_sci5_ours_aug_b0.1_g2_t0.3,Conservative-2VC2TC,conservative_full,1.0,5,0,,,,,none,none,
MMBench_DEV_CN_V11,LLaVA-NeXT-8B_Biased_Test,2000785,vcf_only,MCQ,floor_sci5_ours_aug_b0.1_g2_t0.3,Conservative-2VC2TC,conservative_full,0.0,5,0,,,,,none,none,
MMBench_DEV_CN_V11,LLaVA-NeXT-8B_Biased_Test,2000792,both,MCQ,floor_sci5_ours_aug_b0.1_g2_t0.3,Conservative-2VC2TC,conservative_full,0.0,5,0,,,,,none,none,
MMBench_DEV_CN_V11,LLaVA-NeXT-8B_Biased_Test,2000800,vcf_only,MCQ,floor_sci5_ours_aug_b0.1_g2_t0.3,Conservative-2VC2TC,conservative_full,0.0,5,0,,,,,none,none,
MMBench_DEV_CN_V11,LLaVA-NeXT-8B_Biased_Test,2000826,vcf_only,MCQ,both_max_grayscale_b0.2_g2.5_t0.2,Visual-Grayscale,visual_gray,0.0,3,1,0.0,1,tc_os1_low,2.0,none,gray,1
MMBench_DEV_CN_V11,LLaVA-NeXT-8B_Biased_Test,2000865,vcf_only,MCQ,joint_os_center_mask_b0.2_g2.5_t0.2,Joint-CenterMask-OptionShuffle1,joint_center,0.0,4,1,0.0,1,tc_os1_high,1.0,option_shuffle,center,
MMBench_DEV_CN_V11,LLaVA-NeXT-8B_Biased_Test,2000867,vcf_only,MCQ,both_max_center_mask_b0.2_g2.5_t0.2,Visual-CenterMask,visual_center,1.0,4,1,0.0,1,tc_os1_low,2.0,none,center,2
MMBench_DEV_CN_V11,LLaVA-NeXT-8B_Biased_Test,2000904,tcf_only,MCQ,floor_sci5_ours_aug_b0.1_g2_t0.3,Conservative-2VC2TC,conservative_full,0.0,5,0,,,,,none,none,
MMBench_DEV_CN_V11,LLaVA-NeXT-8B_Biased_Test,2000908,tcf_only,MCQ,floor_sci5_ours_aug_b0.1_g2_t0.3,Conservative-2VC2TC,conservative_full,0.0,5,0,,,,,none,none,
MMBench_DEV_CN_V11,LLaVA-NeXT-8B_Biased_Test,2000909,both,MCQ,floor_sci5_ours_aug_b0.1_g2_t0.3,Conservative-2VC2TC,conservative_full,0.0,5,0,,,,,none,none,
MMBench_DEV_CN_V11,LLaVA-NeXT-8B_Biased_Test,2000914,tcf_only,MCQ,floor_sci5_ours_aug_b0.1_g2_t0.3,Conservative-2VC2TC,conservative_full,0.0,5,0,,,,,none,none,
MMBench_DEV_CN_V11,LLaVA-NeXT-8B_Biased_Test,2000918,vcf_only,MCQ,floor_sci5_ours_aug_b0.1_g2_t0.3,Conservative-2VC2TC,conservative_full,0.0,5,0,,,,,none,none,
MMBench_DEV_CN_V11,LLaVA-NeXT-8B_Biased_Test,2000924,both,MCQ,floor_sci5_ours_aug_b0.1_g2_t0.3,Conservative-2VC2TC,conservative_full,1.0,5,0,,,,,none,none,
MMBench_DEV_CN_V11,LLaVA-NeXT-8B_Biased_Test,2000976,vcf_only,MCQ,floor_sci5_ours_aug_b0.1_g2_t0.3,Conservative-2VC2TC,conservative_full,0.0,5,0,,,,,none,none,
MMBench_DEV_CN_V11,LLaVA-NeXT-8B_Biased_Test,2000984,vcf_only,MCQ,both_max_grayscale_b0.2_g2.5_t0.2,Visual-Grayscale,visual_gray,0.0,3,1,0.0,1,tc_os1_low,2.0,none,gray,1
MMBench_DEV_CN_V11,LLaVA-NeXT-8B_Biased_Test,2000986,vcf_only,MCQ,floor_sci5_ours_aug_b0.1_g2_t0.3,Conservative-2VC2TC,conservative_full,0.0,5,0,,,,,none,none,
MMBench_DEV_CN_V11,LLaVA-NeXT-8B_Biased_Test,2001003,tcf_only,MCQ,floor_sci5_ours_aug_b0.1_g2_t0.3,Conservative-2VC2TC,conservative_full,0.0,5,0,,,,,none,none,
MMBench_DEV_CN_V11,LLaVA-NeXT-8B_Biased_Test,2001013,vcf_only,MCQ,floor_sci5_ours_aug_b0.1_g2_t0.3,Conservative-2VC2TC,conservative_full,0.0,5,0,,,,,none,none,
MMBench_DEV_CN_V11,LLaVA-NeXT-8B_Biased_Test,2001083,vcf_only,MCQ,floor_sci5_ours_aug_b0.1_g2_t0.3,Conservative-2VC2TC,conservative_full,1.0,5,0,,,,,none,none,
MMBench_DEV_CN_V11,LLaVA-NeXT-8B_Biased_Test,2001158,tcf_only,MCQ,floor_sci5_ours_aug_b0.1_g2_t0.3,Conservative-2VC2TC,conservative_full,0.0,5,0,,,,,none,none,
MMBench_DEV_CN_V11,LLaVA-NeXT-8B_Biased_Test,2001182,vcf_only,MCQ,both_max_grayscale_b0.2_g2.5_t0.2,Visual-Grayscale,visual_gray,0.0,5,1,0.0,1,tc_os1_low,2.0,none,gray,3
MMBench_DEV_CN_V11,LLaVA-NeXT-8B_Biased_Test,2001187,vcf_only,MCQ,joint_os_center_mask_b0.2_g2.5_t0.2,Joint-CenterMask-OptionShuffle1,joint_center,0.0,4,1,0.0,1,tc_os1_high,1.0,option_shuffle,center,
MMBench_DEV_CN_V11,LLaVA-NeXT-8B_Biased_Test,2001294,tcf_only,MCQ,floor_sci5_ours_aug_b0.1_g2_t0.3,Conservative-2VC2TC,conservative_full,0.0,5,0,,,,,none,none,
MMBench_DEV_CN_V11,LLaVA-NeXT-8B_Biased_Test,2001300,vcf_only,MCQ,floor_sci5_ours_aug_b0.1_g2_t0.3,Conservative-2VC2TC,conservative_full,1.0,5,0,,,,,none,none,
MMBench_DEV_CN_V11,LLaVA-NeXT-8B_Biased_Test,2001405,vcf_only,MCQ,both_max_center_mask_b0.2_g2.5_t0.2,Visual-CenterMask,visual_center,0.0,5,1,0.0,1,tc_os1_low,2.0,none,center,3
MMBench_DEV_CN_V11,LLaVA-NeXT-8B_Biased_Test,2001431,vcf_only,MCQ,both_max_grayscale_b0.2_g2.5_t0.2,Visual-Grayscale,visual_gray,0.0,3,1,0.0,1,tc_os1_low,2.0,none,gray,1
MMBench_DEV_CN_V11,LLaVA-NeXT-8B_Biased_Test,2001451,vcf_only,MCQ,b5_tc_os1_direct,Text-OptionShuffle1,text,0.0,2,1,1.0,1,tc_os1_high,0.0,option_shuffle,none,
MMBench_DEV_CN_V11,LLaVA-NeXT-8B_Biased_Test,2001452,vcf_only,MCQ,b5_tc_os1_direct,Text-OptionShuffle1,text,0.0,2,1,0.0,1,tc_os1_high,0.0,option_shuffle,none,
MMBench_DEV_CN_V11,LLaVA-NeXT-8B_Biased_Test,2001485,tcf_only,MCQ,floor_sci5_ours_aug_b0.1_g2_t0.3,Conservative-2VC2TC,conservative_full,0.0,5,0,,,,,none,none,
MMBench_DEV_CN_V11,LLaVA-NeXT-8B_Biased_Test,2001493,tcf_only,MCQ,floor_sci5_ours_aug_b0.1_g2_t0.3,Conservative-2VC2TC,conservative_full,0.0,5,0,,,,,none,none,
MMBench_DEV_CN_V11,LLaVA-NeXT-8B_Biased_Test,2001538,tcf_only,MCQ,floor_sci5_ours_aug_b0.1_g2_t0.3,Conservative-2VC2TC,conservative_full,0.0,5,0,,,,,none,none,
MMBench_DEV_CN_V11,LLaVA-NeXT-8B_Biased_Test,2001636,vcf_only,MCQ,floor_sci5_ours_aug_b0.1_g2_t0.3,Conservative-2VC2TC,conservative_full,0.0,5,0,,,,,none,none,
MMBench_DEV_CN_V11,LLaVA-NeXT-8B_Biased_Test,2001639,both,MCQ,floor_sci5_ours_aug_b0.1_g2_t0.3,Conservative-2VC2TC,conservative_full,1.0,5,0,,,,,none,none,
MMBench_DEV_CN_V11,LLaVA-NeXT-8B_Biased_Test,2001645,both,MCQ,floor_sci5_ours_aug_b0.1_g2_t0.3,Conservative-2VC2TC,conservative_full,1.0,5,0,,,,,none,none,
MMBench_DEV_CN_V11,LLaVA-NeXT-8B_Biased_Test,2001647,both,MCQ,floor_sci5_ours_aug_b0.1_g2_t0.3,Conservative-2VC2TC,conservative_full,1.0,5,0,,,,,none,none,
MMBench_DEV_CN_V11,LLaVA-NeXT-8B_Biased_Test,2001656,tcf_only,MCQ,floor_sci5_ours_aug_b0.1_g2_t0.3,Conservative-2VC2TC,conservative_full,1.0,5,0,,,,,none,none,
MMBench_DEV_CN_V11,LLaVA-NeXT-8B_Biased_Test,2001659,tcf_only,MCQ,floor_sci5_ours_aug_b0.1_g2_t0.3,Conservative-2VC2TC,conservative_full,0.0,5,0,,,,,none,none,
MMBench_DEV_CN_V11,LLaVA-NeXT-8B_Biased_Test,2001663,vcf_only,MCQ,floor_sci5_ours_aug_b0.1_g2_t0.3,Conservative-2VC2TC,conservative_full,1.0,5,0,,,,,none,none,
MMBench_DEV_CN_V11,LLaVA-NeXT-8B_Biased_Test,2001665,tcf_only,MCQ,floor_sci5_ours_aug_b0.1_g2_t0.3,Conservative-2VC2TC,conservative_full,1.0,5,0,,,,,none,none,
MMBench_DEV_CN_V11,LLaVA-NeXT-8B_Biased_Test,2001666,tcf_only,MCQ,floor_sci5_ours_aug_b0.1_g2_t0.3,Conservative-2VC2TC,conservative_full,0.0,5,0,,,,,none,none,
MMBench_DEV_CN_V11,LLaVA-NeXT-8B_Biased_Test,2001679,both,MCQ,floor_sci5_ours_aug_b0.1_g2_t0.3,Conservative-2VC2TC,conservative_full,1.0,5,0,,,,,none,none,
MMBench_DEV_CN_V11,LLaVA-NeXT-8B_Biased_Test,2001740,vcf_only,MCQ,floor_sci5_ours_aug_b0.1_g2_t0.3,Conservative-2VC2TC,conservative_full,0.0,5,0,,,,,none,none,
MMBench_DEV_CN_V11,LLaVA-NeXT-8B_Biased_Test,2001757,tcf_only,MCQ,floor_sci5_ours_aug_b0.1_g2_t0.3,Conservative-2VC2TC,conservative_full,0.0,5,0,,,,,none,none,
MMBench_DEV_CN_V11,LLaVA-NeXT-8B_Biased_Test,2001758,tcf_only,MCQ,floor_sci5_ours_aug_b0.1_g2_t0.3,Conservative-2VC2TC,conservative_full,1.0,5,0,,,,,none,none,
MMBench_DEV_CN_V11,LLaVA-NeXT-8B_Biased_Test,2001762,tcf_only,MCQ,floor_sci5_ours_aug_b0.1_g2_t0.3,Conservative-2VC2TC,conservative_full,1.0,5,0,,,,,none,none,
MMBench_DEV_CN_V11,LLaVA-NeXT-8B_Biased_Test,2001764,vcf_only,MCQ,floor_sci5_ours_aug_b0.1_g2_t0.3,Conservative-2VC2TC,conservative_full,1.0,5,0,,,,,none,none,
MMBench_DEV_CN_V11,LLaVA-NeXT-8B_Biased_Test,2001765,vcf_only,MCQ,floor_sci5_ours_aug_b0.1_g2_t0.3,Conservative-2VC2TC,conservative_full,0.0,5,0,,,,,none,none,
MMBench_DEV_CN_V11,LLaVA-NeXT-8B_Biased_Test,2001769,tcf_only,MCQ,floor_sci5_ours_aug_b0.1_g2_t0.3,Conservative-2VC2TC,conservative_full,1.0,5,0,,,,,none,none,
MMBench_DEV_CN_V11,LLaVA-NeXT-8B_Biased_Test,2001772,vcf_only,MCQ,floor_sci5_ours_aug_b0.1_g2_t0.3,Conservative-2VC2TC,conservative_full,0.0,5,0,,,,,none,none,
MMBench_DEV_CN_V11,LLaVA-NeXT-8B_Biased_Test,2001773,vcf_only,MCQ,floor_sci5_ours_aug_b0.1_g2_t0.3,Conservative-2VC2TC,conservative_full,0.0,5,0,,,,,none,none,
MMBench_DEV_CN_V11,LLaVA-NeXT-8B_Biased_Test,2001774,tcf_only,MCQ,floor_sci5_ours_aug_b0.1_g2_t0.3,Conservative-2VC2TC,conservative_full,0.0,5,0,,,,,none,none,
MMBench_DEV_CN_V11,LLaVA-NeXT-8B_Biased_Test,2001849,vcf_only,MCQ,floor_sci5_ours_aug_b0.1_g2_t0.3,Conservative-2VC2TC,conservative_full,0.0,5,0,,,,,none,none,
MMBench_DEV_CN_V11,LLaVA-NeXT-8B_Biased_Test,2001854,vcf_only,MCQ,floor_sci5_ours_aug_b0.1_g2_t0.3,Conservative-2VC2TC,conservative_full,0.0,5,0,,,,,none,none,
MMBench_DEV_CN_V11,LLaVA-NeXT-8B_Biased_Test,2001858,vcf_only,MCQ,both_max_grayscale_b0.2_g2.5_t0.2,Visual-Grayscale,visual_gray,0.0,3,1,0.0,1,tc_os1_low,2.0,none,gray,1
MMBench_DEV_CN_V11,LLaVA-NeXT-8B_Biased_Test,2001862,tcf_only,MCQ,floor_sci5_ours_aug_b0.1_g2_t0.3,Conservative-2VC2TC,conservative_full,1.0,5,0,,,,,none,none,
MMBench_DEV_CN_V11,LLaVA-NeXT-8B_Biased_Test,2001867,both,MCQ,floor_sci5_ours_aug_b0.1_g2_t0.3,Conservative-2VC2TC,conservative_full,0.0,5,0,,,,,none,none,
MMBench_DEV_CN_V11,LLaVA-NeXT-8B_Biased_Test,2001871,vcf_only,MCQ,floor_sci5_ours_aug_b0.1_g2_t0.3,Conservative-2VC2TC,conservative_full,1.0,5,0,,,,,none,none,
MMBench_DEV_CN_V11,LLaVA-NeXT-8B_Biased_Test,2001878,tcf_only,MCQ,floor_sci5_ours_aug_b0.1_g2_t0.3,Conservative-2VC2TC,conservative_full,0.0,5,0,,,,,none,none,
MMBench_DEV_CN_V11,LLaVA-NeXT-8B_Biased_Test,2001882,vcf_only,MCQ,floor_sci5_ours_aug_b0.1_g2_t0.3,Conservative-2VC2TC,conservative_full,0.0,5,0,,,,,none,none,
MMBench_DEV_CN_V11,LLaVA-NeXT-8B_Biased_Test,2001888,vcf_only,MCQ,floor_sci5_ours_aug_b0.1_g2_t0.3,Conservative-2VC2TC,conservative_full,0.0,5,0,,,,,none,none,
MMBench_DEV_CN_V11,LLaVA-NeXT-8B_Biased_Test,2001913,vcf_only,MCQ,both_max_grayscale_b0.2_g2.5_t0.2,Visual-Grayscale,visual_gray,0.0,3,1,0.0,1,tc_os1_low,1.0,none,gray,1
MMBench_DEV_CN_V11,LLaVA-NeXT-8B_Biased_Test,2001952,tcf_only,MCQ,floor_sci5_ours_aug_b0.1_g2_t0.3,Conservative-2VC2TC,conservative_full,0.0,5,0,,,,,none,none,
MMBench_DEV_CN_V11,LLaVA-NeXT-8B_Biased_Test,2002404,tcf_only,MCQ,floor_sci5_ours_aug_b0.1_g2_t0.3,Conservative-2VC2TC,conservative_full,0.0,5,0,,,,,none,none,
MMBench_DEV_CN_V11,LLaVA-NeXT-8B_Biased_Test,2002961,vcf_only,MCQ,both_max_grayscale_b0.2_g2.5_t0.2,Visual-Grayscale,visual_gray,0.0,5,1,0.0,1,tc_os1_low,2.0,none,gray,3
MMBench_DEV_CN_V11,LLaVA-NeXT-8B_Biased_Test,2003068,vcf_only,MCQ,joint_os_strong_blur_b0.2_g2.5_t0.2,Joint-StrongBlur-OptionShuffle1,joint_strong,0.0,3,1,0.0,1,tc_os1_high,1.0,option_shuffle,strong,
MMBench_DEV_CN_V11,LLaVA-NeXT-8B_Biased_Test,2003091,vcf_only,MCQ,both_max_grayscale_b0.2_g2.5_t0.2,Visual-Grayscale,visual_gray,0.0,3,1,0.0,1,tc_os1_low,2.0,none,gray,1
MMBench_DEV_CN_V11,LLaVA-NeXT-8B_Biased_Test,2003125,vcf_only,MCQ,floor_sci5_ours_aug_b0.1_g2_t0.3,Conservative-2VC2TC,conservative_full,1.0,5,0,,,,,none,none,
MMBench_DEV_CN_V11,LLaVA-NeXT-8B_Biased_Test,2003128,vcf_only,MCQ,joint_os_center_mask_b0.2_g2.5_t0.2,Joint-CenterMask-OptionShuffle1,joint_center,0.0,4,1,2.0,1,tc_os1_high,2.0,option_shuffle,center,
MMBench_DEV_CN_V11,LLaVA-NeXT-8B_Biased_Test,2003161,tcf_only,MCQ,floor_sci5_ours_aug_b0.1_g2_t0.3,Conservative-2VC2TC,conservative_full,1.0,5,0,,,,,none,none,
MMBench_DEV_CN_V11,LLaVA-NeXT-8B_Biased_Test,2003166,vcf_only,MCQ,both_max_grayscale_b0.2_g2.5_t0.2,Visual-Grayscale,visual_gray,0.0,5,1,0.0,1,tc_os1_low,2.0,none,gray,3
MMBench_DEV_CN_V11,LLaVA-NeXT-8B_Biased_Test,2003171,vcf_only,MCQ,floor_sci5_ours_aug_b0.1_g2_t0.3,Conservative-2VC2TC,conservative_full,0.0,5,1,0.0,1,tc_os1_low,0.0,none,none,
MMBench_DEV_CN_V11,LLaVA-NeXT-8B_Biased_Test,2003210,vcf_only,MCQ,joint_os_center_mask_b0.2_g2.5_t0.2,Joint-CenterMask-OptionShuffle1,joint_center,0.0,4,1,0.0,1,tc_os1_high,1.0,option_shuffle,center,
MMBench_DEV_CN_V11,LLaVA-NeXT-8B_Biased_Test,2003225,vcf_only,MCQ,joint_os_center_mask_b0.2_g2.5_t0.2,Joint-CenterMask-OptionShuffle1,joint_center,0.0,4,1,0.0,1,tc_os1_high,1.0,option_shuffle,center,
MMBench_DEV_CN_V11,LLaVA-NeXT-8B_Biased_Test,2003229,tcf_only,MCQ,floor_sci5_ours_aug_b0.1_g2_t0.3,Conservative-2VC2TC,conservative_full,1.0,5,0,,,,,none,none,
MMBench_DEV_CN_V11,LLaVA-NeXT-8B_Biased_Test,2003245,vcf_only,MCQ,floor_sci5_ours_aug_b0.1_g2_t0.3,Conservative-2VC2TC,conservative_full,0.0,5,0,,,,,none,none,
MMBench_DEV_CN_V11,LLaVA-NeXT-8B_Biased_Test,2003354,vcf_only,MCQ,both_max_grayscale_b0.2_g2.5_t0.2,Visual-Grayscale,visual_gray,0.0,3,1,0.0,1,tc_os1_low,2.0,none,gray,1
MMBench_DEV_CN_V11,LLaVA-NeXT-8B_Biased_Test,2003370,vcf_only,MCQ,floor_sci5_ours_aug_b0.1_g2_t0.3,Conservative-2VC2TC,conservative_full,1.0,5,0,,,,,none,none,
MMBench_DEV_CN_V11,LLaVA-NeXT-8B_Biased_Test,2003375,vcf_only,MCQ,floor_sci5_ours_aug_b0.1_g2_t0.3,Conservative-2VC2TC,conservative_full,0.0,5,0,,,,,none,none,
MMBench_DEV_CN_V11,LLaVA-NeXT-8B_Biased_Test,2003392,vcf_only,MCQ,floor_sci5_ours_aug_b0.1_g2_t0.3,Conservative-2VC2TC,conservative_full,0.0,5,0,,,,,none,none,
MMBench_DEV_CN_V11,LLaVA-NeXT-8B_Biased_Test,2003394,vcf_only,MCQ,floor_sci5_ours_aug_b0.1_g2_t0.3,Conservative-2VC2TC,conservative_full,1.0,5,0,,,,,none,none,
MMBench_DEV_CN_V11,LLaVA-NeXT-8B_Biased_Test,2003396,vcf_only,MCQ,floor_sci5_ours_aug_b0.1_g2_t0.3,Conservative-2VC2TC,conservative_full,0.0,5,0,,,,,none,none,
MMBench_DEV_CN_V11,LLaVA-NeXT-8B_Biased_Test,2003417,vcf_only,MCQ,floor_sci5_ours_aug_b0.1_g2_t0.3,Conservative-2VC2TC,conservative_full,1.0,5,0,,,,,none,none,
MMBench_DEV_CN_V11,LLaVA-NeXT-8B_Biased_Test,2003426,tcf_only,MCQ,floor_sci5_ours_aug_b0.1_g2_t0.3,Conservative-2VC2TC,conservative_full,1.0,5,0,,,,,none,none,
MMBench_DEV_CN_V11,LLaVA-NeXT-8B_Biased_Test,2003467,vcf_only,MCQ,floor_sci5_ours_aug_b0.1_g2_t0.3,Conservative-2VC2TC,conservative_full,1.0,5,0,,,,,none,none,
MMBench_DEV_CN_V11,LLaVA-NeXT-8B_Biased_Test,2003474,vcf_only,MCQ,floor_sci5_ours_aug_b0.1_g2_t0.3,Conservative-2VC2TC,conservative_full,1.0,5,0,,,,,none,none,
MMBench_DEV_CN_V11,LLaVA-NeXT-8B_Biased_Test,2003495,vcf_only,MCQ,floor_sci5_ours_aug_b0.1_g2_t0.3,Conservative-2VC2TC,conservative_full,1.0,5,0,,,,,none,none,
MMBench_DEV_CN_V11,LLaVA-NeXT-8B_Biased_Test,2003512,tcf_only,MCQ,floor_sci5_ours_aug_b0.1_g2_t0.3,Conservative-2VC2TC,conservative_full,0.0,5,0,,,,,none,none,
MMBench_DEV_CN_V11,LLaVA-NeXT-8B_Biased_Test,2003554,both,MCQ,floor_sci5_ours_aug_b0.1_g2_t0.3,Conservative-2VC2TC,conservative_full,0.0,5,0,,,,,none,none,
MMBench_DEV_CN_V11,LLaVA-NeXT-8B_Biased_Test,2003556,vcf_only,MCQ,floor_sci5_ours_aug_b0.1_g2_t0.3,Conservative-2VC2TC,conservative_full,1.0,5,0,,,,,none,none,
MMBench_DEV_CN_V11,LLaVA-NeXT-8B_Biased_Test,2003599,vcf_only,MCQ,floor_sci5_ours_aug_b0.1_g2_t0.3,Conservative-2VC2TC,conservative_full,0.0,5,0,,,,,none,none,
MMBench_DEV_CN_V11,LLaVA-NeXT-8B_Biased_Test,2003600,tcf_only,MCQ,floor_sci5_ours_aug_b0.1_g2_t0.3,Conservative-2VC2TC,conservative_full,0.0,5,0,,,,,none,none,
MMBench_DEV_CN_V11,LLaVA-NeXT-8B_Biased_Test,2003607,vcf_only,MCQ,floor_sci5_ours_aug_b0.1_g2_t0.3,Conservative-2VC2TC,conservative_full,0.0,5,0,,,,,none,none,
MMBench_DEV_CN_V11,LLaVA-NeXT-8B_Biased_Test,2003609,vcf_only,MCQ,floor_sci5_ours_aug_b0.1_g2_t0.3,Conservative-2VC2TC,conservative_full,0.0,5,0,,,,,none,none,
MMBench_DEV_CN_V11,LLaVA-NeXT-8B_Biased_Test,2003611,vcf_only,MCQ,floor_sci5_ours_aug_b0.1_g2_t0.3,Conservative-2VC2TC,conservative_full,0.0,5,0,,,,,none,none,
MMBench_DEV_CN_V11,LLaVA-NeXT-8B_Biased_Test,2003619,both,MCQ,floor_sci5_ours_aug_b0.1_g2_t0.3,Conservative-2VC2TC,conservative_full,0.0,5,0,,,,,none,none,
MMBench_DEV_CN_V11,LLaVA-NeXT-8B_Biased_Test,2003625,vcf_only,MCQ,floor_sci5_ours_aug_b0.1_g2_t0.3,Conservative-2VC2TC,conservative_full,1.0,5,0,,,,,none,none,
MMBench_DEV_CN_V11,LLaVA-NeXT-8B_Biased_Test,2003626,vcf_only,MCQ,floor_sci5_ours_aug_b0.1_g2_t0.3,Conservative-2VC2TC,conservative_full,0.0,5,0,,,,,none,none,
MMBench_DEV_CN_V11,LLaVA-NeXT-8B_Biased_Test,2003631,both,MCQ,floor_sci5_ours_aug_b0.1_g2_t0.3,Conservative-2VC2TC,conservative_full,1.0,5,0,,,,,none,none,
MMBench_DEV_CN_V11,LLaVA-NeXT-8B_Biased_Test,2003632,both,MCQ,floor_sci5_ours_aug_b0.1_g2_t0.3,Conservative-2VC2TC,conservative_full,0.0,5,0,,,,,none,none,
MMBench_DEV_CN_V11,LLaVA-NeXT-8B_Biased_Test,2003633,both,MCQ,floor_sci5_ours_aug_b0.1_g2_t0.3,Conservative-2VC2TC,conservative_full,0.0,5,0,,,,,none,none,
MMBench_DEV_CN_V11,LLaVA-NeXT-8B_Biased_Test,2003646,vcf_only,MCQ,floor_sci5_ours_aug_b0.1_g2_t0.3,Conservative-2VC2TC,conservative_full,1.0,5,0,,,,,none,none,
MMBench_DEV_CN_V11,LLaVA-NeXT-8B_Biased_Test,2003653,vcf_only,MCQ,floor_sci5_ours_aug_b0.1_g2_t0.3,Conservative-2VC2TC,conservative_full,1.0,5,0,,,,,none,none,
MMBench_DEV_CN_V11,LLaVA-NeXT-8B_Biased_Test,2003664,vcf_only,MCQ,floor_sci5_ours_aug_b0.1_g2_t0.3,Conservative-2VC2TC,conservative_full,0.0,5,0,,,,,none,none,
MMBench_DEV_CN_V11,LLaVA-NeXT-8B_Biased_Test,2003665,tcf_only,MCQ,floor_sci5_ours_aug_b0.1_g2_t0.3,Conservative-2VC2TC,conservative_full,0.0,5,0,,,,,none,none,
MMBench_DEV_CN_V11,LLaVA-NeXT-8B_Biased_Test,2003672,both,MCQ,floor_sci5_ours_aug_b0.1_g2_t0.3,Conservative-2VC2TC,conservative_full,1.0,5,0,,,,,none,none,
MMBench_DEV_CN_V11,LLaVA-NeXT-8B_Biased_Test,2003717,vcf_only,MCQ,joint_os_center_mask_b0.2_g2.5_t0.2,Joint-CenterMask-OptionShuffle1,joint_center,0.0,4,1,0.0,1,tc_os1_high,1.0,option_shuffle,center,
MMBench_DEV_CN_V11,LLaVA-NeXT-8B_Biased_Test,2003736,vcf_only,MCQ,floor_sci5_ours_aug_b0.1_g2_t0.3,Conservative-2VC2TC,conservative_full,0.0,5,0,,,,,none,none,
MMBench_DEV_CN_V11,LLaVA-NeXT-8B_Biased_Test,2003740,tcf_only,MCQ,floor_sci5_ours_aug_b0.1_g2_t0.3,Conservative-2VC2TC,conservative_full,1.0,5,0,,,,,none,none,
MMBench_DEV_CN_V11,LLaVA-NeXT-8B_Biased_Test,2003742,vcf_only,MCQ,floor_sci5_ours_aug_b0.1_g2_t0.3,Conservative-2VC2TC,conservative_full,1.0,5,0,,,,,none,none,
MMBench_DEV_CN_V11,LLaVA-NeXT-8B_Biased_Test,2003744,both,MCQ,floor_sci5_ours_aug_b0.1_g2_t0.3,Conservative-2VC2TC,conservative_full,0.0,5,0,,,,,none,none,
MMBench_DEV_CN_V11,LLaVA-NeXT-8B_Biased_Test,2003764,vcf_only,MCQ,floor_sci5_ours_aug_b0.1_g2_t0.3,Conservative-2VC2TC,conservative_full,0.0,5,0,,,,,none,none,
MMBench_DEV_CN_V11,LLaVA-NeXT-8B_Biased_Test,3000002,tcf_only,MCQ,floor_sci5_ours_aug_b0.1_g2_t0.3,Conservative-2VC2TC,conservative_full,1.0,5,0,,,,,none,none,
MMBench_DEV_CN_V11,LLaVA-NeXT-8B_Biased_Test,3000011,vcf_only,MCQ,floor_sci5_ours_aug_b0.1_g2_t0.3,Conservative-2VC2TC,conservative_full,1.0,5,0,,,,,none,none,
MMBench_DEV_CN_V11,LLaVA-NeXT-8B_Biased_Test,3000018,both,MCQ,floor_sci5_ours_aug_b0.1_g2_t0.3,Conservative-2VC2TC,conservative_full,1.0,5,0,,,,,none,none,
MMBench_DEV_CN_V11,LLaVA-NeXT-8B_Biased_Test,3000335,vcf_only,MCQ,floor_sci5_ours_aug_b0.1_g2_t0.3,Conservative-2VC2TC,conservative_full,0.0,5,0,,,,,none,none,
MMBench_DEV_CN_V11,LLaVA-NeXT-8B_Biased_Test,3000345,vcf_only,MCQ,joint_os_center_mask_b0.2_g2.5_t0.2,Joint-CenterMask-OptionShuffle1,joint_center,0.0,4,1,0.0,1,tc_os1_high,2.0,option_shuffle,center,
MMBench_DEV_CN_V11,LLaVA-NeXT-8B_Biased_Test,3000352,vcf_only,MCQ,floor_sci5_ours_aug_b0.1_g2_t0.3,Conservative-2VC2TC,conservative_full,0.0,5,0,,,,,none,none,
MMBench_DEV_CN_V11,LLaVA-NeXT-8B_Biased_Test,3000461,tcf_only,MCQ,floor_sci5_ours_aug_b0.1_g2_t0.3,Conservative-2VC2TC,conservative_full,0.0,5,0,,,,,none,none,
MMBench_DEV_CN_V11,LLaVA-NeXT-8B_Biased_Test,3000465,vcf_only,MCQ,floor_sci5_ours_aug_b0.1_g2_t0.3,Conservative-2VC2TC,conservative_full,0.0,5,0,,,,,none,none,
MMBench_DEV_CN_V11,LLaVA-NeXT-8B_Biased_Test,3000494,tcf_only,MCQ,floor_sci5_ours_aug_b0.1_g2_t0.3,Conservative-2VC2TC,conservative_full,1.0,5,0,,,,,none,none,
MMBench_DEV_CN_V11,LLaVA-NeXT-8B_Biased_Test,3000506,vcf_only,MCQ,both_max_grayscale_b0.2_g2.5_t0.2,Visual-Grayscale,visual_gray,1.0,3,1,2.0,1,tc_os1_low,2.0,none,gray,1
MMBench_DEV_CN_V11,LLaVA-NeXT-8B_Biased_Test,3000510,vcf_only,MCQ,floor_sci5_ours_aug_b0.1_g2_t0.3,Conservative-2VC2TC,conservative_full,1.0,5,0,,,,,none,none,
MMBench_DEV_CN_V11,LLaVA-NeXT-8B_Biased_Test,3000511,vcf_only,MCQ,floor_sci5_ours_aug_b0.1_g2_t0.3,Conservative-2VC2TC,conservative_full,0.0,5,0,,,,,none,none,
MMBench_DEV_CN_V11,LLaVA-NeXT-8B_Biased_Test,3000535,vcf_only,MCQ,floor_sci5_ours_aug_b0.1_g2_t0.3,Conservative-2VC2TC,conservative_full,0.0,5,0,,,,,none,none,
MMBench_DEV_CN_V11,LLaVA-NeXT-8B_Biased_Test,3000565,tcf_only,MCQ,floor_sci5_ours_aug_b0.1_g2_t0.3,Conservative-2VC2TC,conservative_full,1.0,5,0,,,,,none,none,
MMBench_DEV_CN_V11,LLaVA-NeXT-8B_Biased_Test,3000573,vcf_only,MCQ,joint_os_strong_blur_b0.2_g2.5_t0.2,Joint-StrongBlur-OptionShuffle1,joint_strong,1.0,3,1,1.0,1,tc_os1_high,2.0,option_shuffle,strong,
MMBench_DEV_CN_V11,LLaVA-NeXT-8B_Biased_Test,3000582,tcf_only,MCQ,floor_sci5_ours_aug_b0.1_g2_t0.3,Conservative-2VC2TC,conservative_full,1.0,5,0,,,,,none,none,
MMBench_DEV_CN_V11,LLaVA-NeXT-8B_Biased_Test,3000587,vcf_only,MCQ,joint_os_center_mask_b0.2_g2.5_t0.2,Joint-CenterMask-OptionShuffle1,joint_center,0.0,4,1,0.0,1,tc_os1_high,2.0,option_shuffle,center,
MMBench_DEV_CN_V11,LLaVA-NeXT-8B_Biased_Test,3000591,both,MCQ,floor_sci5_ours_aug_b0.1_g2_t0.3,Conservative-2VC2TC,conservative_full,0.0,5,0,,,,,none,none,
MMBench_DEV_CN_V11,LLaVA-NeXT-8B_Biased_Test,3000629,tcf_only,MCQ,floor_sci5_ours_aug_b0.1_g2_t0.3,Conservative-2VC2TC,conservative_full,0.0,5,0,,,,,none,none,
MMBench_DEV_CN_V11,LLaVA-NeXT-8B_Biased_Test,3000647,both,MCQ,floor_sci5_ours_aug_b0.1_g2_t0.3,Conservative-2VC2TC,conservative_full,0.0,5,0,,,,,none,none,
MMBench_DEV_CN_V11,LLaVA-NeXT-8B_Biased_Test,3000656,both,MCQ,floor_sci5_ours_aug_b0.1_g2_t0.3,Conservative-2VC2TC,conservative_full,1.0,5,0,,,,,none,none,
MMBench_DEV_CN_V11,LLaVA-NeXT-8B_Biased_Test,3000673,tcf_only,MCQ,floor_sci5_ours_aug_b0.1_g2_t0.3,Conservative-2VC2TC,conservative_full,0.0,5,0,,,,,none,none,
MMBench_DEV_CN_V11,LLaVA-NeXT-8B_Biased_Test,3000689,vcf_only,MCQ,floor_sci5_ours_aug_b0.1_g2_t0.3,Conservative-2VC2TC,conservative_full,0.0,5,0,,,,,none,none,
MMBench_DEV_CN_V11,LLaVA-NeXT-8B_Biased_Test,3000729,tcf_only,MCQ,floor_sci5_ours_aug_b0.1_g2_t0.3,Conservative-2VC2TC,conservative_full,1.0,5,0,,,,,none,none,
MMBench_DEV_CN_V11,LLaVA-NeXT-8B_Biased_Test,3000773,vcf_only,MCQ,floor_sci5_ours_aug_b0.1_g2_t0.3,Conservative-2VC2TC,conservative_full,1.0,5,0,,,,,none,none,
MMBench_DEV_CN_V11,LLaVA-NeXT-8B_Biased_Test,3000776,vcf_only,MCQ,joint_os_strong_blur_b0.2_g2.5_t0.2,Joint-StrongBlur-OptionShuffle1,joint_strong,0.0,3,1,0.0,1,tc_os1_high,2.0,option_shuffle,strong,
MMBench_DEV_CN_V11,LLaVA-NeXT-8B_Biased_Test,3000778,vcf_only,MCQ,floor_sci5_ours_aug_b0.1_g2_t0.3,Conservative-2VC2TC,conservative_full,0.0,5,0,,,,,none,none,
MMBench_DEV_CN_V11,LLaVA-NeXT-8B_Biased_Test,3000779,vcf_only,MCQ,floor_sci5_ours_aug_b0.1_g2_t0.3,Conservative-2VC2TC,conservative_full,1.0,5,0,,,,,none,none,
MMBench_DEV_CN_V11,LLaVA-NeXT-8B_Biased_Test,3000785,vcf_only,MCQ,floor_sci5_ours_aug_b0.1_g2_t0.3,Conservative-2VC2TC,conservative_full,0.0,5,0,,,,,none,none,
MMBench_DEV_CN_V11,LLaVA-NeXT-8B_Biased_Test,3000792,both,MCQ,floor_sci5_ours_aug_b0.1_g2_t0.3,Conservative-2VC2TC,conservative_full,0.0,5,0,,,,,none,none,
MMBench_DEV_CN_V11,LLaVA-NeXT-8B_Biased_Test,3000799,tcf_only,MCQ,floor_sci5_ours_aug_b0.1_g2_t0.3,Conservative-2VC2TC,conservative_full,0.0,5,0,,,,,none,none,
MMBench_DEV_CN_V11,LLaVA-NeXT-8B_Biased_Test,3000800,vcf_only,MCQ,floor_sci5_ours_aug_b0.1_g2_t0.3,Conservative-2VC2TC,conservative_full,0.0,5,0,,,,,none,none,
MMBench_DEV_CN_V11,LLaVA-NeXT-8B_Biased_Test,3000826,vcf_only,MCQ,joint_os_center_mask_b0.2_g2.5_t0.2,Joint-CenterMask-OptionShuffle1,joint_center,0.0,4,1,0.0,1,tc_os1_high,2.0,option_shuffle,center,
MMBench_DEV_CN_V11,LLaVA-NeXT-8B_Biased_Test,3000865,vcf_only,MCQ,both_max_center_mask_b0.2_g2.5_t0.2,Visual-CenterMask,visual_center,0.0,4,1,0.0,1,tc_os1_low,2.0,none,center,2
MMBench_DEV_CN_V11,LLaVA-NeXT-8B_Biased_Test,3000866,vcf_only,MCQ,both_max_grayscale_b0.2_g2.5_t0.2,Visual-Grayscale,visual_gray,0.0,5,1,0.0,1,tc_os1_low,2.0,none,gray,3
MMBench_DEV_CN_V11,LLaVA-NeXT-8B_Biased_Test,3000904,tcf_only,MCQ,floor_sci5_ours_aug_b0.1_g2_t0.3,Conservative-2VC2TC,conservative_full,1.0,5,0,,,,,none,none,
MMBench_DEV_CN_V11,LLaVA-NeXT-8B_Biased_Test,3000911,tcf_only,MCQ,floor_sci5_ours_aug_b0.1_g2_t0.3,Conservative-2VC2TC,conservative_full,0.0,5,0,,,,,none,none,
MMBench_DEV_CN_V11,LLaVA-NeXT-8B_Biased_Test,3000914,vcf_only,MCQ,floor_sci5_ours_aug_b0.1_g2_t0.3,Conservative-2VC2TC,conservative_full,1.0,5,0,,,,,none,none,
MMBench_DEV_CN_V11,LLaVA-NeXT-8B_Biased_Test,3000923,vcf_only,MCQ,both_max_center_mask_b0.2_g2.5_t0.2,Visual-CenterMask,visual_center,0.0,5,1,0.0,1,tc_os1_low,2.0,none,center,3
MMBench_DEV_CN_V11,LLaVA-NeXT-8B_Biased_Test,3000975,vcf_only,MCQ,floor_sci5_ours_aug_b0.1_g2_t0.3,Conservative-2VC2TC,conservative_full,0.0,5,0,,,,,none,none,
MMBench_DEV_CN_V11,LLaVA-NeXT-8B_Biased_Test,3000976,vcf_only,MCQ,floor_sci5_ours_aug_b0.1_g2_t0.3,Conservative-2VC2TC,conservative_full,0.0,5,0,,,,,none,none,
MMBench_DEV_CN_V11,LLaVA-NeXT-8B_Biased_Test,3000986,vcf_only,MCQ,floor_sci5_ours_aug_b0.1_g2_t0.3,Conservative-2VC2TC,conservative_full,0.0,5,0,,,,,none,none,
MMBench_DEV_CN_V11,LLaVA-NeXT-8B_Biased_Test,3000991,vcf_only,MCQ,floor_sci5_ours_aug_b0.1_g2_t0.3,Conservative-2VC2TC,conservative_full,0.0,5,0,,,,,none,none,
MMBench_DEV_CN_V11,LLaVA-NeXT-8B_Biased_Test,3001003,vcf_only,MCQ,floor_sci5_ours_aug_b0.1_g2_t0.3,Conservative-2VC2TC,conservative_full,0.0,5,0,,,,,none,none,
MMBench_DEV_CN_V11,LLaVA-NeXT-8B_Biased_Test,3001013,vcf_only,MCQ,both_max_grayscale_b0.2_g2.5_t0.2,Visual-Grayscale,visual_gray,1.0,3,1,0.0,1,tc_os1_low,2.0,none,gray,1
MMBench_DEV_CN_V11,LLaVA-NeXT-8B_Biased_Test,3001015,vcf_only,MCQ,both_max_grayscale_b0.2_g2.5_t0.2,Visual-Grayscale,visual_gray,0.0,3,1,1.0,1,tc_os1_low,1.0,none,gray,1
MMBench_DEV_CN_V11,LLaVA-NeXT-8B_Biased_Test,3001021,both,MCQ,floor_sci5_ours_aug_b0.1_g2_t0.3,Conservative-2VC2TC,conservative_full,0.0,5,0,,,,,none,none,
MMBench_DEV_CN_V11,LLaVA-NeXT-8B_Biased_Test,3001037,both,MCQ,floor_sci5_ours_aug_b0.1_g2_t0.3,Conservative-2VC2TC,conservative_full,1.0,5,0,,,,,none,none,
MMBench_DEV_CN_V11,LLaVA-NeXT-8B_Biased_Test,3001058,tcf_only,MCQ,floor_sci5_ours_aug_b0.1_g2_t0.3,Conservative-2VC2TC,conservative_full,0.0,5,0,,,,,none,none,
MMBench_DEV_CN_V11,LLaVA-NeXT-8B_Biased_Test,3001083,vcf_only,MCQ,floor_sci5_ours_aug_b0.1_g2_t0.3,Conservative-2VC2TC,conservative_full,1.0,5,0,,,,,none,none,
MMBench_DEV_CN_V11,LLaVA-NeXT-8B_Biased_Test,3001187,vcf_only,MCQ,floor_sci5_ours_aug_b0.1_g2_t0.3,Conservative-2VC2TC,conservative_full,1.0,5,0,,,,,none,none,
MMBench_DEV_CN_V11,LLaVA-NeXT-8B_Biased_Test,3001294,tcf_only,MCQ,floor_sci5_ours_aug_b0.1_g2_t0.3,Conservative-2VC2TC,conservative_full,0.0,5,0,,,,,none,none,
MMBench_DEV_CN_V11,LLaVA-NeXT-8B_Biased_Test,3001300,vcf_only,MCQ,floor_sci5_ours_aug_b0.1_g2_t0.3,Conservative-2VC2TC,conservative_full,1.0,5,0,,,,,none,none,
MMBench_DEV_CN_V11,LLaVA-NeXT-8B_Biased_Test,3001338,vcf_only,MCQ,floor_sci5_ours_aug_b0.1_g2_t0.3,Conservative-2VC2TC,conservative_full,0.0,5,1,0.0,1,tc_os1_low,0.0,none,none,
MMBench_DEV_CN_V11,LLaVA-NeXT-8B_Biased_Test,3001425,vcf_only,MCQ,joint_os_center_mask_b0.2_g2.5_t0.2,Joint-CenterMask-OptionShuffle1,joint_center,0.0,4,1,0.0,1,tc_os1_high,2.0,option_shuffle,center,
MMBench_DEV_CN_V11,LLaVA-NeXT-8B_Biased_Test,3001428,vcf_only,MCQ,both_max_grayscale_b0.2_g2.5_t0.2,Visual-Grayscale,visual_gray,1.0,3,1,1.0,1,tc_os1_low,2.0,none,gray,1
MMBench_DEV_CN_V11,LLaVA-NeXT-8B_Biased_Test,3001500,tcf_only,MCQ,floor_sci5_ours_aug_b0.1_g2_t0.3,Conservative-2VC2TC,conservative_full,0.0,5,0,,,,,none,none,
MMBench_DEV_CN_V11,LLaVA-NeXT-8B_Biased_Test,3001532,both,MCQ,floor_sci5_ours_aug_b0.1_g2_t0.3,Conservative-2VC2TC,conservative_full,0.0,5,0,,,,,none,none,
MMBench_DEV_CN_V11,LLaVA-NeXT-8B_Biased_Test,3001538,vcf_only,MCQ,floor_sci5_ours_aug_b0.1_g2_t0.3,Conservative-2VC2TC,conservative_full,0.0,5,0,,,,,none,none,
MMBench_DEV_CN_V11,LLaVA-NeXT-8B_Biased_Test,3001589,tcf_only,MCQ,floor_sci5_ours_aug_b0.1_g2_t0.3,Conservative-2VC2TC,conservative_full,1.0,5,0,,,,,none,none,
MMBench_DEV_CN_V11,LLaVA-NeXT-8B_Biased_Test,3001591,tcf_only,MCQ,floor_sci5_ours_aug_b0.1_g2_t0.3,Conservative-2VC2TC,conservative_full,1.0,5,0,,,,,none,none,
MMBench_DEV_CN_V11,LLaVA-NeXT-8B_Biased_Test,3001602,both,MCQ,floor_sci5_ours_aug_b0.1_g2_t0.3,Conservative-2VC2TC,conservative_full,0.0,5,0,,,,,none,none,
MMBench_DEV_CN_V11,LLaVA-NeXT-8B_Biased_Test,3001632,vcf_only,MCQ,floor_sci5_ours_aug_b0.1_g2_t0.3,Conservative-2VC2TC,conservative_full,0.0,5,0,,,,,none,none,
MMBench_DEV_CN_V11,LLaVA-NeXT-8B_Biased_Test,3001636,tcf_only,MCQ,floor_sci5_ours_aug_b0.1_g2_t0.3,Conservative-2VC2TC,conservative_full,1.0,5,0,,,,,none,none,
MMBench_DEV_CN_V11,LLaVA-NeXT-8B_Biased_Test,3001639,vcf_only,MCQ,floor_sci5_ours_aug_b0.1_g2_t0.3,Conservative-2VC2TC,conservative_full,1.0,5,0,,,,,none,none,
MMBench_DEV_CN_V11,LLaVA-NeXT-8B_Biased_Test,3001642,both,MCQ,floor_sci5_ours_aug_b0.1_g2_t0.3,Conservative-2VC2TC,conservative_full,1.0,5,0,,,,,none,none,
MMBench_DEV_CN_V11,LLaVA-NeXT-8B_Biased_Test,3001658,vcf_only,MCQ,floor_sci5_ours_aug_b0.1_g2_t0.3,Conservative-2VC2TC,conservative_full,0.0,5,0,,,,,none,none,
MMBench_DEV_CN_V11,LLaVA-NeXT-8B_Biased_Test,3001659,tcf_only,MCQ,floor_sci5_ours_aug_b0.1_g2_t0.3,Conservative-2VC2TC,conservative_full,0.0,5,0,,,,,none,none,
MMBench_DEV_CN_V11,LLaVA-NeXT-8B_Biased_Test,3001660,tcf_only,MCQ,floor_sci5_ours_aug_b0.1_g2_t0.3,Conservative-2VC2TC,conservative_full,1.0,5,0,,,,,none,none,
MMBench_DEV_CN_V11,LLaVA-NeXT-8B_Biased_Test,3001668,tcf_only,MCQ,floor_sci5_ours_aug_b0.1_g2_t0.3,Conservative-2VC2TC,conservative_full,1.0,5,0,,,,,none,none,
MMBench_DEV_CN_V11,LLaVA-NeXT-8B_Biased_Test,3001684,vcf_only,MCQ,both_max_grayscale_b0.2_g2.5_t0.2,Visual-Grayscale,visual_gray,0.0,5,1,0.0,1,tc_os1_low,2.0,none,gray,3
MMBench_DEV_CN_V11,LLaVA-NeXT-8B_Biased_Test,3001703,vcf_only,MCQ,floor_sci5_ours_aug_b0.1_g2_t0.3,Conservative-2VC2TC,conservative_full,1.0,5,0,,,,,none,none,
MMBench_DEV_CN_V11,LLaVA-NeXT-8B_Biased_Test,3001707,both,MCQ,floor_sci5_ours_aug_b0.1_g2_t0.3,Conservative-2VC2TC,conservative_full,0.0,5,0,,,,,none,none,
MMBench_DEV_CN_V11,LLaVA-NeXT-8B_Biased_Test,3001712,vcf_only,MCQ,floor_sci5_ours_aug_b0.1_g2_t0.3,Conservative-2VC2TC,conservative_full,1.0,5,0,,,,,none,none,
MMBench_DEV_CN_V11,LLaVA-NeXT-8B_Biased_Test,3001715,both,MCQ,floor_sci5_ours_aug_b0.1_g2_t0.3,Conservative-2VC2TC,conservative_full,1.0,5,0,,,,,none,none,
MMBench_DEV_CN_V11,LLaVA-NeXT-8B_Biased_Test,3001720,tcf_only,MCQ,floor_sci5_ours_aug_b0.1_g2_t0.3,Conservative-2VC2TC,conservative_full,1.0,5,0,,,,,none,none,
MMBench_DEV_CN_V11,LLaVA-NeXT-8B_Biased_Test,3001740,vcf_only,MCQ,floor_sci5_ours_aug_b0.1_g2_t0.3,Conservative-2VC2TC,conservative_full,1.0,5,0,,,,,none,none,
MMBench_DEV_CN_V11,LLaVA-NeXT-8B_Biased_Test,3001741,vcf_only,MCQ,both_max_center_mask_b0.2_g2.5_t0.2,Visual-CenterMask,visual_center,0.0,4,1,0.0,1,tc_os1_low,2.0,none,center,2
MMBench_DEV_CN_V11,LLaVA-NeXT-8B_Biased_Test,3001757,vcf_only,MCQ,floor_sci5_ours_aug_b0.1_g2_t0.3,Conservative-2VC2TC,conservative_full,0.0,5,0,,,,,none,none,
MMBench_DEV_CN_V11,LLaVA-NeXT-8B_Biased_Test,3001760,both,MCQ,floor_sci5_ours_aug_b0.1_g2_t0.3,Conservative-2VC2TC,conservative_full,0.0,5,0,,,,,none,none,
MMBench_DEV_CN_V11,LLaVA-NeXT-8B_Biased_Test,3001762,tcf_only,MCQ,floor_sci5_ours_aug_b0.1_g2_t0.3,Conservative-2VC2TC,conservative_full,0.0,5,0,,,,,none,none,
MMBench_DEV_CN_V11,LLaVA-NeXT-8B_Biased_Test,3001765,tcf_only,MCQ,floor_sci5_ours_aug_b0.1_g2_t0.3,Conservative-2VC2TC,conservative_full,0.0,5,0,,,,,none,none,
MMBench_DEV_CN_V11,LLaVA-NeXT-8B_Biased_Test,3001769,tcf_only,MCQ,floor_sci5_ours_aug_b0.1_g2_t0.3,Conservative-2VC2TC,conservative_full,1.0,5,0,,,,,none,none,
MMBench_DEV_CN_V11,LLaVA-NeXT-8B_Biased_Test,3001772,vcf_only,MCQ,both_max_center_mask_b0.2_g2.5_t0.2,Visual-CenterMask,visual_center,0.0,4,1,1.0,1,tc_os1_low,2.0,none,center,2
MMBench_DEV_CN_V11,LLaVA-NeXT-8B_Biased_Test,3001774,tcf_only,MCQ,floor_sci5_ours_aug_b0.1_g2_t0.3,Conservative-2VC2TC,conservative_full,0.0,5,0,,,,,none,none,
MMBench_DEV_CN_V11,LLaVA-NeXT-8B_Biased_Test,3001842,vcf_only,MCQ,floor_sci5_ours_aug_b0.1_g2_t0.3,Conservative-2VC2TC,conservative_full,0.0,5,0,,,,,none,none,
MMBench_DEV_CN_V11,LLaVA-NeXT-8B_Biased_Test,3001847,vcf_only,MCQ,both_max_grayscale_b0.2_g2.5_t0.2,Visual-Grayscale,visual_gray,0.0,3,1,0.0,1,tc_os1_low,2.0,none,gray,1
MMBench_DEV_CN_V11,LLaVA-NeXT-8B_Biased_Test,3001849,vcf_only,MCQ,floor_sci5_ours_aug_b0.1_g2_t0.3,Conservative-2VC2TC,conservative_full,0.0,5,0,,,,,none,none,
MMBench_DEV_CN_V11,LLaVA-NeXT-8B_Biased_Test,3001854,vcf_only,MCQ,floor_sci5_ours_aug_b0.1_g2_t0.3,Conservative-2VC2TC,conservative_full,0.0,5,0,,,,,none,none,
MMBench_DEV_CN_V11,LLaVA-NeXT-8B_Biased_Test,3001857,vcf_only,MCQ,floor_sci5_ours_aug_b0.1_g2_t0.3,Conservative-2VC2TC,conservative_full,1.0,5,0,,,,,none,none,
MMBench_DEV_CN_V11,LLaVA-NeXT-8B_Biased_Test,3001858,vcf_only,MCQ,both_max_grayscale_b0.2_g2.5_t0.2,Visual-Grayscale,visual_gray,0.0,5,1,0.0,1,tc_os1_low,2.0,none,gray,3
MMBench_DEV_CN_V11,LLaVA-NeXT-8B_Biased_Test,3001867,both,MCQ,floor_sci5_ours_aug_b0.1_g2_t0.3,Conservative-2VC2TC,conservative_full,0.0,5,0,,,,,none,none,
MMBench_DEV_CN_V11,LLaVA-NeXT-8B_Biased_Test,3001875,vcf_only,MCQ,floor_sci5_ours_aug_b0.1_g2_t0.3,Conservative-2VC2TC,conservative_full,0.0,5,0,,,,,none,none,
MMBench_DEV_CN_V11,LLaVA-NeXT-8B_Biased_Test,3001876,tcf_only,MCQ,floor_sci5_ours_aug_b0.1_g2_t0.3,Conservative-2VC2TC,conservative_full,0.0,5,0,,,,,none,none,
MMBench_DEV_CN_V11,LLaVA-NeXT-8B_Biased_Test,3001878,vcf_only,MCQ,floor_sci5_ours_aug_b0.1_g2_t0.3,Conservative-2VC2TC,conservative_full,0.0,5,0,,,,,none,none,
MMBench_DEV_CN_V11,LLaVA-NeXT-8B_Biased_Test,3001879,vcf_only,MCQ,floor_sci5_ours_aug_b0.1_g2_t0.3,Conservative-2VC2TC,conservative_full,0.0,5,0,,,,,none,none,
MMBench_DEV_CN_V11,LLaVA-NeXT-8B_Biased_Test,3001882,vcf_only,MCQ,floor_sci5_ours_aug_b0.1_g2_t0.3,Conservative-2VC2TC,conservative_full,0.0,5,0,,,,,none,none,
MMBench_DEV_CN_V11,LLaVA-NeXT-8B_Biased_Test,3001952,both,MCQ,floor_sci5_ours_aug_b0.1_g2_t0.3,Conservative-2VC2TC,conservative_full,0.0,5,0,,,,,none,none,
MMBench_DEV_CN_V11,LLaVA-NeXT-8B_Biased_Test,3001953,vcf_only,MCQ,both_max_grayscale_b0.2_g2.5_t0.2,Visual-Grayscale,visual_gray,0.0,3,1,0.0,1,tc_os1_low,2.0,none,gray,1
MMBench_DEV_CN_V11,LLaVA-NeXT-8B_Biased_Test,3001967,tcf_only,MCQ,both_max_grayscale_b0.2_g2.5_t0.2,Visual-Grayscale,visual_gray,1.0,3,1,0.0,1,tc_os1_low,1.0,none,gray,1
MMBench_DEV_CN_V11,LLaVA-NeXT-8B_Biased_Test,3001977,tcf_only,MCQ,floor_sci5_ours_aug_b0.1_g2_t0.3,Conservative-2VC2TC,conservative_full,1.0,5,0,,,,,none,none,
MMBench_DEV_CN_V11,LLaVA-NeXT-8B_Biased_Test,3002404,vcf_only,MCQ,floor_sci5_ours_aug_b0.1_g2_t0.3,Conservative-2VC2TC,conservative_full,0.0,5,0,,,,,none,none,
MMBench_DEV_CN_V11,LLaVA-NeXT-8B_Biased_Test,3002624,both,MCQ,floor_sci5_ours_aug_b0.1_g2_t0.3,Conservative-2VC2TC,conservative_full,0.0,5,0,,,,,none,none,
MMBench_DEV_CN_V11,LLaVA-NeXT-8B_Biased_Test,3002637,tcf_only,MCQ,floor_sci5_ours_aug_b0.1_g2_t0.3,Conservative-2VC2TC,conservative_full,1.0,5,0,,,,,none,none,
MMBench_DEV_CN_V11,LLaVA-NeXT-8B_Biased_Test,3002961,vcf_only,MCQ,joint_os_center_mask_b0.2_g2.5_t0.2,Joint-CenterMask-OptionShuffle1,joint_center,0.0,4,1,0.0,1,tc_os1_high,2.0,option_shuffle,center,
MMBench_DEV_CN_V11,LLaVA-NeXT-8B_Biased_Test,3003067,vcf_only,MCQ,both_max_grayscale_b0.2_g2.5_t0.2,Visual-Grayscale,visual_gray,1.0,3,1,0.0,1,tc_os1_low,2.0,none,gray,1
MMBench_DEV_CN_V11,LLaVA-NeXT-8B_Biased_Test,3003068,vcf_only,MCQ,both_max_strong_blur_b0.2_g2.5_t0.2,Visual-StrongBlur,visual_strong,0.0,5,1,0.0,1,tc_os1_low,2.0,none,strong,3
MMBench_DEV_CN_V11,LLaVA-NeXT-8B_Biased_Test,3003079,vcf_only,MCQ,floor_sci5_ours_aug_b0.1_g2_t0.3,Conservative-2VC2TC,conservative_full,0.0,5,0,,,,,none,none,
MMBench_DEV_CN_V11,LLaVA-NeXT-8B_Biased_Test,3003088,vcf_only,MCQ,both_max_center_mask_b0.2_g2.5_t0.2,Visual-CenterMask,visual_center,0.0,4,1,0.0,1,tc_os1_low,2.0,none,center,2
MMBench_DEV_CN_V11,LLaVA-NeXT-8B_Biased_Test,3003128,vcf_only,MCQ,floor_sci5_ours_aug_b0.1_g2_t0.3,Conservative-2VC2TC,conservative_full,0.0,5,0,,,,,none,none,
MMBench_DEV_CN_V11,LLaVA-NeXT-8B_Biased_Test,3003131,vcf_only,MCQ,both_max_center_mask_b0.2_g2.5_t0.2,Visual-CenterMask,visual_center,0.0,4,1,2.0,1,tc_os1_low,2.0,none,center,2
MMBench_DEV_CN_V11,LLaVA-NeXT-8B_Biased_Test,3003166,vcf_only,MCQ,both_max_grayscale_b0.2_g2.5_t0.2,Visual-Grayscale,visual_gray,0.0,5,1,0.0,1,tc_os1_low,2.0,none,gray,3
MMBench_DEV_CN_V11,LLaVA-NeXT-8B_Biased_Test,3003202,vcf_only,MCQ,both_max_center_mask_b0.2_g2.5_t0.2,Visual-CenterMask,visual_center,0.0,4,1,0.0,1,tc_os1_low,1.0,none,center,2
MMBench_DEV_CN_V11,LLaVA-NeXT-8B_Biased_Test,3003210,vcf_only,MCQ,floor_sci5_ours_aug_b0.1_g2_t0.3,Conservative-2VC2TC,conservative_full,0.0,5,0,,,,,none,none,
MMBench_DEV_CN_V11,LLaVA-NeXT-8B_Biased_Test,3003211,vcf_only,MCQ,joint_os_center_mask_b0.2_g2.5_t0.2,Joint-CenterMask-OptionShuffle1,joint_center,0.0,4,1,0.0,1,tc_os1_high,2.0,option_shuffle,center,
MMBench_DEV_CN_V11,LLaVA-NeXT-8B_Biased_Test,3003225,vcf_only,MCQ,joint_os_center_mask_b0.2_g2.5_t0.2,Joint-CenterMask-OptionShuffle1,joint_center,0.0,4,1,0.0,1,tc_os1_high,1.0,option_shuffle,center,
MMBench_DEV_CN_V11,LLaVA-NeXT-8B_Biased_Test,3003242,vcf_only,MCQ,floor_sci5_ours_aug_b0.1_g2_t0.3,Conservative-2VC2TC,conservative_full,0.0,5,0,,,,,none,none,
MMBench_DEV_CN_V11,LLaVA-NeXT-8B_Biased_Test,3003245,both,MCQ,floor_sci5_ours_aug_b0.1_g2_t0.3,Conservative-2VC2TC,conservative_full,1.0,5,0,,,,,none,none,
MMBench_DEV_CN_V11,LLaVA-NeXT-8B_Biased_Test,3003354,vcf_only,MCQ,both_max_grayscale_b0.2_g2.5_t0.2,Visual-Grayscale,visual_gray,0.0,5,1,0.0,1,tc_os1_low,2.0,none,gray,3
MMBench_DEV_CN_V11,LLaVA-NeXT-8B_Biased_Test,3003366,tcf_only,MCQ,floor_sci5_ours_aug_b0.1_g2_t0.3,Conservative-2VC2TC,conservative_full,0.0,5,0,,,,,none,none,
MMBench_DEV_CN_V11,LLaVA-NeXT-8B_Biased_Test,3003372,vcf_only,MCQ,floor_sci5_ours_aug_b0.1_g2_t0.3,Conservative-2VC2TC,conservative_full,0.0,5,0,,,,,none,none,
MMBench_DEV_CN_V11,LLaVA-NeXT-8B_Biased_Test,3003379,vcf_only,MCQ,floor_sci5_ours_aug_b0.1_g2_t0.3,Conservative-2VC2TC,conservative_full,0.0,5,0,,,,,none,none,
MMBench_DEV_CN_V11,LLaVA-NeXT-8B_Biased_Test,3003396,both,MCQ,floor_sci5_ours_aug_b0.1_g2_t0.3,Conservative-2VC2TC,conservative_full,0.0,5,0,,,,,none,none,
MMBench_DEV_CN_V11,LLaVA-NeXT-8B_Biased_Test,3003427,tcf_only,MCQ,floor_sci5_ours_aug_b0.1_g2_t0.3,Conservative-2VC2TC,conservative_full,0.0,5,0,,,,,none,none,
MMBench_DEV_CN_V11,LLaVA-NeXT-8B_Biased_Test,3003436,tcf_only,MCQ,floor_sci5_ours_aug_b0.1_g2_t0.3,Conservative-2VC2TC,conservative_full,1.0,5,0,,,,,none,none,
MMBench_DEV_CN_V11,LLaVA-NeXT-8B_Biased_Test,3003474,vcf_only,MCQ,floor_sci5_ours_aug_b0.1_g2_t0.3,Conservative-2VC2TC,conservative_full,0.0,5,0,,,,,none,none,
MMBench_DEV_CN_V11,LLaVA-NeXT-8B_Biased_Test,3003519,vcf_only,MCQ,floor_sci5_ours_aug_b0.1_g2_t0.3,Conservative-2VC2TC,conservative_full,1.0,5,0,,,,,none,none,
MMBench_DEV_CN_V11,LLaVA-NeXT-8B_Biased_Test,3003556,vcf_only,MCQ,floor_sci5_ours_aug_b0.1_g2_t0.3,Conservative-2VC2TC,conservative_full,0.0,5,0,,,,,none,none,
MMBench_DEV_CN_V11,LLaVA-NeXT-8B_Biased_Test,3003597,tcf_only,MCQ,floor_sci5_ours_aug_b0.1_g2_t0.3,Conservative-2VC2TC,conservative_full,1.0,5,0,,,,,none,none,
MMBench_DEV_CN_V11,LLaVA-NeXT-8B_Biased_Test,3003598,vcf_only,MCQ,floor_sci5_ours_aug_b0.1_g2_t0.3,Conservative-2VC2TC,conservative_full,0.0,5,0,,,,,none,none,
MMBench_DEV_CN_V11,LLaVA-NeXT-8B_Biased_Test,3003601,tcf_only,MCQ,floor_sci5_ours_aug_b0.1_g2_t0.3,Conservative-2VC2TC,conservative_full,0.0,5,0,,,,,none,none,
MMBench_DEV_CN_V11,LLaVA-NeXT-8B_Biased_Test,3003607,vcf_only,MCQ,floor_sci5_ours_aug_b0.1_g2_t0.3,Conservative-2VC2TC,conservative_full,0.0,5,0,,,,,none,none,
MMBench_DEV_CN_V11,LLaVA-NeXT-8B_Biased_Test,3003611,vcf_only,MCQ,floor_sci5_ours_aug_b0.1_g2_t0.3,Conservative-2VC2TC,conservative_full,0.0,5,0,,,,,none,none,
MMBench_DEV_CN_V11,LLaVA-NeXT-8B_Biased_Test,3003619,both,MCQ,floor_sci5_ours_aug_b0.1_g2_t0.3,Conservative-2VC2TC,conservative_full,0.0,5,0,,,,,none,none,
MMBench_DEV_CN_V11,LLaVA-NeXT-8B_Biased_Test,3003625,vcf_only,MCQ,floor_sci5_ours_aug_b0.1_g2_t0.3,Conservative-2VC2TC,conservative_full,1.0,5,0,,,,,none,none,
MMBench_DEV_CN_V11,LLaVA-NeXT-8B_Biased_Test,3003626,vcf_only,MCQ,floor_sci5_ours_aug_b0.1_g2_t0.3,Conservative-2VC2TC,conservative_full,0.0,5,0,,,,,none,none,
MMBench_DEV_CN_V11,LLaVA-NeXT-8B_Biased_Test,3003631,vcf_only,MCQ,floor_sci5_ours_aug_b0.1_g2_t0.3,Conservative-2VC2TC,conservative_full,0.0,5,0,,,,,none,none,
MMBench_DEV_CN_V11,LLaVA-NeXT-8B_Biased_Test,3003633,both,MCQ,floor_sci5_ours_aug_b0.1_g2_t0.3,Conservative-2VC2TC,conservative_full,1.0,5,0,,,,,none,none,
MMBench_DEV_CN_V11,LLaVA-NeXT-8B_Biased_Test,3003639,tcf_only,MCQ,floor_sci5_ours_aug_b0.1_g2_t0.3,Conservative-2VC2TC,conservative_full,0.0,5,0,,,,,none,none,
MMBench_DEV_CN_V11,LLaVA-NeXT-8B_Biased_Test,3003641,tcf_only,MCQ,floor_sci5_ours_aug_b0.1_g2_t0.3,Conservative-2VC2TC,conservative_full,0.0,5,0,,,,,none,none,
MMBench_DEV_CN_V11,LLaVA-NeXT-8B_Biased_Test,3003646,vcf_only,MCQ,floor_sci5_ours_aug_b0.1_g2_t0.3,Conservative-2VC2TC,conservative_full,1.0,5,0,,,,,none,none,
MMBench_DEV_CN_V11,LLaVA-NeXT-8B_Biased_Test,3003653,vcf_only,MCQ,floor_sci5_ours_aug_b0.1_g2_t0.3,Conservative-2VC2TC,conservative_full,1.0,5,0,,,,,none,none,
MMBench_DEV_CN_V11,LLaVA-NeXT-8B_Biased_Test,3003657,tcf_only,MCQ,floor_sci5_ours_aug_b0.1_g2_t0.3,Conservative-2VC2TC,conservative_full,0.0,5,0,,,,,none,none,
MMBench_DEV_CN_V11,LLaVA-NeXT-8B_Biased_Test,3003659,both,MCQ,floor_sci5_ours_aug_b0.1_g2_t0.3,Conservative-2VC2TC,conservative_full,0.0,5,0,,,,,none,none,
MMBench_DEV_CN_V11,LLaVA-NeXT-8B_Biased_Test,3003668,vcf_only,MCQ,floor_sci5_ours_aug_b0.1_g2_t0.3,Conservative-2VC2TC,conservative_full,0.0,5,0,,,,,none,none,
MMBench_DEV_CN_V11,LLaVA-NeXT-8B_Biased_Test,3003672,tcf_only,MCQ,floor_sci5_ours_aug_b0.1_g2_t0.3,Conservative-2VC2TC,conservative_full,0.0,5,0,,,,,none,none,
MMBench_DEV_CN_V11,LLaVA-NeXT-8B_Biased_Test,3003717,vcf_only,MCQ,both_max_grayscale_b0.2_g2.5_t0.2,Visual-Grayscale,visual_gray,0.0,3,1,1.0,1,tc_os1_low,1.0,none,gray,1
MMBench_DEV_CN_V11,LLaVA-NeXT-8B_Biased_Test,3003728,tcf_only,MCQ,floor_sci5_ours_aug_b0.1_g2_t0.3,Conservative-2VC2TC,conservative_full,1.0,5,0,,,,,none,none,
MMBench_DEV_CN_V11,LLaVA-NeXT-8B_Biased_Test,3003740,vcf_only,MCQ,floor_sci5_ours_aug_b0.1_g2_t0.3,Conservative-2VC2TC,conservative_full,0.0,5,0,,,,,none,none,
MMBench_DEV_CN_V11,LLaVA-NeXT-8B_Biased_Test,3003744,vcf_only,MCQ,floor_sci5_ours_aug_b0.1_g2_t0.3,Conservative-2VC2TC,conservative_full,0.0,5,0,,,,,none,none,
MME,LLaVA-NeXT-8B_Biased_Test,2,tcf_only,Oth,Conservative-2VC2TC,Conservative-2VC2TC,conservative_full,1.0,5,0,,,,,none,none,
MME,LLaVA-NeXT-8B_Biased_Test,13,tcf_only,Oth,Conservative-2VC2TC,Conservative-2VC2TC,conservative_full,0.0,5,0,,,,,none,none,
MME,LLaVA-NeXT-8B_Biased_Test,22,tcf_only,Oth,Conservative-2VC2TC,Conservative-2VC2TC,conservative_full,1.0,5,0,,,,,none,none,
MME,LLaVA-NeXT-8B_Biased_Test,43,tcf_only,Oth,Conservative-2VC2TC,Conservative-2VC2TC,conservative_full,0.0,5,0,,,,,none,none,
MME,LLaVA-NeXT-8B_Biased_Test,51,vcf_only,Oth,Joint-CenterMask-QuestionMask,Joint-CenterMask-QuestionMask,joint_center,0.0,4,1,0.0651551410555839,1,tc_qmask,1.0,qmask,center,
MME,LLaVA-NeXT-8B_Biased_Test,57,tcf_only,Oth,Conservative-2VC2TC,Conservative-2VC2TC,conservative_full,0.0,5,0,,,,,none,none,
MME,LLaVA-NeXT-8B_Biased_Test,59,both,Oth,Conservative-2VC2TC,Conservative-2VC2TC,conservative_full,0.0,5,0,,,,,none,none,
MME,LLaVA-NeXT-8B_Biased_Test,64,tcf_only,Oth,Conservative-2VC2TC,Conservative-2VC2TC,conservative_full,1.0,5,0,,,,,none,none,
MME,LLaVA-NeXT-8B_Biased_Test,66,both,Oth,Conservative-2VC2TC,Conservative-2VC2TC,conservative_full,1.0,5,0,,,,,none,none,
MME,LLaVA-NeXT-8B_Biased_Test,67,tcf_only,Oth,Conservative-2VC2TC,Conservative-2VC2TC,conservative_full,0.0,5,0,,,,,none,none,
MME,LLaVA-NeXT-8B_Biased_Test,71,tcf_only,Oth,Conservative-2VC2TC,Conservative-2VC2TC,conservative_full,0.0,5,0,,,,,none,none,
MME,LLaVA-NeXT-8B_Biased_Test,72,tcf_only,Oth,Conservative-2VC2TC,Conservative-2VC2TC,conservative_full,1.0,5,0,,,,,none,none,
MME,LLaVA-NeXT-8B_Biased_Test,73,tcf_only,Oth,Conservative-2VC2TC,Conservative-2VC2TC,conservative_full,0.0,5,0,,,,,none,none,
MME,LLaVA-NeXT-8B_Biased_Test,76,vcf_only,Oth,Conservative-2VC2TC,Conservative-2VC2TC,conservative_full,1.0,5,0,,,,,none,none,
MME,LLaVA-NeXT-8B_Biased_Test,78,tcf_only,Oth,Conservative-2VC2TC,Conservative-2VC2TC,conservative_full,0.0,5,0,,,,,none,none,
MME,LLaVA-NeXT-8B_Biased_Test,79,tcf_only,Oth,Conservative-2VC2TC,Conservative-2VC2TC,conservative_full,0.0,5,0,,,,,none,none,
MME,LLaVA-NeXT-8B_Biased_Test,87,tcf_only,Oth,Conservative-2VC2TC,Conservative-2VC2TC,conservative_full,0.0,5,0,,,,,none,none,
MME,LLaVA-NeXT-8B_Biased_Test,89,both,Oth,Conservative-2VC2TC,Conservative-2VC2TC,conservative_full,0.0,5,0,,,,,none,none,
MME,LLaVA-NeXT-8B_Biased_Test,91,tcf_only,Oth,Conservative-2VC2TC,Conservative-2VC2TC,conservative_full,0.0,5,0,,,,,none,none,
MME,LLaVA-NeXT-8B_Biased_Test,94,tcf_only,Oth,Conservative-2VC2TC,Conservative-2VC2TC,conservative_full,1.0,5,0,,,,,none,none,
MME,LLaVA-NeXT-8B_Biased_Test,111,tcf_only,Oth,Conservative-2VC2TC,Conservative-2VC2TC,conservative_full,0.0,5,0,,,,,none,none,
MME,LLaVA-NeXT-8B_Biased_Test,114,tcf_only,Oth,Conservative-2VC2TC,Conservative-2VC2TC,conservative_full,1.0,5,0,,,,,none,none,
MME,LLaVA-NeXT-8B_Biased_Test,121,vcf_only,Oth,Conservative-2VC2TC,Conservative-2VC2TC,conservative_full,0.0,5,0,,,,,none,none,
MME,LLaVA-NeXT-8B_Biased_Test,123,tcf_only,Oth,Conservative-2VC2TC,Conservative-2VC2TC,conservative_full,0.0,5,0,,,,,none,none,
MME,LLaVA-NeXT-8B_Biased_Test,127,tcf_only,Oth,Conservative-2VC2TC,Conservative-2VC2TC,conservative_full,0.0,5,0,,,,,none,none,
MME,LLaVA-NeXT-8B_Biased_Test,128,tcf_only,Oth,Conservative-2VC2TC,Conservative-2VC2TC,conservative_full,1.0,5,0,,,,,none,none,
MME,LLaVA-NeXT-8B_Biased_Test,136,tcf_only,Oth,Conservative-2VC2TC,Conservative-2VC2TC,conservative_full,1.0,5,0,,,,,none,none,
MME,LLaVA-NeXT-8B_Biased_Test,139,tcf_only,Oth,Conservative-2VC2TC,Conservative-2VC2TC,conservative_full,0.0,5,0,,,,,none,none,
MME,LLaVA-NeXT-8B_Biased_Test,143,both,Oth,Conservative-2VC2TC,Conservative-2VC2TC,conservative_full,0.0,5,0,,,,,none,none,
MME,LLaVA-NeXT-8B_Biased_Test,144,tcf_only,Oth,Conservative-2VC2TC,Conservative-2VC2TC,conservative_full,1.0,5,0,,,,,none,none,
MME,LLaVA-NeXT-8B_Biased_Test,146,tcf_only,Oth,Conservative-2VC2TC,Conservative-2VC2TC,conservative_full,1.0,5,0,,,,,none,none,
MME,LLaVA-NeXT-8B_Biased_Test,149,vcf_only,Oth,Conservative-2VC2TC,Conservative-2VC2TC,conservative_full,0.0,5,0,,,,,none,none,
MME,LLaVA-NeXT-8B_Biased_Test,156,tcf_only,Oth,Conservative-2VC2TC,Conservative-2VC2TC,conservative_full,1.0,5,0,,,,,none,none,
MME,LLaVA-NeXT-8B_Biased_Test,161,tcf_only,Oth,Conservative-2VC2TC,Conservative-2VC2TC,conservative_full,0.0,5,0,,,,,none,none,
MME,LLaVA-NeXT-8B_Biased_Test,166,both,Oth,Conservative-2VC2TC,Conservative-2VC2TC,conservative_full,1.0,5,0,,,,,none,none,
MME,LLaVA-NeXT-8B_Biased_Test,169,both,Oth,Conservative-2VC2TC,Conservative-2VC2TC,conservative_full,0.0,5,0,,,,,none,none,
MME,LLaVA-NeXT-8B_Biased_Test,173,both,Oth,Conservative-2VC2TC,Conservative-2VC2TC,conservative_full,0.0,5,0,,,,,none,none,
MME,LLaVA-NeXT-8B_Biased_Test,174,tcf_only,Oth,Conservative-2VC2TC,Conservative-2VC2TC,conservative_full,1.0,5,0,,,,,none,none,
MME,LLaVA-NeXT-8B_Biased_Test,196,tcf_only,Oth,Conservative-2VC2TC,Conservative-2VC2TC,conservative_full,1.0,5,0,,,,,none,none,
MME,LLaVA-NeXT-8B_Biased_Test,202,tcf_only,Oth,Conservative-2VC2TC,Conservative-2VC2TC,conservative_full,1.0,5,0,,,,,none,none,
MME,LLaVA-NeXT-8B_Biased_Test,203,tcf_only,Oth,Conservative-2VC2TC,Conservative-2VC2TC,conservative_full,0.0,5,0,,,,,none,none,
MME,LLaVA-NeXT-8B_Biased_Test,204,tcf_only,Oth,Conservative-2VC2TC,Conservative-2VC2TC,conservative_full,1.0,5,0,,,,,none,none,
MME,LLaVA-NeXT-8B_Biased_Test,206,tcf_only,Oth,Conservative-2VC2TC,Conservative-2VC2TC,conservative_full,1.0,5,0,,,,,none,none,
MME,LLaVA-NeXT-8B_Biased_Test,208,tcf_only,Oth,Conservative-2VC2TC,Conservative-2VC2TC,conservative_full,1.0,5,0,,,,,none,none,
MME,LLaVA-NeXT-8B_Biased_Test,213,vcf_only,Oth,Conservative-2VC2TC,Conservative-2VC2TC,conservative_full,0.0,5,0,,,,,none,none,
MME,LLaVA-NeXT-8B_Biased_Test,214,tcf_only,Oth,Conservative-2VC2TC,Conservative-2VC2TC,conservative_full,1.0,5,0,,,,,none,none,
MME,LLaVA-NeXT-8B_Biased_Test,216,tcf_only,Oth,Conservative-2VC2TC,Conservative-2VC2TC,conservative_full,1.0,5,0,,,,,none,none,
MME,LLaVA-NeXT-8B_Biased_Test,217,tcf_only,Oth,Conservative-2VC2TC,Conservative-2VC2TC,conservative_full,0.0,5,0,,,,,none,none,
MME,LLaVA-NeXT-8B_Biased_Test,219,tcf_only,Oth,Conservative-2VC2TC,Conservative-2VC2TC,conservative_full,0.0,5,0,,,,,none,none,
MME,LLaVA-NeXT-8B_Biased_Test,224,tcf_only,Oth,Conservative-2VC2TC,Conservative-2VC2TC,conservative_full,1.0,5,0,,,,,none,none,
MME,LLaVA-NeXT-8B_Biased_Test,227,both,Oth,Conservative-2VC2TC,Conservative-2VC2TC,conservative_full,0.0,5,0,,,,,none,none,
MME,LLaVA-NeXT-8B_Biased_Test,231,tcf_only,Oth,Conservative-2VC2TC,Conservative-2VC2TC,conservative_full,0.0,5,0,,,,,none,none,
MME,LLaVA-NeXT-8B_Biased_Test,233,tcf_only,Oth,Conservative-2VC2TC,Conservative-2VC2TC,conservative_full,0.0,5,0,,,,,none,none,
MME,LLaVA-NeXT-8B_Biased_Test,243,both,Oth,Conservative-2VC2TC,Conservative-2VC2TC,conservative_full,0.0,5,0,,,,,none,none,
MME,LLaVA-NeXT-8B_Biased_Test,246,tcf_only,Oth,Conservative-2VC2TC,Conservative-2VC2TC,conservative_full,1.0,5,0,,,,,none,none,
MME,LLaVA-NeXT-8B_Biased_Test,249,vcf_only,Oth,Conservative-2VC2TC,Conservative-2VC2TC,conservative_full,0.0,5,0,,,,,none,none,
MME,LLaVA-NeXT-8B_Biased_Test,254,tcf_only,Oth,Conservative-2VC2TC,Conservative-2VC2TC,conservative_full,1.0,5,0,,,,,none,none,
MME,LLaVA-NeXT-8B_Biased_Test,256,tcf_only,Oth,Conservative-2VC2TC,Conservative-2VC2TC,conservative_full,1.0,5,0,,,,,none,none,
MME,LLaVA-NeXT-8B_Biased_Test,257,tcf_only,Oth,Conservative-2VC2TC,Conservative-2VC2TC,conservative_full,0.0,5,0,,,,,none,none,
MME,LLaVA-NeXT-8B_Biased_Test,259,tcf_only,Oth,Conservative-2VC2TC,Conservative-2VC2TC,conservative_full,0.0,5,0,,,,,none,none,
MME,LLaVA-NeXT-8B_Biased_Test,273,vcf_only,Oth,Conservative-2VC2TC,Conservative-2VC2TC,conservative_full,0.0,5,0,,,,,none,none,
MME,LLaVA-NeXT-8B_Biased_Test,279,tcf_only,Oth,Conservative-2VC2TC,Conservative-2VC2TC,conservative_full,0.0,5,0,,,,,none,none,
MME,LLaVA-NeXT-8B_Biased_Test,282,tcf_only,Oth,Conservative-2VC2TC,Conservative-2VC2TC,conservative_full,1.0,5,0,,,,,none,none,
MME,LLaVA-NeXT-8B_Biased_Test,284,tcf_only,Oth,Conservative-2VC2TC,Conservative-2VC2TC,conservative_full,1.0,5,0,,,,,none,none,
MME,LLaVA-NeXT-8B_Biased_Test,286,tcf_only,Oth,Conservative-2VC2TC,Conservative-2VC2TC,conservative_full,1.0,5,0,,,,,none,none,
MME,LLaVA-NeXT-8B_Biased_Test,288,tcf_only,Oth,Conservative-2VC2TC,Conservative-2VC2TC,conservative_full,1.0,5,0,,,,,none,none,
MME,LLaVA-NeXT-8B_Biased_Test,293,vcf_only,Oth,Conservative-2VC2TC,Conservative-2VC2TC,conservative_full,0.0,5,0,,,,,none,none,
MME,LLaVA-NeXT-8B_Biased_Test,299,tcf_only,Oth,Conservative-2VC2TC,Conservative-2VC2TC,conservative_full,0.0,5,0,,,,,none,none,
MME,LLaVA-NeXT-8B_Biased_Test,306,tcf_only,Oth,Conservative-2VC2TC,Conservative-2VC2TC,conservative_full,1.0,5,0,,,,,none,none,
MME,LLaVA-NeXT-8B_Biased_Test,322,both,Oth,Conservative-2VC2TC,Conservative-2VC2TC,conservative_full,1.0,5,0,,,,,none,none,
MME,LLaVA-NeXT-8B_Biased_Test,324,tcf_only,Oth,Conservative-2VC2TC,Conservative-2VC2TC,conservative_full,1.0,5,0,,,,,none,none,
MME,LLaVA-NeXT-8B_Biased_Test,329,both,Oth,Conservative-2VC2TC,Conservative-2VC2TC,conservative_full,0.0,5,0,,,,,none,none,
MME,LLaVA-NeXT-8B_Biased_Test,331,tcf_only,Oth,Conservative-2VC2TC,Conservative-2VC2TC,conservative_full,0.0,5,0,,,,,none,none,
MME,LLaVA-NeXT-8B_Biased_Test,339,tcf_only,Oth,Conservative-2VC2TC,Conservative-2VC2TC,conservative_full,0.0,5,0,,,,,none,none,
MME,LLaVA-NeXT-8B_Biased_Test,341,tcf_only,Oth,Conservative-2VC2TC,Conservative-2VC2TC,conservative_full,0.0,5,0,,,,,none,none,
MME,LLaVA-NeXT-8B_Biased_Test,343,vcf_only,Oth,Conservative-2VC2TC,Conservative-2VC2TC,conservative_full,0.0,5,0,,,,,none,none,
MME,LLaVA-NeXT-8B_Biased_Test,347,vcf_only,Oth,Conservative-2VC2TC,Conservative-2VC2TC,conservative_full,0.0,5,0,,,,,none,none,
MME,LLaVA-NeXT-8B_Biased_Test,351,both,Oth,Conservative-2VC2TC,Conservative-2VC2TC,conservative_full,0.0,5,0,,,,,none,none,
MME,LLaVA-NeXT-8B_Biased_Test,353,tcf_only,Oth,Conservative-2VC2TC,Conservative-2VC2TC,conservative_full,0.0,5,0,,,,,none,none,
MME,LLaVA-NeXT-8B_Biased_Test,354,tcf_only,Oth,Conservative-2VC2TC,Conservative-2VC2TC,conservative_full,1.0,5,0,,,,,none,none,
MME,LLaVA-NeXT-8B_Biased_Test,361,tcf_only,Oth,Conservative-2VC2TC,Conservative-2VC2TC,conservative_full,0.0,5,0,,,,,none,none,
MME,LLaVA-NeXT-8B_Biased_Test,363,vcf_only,Oth,Conservative-2VC2TC,Conservative-2VC2TC,conservative_full,0.0,5,0,,,,,none,none,
MME,LLaVA-NeXT-8B_Biased_Test,368,tcf_only,Oth,Conservative-2VC2TC,Conservative-2VC2TC,conservative_full,1.0,5,0,,,,,none,none,
MME,LLaVA-NeXT-8B_Biased_Test,372,vcf_only,Oth,Conservative-2VC2TC,Conservative-2VC2TC,conservative_full,1.0,5,0,,,,,none,none,
MME,LLaVA-NeXT-8B_Biased_Test,373,tcf_only,Oth,Conservative-2VC2TC,Conservative-2VC2TC,conservative_full,0.0,5,0,,,,,none,none,
MME,LLaVA-NeXT-8B_Biased_Test,378,tcf_only,Oth,Conservative-2VC2TC,Conservative-2VC2TC,conservative_full,1.0,5,0,,,,,none,none,
MME,LLaVA-NeXT-8B_Biased_Test,379,tcf_only,Oth,Conservative-2VC2TC,Conservative-2VC2TC,conservative_full,0.0,5,0,,,,,none,none,
MME,LLaVA-NeXT-8B_Biased_Test,382,tcf_only,Oth,Conservative-2VC2TC,Conservative-2VC2TC,conservative_full,1.0,5,0,,,,,none,none,
MME,LLaVA-NeXT-8B_Biased_Test,383,tcf_only,Oth,Conservative-2VC2TC,Conservative-2VC2TC,conservative_full,0.0,5,0,,,,,none,none,
MME,LLaVA-NeXT-8B_Biased_Test,388,tcf_only,Oth,Conservative-2VC2TC,Conservative-2VC2TC,conservative_full,1.0,5,0,,,,,none,none,
MME,LLaVA-NeXT-8B_Biased_Test,392,tcf_only,Oth,Conservative-2VC2TC,Conservative-2VC2TC,conservative_full,1.0,5,0,,,,,none,none,
MME,LLaVA-NeXT-8B_Biased_Test,394,tcf_only,Oth,Conservative-2VC2TC,Conservative-2VC2TC,conservative_full,1.0,5,0,,,,,none,none,
MME,LLaVA-NeXT-8B_Biased_Test,396,tcf_only,Oth,Conservative-2VC2TC,Conservative-2VC2TC,conservative_full,0.0,5,0,,,,,none,none,
MME,LLaVA-NeXT-8B_Biased_Test,398,tcf_only,Oth,Conservative-2VC2TC,Conservative-2VC2TC,conservative_full,1.0,5,0,,,,,none,none,
MME,LLaVA-NeXT-8B_Biased_Test,399,tcf_only,Oth,Conservative-2VC2TC,Conservative-2VC2TC,conservative_full,0.0,5,0,,,,,none,none,
MME,LLaVA-NeXT-8B_Biased_Test,402,tcf_only,Oth,Conservative-2VC2TC,Conservative-2VC2TC,conservative_full,1.0,5,0,,,,,none,none,
MME,LLaVA-NeXT-8B_Biased_Test,407,vcf_only,Oth,Visual-CenterMask,Visual-CenterMask,visual_center,0.0,5,1,0.0429493002593517,1,tc_qmask,2.0,none,center,3
MME,LLaVA-NeXT-8B_Biased_Test,408,tcf_only,Oth,Conservative-2VC2TC,Conservative-2VC2TC,conservative_full,1.0,5,0,,,,,none,none,
MME,LLaVA-NeXT-8B_Biased_Test,411,vcf_only,Oth,Conservative-2VC2TC,Conservative-2VC2TC,conservative_full,0.0,5,0,,,,,none,none,
MME,LLaVA-NeXT-8B_Biased_Test,413,tcf_only,Oth,Conservative-2VC2TC,Conservative-2VC2TC,conservative_full,0.0,5,0,,,,,none,none,
MME,LLaVA-NeXT-8B_Biased_Test,416,tcf_only,Oth,Conservative-2VC2TC,Conservative-2VC2TC,conservative_full,0.0,5,0,,,,,none,none,
MME,LLaVA-NeXT-8B_Biased_Test,419,vcf_only,Oth,Conservative-2VC2TC,Conservative-2VC2TC,conservative_full,0.0,5,0,,,,,none,none,
MME,LLaVA-NeXT-8B_Biased_Test,422,tcf_only,Oth,Conservative-2VC2TC,Conservative-2VC2TC,conservative_full,1.0,5,0,,,,,none,none,
MME,LLaVA-NeXT-8B_Biased_Test,427,tcf_only,Oth,Conservative-2VC2TC,Conservative-2VC2TC,conservative_full,0.0,5,0,,,,,none,none,
MME,LLaVA-NeXT-8B_Biased_Test,428,tcf_only,Oth,Conservative-2VC2TC,Conservative-2VC2TC,conservative_full,1.0,5,0,,,,,none,none,
MME,LLaVA-NeXT-8B_Biased_Test,431,tcf_only,Oth,Conservative-2VC2TC,Conservative-2VC2TC,conservative_full,0.0,5,0,,,,,none,none,
MME,LLaVA-NeXT-8B_Biased_Test,458,tcf_only,Oth,Conservative-2VC2TC,Conservative-2VC2TC,conservative_full,1.0,5,0,,,,,none,none,
MME,LLaVA-NeXT-8B_Biased_Test,462,tcf_only,Oth,Conservative-2VC2TC,Conservative-2VC2TC,conservative_full,1.0,5,0,,,,,none,none,
MME,LLaVA-NeXT-8B_Biased_Test,468,tcf_only,Oth,Conservative-2VC2TC,Conservative-2VC2TC,conservative_full,1.0,5,0,,,,,none,none,
MME,LLaVA-NeXT-8B_Biased_Test,472,both,Oth,Conservative-2VC2TC,Conservative-2VC2TC,conservative_full,1.0,5,0,,,,,none,none,
MME,LLaVA-NeXT-8B_Biased_Test,474,tcf_only,Oth,Conservative-2VC2TC,Conservative-2VC2TC,conservative_full,1.0,5,0,,,,,none,none,
MME,LLaVA-NeXT-8B_Biased_Test,478,both,Oth,Conservative-2VC2TC,Conservative-2VC2TC,conservative_full,1.0,5,0,,,,,none,none,
MME,LLaVA-NeXT-8B_Biased_Test,481,tcf_only,Oth,Conservative-2VC2TC,Conservative-2VC2TC,conservative_full,0.0,5,0,,,,,none,none,
MME,LLaVA-NeXT-8B_Biased_Test,486,tcf_only,Oth,Conservative-2VC2TC,Conservative-2VC2TC,conservative_full,1.0,5,0,,,,,none,none,
MME,LLaVA-NeXT-8B_Biased_Test,491,tcf_only,Oth,Conservative-2VC2TC,Conservative-2VC2TC,conservative_full,0.0,5,0,,,,,none,none,
MME,LLaVA-NeXT-8B_Biased_Test,492,tcf_only,Oth,Conservative-2VC2TC,Conservative-2VC2TC,conservative_full,1.0,5,0,,,,,none,none,
MME,LLaVA-NeXT-8B_Biased_Test,498,tcf_only,Oth,Conservative-2VC2TC,Conservative-2VC2TC,conservative_full,1.0,5,0,,,,,none,none,
MME,LLaVA-NeXT-8B_Biased_Test,502,both,Oth,Conservative-2VC2TC,Conservative-2VC2TC,conservative_full,1.0,5,0,,,,,none,none,
MME,LLaVA-NeXT-8B_Biased_Test,504,tcf_only,Oth,Conservative-2VC2TC,Conservative-2VC2TC,conservative_full,0.0,5,0,,,,,none,none,
MME,LLaVA-NeXT-8B_Biased_Test,514,both,Oth,Conservative-2VC2TC,Conservative-2VC2TC,conservative_full,1.0,5,0,,,,,none,none,
MME,LLaVA-NeXT-8B_Biased_Test,516,both,Oth,Conservative-2VC2TC,Conservative-2VC2TC,conservative_full,1.0,5,0,,,,,none,none,
MME,LLaVA-NeXT-8B_Biased_Test,526,both,Oth,Conservative-2VC2TC,Conservative-2VC2TC,conservative_full,1.0,5,0,,,,,none,none,
MME,LLaVA-NeXT-8B_Biased_Test,528,both,Oth,Conservative-2VC2TC,Conservative-2VC2TC,conservative_full,1.0,5,0,,,,,none,none,
MME,LLaVA-NeXT-8B_Biased_Test,532,both,Oth,Conservative-2VC2TC,Conservative-2VC2TC,conservative_full,1.0,5,0,,,,,none,none,
MME,LLaVA-NeXT-8B_Biased_Test,534,tcf_only,Oth,Conservative-2VC2TC,Conservative-2VC2TC,conservative_full,1.0,5,0,,,,,none,none,
MME,LLaVA-NeXT-8B_Biased_Test,542,tcf_only,Oth,Conservative-2VC2TC,Conservative-2VC2TC,conservative_full,1.0,5,0,,,,,none,none,
MME,LLaVA-NeXT-8B_Biased_Test,544,tcf_only,Oth,Conservative-2VC2TC,Conservative-2VC2TC,conservative_full,1.0,5,0,,,,,none,none,
MME,LLaVA-NeXT-8B_Biased_Test,548,both,Oth,Conservative-2VC2TC,Conservative-2VC2TC,conservative_full,1.0,5,0,,,,,none,none,
MME,LLaVA-NeXT-8B_Biased_Test,552,both,Oth,Conservative-2VC2TC,Conservative-2VC2TC,conservative_full,1.0,5,0,,,,,none,none,
MME,LLaVA-NeXT-8B_Biased_Test,556,tcf_only,Oth,Conservative-2VC2TC,Conservative-2VC2TC,conservative_full,1.0,5,0,,,,,none,none,
MME,LLaVA-NeXT-8B_Biased_Test,562,both,Oth,Conservative-2VC2TC,Conservative-2VC2TC,conservative_full,0.0,5,0,,,,,none,none,
MME,LLaVA-NeXT-8B_Biased_Test,563,tcf_only,Oth,Conservative-2VC2TC,Conservative-2VC2TC,conservative_full,0.0,5,0,,,,,none,none,
MME,LLaVA-NeXT-8B_Biased_Test,564,both,Oth,Conservative-2VC2TC,Conservative-2VC2TC,conservative_full,1.0,5,0,,,,,none,none,
MME,LLaVA-NeXT-8B_Biased_Test,574,tcf_only,Oth,Conservative-2VC2TC,Conservative-2VC2TC,conservative_full,1.0,5,0,,,,,none,none,
MME,LLaVA-NeXT-8B_Biased_Test,576,tcf_only,Oth,Conservative-2VC2TC,Conservative-2VC2TC,conservative_full,1.0,5,0,,,,,none,none,
MME,LLaVA-NeXT-8B_Biased_Test,578,both,Oth,Conservative-2VC2TC,Conservative-2VC2TC,conservative_full,1.0,5,0,,,,,none,none,
MME,LLaVA-NeXT-8B_Biased_Test,584,both,Oth,Conservative-2VC2TC,Conservative-2VC2TC,conservative_full,1.0,5,0,,,,,none,none,
MME,LLaVA-NeXT-8B_Biased_Test,586,both,Oth,Conservative-2VC2TC,Conservative-2VC2TC,conservative_full,1.0,5,0,,,,,none,none,
MME,LLaVA-NeXT-8B_Biased_Test,588,tcf_only,Oth,Conservative-2VC2TC,Conservative-2VC2TC,conservative_full,1.0,5,0,,,,,none,none,
MME,LLaVA-NeXT-8B_Biased_Test,593,tcf_only,Oth,Conservative-2VC2TC,Conservative-2VC2TC,conservative_full,0.0,5,0,,,,,none,none,
MME,LLaVA-NeXT-8B_Biased_Test,594,tcf_only,Oth,Conservative-2VC2TC,Conservative-2VC2TC,conservative_full,1.0,5,0,,,,,none,none,
MME,LLaVA-NeXT-8B_Biased_Test,596,both,Oth,Conservative-2VC2TC,Conservative-2VC2TC,conservative_full,1.0,5,0,,,,,none,none,
MME,LLaVA-NeXT-8B_Biased_Test,598,both,Oth,Conservative-2VC2TC,Conservative-2VC2TC,conservative_full,1.0,5,0,,,,,none,none,
MME,LLaVA-NeXT-8B_Biased_Test,602,both,Oth,Conservative-2VC2TC,Conservative-2VC2TC,conservative_full,1.0,5,0,,,,,none,none,
MME,LLaVA-NeXT-8B_Biased_Test,608,both,Oth,Conservative-2VC2TC,Conservative-2VC2TC,conservative_full,1.0,5,0,,,,,none,none,
MME,LLaVA-NeXT-8B_Biased_Test,614,both,Oth,Conservative-2VC2TC,Conservative-2VC2TC,conservative_full,1.0,5,0,,,,,none,none,
MME,LLaVA-NeXT-8B_Biased_Test,616,both,Oth,Joint-StrongBlur-QuestionMask,Joint-StrongBlur-QuestionMask,joint_strong,1.0,4,1,0.0650137215852737,1,tc_qmask,2.0,qmask,strong,
MME,LLaVA-NeXT-8B_Biased_Test,618,tcf_only,Oth,Conservative-2VC2TC,Conservative-2VC2TC,conservative_full,1.0,5,0,,,,,none,none,
MME,LLaVA-NeXT-8B_Biased_Test,619,tcf_only,Oth,Conservative-2VC2TC,Conservative-2VC2TC,conservative_full,0.0,5,0,,,,,none,none,
MME,LLaVA-NeXT-8B_Biased_Test,621,tcf_only,Oth,Conservative-2VC2TC,Conservative-2VC2TC,conservative_full,0.0,5,0,,,,,none,none,
MME,LLaVA-NeXT-8B_Biased_Test,622,tcf_only,Oth,Conservative-2VC2TC,Conservative-2VC2TC,conservative_full,1.0,5,0,,,,,none,none,
MME,LLaVA-NeXT-8B_Biased_Test,623,tcf_only,Oth,Conservative-2VC2TC,Conservative-2VC2TC,conservative_full,0.0,5,0,,,,,none,none,
MME,LLaVA-NeXT-8B_Biased_Test,628,tcf_only,Oth,Conservative-2VC2TC,Conservative-2VC2TC,conservative_full,1.0,5,0,,,,,none,none,
MME,LLaVA-NeXT-8B_Biased_Test,632,tcf_only,Oth,Conservative-2VC2TC,Conservative-2VC2TC,conservative_full,1.0,5,0,,,,,none,none,
MME,LLaVA-NeXT-8B_Biased_Test,634,tcf_only,Oth,Conservative-2VC2TC,Conservative-2VC2TC,conservative_full,1.0,5,0,,,,,none,none,
MME,LLaVA-NeXT-8B_Biased_Test,636,both,Oth,Conservative-2VC2TC,Conservative-2VC2TC,conservative_full,1.0,5,0,,,,,none,none,
MME,LLaVA-NeXT-8B_Biased_Test,642,tcf_only,Oth,Conservative-2VC2TC,Conservative-2VC2TC,conservative_full,1.0,5,0,,,,,none,none,
MME,LLaVA-NeXT-8B_Biased_Test,646,tcf_only,Oth,Conservative-2VC2TC,Conservative-2VC2TC,conservative_full,1.0,5,0,,,,,none,none,
MME,LLaVA-NeXT-8B_Biased_Test,652,tcf_only,Oth,Conservative-2VC2TC,Conservative-2VC2TC,conservative_full,1.0,5,0,,,,,none,none,
MME,LLaVA-NeXT-8B_Biased_Test,654,tcf_only,Oth,Conservative-2VC2TC,Conservative-2VC2TC,conservative_full,1.0,5,0,,,,,none,none,
MME,LLaVA-NeXT-8B_Biased_Test,656,tcf_only,Oth,Conservative-2VC2TC,Conservative-2VC2TC,conservative_full,1.0,5,0,,,,,none,none,
MME,LLaVA-NeXT-8B_Biased_Test,658,both,Oth,Conservative-2VC2TC,Conservative-2VC2TC,conservative_full,1.0,5,0,,,,,none,none,
MME,LLaVA-NeXT-8B_Biased_Test,661,tcf_only,Oth,Conservative-2VC2TC,Conservative-2VC2TC,conservative_full,0.0,5,0,,,,,none,none,
MME,LLaVA-NeXT-8B_Biased_Test,662,tcf_only,Oth,Conservative-2VC2TC,Conservative-2VC2TC,conservative_full,1.0,5,0,,,,,none,none,
MME,LLaVA-NeXT-8B_Biased_Test,664,vcf_only,Oth,Visual-StrongBlur,Visual-StrongBlur,visual_strong,0.0,5,1,0.0493369400501251,1,tc_qmask,2.0,none,strong,3
MME,LLaVA-NeXT-8B_Biased_Test,666,vcf_only,Oth,Conservative-2VC2TC,Conservative-2VC2TC,conservative_full,1.0,5,0,,,,,none,none,
MME,LLaVA-NeXT-8B_Biased_Test,668,both,Oth,Conservative-2VC2TC,Conservative-2VC2TC,conservative_full,0.0,5,0,,,,,none,none,
MME,LLaVA-NeXT-8B_Biased_Test,672,both,Oth,Conservative-2VC2TC,Conservative-2VC2TC,conservative_full,1.0,5,0,,,,,none,none,
MME,LLaVA-NeXT-8B_Biased_Test,674,tcf_only,Oth,Conservative-2VC2TC,Conservative-2VC2TC,conservative_full,1.0,5,0,,,,,none,none,
MME,LLaVA-NeXT-8B_Biased_Test,684,tcf_only,Oth,Conservative-2VC2TC,Conservative-2VC2TC,conservative_full,1.0,5,0,,,,,none,none,
MME,LLaVA-NeXT-8B_Biased_Test,696,both,Oth,Conservative-2VC2TC,Conservative-2VC2TC,conservative_full,1.0,5,0,,,,,none,none,
MME,LLaVA-NeXT-8B_Biased_Test,698,tcf_only,Oth,Conservative-2VC2TC,Conservative-2VC2TC,conservative_full,1.0,5,0,,,,,none,none,
MME,LLaVA-NeXT-8B_Biased_Test,702,both,Oth,Visual-Grayscale,Visual-Grayscale,visual_gray,0.0,3,1,0.0544447749853134,1,tc_qmask,2.0,none,gray,1
MME,LLaVA-NeXT-8B_Biased_Test,706,tcf_only,Oth,Conservative-2VC2TC,Conservative-2VC2TC,conservative_full,1.0,5,0,,,,,none,none,
MME,LLaVA-NeXT-8B_Biased_Test,708,tcf_only,Oth,Conservative-2VC2TC,Conservative-2VC2TC,conservative_full,1.0,5,0,,,,,none,none,
MME,LLaVA-NeXT-8B_Biased_Test,714,tcf_only,Oth,Conservative-2VC2TC,Conservative-2VC2TC,conservative_full,1.0,5,0,,,,,none,none,
MME,LLaVA-NeXT-8B_Biased_Test,718,both,Oth,Conservative-2VC2TC,Conservative-2VC2TC,conservative_full,1.0,5,0,,,,,none,none,
MME,LLaVA-NeXT-8B_Biased_Test,724,both,Oth,Conservative-2VC2TC,Conservative-2VC2TC,conservative_full,1.0,5,0,,,,,none,none,
MME,LLaVA-NeXT-8B_Biased_Test,736,tcf_only,Oth,Conservative-2VC2TC,Conservative-2VC2TC,conservative_full,1.0,5,0,,,,,none,none,
MME,LLaVA-NeXT-8B_Biased_Test,738,both,Oth,Conservative-2VC2TC,Conservative-2VC2TC,conservative_full,1.0,5,0,,,,,none,none,
MME,LLaVA-NeXT-8B_Biased_Test,741,tcf_only,Oth,Conservative-2VC2TC,Conservative-2VC2TC,conservative_full,0.0,5,0,,,,,none,none,
MME,LLaVA-NeXT-8B_Biased_Test,742,both,Oth,Visual-StrongBlur,Visual-StrongBlur,visual_strong,0.0,5,1,0.0483829751610755,1,tc_qmask,2.0,none,strong,3
MME,LLaVA-NeXT-8B_Biased_Test,747,tcf_only,Oth,Conservative-2VC2TC,Conservative-2VC2TC,conservative_full,0.0,5,0,,,,,none,none,
MME,LLaVA-NeXT-8B_Biased_Test,751,tcf_only,Oth,Conservative-2VC2TC,Conservative-2VC2TC,conservative_full,0.0,5,0,,,,,none,none,
MME,LLaVA-NeXT-8B_Biased_Test,752,both,Oth,Conservative-2VC2TC,Conservative-2VC2TC,conservative_full,1.0,5,0,,,,,none,none,
MME,LLaVA-NeXT-8B_Biased_Test,754,both,Oth,Conservative-2VC2TC,Conservative-2VC2TC,conservative_full,1.0,5,0,,,,,none,none,
MME,LLaVA-NeXT-8B_Biased_Test,756,tcf_only,Oth,Conservative-2VC2TC,Conservative-2VC2TC,conservative_full,1.0,5,0,,,,,none,none,
MME,LLaVA-NeXT-8B_Biased_Test,758,tcf_only,Oth,Conservative-2VC2TC,Conservative-2VC2TC,conservative_full,1.0,5,0,,,,,none,none,
MME,LLaVA-NeXT-8B_Biased_Test,764,tcf_only,Oth,Conservative-2VC2TC,Conservative-2VC2TC,conservative_full,1.0,5,0,,,,,none,none,
MME,LLaVA-NeXT-8B_Biased_Test,766,both,Oth,Joint-CenterMask-QuestionMask,Joint-CenterMask-QuestionMask,joint_center,0.0,4,1,0.1003852635622024,1,tc_qmask,2.0,qmask,center,
MME,LLaVA-NeXT-8B_Biased_Test,767,tcf_only,Oth,Conservative-2VC2TC,Conservative-2VC2TC,conservative_full,0.0,5,0,,,,,none,none,
MME,LLaVA-NeXT-8B_Biased_Test,768,both,Oth,Visual-StrongBlur,Visual-StrongBlur,visual_strong,0.0,5,1,0.0529225245118141,1,tc_qmask,2.0,none,strong,3
MME,LLaVA-NeXT-8B_Biased_Test,774,tcf_only,Oth,Conservative-2VC2TC,Conservative-2VC2TC,conservative_full,1.0,5,0,,,,,none,none,
MME,LLaVA-NeXT-8B_Biased_Test,776,tcf_only,Oth,Conservative-2VC2TC,Conservative-2VC2TC,conservative_full,1.0,5,0,,,,,none,none,
MME,LLaVA-NeXT-8B_Biased_Test,778,both,Oth,Conservative-2VC2TC,Conservative-2VC2TC,conservative_full,1.0,5,0,,,,,none,none,
MME,LLaVA-NeXT-8B_Biased_Test,781,tcf_only,Oth,Conservative-2VC2TC,Conservative-2VC2TC,conservative_full,0.0,5,0,,,,,none,none,
MME,LLaVA-NeXT-8B_Biased_Test,782,both,Oth,Conservative-2VC2TC,Conservative-2VC2TC,conservative_full,1.0,5,0,,,,,none,none,
MME,LLaVA-NeXT-8B_Biased_Test,784,both,Oth,Conservative-2VC2TC,Conservative-2VC2TC,conservative_full,1.0,5,0,,,,,none,none,
MME,LLaVA-NeXT-8B_Biased_Test,786,tcf_only,Oth,Conservative-2VC2TC,Conservative-2VC2TC,conservative_full,1.0,5,0,,,,,none,none,
MME,LLaVA-NeXT-8B_Biased_Test,787,tcf_only,Oth,Conservative-2VC2TC,Conservative-2VC2TC,conservative_full,0.0,5,0,,,,,none,none,
MME,LLaVA-NeXT-8B_Biased_Test,788,tcf_only,Oth,Conservative-2VC2TC,Conservative-2VC2TC,conservative_full,1.0,5,0,,,,,none,none,
MME,LLaVA-NeXT-8B_Biased_Test,789,both,Oth,Conservative-2VC2TC,Conservative-2VC2TC,conservative_full,0.0,5,0,,,,,none,none,
MME,LLaVA-NeXT-8B_Biased_Test,792,both,Oth,Conservative-2VC2TC,Conservative-2VC2TC,conservative_full,1.0,5,0,,,,,none,none,
MME,LLaVA-NeXT-8B_Biased_Test,793,tcf_only,Oth,Conservative-2VC2TC,Conservative-2VC2TC,conservative_full,0.0,5,0,,,,,none,none,
MME,LLaVA-NeXT-8B_Biased_Test,794,both,Oth,Conservative-2VC2TC,Conservative-2VC2TC,conservative_full,1.0,5,0,,,,,none,none,
MME,LLaVA-NeXT-8B_Biased_Test,796,both,Oth,Conservative-2VC2TC,Conservative-2VC2TC,conservative_full,1.0,5,0,,,,,none,none,
MME,LLaVA-NeXT-8B_Biased_Test,797,both,Oth,Conservative-2VC2TC,Conservative-2VC2TC,conservative_full,0.0,5,0,,,,,none,none,
MME,LLaVA-NeXT-8B_Biased_Test,798,tcf_only,Oth,Conservative-2VC2TC,Conservative-2VC2TC,conservative_full,1.0,5,0,,,,,none,none,
MME,LLaVA-NeXT-8B_Biased_Test,799,both,Oth,Conservative-2VC2TC,Conservative-2VC2TC,conservative_full,0.0,5,0,,,,,none,none,
MME,LLaVA-NeXT-8B_Biased_Test,801,both,Oth,Conservative-2VC2TC,Conservative-2VC2TC,conservative_full,0.0,5,0,,,,,none,none,
MME,LLaVA-NeXT-8B_Biased_Test,802,both,Oth,Conservative-2VC2TC,Conservative-2VC2TC,conservative_full,1.0,5,0,,,,,none,none,
MME,LLaVA-NeXT-8B_Biased_Test,804,both,Oth,Conservative-2VC2TC,Conservative-2VC2TC,conservative_full,0.0,5,0,,,,,none,none,
MME,LLaVA-NeXT-8B_Biased_Test,806,tcf_only,Oth,Conservative-2VC2TC,Conservative-2VC2TC,conservative_full,1.0,5,0,,,,,none,none,
MME,LLaVA-NeXT-8B_Biased_Test,807,both,Oth,Conservative-2VC2TC,Conservative-2VC2TC,conservative_full,0.0,5,0,,,,,none,none,
MME,LLaVA-NeXT-8B_Biased_Test,808,tcf_only,Oth,Conservative-2VC2TC,Conservative-2VC2TC,conservative_full,1.0,5,0,,,,,none,none,
MME,LLaVA-NeXT-8B_Biased_Test,809,tcf_only,Oth,Conservative-2VC2TC,Conservative-2VC2TC,conservative_full,0.0,5,0,,,,,none,none,
MME,LLaVA-NeXT-8B_Biased_Test,812,tcf_only,Oth,Conservative-2VC2TC,Conservative-2VC2TC,conservative_full,1.0,5,0,,,,,none,none,
MME,LLaVA-NeXT-8B_Biased_Test,814,both,Oth,Conservative-2VC2TC,Conservative-2VC2TC,conservative_full,1.0,5,0,,,,,none,none,
MME,LLaVA-NeXT-8B_Biased_Test,816,tcf_only,Oth,Conservative-2VC2TC,Conservative-2VC2TC,conservative_full,1.0,5,0,,,,,none,none,
MME,LLaVA-NeXT-8B_Biased_Test,818,both,Oth,Conservative-2VC2TC,Conservative-2VC2TC,conservative_full,1.0,5,0,,,,,none,none,
MME,LLaVA-NeXT-8B_Biased_Test,851,tcf_only,Oth,Conservative-2VC2TC,Conservative-2VC2TC,conservative_full,0.0,5,0,,,,,none,none,
MME,LLaVA-NeXT-8B_Biased_Test,861,tcf_only,Oth,Conservative-2VC2TC,Conservative-2VC2TC,conservative_full,0.0,5,0,,,,,none,none,
MME,LLaVA-NeXT-8B_Biased_Test,881,both,Oth,Conservative-2VC2TC,Conservative-2VC2TC,conservative_full,0.0,5,0,,,,,none,none,
MME,LLaVA-NeXT-8B_Biased_Test,884,vcf_only,Oth,Conservative-2VC2TC,Conservative-2VC2TC,conservative_full,0.0,5,0,,,,,none,none,
MME,LLaVA-NeXT-8B_Biased_Test,887,tcf_only,Oth,Conservative-2VC2TC,Conservative-2VC2TC,conservative_full,0.0,5,0,,,,,none,none,
MME,LLaVA-NeXT-8B_Biased_Test,888,tcf_only,Oth,Conservative-2VC2TC,Conservative-2VC2TC,conservative_full,0.0,5,0,,,,,none,none,
MME,LLaVA-NeXT-8B_Biased_Test,889,tcf_only,Oth,Conservative-2VC2TC,Conservative-2VC2TC,conservative_full,0.0,5,0,,,,,none,none,
MME,LLaVA-NeXT-8B_Biased_Test,892,both,Oth,Conservative-2VC2TC,Conservative-2VC2TC,conservative_full,1.0,5,0,,,,,none,none,
MME,LLaVA-NeXT-8B_Biased_Test,894,tcf_only,Oth,Joint-CenterMask-QuestionMask,Joint-CenterMask-QuestionMask,joint_center,0.0,4,1,0.1204849928617477,1,tc_qmask,2.0,qmask,center,
MME,LLaVA-NeXT-8B_Biased_Test,896,both,Oth,Joint-CenterMask-QuestionMask,Joint-CenterMask-QuestionMask,joint_center,0.0,4,1,0.1256344318389892,1,tc_qmask,2.0,qmask,center,
MME,LLaVA-NeXT-8B_Biased_Test,907,both,Oth,Conservative-2VC2TC,Conservative-2VC2TC,conservative_full,1.0,5,0,,,,,none,none,
MME,LLaVA-NeXT-8B_Biased_Test,908,both,Oth,Conservative-2VC2TC,Conservative-2VC2TC,conservative_full,0.0,5,0,,,,,none,none,
MME,LLaVA-NeXT-8B_Biased_Test,911,tcf_only,Oth,Conservative-2VC2TC,Conservative-2VC2TC,conservative_full,0.0,5,0,,,,,none,none,
MME,LLaVA-NeXT-8B_Biased_Test,919,tcf_only,Oth,Conservative-2VC2TC,Conservative-2VC2TC,conservative_full,0.0,5,0,,,,,none,none,
MME,LLaVA-NeXT-8B_Biased_Test,924,both,Oth,Conservative-2VC2TC,Conservative-2VC2TC,conservative_full,1.0,5,0,,,,,none,none,
MME,LLaVA-NeXT-8B_Biased_Test,926,both,Oth,Joint-CenterMask-QuestionMask,Joint-CenterMask-QuestionMask,joint_center,0.0,4,1,0.1663381457328796,1,tc_qmask,2.0,qmask,center,
MME,LLaVA-NeXT-8B_Biased_Test,937,tcf_only,Oth,Conservative-2VC2TC,Conservative-2VC2TC,conservative_full,0.0,5,0,,,,,none,none,
MME,LLaVA-NeXT-8B_Biased_Test,938,vcf_only,Oth,Conservative-2VC2TC,Conservative-2VC2TC,conservative_full,0.0,5,0,,,,,none,none,
MME,LLaVA-NeXT-8B_Biased_Test,943,vcf_only,Oth,Visual-Grayscale,Visual-Grayscale,visual_gray,0.0,5,1,0.0282098352909088,1,tc_qmask,2.0,none,gray,3
MME,LLaVA-NeXT-8B_Biased_Test,944,tcf_only,Oth,Conservative-2VC2TC,Conservative-2VC2TC,conservative_full,1.0,5,0,,,,,none,none,
MME,LLaVA-NeXT-8B_Biased_Test,946,tcf_only,Oth,Conservative-2VC2TC,Conservative-2VC2TC,conservative_full,1.0,5,0,,,,,none,none,
MME,LLaVA-NeXT-8B_Biased_Test,948,both,Oth,Conservative-2VC2TC,Conservative-2VC2TC,conservative_full,1.0,5,0,,,,,none,none,
MME,LLaVA-NeXT-8B_Biased_Test,949,both,Oth,Conservative-2VC2TC,Conservative-2VC2TC,conservative_full,0.0,5,0,,,,,none,none,
MME,LLaVA-NeXT-8B_Biased_Test,954,tcf_only,Oth,Conservative-2VC2TC,Conservative-2VC2TC,conservative_full,1.0,5,0,,,,,none,none,
MME,LLaVA-NeXT-8B_Biased_Test,957,vcf_only,Oth,Conservative-2VC2TC,Conservative-2VC2TC,conservative_full,0.0,5,0,,,,,none,none,
MME,LLaVA-NeXT-8B_Biased_Test,958,vcf_only,Oth,Conservative-2VC2TC,Conservative-2VC2TC,conservative_full,1.0,5,0,,,,,none,none,
MME,LLaVA-NeXT-8B_Biased_Test,961,both,Oth,Conservative-2VC2TC,Conservative-2VC2TC,conservative_full,0.0,5,0,,,,,none,none,
MME,LLaVA-NeXT-8B_Biased_Test,966,tcf_only,Oth,Conservative-2VC2TC,Conservative-2VC2TC,conservative_full,0.0,5,0,,,,,none,none,
MME,LLaVA-NeXT-8B_Biased_Test,967,tcf_only,Oth,Conservative-2VC2TC,Conservative-2VC2TC,conservative_full,0.0,5,0,,,,,none,none,
MME,LLaVA-NeXT-8B_Biased_Test,968,both,Oth,Joint-CenterMask-QuestionMask,Joint-CenterMask-QuestionMask,joint_center,0.0,4,1,0.3447120785713196,1,tc_qmask,2.0,qmask,center,
MME,LLaVA-NeXT-8B_Biased_Test,972,tcf_only,Oth,Conservative-2VC2TC,Conservative-2VC2TC,conservative_full,1.0,5,0,,,,,none,none,
MME,LLaVA-NeXT-8B_Biased_Test,973,tcf_only,Oth,Conservative-2VC2TC,Conservative-2VC2TC,conservative_full,0.0,5,0,,,,,none,none,
MME,LLaVA-NeXT-8B_Biased_Test,976,tcf_only,Oth,Conservative-2VC2TC,Conservative-2VC2TC,conservative_full,0.0,5,0,,,,,none,none,
MME,LLaVA-NeXT-8B_Biased_Test,977,tcf_only,Oth,Conservative-2VC2TC,Conservative-2VC2TC,conservative_full,0.0,5,0,,,,,none,none,
MME,LLaVA-NeXT-8B_Biased_Test,983,tcf_only,Oth,Conservative-2VC2TC,Conservative-2VC2TC,conservative_full,0.0,5,0,,,,,none,none,
MME,LLaVA-NeXT-8B_Biased_Test,984,tcf_only,Oth,Conservative-2VC2TC,Conservative-2VC2TC,conservative_full,1.0,5,0,,,,,none,none,
MME,LLaVA-NeXT-8B_Biased_Test,989,tcf_only,Oth,Conservative-2VC2TC,Conservative-2VC2TC,conservative_full,0.0,5,0,,,,,none,none,
MME,LLaVA-NeXT-8B_Biased_Test,994,both,Oth,Conservative-2VC2TC,Conservative-2VC2TC,conservative_full,0.0,5,0,,,,,none,none,
MME,LLaVA-NeXT-8B_Biased_Test,1002,both,Oth,Conservative-2VC2TC,Conservative-2VC2TC,conservative_full,1.0,5,0,,,,,none,none,
MME,LLaVA-NeXT-8B_Biased_Test,1006,tcf_only,Oth,Conservative-2VC2TC,Conservative-2VC2TC,conservative_full,1.0,5,0,,,,,none,none,
MME,LLaVA-NeXT-8B_Biased_Test,1012,both,Oth,Conservative-2VC2TC,Conservative-2VC2TC,conservative_full,0.0,5,0,,,,,none,none,
MME,LLaVA-NeXT-8B_Biased_Test,1013,tcf_only,Oth,Conservative-2VC2TC,Conservative-2VC2TC,conservative_full,0.0,5,0,,,,,none,none,
MME,LLaVA-NeXT-8B_Biased_Test,1017,vcf_only,Oth,Visual-Grayscale,Visual-Grayscale,visual_gray,0.0,3,1,0.0234017502516508,1,tc_qmask,1.0,none,gray,1
MME,LLaVA-NeXT-8B_Biased_Test,1018,tcf_only,Oth,Conservative-2VC2TC,Conservative-2VC2TC,conservative_full,1.0,5,0,,,,,none,none,
MME,LLaVA-NeXT-8B_Biased_Test,1054,tcf_only,Oth,Conservative-2VC2TC,Conservative-2VC2TC,conservative_full,0.0,5,0,,,,,none,none,
MME,LLaVA-NeXT-8B_Biased_Test,1059,tcf_only,Oth,Conservative-2VC2TC,Conservative-2VC2TC,conservative_full,0.0,5,0,,,,,none,none,
MME,LLaVA-NeXT-8B_Biased_Test,1074,tcf_only,Oth,Conservative-2VC2TC,Conservative-2VC2TC,conservative_full,1.0,5,0,,,,,none,none,
MME,LLaVA-NeXT-8B_Biased_Test,1079,both,Oth,Conservative-2VC2TC,Conservative-2VC2TC,conservative_full,1.0,5,0,,,,,none,none,
MME,LLaVA-NeXT-8B_Biased_Test,1094,tcf_only,Oth,Conservative-2VC2TC,Conservative-2VC2TC,conservative_full,1.0,5,0,,,,,none,none,
MME,LLaVA-NeXT-8B_Biased_Test,1098,tcf_only,Oth,Conservative-2VC2TC,Conservative-2VC2TC,conservative_full,1.0,5,0,,,,,none,none,
MME,LLaVA-NeXT-8B_Biased_Test,1128,tcf_only,Oth,Conservative-2VC2TC,Conservative-2VC2TC,conservative_full,1.0,5,0,,,,,none,none,
MME,LLaVA-NeXT-8B_Biased_Test,1142,tcf_only,Oth,Conservative-2VC2TC,Conservative-2VC2TC,conservative_full,1.0,5,0,,,,,none,none,
MME,LLaVA-NeXT-8B_Biased_Test,1144,vcf_only,Oth,Conservative-2VC2TC,Conservative-2VC2TC,conservative_full,1.0,5,0,,,,,none,none,
MME,LLaVA-NeXT-8B_Biased_Test,1148,tcf_only,Oth,Conservative-2VC2TC,Conservative-2VC2TC,conservative_full,1.0,5,0,,,,,none,none,
MME,LLaVA-NeXT-8B_Biased_Test,1151,tcf_only,Oth,Conservative-2VC2TC,Conservative-2VC2TC,conservative_full,0.0,5,0,,,,,none,none,
MME,LLaVA-NeXT-8B_Biased_Test,1154,tcf_only,Oth,Conservative-2VC2TC,Conservative-2VC2TC,conservative_full,1.0,5,0,,,,,none,none,
MME,LLaVA-NeXT-8B_Biased_Test,1162,tcf_only,Oth,Conservative-2VC2TC,Conservative-2VC2TC,conservative_full,1.0,5,0,,,,,none,none,
MME,LLaVA-NeXT-8B_Biased_Test,1168,tcf_only,Oth,Conservative-2VC2TC,Conservative-2VC2TC,conservative_full,1.0,5,0,,,,,none,none,
MME,LLaVA-NeXT-8B_Biased_Test,1169,tcf_only,Oth,Conservative-2VC2TC,Conservative-2VC2TC,conservative_full,0.0,5,0,,,,,none,none,
MME,LLaVA-NeXT-8B_Biased_Test,1174,tcf_only,Oth,Conservative-2VC2TC,Conservative-2VC2TC,conservative_full,1.0,5,0,,,,,none,none,
MME,LLaVA-NeXT-8B_Biased_Test,1178,both,Oth,Conservative-2VC2TC,Conservative-2VC2TC,conservative_full,1.0,5,0,,,,,none,none,
MME,LLaVA-NeXT-8B_Biased_Test,1182,tcf_only,Oth,Conservative-2VC2TC,Conservative-2VC2TC,conservative_full,1.0,5,0,,,,,none,none,
MME,LLaVA-NeXT-8B_Biased_Test,1183,tcf_only,Oth,Conservative-2VC2TC,Conservative-2VC2TC,conservative_full,0.0,5,0,,,,,none,none,
MME,LLaVA-NeXT-8B_Biased_Test,1186,tcf_only,Oth,Conservative-2VC2TC,Conservative-2VC2TC,conservative_full,1.0,5,0,,,,,none,none,
MME,LLaVA-NeXT-8B_Biased_Test,1192,tcf_only,Oth,Conservative-2VC2TC,Conservative-2VC2TC,conservative_full,1.0,5,0,,,,,none,none,
MME,LLaVA-NeXT-8B_Biased_Test,1202,both,Oth,Visual-CenterMask,Visual-CenterMask,visual_center,0.0,5,1,0.0514696948230266,1,tc_qmask,2.0,none,center,3
MME,LLaVA-NeXT-8B_Biased_Test,1204,tcf_only,Oth,Conservative-2VC2TC,Conservative-2VC2TC,conservative_full,1.0,5,0,,,,,none,none,
MME,LLaVA-NeXT-8B_Biased_Test,1206,tcf_only,Oth,Conservative-2VC2TC,Conservative-2VC2TC,conservative_full,1.0,5,0,,,,,none,none,
MME,LLaVA-NeXT-8B_Biased_Test,1207,tcf_only,Oth,Conservative-2VC2TC,Conservative-2VC2TC,conservative_full,0.0,5,0,,,,,none,none,
MME,LLaVA-NeXT-8B_Biased_Test,1212,tcf_only,Oth,Conservative-2VC2TC,Conservative-2VC2TC,conservative_full,1.0,5,0,,,,,none,none,
MME,LLaVA-NeXT-8B_Biased_Test,1216,tcf_only,Oth,Conservative-2VC2TC,Conservative-2VC2TC,conservative_full,1.0,5,0,,,,,none,none,
MME,LLaVA-NeXT-8B_Biased_Test,1218,both,Oth,Conservative-2VC2TC,Conservative-2VC2TC,conservative_full,1.0,5,0,,,,,none,none,
MME,LLaVA-NeXT-8B_Biased_Test,1222,tcf_only,Oth,Conservative-2VC2TC,Conservative-2VC2TC,conservative_full,1.0,5,0,,,,,none,none,
MME,LLaVA-NeXT-8B_Biased_Test,1224,tcf_only,Oth,Conservative-2VC2TC,Conservative-2VC2TC,conservative_full,1.0,5,0,,,,,none,none,
MME,LLaVA-NeXT-8B_Biased_Test,1228,tcf_only,Oth,Conservative-2VC2TC,Conservative-2VC2TC,conservative_full,1.0,5,0,,,,,none,none,
MME,LLaVA-NeXT-8B_Biased_Test,1232,tcf_only,Oth,Conservative-2VC2TC,Conservative-2VC2TC,conservative_full,1.0,5,0,,,,,none,none,
MME,LLaVA-NeXT-8B_Biased_Test,1234,tcf_only,Oth,Conservative-2VC2TC,Conservative-2VC2TC,conservative_full,1.0,5,0,,,,,none,none,
MME,LLaVA-NeXT-8B_Biased_Test,1238,tcf_only,Oth,Conservative-2VC2TC,Conservative-2VC2TC,conservative_full,1.0,5,0,,,,,none,none,
MME,LLaVA-NeXT-8B_Biased_Test,1242,tcf_only,Oth,Conservative-2VC2TC,Conservative-2VC2TC,conservative_full,1.0,5,0,,,,,none,none,
MME,LLaVA-NeXT-8B_Biased_Test,1244,tcf_only,Oth,Conservative-2VC2TC,Conservative-2VC2TC,conservative_full,1.0,5,0,,,,,none,none,
MME,LLaVA-NeXT-8B_Biased_Test,1246,tcf_only,Oth,Conservative-2VC2TC,Conservative-2VC2TC,conservative_full,1.0,5,0,,,,,none,none,
MME,LLaVA-NeXT-8B_Biased_Test,1247,tcf_only,Oth,Conservative-2VC2TC,Conservative-2VC2TC,conservative_full,0.0,5,0,,,,,none,none,
MME,LLaVA-NeXT-8B_Biased_Test,1252,tcf_only,Oth,Conservative-2VC2TC,Conservative-2VC2TC,conservative_full,1.0,5,0,,,,,none,none,
MME,LLaVA-NeXT-8B_Biased_Test,1254,tcf_only,Oth,Conservative-2VC2TC,Conservative-2VC2TC,conservative_full,1.0,5,0,,,,,none,none,
MME,LLaVA-NeXT-8B_Biased_Test,1256,tcf_only,Oth,Conservative-2VC2TC,Conservative-2VC2TC,conservative_full,1.0,5,0,,,,,none,none,
MME,LLaVA-NeXT-8B_Biased_Test,1258,tcf_only,Oth,Conservative-2VC2TC,Conservative-2VC2TC,conservative_full,1.0,5,0,,,,,none,none,
MME,LLaVA-NeXT-8B_Biased_Test,1259,tcf_only,Oth,Conservative-2VC2TC,Conservative-2VC2TC,conservative_full,0.0,5,0,,,,,none,none,
MME,LLaVA-NeXT-8B_Biased_Test,1266,tcf_only,Oth,Conservative-2VC2TC,Conservative-2VC2TC,conservative_full,1.0,5,0,,,,,none,none,
MME,LLaVA-NeXT-8B_Biased_Test,1268,tcf_only,Oth,Conservative-2VC2TC,Conservative-2VC2TC,conservative_full,1.0,5,0,,,,,none,none,
MME,LLaVA-NeXT-8B_Biased_Test,1272,tcf_only,Oth,Conservative-2VC2TC,Conservative-2VC2TC,conservative_full,1.0,5,0,,,,,none,none,
MME,LLaVA-NeXT-8B_Biased_Test,1274,tcf_only,Oth,Conservative-2VC2TC,Conservative-2VC2TC,conservative_full,1.0,5,0,,,,,none,none,
MME,LLaVA-NeXT-8B_Biased_Test,1276,tcf_only,Oth,Conservative-2VC2TC,Conservative-2VC2TC,conservative_full,1.0,5,0,,,,,none,none,
MME,LLaVA-NeXT-8B_Biased_Test,1282,tcf_only,Oth,Conservative-2VC2TC,Conservative-2VC2TC,conservative_full,1.0,5,0,,,,,none,none,
MME,LLaVA-NeXT-8B_Biased_Test,1293,tcf_only,Oth,Conservative-2VC2TC,Conservative-2VC2TC,conservative_full,0.0,5,0,,,,,none,none,
MME,LLaVA-NeXT-8B_Biased_Test,1294,tcf_only,Oth,Conservative-2VC2TC,Conservative-2VC2TC,conservative_full,1.0,5,0,,,,,none,none,
MME,LLaVA-NeXT-8B_Biased_Test,1296,tcf_only,Oth,Conservative-2VC2TC,Conservative-2VC2TC,conservative_full,1.0,5,0,,,,,none,none,
MME,LLaVA-NeXT-8B_Biased_Test,1302,tcf_only,Oth,Conservative-2VC2TC,Conservative-2VC2TC,conservative_full,1.0,5,0,,,,,none,none,
MME,LLaVA-NeXT-8B_Biased_Test,1304,tcf_only,Oth,Conservative-2VC2TC,Conservative-2VC2TC,conservative_full,1.0,5,0,,,,,none,none,
MME,LLaVA-NeXT-8B_Biased_Test,1312,tcf_only,Oth,Conservative-2VC2TC,Conservative-2VC2TC,conservative_full,1.0,5,0,,,,,none,none,
MME,LLaVA-NeXT-8B_Biased_Test,1322,tcf_only,Oth,Conservative-2VC2TC,Conservative-2VC2TC,conservative_full,1.0,5,0,,,,,none,none,
MME,LLaVA-NeXT-8B_Biased_Test,1324,tcf_only,Oth,Conservative-2VC2TC,Conservative-2VC2TC,conservative_full,1.0,5,0,,,,,none,none,
MME,LLaVA-NeXT-8B_Biased_Test,1327,tcf_only,Oth,Conservative-2VC2TC,Conservative-2VC2TC,conservative_full,0.0,5,0,,,,,none,none,
MME,LLaVA-NeXT-8B_Biased_Test,1328,tcf_only,Oth,Conservative-2VC2TC,Conservative-2VC2TC,conservative_full,1.0,5,0,,,,,none,none,
MME,LLaVA-NeXT-8B_Biased_Test,1338,tcf_only,Oth,Conservative-2VC2TC,Conservative-2VC2TC,conservative_full,1.0,5,0,,,,,none,none,
MME,LLaVA-NeXT-8B_Biased_Test,1339,tcf_only,Oth,Conservative-2VC2TC,Conservative-2VC2TC,conservative_full,0.0,5,0,,,,,none,none,
MME,LLaVA-NeXT-8B_Biased_Test,1343,tcf_only,Oth,Conservative-2VC2TC,Conservative-2VC2TC,conservative_full,0.0,5,0,,,,,none,none,
MME,LLaVA-NeXT-8B_Biased_Test,1344,tcf_only,Oth,Conservative-2VC2TC,Conservative-2VC2TC,conservative_full,1.0,5,0,,,,,none,none,
MME,LLaVA-NeXT-8B_Biased_Test,1352,tcf_only,Oth,Conservative-2VC2TC,Conservative-2VC2TC,conservative_full,1.0,5,0,,,,,none,none,
MME,LLaVA-NeXT-8B_Biased_Test,1358,tcf_only,Oth,Conservative-2VC2TC,Conservative-2VC2TC,conservative_full,1.0,5,0,,,,,none,none,
MME,LLaVA-NeXT-8B_Biased_Test,1368,tcf_only,Oth,Conservative-2VC2TC,Conservative-2VC2TC,conservative_full,1.0,5,0,,,,,none,none,
MME,LLaVA-NeXT-8B_Biased_Test,1369,tcf_only,Oth,Conservative-2VC2TC,Conservative-2VC2TC,conservative_full,0.0,5,0,,,,,none,none,
MME,LLaVA-NeXT-8B_Biased_Test,1372,tcf_only,Oth,Conservative-2VC2TC,Conservative-2VC2TC,conservative_full,1.0,5,0,,,,,none,none,
MME,LLaVA-NeXT-8B_Biased_Test,1374,tcf_only,Oth,Conservative-2VC2TC,Conservative-2VC2TC,conservative_full,1.0,5,0,,,,,none,none,
MME,LLaVA-NeXT-8B_Biased_Test,1376,tcf_only,Oth,Conservative-2VC2TC,Conservative-2VC2TC,conservative_full,1.0,5,0,,,,,none,none,
MME,LLaVA-NeXT-8B_Biased_Test,1382,tcf_only,Oth,Conservative-2VC2TC,Conservative-2VC2TC,conservative_full,1.0,5,0,,,,,none,none,
MME,LLaVA-NeXT-8B_Biased_Test,1386,tcf_only,Oth,Conservative-2VC2TC,Conservative-2VC2TC,conservative_full,1.0,5,0,,,,,none,none,
MME,LLaVA-NeXT-8B_Biased_Test,1387,tcf_only,Oth,Conservative-2VC2TC,Conservative-2VC2TC,conservative_full,0.0,5,0,,,,,none,none,
MME,LLaVA-NeXT-8B_Biased_Test,1392,tcf_only,Oth,Conservative-2VC2TC,Conservative-2VC2TC,conservative_full,1.0,5,0,,,,,none,none,
MME,LLaVA-NeXT-8B_Biased_Test,1394,tcf_only,Oth,Conservative-2VC2TC,Conservative-2VC2TC,conservative_full,1.0,5,0,,,,,none,none,
MME,LLaVA-NeXT-8B_Biased_Test,1396,tcf_only,Oth,Conservative-2VC2TC,Conservative-2VC2TC,conservative_full,1.0,5,0,,,,,none,none,
MME,LLaVA-NeXT-8B_Biased_Test,1398,tcf_only,Oth,Conservative-2VC2TC,Conservative-2VC2TC,conservative_full,1.0,5,0,,,,,none,none,
MME,LLaVA-NeXT-8B_Biased_Test,1399,tcf_only,Oth,Conservative-2VC2TC,Conservative-2VC2TC,conservative_full,0.0,5,0,,,,,none,none,
MME,LLaVA-NeXT-8B_Biased_Test,1402,tcf_only,Oth,Conservative-2VC2TC,Conservative-2VC2TC,conservative_full,1.0,5,0,,,,,none,none,
MME,LLaVA-NeXT-8B_Biased_Test,1404,tcf_only,Oth,Conservative-2VC2TC,Conservative-2VC2TC,conservative_full,1.0,5,0,,,,,none,none,
MME,LLaVA-NeXT-8B_Biased_Test,1406,tcf_only,Oth,Conservative-2VC2TC,Conservative-2VC2TC,conservative_full,1.0,5,0,,,,,none,none,
MME,LLaVA-NeXT-8B_Biased_Test,1408,tcf_only,Oth,Conservative-2VC2TC,Conservative-2VC2TC,conservative_full,1.0,5,0,,,,,none,none,
MME,LLaVA-NeXT-8B_Biased_Test,1409,tcf_only,Oth,Conservative-2VC2TC,Conservative-2VC2TC,conservative_full,0.0,5,0,,,,,none,none,
MME,LLaVA-NeXT-8B_Biased_Test,1412,tcf_only,Oth,Conservative-2VC2TC,Conservative-2VC2TC,conservative_full,1.0,5,0,,,,,none,none,
MME,LLaVA-NeXT-8B_Biased_Test,1414,tcf_only,Oth,Conservative-2VC2TC,Conservative-2VC2TC,conservative_full,1.0,5,0,,,,,none,none,
MME,LLaVA-NeXT-8B_Biased_Test,1422,both,Oth,Conservative-2VC2TC,Conservative-2VC2TC,conservative_full,1.0,5,0,,,,,none,none,
MME,LLaVA-NeXT-8B_Biased_Test,1424,tcf_only,Oth,Conservative-2VC2TC,Conservative-2VC2TC,conservative_full,1.0,5,0,,,,,none,none,
MME,LLaVA-NeXT-8B_Biased_Test,1438,tcf_only,Oth,Conservative-2VC2TC,Conservative-2VC2TC,conservative_full,1.0,5,0,,,,,none,none,
MME,LLaVA-NeXT-8B_Biased_Test,1446,tcf_only,Oth,Conservative-2VC2TC,Conservative-2VC2TC,conservative_full,1.0,5,0,,,,,none,none,
MME,LLaVA-NeXT-8B_Biased_Test,1457,tcf_only,Oth,Conservative-2VC2TC,Conservative-2VC2TC,conservative_full,0.0,5,0,,,,,none,none,
MME,LLaVA-NeXT-8B_Biased_Test,1462,both,Oth,Conservative-2VC2TC,Conservative-2VC2TC,conservative_full,1.0,5,0,,,,,none,none,
MME,LLaVA-NeXT-8B_Biased_Test,1468,tcf_only,Oth,Conservative-2VC2TC,Conservative-2VC2TC,conservative_full,1.0,5,0,,,,,none,none,
MME,LLaVA-NeXT-8B_Biased_Test,1472,tcf_only,Oth,Conservative-2VC2TC,Conservative-2VC2TC,conservative_full,1.0,5,0,,,,,none,none,
MME,LLaVA-NeXT-8B_Biased_Test,1474,tcf_only,Oth,Conservative-2VC2TC,Conservative-2VC2TC,conservative_full,1.0,5,0,,,,,none,none,
MME,LLaVA-NeXT-8B_Biased_Test,1476,tcf_only,Oth,Conservative-2VC2TC,Conservative-2VC2TC,conservative_full,1.0,5,0,,,,,none,none,
MME,LLaVA-NeXT-8B_Biased_Test,1487,tcf_only,Oth,Conservative-2VC2TC,Conservative-2VC2TC,conservative_full,0.0,5,0,,,,,none,none,
MME,LLaVA-NeXT-8B_Biased_Test,1488,tcf_only,Oth,Conservative-2VC2TC,Conservative-2VC2TC,conservative_full,1.0,5,0,,,,,none,none,
MME,LLaVA-NeXT-8B_Biased_Test,1492,tcf_only,Oth,Conservative-2VC2TC,Conservative-2VC2TC,conservative_full,1.0,5,0,,,,,none,none,
MME,LLaVA-NeXT-8B_Biased_Test,1494,tcf_only,Oth,Conservative-2VC2TC,Conservative-2VC2TC,conservative_full,1.0,5,0,,,,,none,none,
MME,LLaVA-NeXT-8B_Biased_Test,1497,tcf_only,Oth,Conservative-2VC2TC,Conservative-2VC2TC,conservative_full,0.0,5,0,,,,,none,none,
MME,LLaVA-NeXT-8B_Biased_Test,1502,tcf_only,Oth,Conservative-2VC2TC,Conservative-2VC2TC,conservative_full,1.0,5,0,,,,,none,none,
MME,LLaVA-NeXT-8B_Biased_Test,1508,tcf_only,Oth,Joint-StrongBlur-QuestionMask,Joint-StrongBlur-QuestionMask,joint_strong,1.0,4,1,0.0604531541466712,1,tc_qmask,2.0,qmask,strong,
MME,LLaVA-NeXT-8B_Biased_Test,1514,tcf_only,Oth,Conservative-2VC2TC,Conservative-2VC2TC,conservative_full,1.0,5,0,,,,,none,none,
MME,LLaVA-NeXT-8B_Biased_Test,1516,tcf_only,Oth,Conservative-2VC2TC,Conservative-2VC2TC,conservative_full,1.0,5,0,,,,,none,none,
MME,LLaVA-NeXT-8B_Biased_Test,1518,tcf_only,Oth,Conservative-2VC2TC,Conservative-2VC2TC,conservative_full,1.0,5,0,,,,,none,none,
MME,LLaVA-NeXT-8B_Biased_Test,1526,tcf_only,Oth,Conservative-2VC2TC,Conservative-2VC2TC,conservative_full,1.0,5,0,,,,,none,none,
MME,LLaVA-NeXT-8B_Biased_Test,1527,tcf_only,Oth,Conservative-2VC2TC,Conservative-2VC2TC,conservative_full,0.0,5,0,,,,,none,none,
MME,LLaVA-NeXT-8B_Biased_Test,1528,tcf_only,Oth,Conservative-2VC2TC,Conservative-2VC2TC,conservative_full,1.0,5,0,,,,,none,none,
MME,LLaVA-NeXT-8B_Biased_Test,1536,tcf_only,Oth,Conservative-2VC2TC,Conservative-2VC2TC,conservative_full,1.0,5,0,,,,,none,none,
MME,LLaVA-NeXT-8B_Biased_Test,1538,tcf_only,Oth,Conservative-2VC2TC,Conservative-2VC2TC,conservative_full,1.0,5,0,,,,,none,none,
MME,LLaVA-NeXT-8B_Biased_Test,1541,tcf_only,Oth,Conservative-2VC2TC,Conservative-2VC2TC,conservative_full,0.0,5,0,,,,,none,none,
MME,LLaVA-NeXT-8B_Biased_Test,1542,tcf_only,Oth,Conservative-2VC2TC,Conservative-2VC2TC,conservative_full,0.0,5,0,,,,,none,none,
MME,LLaVA-NeXT-8B_Biased_Test,1544,tcf_only,Oth,Conservative-2VC2TC,Conservative-2VC2TC,conservative_full,1.0,5,0,,,,,none,none,
MME,LLaVA-NeXT-8B_Biased_Test,1546,tcf_only,Oth,Conservative-2VC2TC,Conservative-2VC2TC,conservative_full,1.0,5,0,,,,,none,none,
MME,LLaVA-NeXT-8B_Biased_Test,1548,both,Oth,Conservative-2VC2TC,Conservative-2VC2TC,conservative_full,0.0,5,0,,,,,none,none,
MME,LLaVA-NeXT-8B_Biased_Test,1552,both,Oth,Conservative-2VC2TC,Conservative-2VC2TC,conservative_full,1.0,5,0,,,,,none,none,
MME,LLaVA-NeXT-8B_Biased_Test,1554,tcf_only,Oth,Conservative-2VC2TC,Conservative-2VC2TC,conservative_full,1.0,5,0,,,,,none,none,
MME,LLaVA-NeXT-8B_Biased_Test,1556,tcf_only,Oth,Conservative-2VC2TC,Conservative-2VC2TC,conservative_full,1.0,5,0,,,,,none,none,
MME,LLaVA-NeXT-8B_Biased_Test,1558,tcf_only,Oth,Conservative-2VC2TC,Conservative-2VC2TC,conservative_full,1.0,5,0,,,,,none,none,
MME,LLaVA-NeXT-8B_Biased_Test,1562,tcf_only,Oth,Conservative-2VC2TC,Conservative-2VC2TC,conservative_full,0.0,5,0,,,,,none,none,
MME,LLaVA-NeXT-8B_Biased_Test,1563,tcf_only,Oth,Conservative-2VC2TC,Conservative-2VC2TC,conservative_full,1.0,5,0,,,,,none,none,
MME,LLaVA-NeXT-8B_Biased_Test,1564,both,Oth,Conservative-2VC2TC,Conservative-2VC2TC,conservative_full,0.0,5,0,,,,,none,none,
MME,LLaVA-NeXT-8B_Biased_Test,1566,tcf_only,Oth,Conservative-2VC2TC,Conservative-2VC2TC,conservative_full,1.0,5,0,,,,,none,none,
MME,LLaVA-NeXT-8B_Biased_Test,1568,tcf_only,Oth,Visual-StrongBlur,Visual-StrongBlur,visual_strong,0.0,5,1,0.0002578536514192,1,tc_qmask,2.0,none,strong,3
MME,LLaVA-NeXT-8B_Biased_Test,1572,tcf_only,Oth,Conservative-2VC2TC,Conservative-2VC2TC,conservative_full,1.0,5,0,,,,,none,none,
MME,LLaVA-NeXT-8B_Biased_Test,1574,tcf_only,Oth,Conservative-2VC2TC,Conservative-2VC2TC,conservative_full,1.0,5,0,,,,,none,none,
MME,LLaVA-NeXT-8B_Biased_Test,1576,tcf_only,Oth,Conservative-2VC2TC,Conservative-2VC2TC,conservative_full,1.0,5,0,,,,,none,none,
MME,LLaVA-NeXT-8B_Biased_Test,1578,tcf_only,Oth,Conservative-2VC2TC,Conservative-2VC2TC,conservative_full,1.0,5,0,,,,,none,none,
MME,LLaVA-NeXT-8B_Biased_Test,1579,tcf_only,Oth,Conservative-2VC2TC,Conservative-2VC2TC,conservative_full,0.0,5,0,,,,,none,none,
MME,LLaVA-NeXT-8B_Biased_Test,1583,tcf_only,Oth,Conservative-2VC2TC,Conservative-2VC2TC,conservative_full,0.0,5,0,,,,,none,none,
MME,LLaVA-NeXT-8B_Biased_Test,1586,tcf_only,Oth,Conservative-2VC2TC,Conservative-2VC2TC,conservative_full,1.0,5,0,,,,,none,none,
MME,LLaVA-NeXT-8B_Biased_Test,1589,tcf_only,Oth,Conservative-2VC2TC,Conservative-2VC2TC,conservative_full,1.0,5,0,,,,,none,none,
MME,LLaVA-NeXT-8B_Biased_Test,1593,tcf_only,Oth,Conservative-2VC2TC,Conservative-2VC2TC,conservative_full,0.0,5,0,,,,,none,none,
MME,LLaVA-NeXT-8B_Biased_Test,1594,tcf_only,Oth,Conservative-2VC2TC,Conservative-2VC2TC,conservative_full,1.0,5,0,,,,,none,none,
MME,LLaVA-NeXT-8B_Biased_Test,1601,vcf_only,Oth,Visual-Grayscale,Visual-Grayscale,visual_gray,0.0,5,1,0.0455543398857116,1,tc_qmask,1.0,none,gray,3
MME,LLaVA-NeXT-8B_Biased_Test,1609,tcf_only,Oth,Conservative-2VC2TC,Conservative-2VC2TC,conservative_full,0.0,5,0,,,,,none,none,
MME,LLaVA-NeXT-8B_Biased_Test,1613,tcf_only,Oth,Conservative-2VC2TC,Conservative-2VC2TC,conservative_full,0.0,5,0,,,,,none,none,
MME,LLaVA-NeXT-8B_Biased_Test,1617,vcf_only,Oth,Visual-Grayscale,Visual-Grayscale,visual_gray,0.0,5,1,0.0325998775660991,1,tc_qmask,2.0,none,gray,3
MME,LLaVA-NeXT-8B_Biased_Test,1618,both,Oth,Joint-StrongBlur-QuestionMask,Joint-StrongBlur-QuestionMask,joint_strong,1.0,4,1,0.2439276278018951,1,tc_qmask,2.0,qmask,strong,
MME,LLaVA-NeXT-8B_Biased_Test,1619,tcf_only,Oth,Conservative-2VC2TC,Conservative-2VC2TC,conservative_full,0.0,5,0,,,,,none,none,
MME,LLaVA-NeXT-8B_Biased_Test,1623,vcf_only,Oth,Visual-Grayscale,Visual-Grayscale,visual_gray,0.0,3,1,0.0026517049409449,1,tc_qmask,2.0,none,gray,1
MME,LLaVA-NeXT-8B_Biased_Test,1624,tcf_only,Oth,Conservative-2VC2TC,Conservative-2VC2TC,conservative_full,1.0,5,0,,,,,none,none,
MME,LLaVA-NeXT-8B_Biased_Test,1631,vcf_only,Oth,Conservative-2VC2TC,Conservative-2VC2TC,conservative_full,0.0,5,0,,,,,none,none,
MME,LLaVA-NeXT-8B_Biased_Test,1633,tcf_only,Oth,Conservative-2VC2TC,Conservative-2VC2TC,conservative_full,1.0,5,0,,,,,none,none,
MME,LLaVA-NeXT-8B_Biased_Test,1637,tcf_only,Oth,Conservative-2VC2TC,Conservative-2VC2TC,conservative_full,0.0,5,0,,,,,none,none,
MME,LLaVA-NeXT-8B_Biased_Test,1652,both,Oth,Joint-StrongBlur-QuestionMask,Joint-StrongBlur-QuestionMask,joint_strong,0.0,4,1,0.102778136730194,1,tc_qmask,1.0,qmask,strong,
MME,LLaVA-NeXT-8B_Biased_Test,1654,tcf_only,Oth,Conservative-2VC2TC,Conservative-2VC2TC,conservative_full,1.0,5,0,,,,,none,none,
MME,LLaVA-NeXT-8B_Biased_Test,1664,vcf_only,Oth,Conservative-2VC2TC,Conservative-2VC2TC,conservative_full,1.0,5,0,,,,,none,none,
MME,LLaVA-NeXT-8B_Biased_Test,1666,tcf_only,Oth,Conservative-2VC2TC,Conservative-2VC2TC,conservative_full,1.0,5,0,,,,,none,none,
MME,LLaVA-NeXT-8B_Biased_Test,1671,tcf_only,Oth,Conservative-2VC2TC,Conservative-2VC2TC,conservative_full,0.0,5,0,,,,,none,none,
MME,LLaVA-NeXT-8B_Biased_Test,1674,tcf_only,Oth,Conservative-2VC2TC,Conservative-2VC2TC,conservative_full,1.0,5,0,,,,,none,none,
MME,LLaVA-NeXT-8B_Biased_Test,1682,tcf_only,Oth,Conservative-2VC2TC,Conservative-2VC2TC,conservative_full,1.0,5,0,,,,,none,none,
MME,LLaVA-NeXT-8B_Biased_Test,1683,tcf_only,Oth,Conservative-2VC2TC,Conservative-2VC2TC,conservative_full,0.0,5,0,,,,,none,none,
MME,LLaVA-NeXT-8B_Biased_Test,1684,tcf_only,Oth,Conservative-2VC2TC,Conservative-2VC2TC,conservative_full,1.0,5,0,,,,,none,none,
MME,LLaVA-NeXT-8B_Biased_Test,1688,tcf_only,Oth,Conservative-2VC2TC,Conservative-2VC2TC,conservative_full,1.0,5,0,,,,,none,none,
MME,LLaVA-NeXT-8B_Biased_Test,1694,tcf_only,Oth,Conservative-2VC2TC,Conservative-2VC2TC,conservative_full,1.0,5,0,,,,,none,none,
MME,LLaVA-NeXT-8B_Biased_Test,1696,both,Oth,Joint-CenterMask-QuestionMask,Joint-CenterMask-QuestionMask,joint_center,0.0,4,1,0.0936441868543624,1,tc_qmask,2.0,qmask,center,
MME,LLaVA-NeXT-8B_Biased_Test,1702,tcf_only,Oth,Conservative-2VC2TC,Conservative-2VC2TC,conservative_full,0.0,5,0,,,,,none,none,
MME,LLaVA-NeXT-8B_Biased_Test,1726,tcf_only,Oth,Conservative-2VC2TC,Conservative-2VC2TC,conservative_full,0.0,5,0,,,,,none,none,
MME,LLaVA-NeXT-8B_Biased_Test,1754,tcf_only,Oth,Conservative-2VC2TC,Conservative-2VC2TC,conservative_full,1.0,5,0,,,,,none,none,
MME,LLaVA-NeXT-8B_Biased_Test,1764,both,Oth,Conservative-2VC2TC,Conservative-2VC2TC,conservative_full,1.0,5,0,,,,,none,none,
MME,LLaVA-NeXT-8B_Biased_Test,1766,tcf_only,Oth,Conservative-2VC2TC,Conservative-2VC2TC,conservative_full,0.0,5,0,,,,,none,none,
MME,LLaVA-NeXT-8B_Biased_Test,1772,tcf_only,Oth,Conservative-2VC2TC,Conservative-2VC2TC,conservative_full,0.0,5,0,,,,,none,none,
MME,LLaVA-NeXT-8B_Biased_Test,1774,tcf_only,Oth,Joint-CenterMask-QuestionMask,Joint-CenterMask-QuestionMask,joint_center,0.0,4,1,0.1158417463302612,1,tc_qmask,2.0,qmask,center,
MME,LLaVA-NeXT-8B_Biased_Test,1779,tcf_only,Oth,Conservative-2VC2TC,Conservative-2VC2TC,conservative_full,0.0,5,0,,,,,none,none,
MME,LLaVA-NeXT-8B_Biased_Test,1782,tcf_only,Oth,Conservative-2VC2TC,Conservative-2VC2TC,conservative_full,0.0,5,0,,,,,none,none,
MME,LLaVA-NeXT-8B_Biased_Test,1792,tcf_only,Oth,Conservative-2VC2TC,Conservative-2VC2TC,conservative_full,0.0,5,0,,,,,none,none,
MME,LLaVA-NeXT-8B_Biased_Test,1794,vcf_only,Oth,Conservative-2VC2TC,Conservative-2VC2TC,conservative_full,0.0,5,0,,,,,none,none,
MME,LLaVA-NeXT-8B_Biased_Test,1797,tcf_only,Oth,Conservative-2VC2TC,Conservative-2VC2TC,conservative_full,0.0,5,0,,,,,none,none,
MME,LLaVA-NeXT-8B_Biased_Test,1798,tcf_only,Oth,Conservative-2VC2TC,Conservative-2VC2TC,conservative_full,1.0,5,0,,,,,none,none,
MME,LLaVA-NeXT-8B_Biased_Test,1802,tcf_only,Oth,Conservative-2VC2TC,Conservative-2VC2TC,conservative_full,1.0,5,0,,,,,none,none,
MME,LLaVA-NeXT-8B_Biased_Test,1812,tcf_only,Oth,Conservative-2VC2TC,Conservative-2VC2TC,conservative_full,0.0,5,0,,,,,none,none,
MME,LLaVA-NeXT-8B_Biased_Test,1818,tcf_only,Oth,Conservative-2VC2TC,Conservative-2VC2TC,conservative_full,1.0,5,0,,,,,none,none,
MME,LLaVA-NeXT-8B_Biased_Test,1828,tcf_only,Oth,Joint-CenterMask-QuestionMask,Joint-CenterMask-QuestionMask,joint_center,0.0,4,1,0.2401744425296783,1,tc_qmask,2.0,qmask,center,
MME,LLaVA-NeXT-8B_Biased_Test,1838,both,Oth,Conservative-2VC2TC,Conservative-2VC2TC,conservative_full,0.0,5,0,,,,,none,none,
MME,LLaVA-NeXT-8B_Biased_Test,1844,tcf_only,Oth,Conservative-2VC2TC,Conservative-2VC2TC,conservative_full,1.0,5,0,,,,,none,none,
MME,LLaVA-NeXT-8B_Biased_Test,1862,tcf_only,Oth,Conservative-2VC2TC,Conservative-2VC2TC,conservative_full,1.0,5,0,,,,,none,none,
MME,LLaVA-NeXT-8B_Biased_Test,1868,tcf_only,Oth,Joint-CenterMask-QuestionMask,Joint-CenterMask-QuestionMask,joint_center,0.0,4,1,0.2457666099071502,1,tc_qmask,2.0,qmask,center,
MME,LLaVA-NeXT-8B_Biased_Test,1876,tcf_only,Oth,Conservative-2VC2TC,Conservative-2VC2TC,conservative_full,1.0,5,0,,,,,none,none,
MME,LLaVA-NeXT-8B_Biased_Test,1894,both,Oth,Conservative-2VC2TC,Conservative-2VC2TC,conservative_full,0.0,5,0,,,,,none,none,
MME,LLaVA-NeXT-8B_Biased_Test,1898,both,Oth,Conservative-2VC2TC,Conservative-2VC2TC,conservative_full,0.0,5,0,,,,,none,none,
MME,LLaVA-NeXT-8B_Biased_Test,1914,tcf_only,Oth,Conservative-2VC2TC,Conservative-2VC2TC,conservative_full,1.0,5,0,,,,,none,none,
MME,LLaVA-NeXT-8B_Biased_Test,1922,tcf_only,Oth,Conservative-2VC2TC,Conservative-2VC2TC,conservative_full,1.0,5,0,,,,,none,none,
MME,LLaVA-NeXT-8B_Biased_Test,1924,both,Oth,Conservative-2VC2TC,Conservative-2VC2TC,conservative_full,1.0,5,0,,,,,none,none,
MME,LLaVA-NeXT-8B_Biased_Test,1928,tcf_only,Oth,Conservative-2VC2TC,Conservative-2VC2TC,conservative_full,1.0,5,0,,,,,none,none,
MME,LLaVA-NeXT-8B_Biased_Test,1934,both,Oth,Joint-CenterMask-QuestionMask,Joint-CenterMask-QuestionMask,joint_center,0.0,4,1,0.120045356452465,1,tc_qmask,2.0,qmask,center,
MME,LLaVA-NeXT-8B_Biased_Test,1936,tcf_only,Oth,Conservative-2VC2TC,Conservative-2VC2TC,conservative_full,1.0,5,0,,,,,none,none,
MME,LLaVA-NeXT-8B_Biased_Test,1937,tcf_only,Oth,Conservative-2VC2TC,Conservative-2VC2TC,conservative_full,0.0,5,0,,,,,none,none,
MME,LLaVA-NeXT-8B_Biased_Test,1952,both,Oth,Joint-StrongBlur-QuestionMask,Joint-StrongBlur-QuestionMask,joint_strong,0.0,4,1,0.1184763982892036,1,tc_qmask,2.0,qmask,strong,
MME,LLaVA-NeXT-8B_Biased_Test,1959,tcf_only,Oth,Conservative-2VC2TC,Conservative-2VC2TC,conservative_full,0.0,5,0,,,,,none,none,
MME,LLaVA-NeXT-8B_Biased_Test,1986,tcf_only,Oth,Conservative-2VC2TC,Conservative-2VC2TC,conservative_full,1.0,5,0,,,,,none,none,
MME,LLaVA-NeXT-8B_Biased_Test,1988,tcf_only,Oth,Conservative-2VC2TC,Conservative-2VC2TC,conservative_full,1.0,5,0,,,,,none,none,
MME,LLaVA-NeXT-8B_Biased_Test,1998,tcf_only,Oth,Conservative-2VC2TC,Conservative-2VC2TC,conservative_full,1.0,5,0,,,,,none,none,
MME,LLaVA-NeXT-8B_Biased_Test,2002,tcf_only,Oth,Conservative-2VC2TC,Conservative-2VC2TC,conservative_full,0.0,5,0,,,,,none,none,
MME,LLaVA-NeXT-8B_Biased_Test,2012,tcf_only,Oth,Conservative-2VC2TC,Conservative-2VC2TC,conservative_full,1.0,5,0,,,,,none,none,
MME,LLaVA-NeXT-8B_Biased_Test,2013,tcf_only,Oth,Conservative-2VC2TC,Conservative-2VC2TC,conservative_full,0.0,5,0,,,,,none,none,
MME,LLaVA-NeXT-8B_Biased_Test,2032,tcf_only,Oth,Conservative-2VC2TC,Conservative-2VC2TC,conservative_full,1.0,5,0,,,,,none,none,
MME,LLaVA-NeXT-8B_Biased_Test,2068,tcf_only,Oth,Conservative-2VC2TC,Conservative-2VC2TC,conservative_full,0.0,5,0,,,,,none,none,
MME,LLaVA-NeXT-8B_Biased_Test,2071,tcf_only,Oth,Conservative-2VC2TC,Conservative-2VC2TC,conservative_full,0.0,5,0,,,,,none,none,
MME,LLaVA-NeXT-8B_Biased_Test,2074,tcf_only,Oth,Conservative-2VC2TC,Conservative-2VC2TC,conservative_full,1.0,5,0,,,,,none,none,
MME,LLaVA-NeXT-8B_Biased_Test,2084,tcf_only,Oth,Conservative-2VC2TC,Conservative-2VC2TC,conservative_full,1.0,5,0,,,,,none,none,
MME,LLaVA-NeXT-8B_Biased_Test,2092,tcf_only,Oth,Conservative-2VC2TC,Conservative-2VC2TC,conservative_full,1.0,5,0,,,,,none,none,
MME,LLaVA-NeXT-8B_Biased_Test,2096,tcf_only,Oth,Conservative-2VC2TC,Conservative-2VC2TC,conservative_full,1.0,5,0,,,,,none,none,
MME,LLaVA-NeXT-8B_Biased_Test,2097,tcf_only,Oth,Conservative-2VC2TC,Conservative-2VC2TC,conservative_full,0.0,5,0,,,,,none,none,
MME,LLaVA-NeXT-8B_Biased_Test,2098,tcf_only,Oth,Conservative-2VC2TC,Conservative-2VC2TC,conservative_full,1.0,5,0,,,,,none,none,
MME,LLaVA-NeXT-8B_Biased_Test,2106,tcf_only,Oth,Conservative-2VC2TC,Conservative-2VC2TC,conservative_full,1.0,5,0,,,,,none,none,
MME,LLaVA-NeXT-8B_Biased_Test,2111,tcf_only,Oth,Conservative-2VC2TC,Conservative-2VC2TC,conservative_full,0.0,5,0,,,,,none,none,
MME,LLaVA-NeXT-8B_Biased_Test,2123,tcf_only,Oth,Conservative-2VC2TC,Conservative-2VC2TC,conservative_full,0.0,5,0,,,,,none,none,
MME,LLaVA-NeXT-8B_Biased_Test,2142,tcf_only,Oth,Joint-CenterMask-QuestionMask,Joint-CenterMask-QuestionMask,joint_center,0.0,4,1,0.1480263322591781,1,tc_qmask,2.0,qmask,center,
MME,LLaVA-NeXT-8B_Biased_Test,2146,tcf_only,Oth,Conservative-2VC2TC,Conservative-2VC2TC,conservative_full,1.0,5,0,,,,,none,none,
MME,LLaVA-NeXT-8B_Biased_Test,2148,tcf_only,Oth,Conservative-2VC2TC,Conservative-2VC2TC,conservative_full,1.0,5,0,,,,,none,none,
MME,LLaVA-NeXT-8B_Biased_Test,2162,tcf_only,Oth,Conservative-2VC2TC,Conservative-2VC2TC,conservative_full,1.0,5,0,,,,,none,none,
MME,LLaVA-NeXT-8B_Biased_Test,2168,tcf_only,Oth,Joint-CenterMask-QuestionMask,Joint-CenterMask-QuestionMask,joint_center,0.0,4,1,0.1711404919624328,1,tc_qmask,2.0,qmask,center,
MME,LLaVA-NeXT-8B_Biased_Test,2172,tcf_only,Oth,Conservative-2VC2TC,Conservative-2VC2TC,conservative_full,1.0,5,0,,,,,none,none,
MME,LLaVA-NeXT-8B_Biased_Test,2182,tcf_only,Oth,Joint-StrongBlur-QuestionMask,Joint-StrongBlur-QuestionMask,joint_strong,1.0,4,1,0.1660178005695343,1,tc_qmask,2.0,qmask,strong,
MME,LLaVA-NeXT-8B_Biased_Test,2214,tcf_only,Oth,Conservative-2VC2TC,Conservative-2VC2TC,conservative_full,1.0,5,0,,,,,none,none,
MME,LLaVA-NeXT-8B_Biased_Test,2216,tcf_only,Oth,Conservative-2VC2TC,Conservative-2VC2TC,conservative_full,1.0,5,0,,,,,none,none,
MME,LLaVA-NeXT-8B_Biased_Test,2229,tcf_only,Oth,Conservative-2VC2TC,Conservative-2VC2TC,conservative_full,0.0,5,0,,,,,none,none,
MME,LLaVA-NeXT-8B_Biased_Test,2234,tcf_only,Oth,Conservative-2VC2TC,Conservative-2VC2TC,conservative_full,1.0,5,0,,,,,none,none,
MME,LLaVA-NeXT-8B_Biased_Test,2246,both,Oth,Conservative-2VC2TC,Conservative-2VC2TC,conservative_full,1.0,5,0,,,,,none,none,
MME,LLaVA-NeXT-8B_Biased_Test,2264,tcf_only,Oth,Joint-CenterMask-QuestionMask,Joint-CenterMask-QuestionMask,joint_center,0.0,4,1,0.0640071928501129,1,tc_qmask,2.0,qmask,center,
MME,LLaVA-NeXT-8B_Biased_Test,2266,tcf_only,Oth,Conservative-2VC2TC,Conservative-2VC2TC,conservative_full,1.0,5,0,,,,,none,none,
MME,LLaVA-NeXT-8B_Biased_Test,2272,tcf_only,Oth,Joint-StrongBlur-QuestionMask,Joint-StrongBlur-QuestionMask,joint_strong,1.0,4,1,0.1837728172540664,1,tc_qmask,2.0,qmask,strong,
MME,LLaVA-NeXT-8B_Biased_Test,2282,tcf_only,Oth,Conservative-2VC2TC,Conservative-2VC2TC,conservative_full,1.0,5,0,,,,,none,none,
MME,LLaVA-NeXT-8B_Biased_Test,2288,tcf_only,Oth,Conservative-2VC2TC,Conservative-2VC2TC,conservative_full,1.0,5,0,,,,,none,none,
MME,LLaVA-NeXT-8B_Biased_Test,2294,tcf_only,Oth,Conservative-2VC2TC,Conservative-2VC2TC,conservative_full,1.0,5,0,,,,,none,none,
MME,LLaVA-NeXT-8B_Biased_Test,2302,tcf_only,Oth,Conservative-2VC2TC,Conservative-2VC2TC,conservative_full,1.0,5,0,,,,,none,none,
MME,LLaVA-NeXT-8B_Biased_Test,2312,tcf_only,Oth,Conservative-2VC2TC,Conservative-2VC2TC,conservative_full,1.0,5,0,,,,,none,none,
MME,LLaVA-NeXT-8B_Biased_Test,2318,tcf_only,Oth,Conservative-2VC2TC,Conservative-2VC2TC,conservative_full,1.0,5,0,,,,,none,none,
MME,LLaVA-NeXT-8B_Biased_Test,2324,tcf_only,Oth,Conservative-2VC2TC,Conservative-2VC2TC,conservative_full,1.0,5,0,,,,,none,none,
MME,LLaVA-NeXT-8B_Biased_Test,2334,tcf_only,Oth,Conservative-2VC2TC,Conservative-2VC2TC,conservative_full,1.0,5,0,,,,,none,none,
MME,LLaVA-NeXT-8B_Biased_Test,2336,both,Oth,Conservative-2VC2TC,Conservative-2VC2TC,conservative_full,0.0,5,0,,,,,none,none,
MME,LLaVA-NeXT-8B_Biased_Test,2338,tcf_only,Oth,Conservative-2VC2TC,Conservative-2VC2TC,conservative_full,0.0,5,0,,,,,none,none,
MME,LLaVA-NeXT-8B_Biased_Test,2342,vcf_only,Oth,Conservative-2VC2TC,Conservative-2VC2TC,conservative_full,1.0,5,0,,,,,none,none,
MME,LLaVA-NeXT-8B_Biased_Test,2344,tcf_only,Oth,Conservative-2VC2TC,Conservative-2VC2TC,conservative_full,1.0,5,0,,,,,none,none,
MME,LLaVA-NeXT-8B_Biased_Test,2346,tcf_only,Oth,Conservative-2VC2TC,Conservative-2VC2TC,conservative_full,1.0,5,0,,,,,none,none,
MME,LLaVA-NeXT-8B_Biased_Test,2348,tcf_only,Oth,Conservative-2VC2TC,Conservative-2VC2TC,conservative_full,1.0,5,0,,,,,none,none,
MME,LLaVA-NeXT-8B_Biased_Test,2349,tcf_only,Oth,Conservative-2VC2TC,Conservative-2VC2TC,conservative_full,0.0,5,0,,,,,none,none,
MME,LLaVA-NeXT-8B_Biased_Test,2352,tcf_only,Oth,Conservative-2VC2TC,Conservative-2VC2TC,conservative_full,0.0,5,0,,,,,none,none,
MME,LLaVA-NeXT-8B_Biased_Test,2353,both,Oth,Conservative-2VC2TC,Conservative-2VC2TC,conservative_full,0.0,5,0,,,,,none,none,
MME,LLaVA-NeXT-8B_Biased_Test,2354,both,Oth,Conservative-2VC2TC,Conservative-2VC2TC,conservative_full,0.0,5,0,,,,,none,none,
MME,LLaVA-NeXT-8B_Biased_Test,2356,tcf_only,Oth,Conservative-2VC2TC,Conservative-2VC2TC,conservative_full,1.0,5,0,,,,,none,none,
MME,LLaVA-NeXT-8B_Biased_Test,2357,both,Oth,Conservative-2VC2TC,Conservative-2VC2TC,conservative_full,0.0,5,0,,,,,none,none,
MME,LLaVA-NeXT-8B_Biased_Test,2358,tcf_only,Oth,Conservative-2VC2TC,Conservative-2VC2TC,conservative_full,1.0,5,0,,,,,none,none,
MME,LLaVA-NeXT-8B_Biased_Test,2362,both,Oth,Conservative-2VC2TC,Conservative-2VC2TC,conservative_full,1.0,5,0,,,,,none,none,
MME,LLaVA-NeXT-8B_Biased_Test,2364,both,Oth,Conservative-2VC2TC,Conservative-2VC2TC,conservative_full,1.0,5,0,,,,,none,none,
MME,LLaVA-NeXT-8B_Biased_Test,2366,both,Oth,Conservative-2VC2TC,Conservative-2VC2TC,conservative_full,0.0,5,0,,,,,none,none,
MME,LLaVA-NeXT-8B_Biased_Test,2368,both,Oth,Conservative-2VC2TC,Conservative-2VC2TC,conservative_full,0.0,5,0,,,,,none,none,
MME,LLaVA-NeXT-8B_Biased_Test,2372,tcf_only,Oth,Conservative-2VC2TC,Conservative-2VC2TC,conservative_full,1.0,5,0,,,,,none,none,
ViLP,LLaVA-NeXT-8B_Biased_Test,1,vcf_only,Oth,Conservative-2VC2TC,Conservative-2VC2TC,conservative_full,1.0,5,0,,,,,none,none,
ViLP,LLaVA-NeXT-8B_Biased_Test,3,tcf_only,Oth,Conservative-2VC2TC,Conservative-2VC2TC,conservative_full,0.0,5,0,,,,,none,none,
ViLP,LLaVA-NeXT-8B_Biased_Test,8,vcf_only,Oth,Conservative-2VC2TC,Conservative-2VC2TC,conservative_full,0.0,5,0,,,,,none,none,
ViLP,LLaVA-NeXT-8B_Biased_Test,9,vcf_only,Oth,Conservative-2VC2TC,Conservative-2VC2TC,conservative_full,0.0,5,0,,,,,none,none,
ViLP,LLaVA-NeXT-8B_Biased_Test,16,vcf_only,Oth,Visual-Grayscale,Visual-Grayscale,visual_gray,0.0,3,1,-2.38247994275298e-05,1,tc_qmask,2.0,none,gray,1
ViLP,LLaVA-NeXT-8B_Biased_Test,17,vcf_only,Oth,Conservative-2VC2TC,Conservative-2VC2TC,conservative_full,0.0,5,0,,,,,none,none,
ViLP,LLaVA-NeXT-8B_Biased_Test,22,vcf_only,Oth,Conservative-2VC2TC,Conservative-2VC2TC,conservative_full,0.0,5,0,,,,,none,none,
ViLP,LLaVA-NeXT-8B_Biased_Test,23,vcf_only,Oth,Conservative-2VC2TC,Conservative-2VC2TC,conservative_full,0.0,5,0,,,,,none,none,
ViLP,LLaVA-NeXT-8B_Biased_Test,32,vcf_only,Oth,Conservative-2VC2TC,Conservative-2VC2TC,conservative_full,1.0,5,0,,,,,none,none,
ViLP,LLaVA-NeXT-8B_Biased_Test,37,both,Oth,Conservative-2VC2TC,Conservative-2VC2TC,conservative_full,0.0,5,0,,,,,none,none,
ViLP,LLaVA-NeXT-8B_Biased_Test,38,both,Oth,Conservative-2VC2TC,Conservative-2VC2TC,conservative_full,0.0,5,0,,,,,none,none,
ViLP,LLaVA-NeXT-8B_Biased_Test,41,vcf_only,Oth,Conservative-2VC2TC,Conservative-2VC2TC,conservative_full,1.0,5,0,,,,,none,none,
ViLP,LLaVA-NeXT-8B_Biased_Test,43,vcf_only,Oth,Conservative-2VC2TC,Conservative-2VC2TC,conservative_full,0.0,5,0,,,,,none,none,
ViLP,LLaVA-NeXT-8B_Biased_Test,44,vcf_only,Oth,Conservative-2VC2TC,Conservative-2VC2TC,conservative_full,0.0,5,0,,,,,none,none,
ViLP,LLaVA-NeXT-8B_Biased_Test,46,vcf_only,Oth,Conservative-2VC2TC,Conservative-2VC2TC,conservative_full,0.0,5,0,,,,,none,none,
ViLP,LLaVA-NeXT-8B_Biased_Test,47,vcf_only,Oth,Conservative-2VC2TC,Conservative-2VC2TC,conservative_full,0.0,5,0,,,,,none,none,
ViLP,LLaVA-NeXT-8B_Biased_Test,49,tcf_only,Oth,Conservative-2VC2TC,Conservative-2VC2TC,conservative_full,0.0,5,0,,,,,none,none,
ViLP,LLaVA-NeXT-8B_Biased_Test,52,vcf_only,Oth,Conservative-2VC2TC,Conservative-2VC2TC,conservative_full,0.0,5,0,,,,,none,none,
ViLP,LLaVA-NeXT-8B_Biased_Test,53,vcf_only,Oth,Conservative-2VC2TC,Conservative-2VC2TC,conservative_full,0.0,5,0,,,,,none,none,
ViLP,LLaVA-NeXT-8B_Biased_Test,56,tcf_only,Oth,Conservative-2VC2TC,Conservative-2VC2TC,conservative_full,1.0,5,0,,,,,none,none,
ViLP,LLaVA-NeXT-8B_Biased_Test,58,vcf_only,Oth,Visual-Grayscale,Visual-Grayscale,visual_gray,0.0,5,1,-2.251306977996137e-05,1,tc_qmask,2.0,none,gray,3
ViLP,LLaVA-NeXT-8B_Biased_Test,61,tcf_only,Oth,Conservative-2VC2TC,Conservative-2VC2TC,conservative_full,1.0,5,0,,,,,none,none,
ViLP,LLaVA-NeXT-8B_Biased_Test,62,tcf_only,Oth,Conservative-2VC2TC,Conservative-2VC2TC,conservative_full,1.0,5,0,,,,,none,none,
ViLP,LLaVA-NeXT-8B_Biased_Test,64,vcf_only,Oth,Conservative-2VC2TC,Conservative-2VC2TC,conservative_full,0.0,5,0,,,,,none,none,
ViLP,LLaVA-NeXT-8B_Biased_Test,68,vcf_only,Oth,Conservative-2VC2TC,Conservative-2VC2TC,conservative_full,1.0,5,0,,,,,none,none,
ViLP,LLaVA-NeXT-8B_Biased_Test,71,vcf_only,Oth,Conservative-2VC2TC,Conservative-2VC2TC,conservative_full,0.0,5,0,,,,,none,none,
ViLP,LLaVA-NeXT-8B_Biased_Test,73,vcf_only,Oth,Visual-Grayscale,Visual-Grayscale,visual_gray,0.0,5,1,-1.8428330804454163e-05,1,tc_qmask,2.0,none,gray,3
ViLP,LLaVA-NeXT-8B_Biased_Test,76,tcf_only,Oth,Conservative-2VC2TC,Conservative-2VC2TC,conservative_full,1.0,5,0,,,,,none,none,
ViLP,LLaVA-NeXT-8B_Biased_Test,79,vcf_only,Oth,Visual-Grayscale,Visual-Grayscale,visual_gray,0.0,5,1,-1.9387483916943893e-05,1,tc_qmask,2.0,none,gray,3
ViLP,LLaVA-NeXT-8B_Biased_Test,91,vcf_only,Oth,Conservative-2VC2TC,Conservative-2VC2TC,conservative_full,0.0,5,0,,,,,none,none,
ViLP,LLaVA-NeXT-8B_Biased_Test,97,vcf_only,Oth,Visual-Grayscale,Visual-Grayscale,visual_gray,0.0,3,1,-2.065810258500278e-05,1,tc_qmask,2.0,none,gray,1
ViLP,LLaVA-NeXT-8B_Biased_Test,98,vcf_only,Oth,Visual-Grayscale,Visual-Grayscale,visual_gray,0.0,3,1,-1.7933645722223446e-05,1,tc_qmask,2.0,none,gray,1
ViLP,LLaVA-NeXT-8B_Biased_Test,103,vcf_only,Oth,Conservative-2VC2TC,Conservative-2VC2TC,conservative_full,0.0,5,0,,,,,none,none,
ViLP,LLaVA-NeXT-8B_Biased_Test,106,vcf_only,Oth,Conservative-2VC2TC,Conservative-2VC2TC,conservative_full,1.0,5,0,,,,,none,none,
ViLP,LLaVA-NeXT-8B_Biased_Test,107,tcf_only,Oth,Conservative-2VC2TC,Conservative-2VC2TC,conservative_full,1.0,5,0,,,,,none,none,
ViLP,LLaVA-NeXT-8B_Biased_Test,108,vcf_only,Oth,Conservative-2VC2TC,Conservative-2VC2TC,conservative_full,0.0,5,0,,,,,none,none,
ViLP,LLaVA-NeXT-8B_Biased_Test,109,tcf_only,Oth,Conservative-2VC2TC,Conservative-2VC2TC,conservative_full,0.0,5,0,,,,,none,none,
ViLP,LLaVA-NeXT-8B_Biased_Test,118,vcf_only,Oth,Visual-StrongBlur,Visual-StrongBlur,visual_strong,0.0,5,1,-2.3547923774458468e-05,1,tc_qmask,1.0,none,strong,3
ViLP,LLaVA-NeXT-8B_Biased_Test,119,vcf_only,Oth,Visual-Grayscale,Visual-Grayscale,visual_gray,0.0,5,1,-2.022231637965888e-05,1,tc_qmask,2.0,none,gray,3
ViLP,LLaVA-NeXT-8B_Biased_Test,121,both,Oth,Conservative-2VC2TC,Conservative-2VC2TC,conservative_full,0.0,5,0,,,,,none,none,
ViLP,LLaVA-NeXT-8B_Biased_Test,122,vcf_only,Oth,Conservative-2VC2TC,Conservative-2VC2TC,conservative_full,0.0,5,0,,,,,none,none,
ViLP,LLaVA-NeXT-8B_Biased_Test,123,vcf_only,Oth,Conservative-2VC2TC,Conservative-2VC2TC,conservative_full,0.0,5,0,,,,,none,none,
ViLP,LLaVA-NeXT-8B_Biased_Test,127,tcf_only,Oth,Conservative-2VC2TC,Conservative-2VC2TC,conservative_full,0.0,5,0,,,,,none,none,
ViLP,LLaVA-NeXT-8B_Biased_Test,129,both,Oth,Conservative-2VC2TC,Conservative-2VC2TC,conservative_full,0.0,5,0,,,,,none,none,
ViLP,LLaVA-NeXT-8B_Biased_Test,133,vcf_only,Oth,Conservative-2VC2TC,Conservative-2VC2TC,conservative_full,1.0,5,0,,,,,none,none,
ViLP,LLaVA-NeXT-8B_Biased_Test,136,tcf_only,Oth,Conservative-2VC2TC,Conservative-2VC2TC,conservative_full,1.0,5,0,,,,,none,none,
ViLP,LLaVA-NeXT-8B_Biased_Test,139,tcf_only,Oth,Conservative-2VC2TC,Conservative-2VC2TC,conservative_full,1.0,5,0,,,,,none,none,
ViLP,LLaVA-NeXT-8B_Biased_Test,143,vcf_only,Oth,Conservative-2VC2TC,Conservative-2VC2TC,conservative_full,0.0,5,0,,,,,none,none,
ViLP,LLaVA-NeXT-8B_Biased_Test,146,vcf_only,Oth,Conservative-2VC2TC,Conservative-2VC2TC,conservative_full,0.0,5,0,,,,,none,none,
ViLP,LLaVA-NeXT-8B_Biased_Test,148,vcf_only,Oth,Conservative-2VC2TC,Conservative-2VC2TC,conservative_full,1.0,5,0,,,,,none,none,
ViLP,LLaVA-NeXT-8B_Biased_Test,149,vcf_only,Oth,Conservative-2VC2TC,Conservative-2VC2TC,conservative_full,0.0,5,0,,,,,none,none,
ViLP,LLaVA-NeXT-8B_Biased_Test,151,vcf_only,Oth,Visual-StrongBlur,Visual-StrongBlur,visual_strong,0.0,5,1,-2.306030000909232e-05,1,tc_qmask,2.0,none,strong,3
ViLP,LLaVA-NeXT-8B_Biased_Test,152,vcf_only,Oth,Conservative-2VC2TC,Conservative-2VC2TC,conservative_full,0.0,5,0,,,,,none,none,
ViLP,LLaVA-NeXT-8B_Biased_Test,154,vcf_only,Oth,Conservative-2VC2TC,Conservative-2VC2TC,conservative_full,0.0,5,0,,,,,none,none,
ViLP,LLaVA-NeXT-8B_Biased_Test,157,vcf_only,Oth,Visual-Grayscale,Visual-Grayscale,visual_gray,0.0,3,1,-2.2521942810271867e-05,1,tc_qmask,2.0,none,gray,1
ViLP,LLaVA-NeXT-8B_Biased_Test,158,vcf_only,Oth,Visual-Grayscale,Visual-Grayscale,visual_gray,0.0,3,1,-2.38004831771832e-05,1,tc_qmask,2.0,none,gray,1
ViLP,LLaVA-NeXT-8B_Biased_Test,161,vcf_only,Oth,Visual-StrongBlur,Visual-StrongBlur,visual_strong,0.0,5,1,-2.064145155600272e-05,1,tc_qmask,2.0,none,strong,3
ViLP,LLaVA-NeXT-8B_Biased_Test,162,tcf_only,Oth,Conservative-2VC2TC,Conservative-2VC2TC,conservative_full,0.0,5,0,,,,,none,none,
ViLP,LLaVA-NeXT-8B_Biased_Test,163,tcf_only,Oth,Conservative-2VC2TC,Conservative-2VC2TC,conservative_full,0.0,5,0,,,,,none,none,
ViLP,LLaVA-NeXT-8B_Biased_Test,166,vcf_only,Oth,Visual-Grayscale,Visual-Grayscale,visual_gray,0.0,5,1,-1.6809026419650763e-05,1,tc_qmask,2.0,none,gray,3
ViLP,LLaVA-NeXT-8B_Biased_Test,167,vcf_only,Oth,Visual-Grayscale,Visual-Grayscale,visual_gray,0.0,3,1,-2.062879138975404e-05,1,tc_qmask,2.0,none,gray,1
ViLP,LLaVA-NeXT-8B_Biased_Test,169,vcf_only,Oth,Visual-Grayscale,Visual-Grayscale,visual_gray,0.0,3,1,-2.3724776838207617e-05,1,tc_qmask,2.0,none,gray,1
ViLP,LLaVA-NeXT-8B_Biased_Test,178,vcf_only,Oth,Conservative-2VC2TC,Conservative-2VC2TC,conservative_full,0.0,5,0,,,,,none,none,
ViLP,LLaVA-NeXT-8B_Biased_Test,179,vcf_only,Oth,Visual-Grayscale,Visual-Grayscale,visual_gray,0.0,3,1,-2.371684604440816e-05,1,tc_qmask,2.0,none,gray,1
ViLP,LLaVA-NeXT-8B_Biased_Test,181,vcf_only,Oth,Visual-Grayscale,Visual-Grayscale,visual_gray,0.0,3,1,-2.3154847440309823e-05,1,tc_qmask,2.0,none,gray,1
ViLP,LLaVA-NeXT-8B_Biased_Test,182,vcf_only,Oth,Visual-CenterMask,Visual-CenterMask,visual_center,0.0,4,1,-2.42907990468666e-05,1,tc_qmask,2.0,none,center,2
ViLP,LLaVA-NeXT-8B_Biased_Test,184,vcf_only,Oth,Visual-Grayscale,Visual-Grayscale,visual_gray,0.0,3,1,-2.121924080711324e-05,1,tc_qmask,2.0,none,gray,1
ViLP,LLaVA-NeXT-8B_Biased_Test,187,vcf_only,Oth,Visual-Grayscale,Visual-Grayscale,visual_gray,0.0,3,1,-2.4122085960698317e-05,1,tc_qmask,2.0,none,gray,1
ViLP,LLaVA-NeXT-8B_Biased_Test,188,vcf_only,Oth,Visual-Grayscale,Visual-Grayscale,visual_gray,0.0,3,1,-2.4599659809609875e-05,1,tc_qmask,2.0,none,gray,1
ViLP,LLaVA-NeXT-8B_Biased_Test,192,tcf_only,Oth,Conservative-2VC2TC,Conservative-2VC2TC,conservative_full,0.0,5,0,,,,,none,none,
ViLP,LLaVA-NeXT-8B_Biased_Test,194,tcf_only,Oth,Conservative-2VC2TC,Conservative-2VC2TC,conservative_full,1.0,5,0,,,,,none,none,
ViLP,LLaVA-NeXT-8B_Biased_Test,198,tcf_only,Oth,Conservative-2VC2TC,Conservative-2VC2TC,conservative_full,0.0,5,0,,,,,none,none,
ViLP,LLaVA-NeXT-8B_Biased_Test,201,vcf_only,Oth,Conservative-2VC2TC,Conservative-2VC2TC,conservative_full,0.0,5,0,,,,,none,none,
ViLP,LLaVA-NeXT-8B_Biased_Test,206,vcf_only,Oth,Visual-Grayscale,Visual-Grayscale,visual_gray,0.0,3,1,-2.2956864995649084e-05,1,tc_qmask,2.0,none,gray,1
ViLP,LLaVA-NeXT-8B_Biased_Test,208,vcf_only,Oth,Conservative-2VC2TC,Conservative-2VC2TC,conservative_full,0.0,5,0,,,,,none,none,
ViLP,LLaVA-NeXT-8B_Biased_Test,209,vcf_only,Oth,Visual-CenterMask,Visual-CenterMask,visual_center,0.0,4,1,-1.6279527699225582e-05,1,tc_qmask,2.0,none,center,2
ViLP,LLaVA-NeXT-8B_Biased_Test,211,vcf_only,Oth,Visual-Grayscale,Visual-Grayscale,visual_gray,0.0,5,1,-2.371066511841491e-05,1,tc_qmask,2.0,none,gray,3
ViLP,LLaVA-NeXT-8B_Biased_Test,212,vcf_only,Oth,Conservative-2VC2TC,Conservative-2VC2TC,conservative_full,1.0,5,0,,,,,none,none,
ViLP,LLaVA-NeXT-8B_Biased_Test,214,vcf_only,Oth,Visual-Grayscale,Visual-Grayscale,visual_gray,0.0,3,1,-2.389298606431112e-05,1,tc_qmask,2.0,none,gray,1
ViLP,LLaVA-NeXT-8B_Biased_Test,217,vcf_only,Oth,Visual-Grayscale,Visual-Grayscale,visual_gray,0.0,3,1,-2.3197109840111807e-05,1,tc_qmask,2.0,none,gray,1
ViLP,LLaVA-NeXT-8B_Biased_Test,218,vcf_only,Oth,Visual-CenterMask,Visual-CenterMask,visual_center,0.0,4,1,-2.4274522729683667e-05,1,tc_qmask,2.0,none,center,2
ViLP,LLaVA-NeXT-8B_Biased_Test,221,vcf_only,Oth,Visual-CenterMask,Visual-CenterMask,visual_center,0.0,4,1,-2.403746657364536e-05,1,tc_qmask,2.0,none,center,2
ViLP,LLaVA-NeXT-8B_Biased_Test,223,vcf_only,Oth,Visual-Grayscale,Visual-Grayscale,visual_gray,0.0,3,1,-2.395240699115675e-05,1,tc_qmask,2.0,none,gray,1
ViLP,LLaVA-NeXT-8B_Biased_Test,224,vcf_only,Oth,Visual-Grayscale,Visual-Grayscale,visual_gray,0.0,3,1,-2.258390122733545e-05,1,tc_qmask,2.0,none,gray,1
ViLP,LLaVA-NeXT-8B_Biased_Test,226,vcf_only,Oth,Visual-CenterMask,Visual-CenterMask,visual_center,0.0,4,1,-2.342393599974457e-05,1,tc_qmask,2.0,none,center,2
ViLP,LLaVA-NeXT-8B_Biased_Test,227,vcf_only,Oth,Visual-CenterMask,Visual-CenterMask,visual_center,0.0,4,1,-2.4012233552639373e-05,1,tc_qmask,2.0,none,center,2
ViLP,LLaVA-NeXT-8B_Biased_Test,229,vcf_only,Oth,Conservative-2VC2TC,Conservative-2VC2TC,conservative_full,0.0,5,0,,,,,none,none,
ViLP,LLaVA-NeXT-8B_Biased_Test,232,vcf_only,Oth,Visual-CenterMask,Visual-CenterMask,visual_center,0.0,4,1,-2.2906675440026447e-05,1,tc_qmask,2.0,none,center,2
ViLP,LLaVA-NeXT-8B_Biased_Test,233,vcf_only,Oth,Visual-CenterMask,Visual-CenterMask,visual_center,0.0,4,1,-2.3609420168213543e-05,1,tc_qmask,2.0,none,center,2
ViLP,LLaVA-NeXT-8B_Biased_Test,236,vcf_only,Oth,Visual-Grayscale,Visual-Grayscale,visual_gray,0.0,5,1,-1.514626455900725e-05,1,tc_qmask,2.0,none,gray,3
ViLP,LLaVA-NeXT-8B_Biased_Test,238,vcf_only,Oth,Visual-CenterMask,Visual-CenterMask,visual_center,0.0,4,1,-8.85895497049205e-06,1,tc_qmask,2.0,none,center,2
ViLP,LLaVA-NeXT-8B_Biased_Test,239,vcf_only,Oth,Visual-CenterMask,Visual-CenterMask,visual_center,0.0,4,1,-8.538306246919092e-06,1,tc_qmask,2.0,none,center,2
ViLP,LLaVA-NeXT-8B_Biased_Test,242,both,Oth,Conservative-2VC2TC,Conservative-2VC2TC,conservative_full,1.0,5,0,,,,,none,none,
ViLP,LLaVA-NeXT-8B_Biased_Test,244,tcf_only,Oth,Conservative-2VC2TC,Conservative-2VC2TC,conservative_full,1.0,5,0,,,,,none,none,
ViLP,LLaVA-NeXT-8B_Biased_Test,247,tcf_only,Oth,Conservative-2VC2TC,Conservative-2VC2TC,conservative_full,1.0,5,0,,,,,none,none,
ViLP,LLaVA-NeXT-8B_Biased_Test,253,vcf_only,Oth,Conservative-2VC2TC,Conservative-2VC2TC,conservative_full,1.0,5,0,,,,,none,none,
ViLP,LLaVA-NeXT-8B_Biased_Test,254,vcf_only,Oth,Conservative-2VC2TC,Conservative-2VC2TC,conservative_full,1.0,5,0,,,,,none,none,
ViLP,LLaVA-NeXT-8B_Biased_Test,256,vcf_only,Oth,Conservative-2VC2TC,Conservative-2VC2TC,conservative_full,0.0,5,0,,,,,none,none,
ViLP,LLaVA-NeXT-8B_Biased_Test,259,vcf_only,Oth,Conservative-2VC2TC,Conservative-2VC2TC,conservative_full,0.0,5,0,,,,,none,none,
ViLP,LLaVA-NeXT-8B_Biased_Test,268,vcf_only,Oth,Visual-CenterMask,Visual-CenterMask,visual_center,0.0,4,1,-2.3743858037050813e-05,1,tc_qmask,2.0,none,center,2
ViLP,LLaVA-NeXT-8B_Biased_Test,269,vcf_only,Oth,Conservative-2VC2TC,Conservative-2VC2TC,conservative_full,0.0,5,0,,,,,none,none,
ViLP,LLaVA-NeXT-8B_Biased_Test,274,vcf_only,Oth,Conservative-2VC2TC,Conservative-2VC2TC,conservative_full,1.0,5,0,,,,,none,none,
ViLP,LLaVA-NeXT-8B_Biased_Test,277,vcf_only,Oth,Conservative-2VC2TC,Conservative-2VC2TC,conservative_full,1.0,5,0,,,,,none,none,
ViLP,LLaVA-NeXT-8B_Biased_Test,286,both,Oth,Conservative-2VC2TC,Conservative-2VC2TC,conservative_full,1.0,5,0,,,,,none,none,
ViLP,LLaVA-NeXT-8B_Biased_Test,287,vcf_only,Oth,Conservative-2VC2TC,Conservative-2VC2TC,conservative_full,0.0,5,0,,,,,none,none,
ViLP,LLaVA-NeXT-8B_Biased_Test,289,vcf_only,Oth,Conservative-2VC2TC,Conservative-2VC2TC,conservative_full,1.0,5,0,,,,,none,none,
ViLP,LLaVA-NeXT-8B_Biased_Test,292,vcf_only,Oth,Conservative-2VC2TC,Conservative-2VC2TC,conservative_full,1.0,5,0,,,,,none,none,
ViLP,LLaVA-NeXT-8B_Biased_Test,293,both,Oth,Conservative-2VC2TC,Conservative-2VC2TC,conservative_full,0.0,5,0,,,,,none,none,
ViLP,LLaVA-NeXT-8B_Biased_Test,294,tcf_only,Oth,Conservative-2VC2TC,Conservative-2VC2TC,conservative_full,0.0,5,0,,,,,none,none,
ViLP,LLaVA-NeXT-8B_Biased_Test,298,vcf_only,Oth,Visual-Grayscale,Visual-Grayscale,visual_gray,0.0,3,1,-2.443076846248005e-05,1,tc_qmask,2.0,none,gray,1
ViLP,LLaVA-NeXT-8B_Biased_Test,299,vcf_only,Oth,Visual-Grayscale,Visual-Grayscale,visual_gray,0.0,3,1,-2.4692086299182847e-05,1,tc_qmask,2.0,none,gray,1
ViLP,LLaVA-NeXT-8B_Biased_Test,301,vcf_only,Oth,Conservative-2VC2TC,Conservative-2VC2TC,conservative_full,1.0,5,0,,,,,none,none,
ViLP,LLaVA-NeXT-8B_Biased_Test,302,vcf_only,Oth,Conservative-2VC2TC,Conservative-2VC2TC,conservative_full,1.0,5,0,,,,,none,none,
ViLP,LLaVA-NeXT-8B_Biased_Test,304,vcf_only,Oth,Conservative-2VC2TC,Conservative-2VC2TC,conservative_full,1.0,5,0,,,,,none,none,
ViLP,LLaVA-NeXT-8B_Biased_Test,311,vcf_only,Oth,Conservative-2VC2TC,Conservative-2VC2TC,conservative_full,0.0,5,0,,,,,none,none,
ViLP,LLaVA-NeXT-8B_Biased_Test,314,tcf_only,Oth,Conservative-2VC2TC,Conservative-2VC2TC,conservative_full,0.0,5,0,,,,,none,none,
ViLP,LLaVA-NeXT-8B_Biased_Test,316,both,Oth,Conservative-2VC2TC,Conservative-2VC2TC,conservative_full,0.0,5,0,,,,,none,none,
ViLP,LLaVA-NeXT-8B_Biased_Test,323,vcf_only,Oth,Conservative-2VC2TC,Conservative-2VC2TC,conservative_full,0.0,5,0,,,,,none,none,
ViLP,LLaVA-NeXT-8B_Biased_Test,327,tcf_only,Oth,Conservative-2VC2TC,Conservative-2VC2TC,conservative_full,0.0,5,0,,,,,none,none,
ViLP,LLaVA-NeXT-8B_Biased_Test,331,both,Oth,Conservative-2VC2TC,Conservative-2VC2TC,conservative_full,0.0,5,0,,,,,none,none,
ViLP,LLaVA-NeXT-8B_Biased_Test,332,both,Oth,Conservative-2VC2TC,Conservative-2VC2TC,conservative_full,1.0,5,0,,,,,none,none,
ViLP,LLaVA-NeXT-8B_Biased_Test,357,vcf_only,Oth,Visual-CenterMask,Visual-CenterMask,visual_center,0.0,5,1,-1.0864204341487492e-05,1,tc_qmask,2.0,none,center,3
ViLP,LLaVA-NeXT-8B_Biased_Test,373,vcf_only,Oth,Conservative-2VC2TC,Conservative-2VC2TC,conservative_full,0.0,5,0,,,,,none,none,
ViLP,LLaVA-NeXT-8B_Biased_Test,374,vcf_only,Oth,Conservative-2VC2TC,Conservative-2VC2TC,conservative_full,1.0,5,0,,,,,none,none,
ViLP,LLaVA-NeXT-8B_Biased_Test,376,both,Oth,Conservative-2VC2TC,Conservative-2VC2TC,conservative_full,0.0,5,0,,,,,none,none,
ViLP,LLaVA-NeXT-8B_Biased_Test,379,both,Oth,Conservative-2VC2TC,Conservative-2VC2TC,conservative_full,0.0,5,0,,,,,none,none,
ViLP,LLaVA-NeXT-8B_Biased_Test,381,vcf_only,Oth,Visual-CenterMask,Visual-CenterMask,visual_center,0.0,5,1,-2.480318653397262e-05,1,tc_qmask,2.0,none,center,3
ViLP,LLaVA-NeXT-8B_Biased_Test,387,tcf_only,Oth,Conservative-2VC2TC,Conservative-2VC2TC,conservative_full,0.0,5,0,,,,,none,none,
ViLP,LLaVA-NeXT-8B_Biased_Test,388,both,Oth,Conservative-2VC2TC,Conservative-2VC2TC,conservative_full,0.0,5,0,,,,,none,none,
ViLP,LLaVA-NeXT-8B_Biased_Test,394,vcf_only,Oth,Conservative-2VC2TC,Conservative-2VC2TC,conservative_full,0.0,5,0,,,,,none,none,
ViLP,LLaVA-NeXT-8B_Biased_Test,396,tcf_only,Oth,Conservative-2VC2TC,Conservative-2VC2TC,conservative_full,0.0,5,0,,,,,none,none,
ViLP,LLaVA-NeXT-8B_Biased_Test,397,tcf_only,Oth,Conservative-2VC2TC,Conservative-2VC2TC,conservative_full,1.0,5,0,,,,,none,none,
ViLP,LLaVA-NeXT-8B_Biased_Test,403,both,Oth,Conservative-2VC2TC,Conservative-2VC2TC,conservative_full,0.0,5,0,,,,,none,none,
ViLP,LLaVA-NeXT-8B_Biased_Test,404,both,Oth,Conservative-2VC2TC,Conservative-2VC2TC,conservative_full,1.0,5,0,,,,,none,none,
ViLP,LLaVA-NeXT-8B_Biased_Test,406,vcf_only,Oth,Visual-Grayscale,Visual-Grayscale,visual_gray,0.0,3,1,-2.017328006331809e-05,1,tc_qmask,2.0,none,gray,1
ViLP,LLaVA-NeXT-8B_Biased_Test,409,vcf_only,Oth,Conservative-2VC2TC,Conservative-2VC2TC,conservative_full,0.0,5,0,,,,,none,none,
ViLP,LLaVA-NeXT-8B_Biased_Test,418,both,Oth,Conservative-2VC2TC,Conservative-2VC2TC,conservative_full,1.0,5,0,,,,,none,none,
ViLP,LLaVA-NeXT-8B_Biased_Test,421,tcf_only,Oth,Conservative-2VC2TC,Conservative-2VC2TC,conservative_full,1.0,5,0,,,,,none,none,
ViLP,LLaVA-NeXT-8B_Biased_Test,424,vcf_only,Oth,Conservative-2VC2TC,Conservative-2VC2TC,conservative_full,1.0,5,0,,,,,none,none,
ViLP,LLaVA-NeXT-8B_Biased_Test,427,vcf_only,Oth,Conservative-2VC2TC,Conservative-2VC2TC,conservative_full,1.0,5,0,,,,,none,none,
ViLP,LLaVA-NeXT-8B_Biased_Test,429,tcf_only,Oth,Conservative-2VC2TC,Conservative-2VC2TC,conservative_full,0.0,5,0,,,,,none,none,
ViLP,LLaVA-NeXT-8B_Biased_Test,431,both,Oth,Conservative-2VC2TC,Conservative-2VC2TC,conservative_full,1.0,5,0,,,,,none,none,
ViLP,LLaVA-NeXT-8B_Biased_Test,434,both,Oth,Conservative-2VC2TC,Conservative-2VC2TC,conservative_full,1.0,5,0,,,,,none,none,
ViLP,LLaVA-NeXT-8B_Biased_Test,437,vcf_only,Oth,Conservative-2VC2TC,Conservative-2VC2TC,conservative_full,1.0,5,0,,,,,none,none,
ViLP,LLaVA-NeXT-8B_Biased_Test,439,vcf_only,Oth,Visual-CenterMask,Visual-CenterMask,visual_center,0.0,4,1,-1.3866012523067184e-05,1,tc_qmask,2.0,none,center,2
ViLP,LLaVA-NeXT-8B_Biased_Test,442,vcf_only,Oth,Visual-CenterMask,Visual-CenterMask,visual_center,0.0,4,1,-1.96484961634269e-05,1,tc_qmask,2.0,none,center,2
ViLP,LLaVA-NeXT-8B_Biased_Test,443,vcf_only,Oth,Conservative-2VC2TC,Conservative-2VC2TC,conservative_full,0.0,5,0,,,,,none,none,
ViLP,LLaVA-NeXT-8B_Biased_Test,446,both,Oth,Conservative-2VC2TC,Conservative-2VC2TC,conservative_full,1.0,5,0,,,,,none,none,
ViLP,LLaVA-NeXT-8B_Biased_Test,452,vcf_only,Oth,Visual-Grayscale,Visual-Grayscale,visual_gray,0.0,3,1,-2.4010925699258223e-05,1,tc_qmask,2.0,none,gray,1
ViLP,LLaVA-NeXT-8B_Biased_Test,453,tcf_only,Oth,Conservative-2VC2TC,Conservative-2VC2TC,conservative_full,0.0,5,0,,,,,none,none,
ViLP,LLaVA-NeXT-8B_Biased_Test,456,vcf_only,Oth,Conservative-2VC2TC,Conservative-2VC2TC,conservative_full,0.0,5,0,,,,,none,none,
ViLP,LLaVA-NeXT-8B_Biased_Test,458,vcf_only,Oth,Conservative-2VC2TC,Conservative-2VC2TC,conservative_full,0.0,5,0,,,,,none,none,
ViLP,LLaVA-NeXT-8B_Biased_Test,461,tcf_only,Oth,Conservative-2VC2TC,Conservative-2VC2TC,conservative_full,0.0,5,0,,,,,none,none,
ViLP,LLaVA-NeXT-8B_Biased_Test,469,tcf_only,Oth,Conservative-2VC2TC,Conservative-2VC2TC,conservative_full,1.0,5,0,,,,,none,none,
ViLP,LLaVA-NeXT-8B_Biased_Test,476,both,Oth,Conservative-2VC2TC,Conservative-2VC2TC,conservative_full,1.0,5,0,,,,,none,none,
ViLP,LLaVA-NeXT-8B_Biased_Test,479,vcf_only,Oth,Conservative-2VC2TC,Conservative-2VC2TC,conservative_full,1.0,5,0,,,,,none,none,
ViLP,LLaVA-NeXT-8B_Biased_Test,484,vcf_only,Oth,Conservative-2VC2TC,Conservative-2VC2TC,conservative_full,1.0,5,0,,,,,none,none,
ViLP,LLaVA-NeXT-8B_Biased_Test,488,vcf_only,Oth,Conservative-2VC2TC,Conservative-2VC2TC,conservative_full,0.0,5,0,,,,,none,none,
ViLP,LLaVA-NeXT-8B_Biased_Test,491,both,Oth,Conservative-2VC2TC,Conservative-2VC2TC,conservative_full,0.0,5,0,,,,,none,none,
ViLP,LLaVA-NeXT-8B_Biased_Test,493,tcf_only,Oth,Conservative-2VC2TC,Conservative-2VC2TC,conservative_full,0.0,5,0,,,,,none,none,
ViLP,LLaVA-NeXT-8B_Biased_Test,496,vcf_only,Oth,Conservative-2VC2TC,Conservative-2VC2TC,conservative_full,1.0,5,0,,,,,none,none,
ViLP,LLaVA-NeXT-8B_Biased_Test,497,both,Oth,Conservative-2VC2TC,Conservative-2VC2TC,conservative_full,1.0,5,0,,,,,none,none,
ViLP,LLaVA-NeXT-8B_Biased_Test,498,vcf_only,Oth,Visual-Grayscale,Visual-Grayscale,visual_gray,0.0,3,1,-2.1504558390006423e-05,1,tc_qmask,2.0,none,gray,1
ViLP,LLaVA-NeXT-8B_Biased_Test,504,vcf_only,Oth,Conservative-2VC2TC,Conservative-2VC2TC,conservative_full,0.0,5,0,,,,,none,none,
ViLP,LLaVA-NeXT-8B_Biased_Test,506,vcf_only,Oth,Conservative-2VC2TC,Conservative-2VC2TC,conservative_full,0.0,5,0,,,,,none,none,
ViLP,LLaVA-NeXT-8B_Biased_Test,522,tcf_only,Oth,Conservative-2VC2TC,Conservative-2VC2TC,conservative_full,0.0,5,0,,,,,none,none,
ViLP,LLaVA-NeXT-8B_Biased_Test,523,vcf_only,Oth,Conservative-2VC2TC,Conservative-2VC2TC,conservative_full,0.0,5,0,,,,,none,none,
ViLP,LLaVA-NeXT-8B_Biased_Test,524,vcf_only,Oth,Conservative-2VC2TC,Conservative-2VC2TC,conservative_full,0.0,5,0,,,,,none,none,
ViLP,LLaVA-NeXT-8B_Biased_Test,526,both,Oth,Conservative-2VC2TC,Conservative-2VC2TC,conservative_full,0.0,5,0,,,,,none,none,
ViLP,LLaVA-NeXT-8B_Biased_Test,527,vcf_only,Oth,Conservative-2VC2TC,Conservative-2VC2TC,conservative_full,0.0,5,0,,,,,none,none,
ViLP,LLaVA-NeXT-8B_Biased_Test,529,tcf_only,Oth,Conservative-2VC2TC,Conservative-2VC2TC,conservative_full,0.0,5,0,,,,,none,none,
ViLP,LLaVA-NeXT-8B_Biased_Test,532,tcf_only,Oth,Conservative-2VC2TC,Conservative-2VC2TC,conservative_full,1.0,5,0,,,,,none,none,
ViLP,LLaVA-NeXT-8B_Biased_Test,533,vcf_only,Oth,Conservative-2VC2TC,Conservative-2VC2TC,conservative_full,0.0,5,0,,,,,none,none,
ViLP,LLaVA-NeXT-8B_Biased_Test,536,both,Oth,Conservative-2VC2TC,Conservative-2VC2TC,conservative_full,1.0,5,0,,,,,none,none,
ViLP,LLaVA-NeXT-8B_Biased_Test,537,tcf_only,Oth,Conservative-2VC2TC,Conservative-2VC2TC,conservative_full,0.0,5,0,,,,,none,none,
ViLP,LLaVA-NeXT-8B_Biased_Test,538,tcf_only,Oth,Conservative-2VC2TC,Conservative-2VC2TC,conservative_full,1.0,5,0,,,,,none,none,
ViLP,LLaVA-NeXT-8B_Biased_Test,539,vcf_only,Oth,Conservative-2VC2TC,Conservative-2VC2TC,conservative_full,0.0,5,0,,,,,none,none,
ViLP,LLaVA-NeXT-8B_Biased_Test,541,vcf_only,Oth,Conservative-2VC2TC,Conservative-2VC2TC,conservative_full,0.0,5,0,,,,,none,none,
ViLP,LLaVA-NeXT-8B_Biased_Test,546,tcf_only,Oth,Conservative-2VC2TC,Conservative-2VC2TC,conservative_full,0.0,5,0,,,,,none,none,
ViLP,LLaVA-NeXT-8B_Biased_Test,552,tcf_only,Oth,Conservative-2VC2TC,Conservative-2VC2TC,conservative_full,0.0,5,0,,,,,none,none,
ViLP,LLaVA-NeXT-8B_Biased_Test,553,tcf_only,Oth,Conservative-2VC2TC,Conservative-2VC2TC,conservative_full,1.0,5,0,,,,,none,none,
ViLP,LLaVA-NeXT-8B_Biased_Test,554,vcf_only,Oth,Conservative-2VC2TC,Conservative-2VC2TC,conservative_full,0.0,5,0,,,,,none,none,
ViLP,LLaVA-NeXT-8B_Biased_Test,563,vcf_only,Oth,Conservative-2VC2TC,Conservative-2VC2TC,conservative_full,1.0,5,0,,,,,none,none,
ViLP,LLaVA-NeXT-8B_Biased_Test,566,vcf_only,Oth,Conservative-2VC2TC,Conservative-2VC2TC,conservative_full,1.0,5,0,,,,,none,none,
ViLP,LLaVA-NeXT-8B_Biased_Test,568,tcf_only,Oth,Conservative-2VC2TC,Conservative-2VC2TC,conservative_full,1.0,5,0,,,,,none,none,
ViLP,LLaVA-NeXT-8B_Biased_Test,569,tcf_only,Oth,Conservative-2VC2TC,Conservative-2VC2TC,conservative_full,0.0,5,0,,,,,none,none,
ViLP,LLaVA-NeXT-8B_Biased_Test,571,vcf_only,Oth,Conservative-2VC2TC,Conservative-2VC2TC,conservative_full,0.0,5,0,,,,,none,none,
ViLP,LLaVA-NeXT-8B_Biased_Test,592,both,Oth,Conservative-2VC2TC,Conservative-2VC2TC,conservative_full,1.0,5,0,,,,,none,none,
ViLP,LLaVA-NeXT-8B_Biased_Test,596,vcf_only,Oth,Conservative-2VC2TC,Conservative-2VC2TC,conservative_full,0.0,5,0,,,,,none,none,
ViLP,LLaVA-NeXT-8B_Biased_Test,598,tcf_only,Oth,Conservative-2VC2TC,Conservative-2VC2TC,conservative_full,0.0,5,0,,,,,none,none,
ViLP,LLaVA-NeXT-8B_Biased_Test,599,vcf_only,Oth,Conservative-2VC2TC,Conservative-2VC2TC,conservative_full,0.0,5,0,,,,,none,none,
ViLP,LLaVA-NeXT-8B_Biased_Test,604,vcf_only,Oth,Conservative-2VC2TC,Conservative-2VC2TC,conservative_full,1.0,5,0,,,,,none,none,
ViLP,LLaVA-NeXT-8B_Biased_Test,607,vcf_only,Oth,Visual-Grayscale,Visual-Grayscale,visual_gray,0.0,3,1,-1.704878013697453e-05,1,tc_qmask,2.0,none,gray,1
ViLP,LLaVA-NeXT-8B_Biased_Test,608,vcf_only,Oth,Visual-CenterMask,Visual-CenterMask,visual_center,0.0,4,1,-2.485468576196581e-05,1,tc_qmask,2.0,none,center,2
ViLP,LLaVA-NeXT-8B_Biased_Test,611,vcf_only,Oth,Conservative-2VC2TC,Conservative-2VC2TC,conservative_full,0.0,5,0,,,,,none,none,
ViLP,LLaVA-NeXT-8B_Biased_Test,612,tcf_only,Oth,Conservative-2VC2TC,Conservative-2VC2TC,conservative_full,0.0,5,0,,,,,none,none,
ViLP,LLaVA-NeXT-8B_Biased_Test,614,vcf_only,Oth,Conservative-2VC2TC,Conservative-2VC2TC,conservative_full,0.0,5,0,,,,,none,none,
ViLP,LLaVA-NeXT-8B_Biased_Test,619,vcf_only,Oth,Visual-CenterMask,Visual-CenterMask,visual_center,0.0,4,1,-2.3998072720132768e-05,1,tc_qmask,2.0,none,center,2
ViLP,LLaVA-NeXT-8B_Biased_Test,629,vcf_only,Oth,Conservative-2VC2TC,Conservative-2VC2TC,conservative_full,1.0,5,0,,,,,none,none,
ViLP,LLaVA-NeXT-8B_Biased_Test,633,tcf_only,Oth,Conservative-2VC2TC,Conservative-2VC2TC,conservative_full,0.0,5,0,,,,,none,none,
ViLP,LLaVA-NeXT-8B_Biased_Test,634,vcf_only,Oth,Conservative-2VC2TC,Conservative-2VC2TC,conservative_full,0.0,5,0,,,,,none,none,
ViLP,LLaVA-NeXT-8B_Biased_Test,637,vcf_only,Oth,Conservative-2VC2TC,Conservative-2VC2TC,conservative_full,0.0,5,0,,,,,none,none,
ViLP,LLaVA-NeXT-8B_Biased_Test,638,tcf_only,Oth,Conservative-2VC2TC,Conservative-2VC2TC,conservative_full,0.0,5,0,,,,,none,none,
ViLP,LLaVA-NeXT-8B_Biased_Test,646,vcf_only,Oth,Conservative-2VC2TC,Conservative-2VC2TC,conservative_full,0.0,5,0,,,,,none,none,
ViLP,LLaVA-NeXT-8B_Biased_Test,647,vcf_only,Oth,Conservative-2VC2TC,Conservative-2VC2TC,conservative_full,0.0,5,0,,,,,none,none,
ViLP,LLaVA-NeXT-8B_Biased_Test,649,vcf_only,Oth,Conservative-2VC2TC,Conservative-2VC2TC,conservative_full,1.0,5,0,,,,,none,none,
ViLP,LLaVA-NeXT-8B_Biased_Test,652,vcf_only,Oth,Conservative-2VC2TC,Conservative-2VC2TC,conservative_full,0.0,5,0,,,,,none,none,
ViLP,LLaVA-NeXT-8B_Biased_Test,653,vcf_only,Oth,Conservative-2VC2TC,Conservative-2VC2TC,conservative_full,1.0,5,0,,,,,none,none,
ViLP,LLaVA-NeXT-8B_Biased_Test,656,vcf_only,Oth,Visual-CenterMask,Visual-CenterMask,visual_center,0.0,4,1,-1.6386877177865244e-05,1,tc_qmask,2.0,none,center,2
ViLP,LLaVA-NeXT-8B_Biased_Test,657,tcf_only,Oth,Conservative-2VC2TC,Conservative-2VC2TC,conservative_full,0.0,5,0,,,,,none,none,
ViLP,LLaVA-NeXT-8B_Biased_Test,659,vcf_only,Oth,Conservative-2VC2TC,Conservative-2VC2TC,conservative_full,0.0,5,0,,,,,none,none,
ViLP,LLaVA-NeXT-8B_Biased_Test,668,tcf_only,Oth,Conservative-2VC2TC,Conservative-2VC2TC,conservative_full,0.0,5,0,,,,,none,none,
ViLP,LLaVA-NeXT-8B_Biased_Test,676,tcf_only,Oth,Conservative-2VC2TC,Conservative-2VC2TC,conservative_full,0.0,5,0,,,,,none,none,
ViLP,LLaVA-NeXT-8B_Biased_Test,682,vcf_only,Oth,Conservative-2VC2TC,Conservative-2VC2TC,conservative_full,0.0,5,0,,,,,none,none,
ViLP,LLaVA-NeXT-8B_Biased_Test,683,vcf_only,Oth,Conservative-2VC2TC,Conservative-2VC2TC,conservative_full,0.0,5,0,,,,,none,none,
ViLP,LLaVA-NeXT-8B_Biased_Test,688,vcf_only,Oth,Conservative-2VC2TC,Conservative-2VC2TC,conservative_full,1.0,5,0,,,,,none,none,
ViLP,LLaVA-NeXT-8B_Biased_Test,689,vcf_only,Oth,Conservative-2VC2TC,Conservative-2VC2TC,conservative_full,0.0,5,0,,,,,none,none,
ViLP,LLaVA-NeXT-8B_Biased_Test,692,tcf_only,Oth,Conservative-2VC2TC,Conservative-2VC2TC,conservative_full,0.0,5,0,,,,,none,none,
ViLP,LLaVA-NeXT-8B_Biased_Test,694,vcf_only,Oth,Conservative-2VC2TC,Conservative-2VC2TC,conservative_full,0.0,5,0,,,,,none,none,
ViLP,LLaVA-NeXT-8B_Biased_Test,697,vcf_only,Oth,Visual-Grayscale,Visual-Grayscale,visual_gray,0.0,3,1,-2.5020233806571923e-05,1,tc_qmask,2.0,none,gray,1
ViLP,LLaVA-NeXT-8B_Biased_Test,698,vcf_only,Oth,Conservative-2VC2TC,Conservative-2VC2TC,conservative_full,0.0,5,0,,,,,none,none,
ViLP,LLaVA-NeXT-8B_Biased_Test,701,vcf_only,Oth,Conservative-2VC2TC,Conservative-2VC2TC,conservative_full,1.0,5,0,,,,,none,none,
ViLP,LLaVA-NeXT-8B_Biased_Test,703,vcf_only,Oth,Conservative-2VC2TC,Conservative-2VC2TC,conservative_full,0.0,5,0,,,,,none,none,
ViLP,LLaVA-NeXT-8B_Biased_Test,704,vcf_only,Oth,Visual-Grayscale,Visual-Grayscale,visual_gray,0.0,3,1,-2.310528543603141e-05,1,tc_qmask,2.0,none,gray,1
ViLP,LLaVA-NeXT-8B_Biased_Test,706,vcf_only,Oth,Conservative-2VC2TC,Conservative-2VC2TC,conservative_full,0.0,5,0,,,,,none,none,
ViLP,LLaVA-NeXT-8B_Biased_Test,707,vcf_only,Oth,Conservative-2VC2TC,Conservative-2VC2TC,conservative_full,1.0,5,0,,,,,none,none,
ViLP,LLaVA-NeXT-8B_Biased_Test,709,vcf_only,Oth,Conservative-2VC2TC,Conservative-2VC2TC,conservative_full,0.0,5,0,,,,,none,none,
ViLP,LLaVA-NeXT-8B_Biased_Test,712,vcf_only,Oth,Conservative-2VC2TC,Conservative-2VC2TC,conservative_full,0.0,5,0,,,,,none,none,
ViLP,LLaVA-NeXT-8B_Biased_Test,713,vcf_only,Oth,Conservative-2VC2TC,Conservative-2VC2TC,conservative_full,0.0,5,0,,,,,none,none,
ViLP,LLaVA-NeXT-8B_Biased_Test,718,vcf_only,Oth,Conservative-2VC2TC,Conservative-2VC2TC,conservative_full,0.0,5,0,,,,,none,none,
ViLP,LLaVA-NeXT-8B_Biased_Test,719,vcf_only,Oth,Conservative-2VC2TC,Conservative-2VC2TC,conservative_full,0.0,5,0,,,,,none,none,
ViLP,LLaVA-NeXT-8B_Biased_Test,721,vcf_only,Oth,Visual-Grayscale,Visual-Grayscale,visual_gray,0.0,3,1,-2.330541610717773e-05,1,tc_qmask,2.0,none,gray,1
ViLP,LLaVA-NeXT-8B_Biased_Test,722,vcf_only,Oth,Visual-CenterMask,Visual-CenterMask,visual_center,0.0,4,1,-1.947400960489176e-05,1,tc_qmask,2.0,none,center,2
ViLP,LLaVA-NeXT-8B_Biased_Test,724,vcf_only,Oth,Visual-Grayscale,Visual-Grayscale,visual_gray,0.0,3,1,-2.366117769270204e-05,1,tc_qmask,2.0,none,gray,1
ViLP,LLaVA-NeXT-8B_Biased_Test,727,vcf_only,Oth,Conservative-2VC2TC,Conservative-2VC2TC,conservative_full,1.0,5,0,,,,,none,none,
ViLP,LLaVA-NeXT-8B_Biased_Test,728,vcf_only,Oth,Conservative-2VC2TC,Conservative-2VC2TC,conservative_full,1.0,5,0,,,,,none,none,
ViLP,LLaVA-NeXT-8B_Biased_Test,731,vcf_only,Oth,Conservative-2VC2TC,Conservative-2VC2TC,conservative_full,0.0,5,0,,,,,none,none,
ViLP,LLaVA-NeXT-8B_Biased_Test,733,tcf_only,Oth,Conservative-2VC2TC,Conservative-2VC2TC,conservative_full,1.0,5,0,,,,,none,none,
ViLP,LLaVA-NeXT-8B_Biased_Test,734,vcf_only,Oth,Conservative-2VC2TC,Conservative-2VC2TC,conservative_full,0.0,5,0,,,,,none,none,
ViLP,LLaVA-NeXT-8B_Biased_Test,737,vcf_only,Oth,Conservative-2VC2TC,Conservative-2VC2TC,conservative_full,0.0,5,0,,,,,none,none,
ViLP,LLaVA-NeXT-8B_Biased_Test,742,vcf_only,Oth,Conservative-2VC2TC,Conservative-2VC2TC,conservative_full,0.0,5,0,,,,,none,none,
ViLP,LLaVA-NeXT-8B_Biased_Test,743,vcf_only,Oth,Conservative-2VC2TC,Conservative-2VC2TC,conservative_full,0.0,5,0,,,,,none,none,
ViLP,LLaVA-NeXT-8B_Biased_Test,746,vcf_only,Oth,Visual-Grayscale,Visual-Grayscale,visual_gray,0.0,3,1,-1.696163963060826e-05,1,tc_qmask,2.0,none,gray,1
ViLP,LLaVA-NeXT-8B_Biased_Test,749,vcf_only,Oth,Conservative-2VC2TC,Conservative-2VC2TC,conservative_full,0.0,5,0,,,,,none,none,
ViLP,LLaVA-NeXT-8B_Biased_Test,751,tcf_only,Oth,Conservative-2VC2TC,Conservative-2VC2TC,conservative_full,1.0,5,0,,,,,none,none,
ViLP,LLaVA-NeXT-8B_Biased_Test,757,tcf_only,Oth,Conservative-2VC2TC,Conservative-2VC2TC,conservative_full,0.0,5,0,,,,,none,none,
ViLP,LLaVA-NeXT-8B_Biased_Test,766,both,Oth,Conservative-2VC2TC,Conservative-2VC2TC,conservative_full,0.0,5,0,,,,,none,none,
ViLP,LLaVA-NeXT-8B_Biased_Test,783,vcf_only,Oth,Visual-StrongBlur,Visual-StrongBlur,visual_strong,0.0,5,1,-2.29759061767254e-05,1,tc_qmask,2.0,none,strong,3
ViLP,LLaVA-NeXT-8B_Biased_Test,784,vcf_only,Oth,Conservative-2VC2TC,Conservative-2VC2TC,conservative_full,1.0,5,0,,,,,none,none,
ViLP,LLaVA-NeXT-8B_Biased_Test,789,tcf_only,Oth,Conservative-2VC2TC,Conservative-2VC2TC,conservative_full,0.0,5,0,,,,,none,none,
ViLP,LLaVA-NeXT-8B_Biased_Test,791,tcf_only,Oth,Conservative-2VC2TC,Conservative-2VC2TC,conservative_full,1.0,5,0,,,,,none,none,
ViLP,LLaVA-NeXT-8B_Biased_Test,796,vcf_only,Oth,Conservative-2VC2TC,Conservative-2VC2TC,conservative_full,1.0,5,0,,,,,none,none,
ViLP,LLaVA-NeXT-8B_Biased_Test,797,vcf_only,Oth,Conservative-2VC2TC,Conservative-2VC2TC,conservative_full,0.0,5,0,,,,,none,none,
ViLP,LLaVA-NeXT-8B_Biased_Test,799,vcf_only,Oth,Conservative-2VC2TC,Conservative-2VC2TC,conservative_full,0.0,5,0,,,,,none,none,
ViLP,LLaVA-NeXT-8B_Biased_Test,802,vcf_only,Oth,Conservative-2VC2TC,Conservative-2VC2TC,conservative_full,0.0,5,0,,,,,none,none,
ViLP,LLaVA-NeXT-8B_Biased_Test,803,both,Oth,Conservative-2VC2TC,Conservative-2VC2TC,conservative_full,0.0,5,0,,,,,none,none,
ViLP,LLaVA-NeXT-8B_Biased_Test,806,tcf_only,Oth,Conservative-2VC2TC,Conservative-2VC2TC,conservative_full,1.0,5,0,,,,,none,none,
ViLP,LLaVA-NeXT-8B_Biased_Test,812,vcf_only,Oth,Conservative-2VC2TC,Conservative-2VC2TC,conservative_full,0.0,5,0,,,,,none,none,
ViLP,LLaVA-NeXT-8B_Biased_Test,814,tcf_only,Oth,Conservative-2VC2TC,Conservative-2VC2TC,conservative_full,0.0,5,0,,,,,none,none,
ViLP,LLaVA-NeXT-8B_Biased_Test,816,vcf_only,Oth,Conservative-2VC2TC,Conservative-2VC2TC,conservative_full,0.0,5,0,,,,,none,none,
ViLP,LLaVA-NeXT-8B_Biased_Test,817,tcf_only,Oth,Conservative-2VC2TC,Conservative-2VC2TC,conservative_full,0.0,5,0,,,,,none,none,
ViLP,LLaVA-NeXT-8B_Biased_Test,818,tcf_only,Oth,Conservative-2VC2TC,Conservative-2VC2TC,conservative_full,0.0,5,0,,,,,none,none,
ViLP,LLaVA-NeXT-8B_Biased_Test,821,tcf_only,Oth,Conservative-2VC2TC,Conservative-2VC2TC,conservative_full,1.0,5,0,,,,,none,none,
ViLP,LLaVA-NeXT-8B_Biased_Test,822,tcf_only,Oth,Conservative-2VC2TC,Conservative-2VC2TC,conservative_full,0.0,5,0,,,,,none,none,
ViLP,LLaVA-NeXT-8B_Biased_Test,826,tcf_only,Oth,Conservative-2VC2TC,Conservative-2VC2TC,conservative_full,1.0,5,0,,,,,none,none,
ViLP,LLaVA-NeXT-8B_Biased_Test,827,tcf_only,Oth,Conservative-2VC2TC,Conservative-2VC2TC,conservative_full,0.0,5,0,,,,,none,none,
ViLP,LLaVA-NeXT-8B_Biased_Test,829,tcf_only,Oth,Conservative-2VC2TC,Conservative-2VC2TC,conservative_full,1.0,5,0,,,,,none,none,
ViLP,LLaVA-NeXT-8B_Biased_Test,832,tcf_only,Oth,Conservative-2VC2TC,Conservative-2VC2TC,conservative_full,1.0,5,0,,,,,none,none,
ViLP,LLaVA-NeXT-8B_Biased_Test,833,vcf_only,Oth,Conservative-2VC2TC,Conservative-2VC2TC,conservative_full,1.0,5,0,,,,,none,none,
ViLP,LLaVA-NeXT-8B_Biased_Test,838,vcf_only,Oth,Conservative-2VC2TC,Conservative-2VC2TC,conservative_full,1.0,5,0,,,,,none,none,
ViLP,LLaVA-NeXT-8B_Biased_Test,839,vcf_only,Oth,Conservative-2VC2TC,Conservative-2VC2TC,conservative_full,0.0,5,0,,,,,none,none,
ViLP,LLaVA-NeXT-8B_Biased_Test,841,vcf_only,Oth,Conservative-2VC2TC,Conservative-2VC2TC,conservative_full,0.0,5,0,,,,,none,none,
ViLP,LLaVA-NeXT-8B_Biased_Test,842,vcf_only,Oth,Conservative-2VC2TC,Conservative-2VC2TC,conservative_full,0.0,5,0,,,,,none,none,
ViLP,LLaVA-NeXT-8B_Biased_Test,847,tcf_only,Oth,Conservative-2VC2TC,Conservative-2VC2TC,conservative_full,0.0,5,0,,,,,none,none,
ViLP,LLaVA-NeXT-8B_Biased_Test,848,tcf_only,Oth,Conservative-2VC2TC,Conservative-2VC2TC,conservative_full,0.0,5,0,,,,,none,none,
ViLP,LLaVA-NeXT-8B_Biased_Test,872,tcf_only,Oth,Conservative-2VC2TC,Conservative-2VC2TC,conservative_full,1.0,5,0,,,,,none,none,
ViLP,LLaVA-NeXT-8B_Biased_Test,881,tcf_only,Oth,Conservative-2VC2TC,Conservative-2VC2TC,conservative_full,1.0,5,0,,,,,none,none,
ViLP,LLaVA-NeXT-8B_Biased_Test,883,vcf_only,Oth,Visual-CenterMask,Visual-CenterMask,visual_center,0.0,5,1,-2.3839982532081198e-05,1,tc_qmask,2.0,none,center,3
ViLP,LLaVA-NeXT-8B_Biased_Test,884,vcf_only,Oth,Visual-Grayscale,Visual-Grayscale,visual_gray,0.0,5,1,-2.4834151190589185e-05,1,tc_qmask,2.0,none,gray,3
ViLP,LLaVA-NeXT-8B_Biased_Test,892,vcf_only,Oth,Visual-Grayscale,Visual-Grayscale,visual_gray,0.0,5,1,-2.4229910195572305e-05,1,tc_qmask,2.0,none,gray,3
ViLP,LLaVA-NeXT-8B_Biased_Test,893,vcf_only,Oth,Visual-CenterMask,Visual-CenterMask,visual_center,0.0,4,1,-2.4657911126269028e-05,1,tc_qmask,2.0,none,center,2
ViLP,LLaVA-NeXT-8B_Biased_Test,896,tcf_only,Oth,Visual-StrongBlur,Visual-StrongBlur,visual_strong,0.0,5,1,-2.404294355073944e-05,1,tc_qmask,1.0,none,strong,3
ViLP,LLaVA-NeXT-8B_Biased_Test,899,tcf_only,Oth,Conservative-2VC2TC,Conservative-2VC2TC,conservative_full,0.0,5,0,,,,,none,none,
