dataset,split_name,index,mode,format,action,action_name,state,hit,passes,reliable,tc_score,tc_probe_count,tc_stage,vc_score,tc_source,vc_source
MMStar,Qwen2-VL-7B_Biased_Test,1,vcf_only,MCQ,b5_joint_center_os1,Joint-CenterMask-OptionShuffle1,vc_only_light_center,0.0,5,1,0.0,2,tc_full_two_probe,1.0,none,strong
MMStar,Qwen2-VL-7B_Biased_Test,8,vcf_only,MCQ,b5_joint_center_os1,Joint-CenterMask-OptionShuffle1,vc_only_light_center,0.0,5,1,0.0,2,tc_full_two_probe,1.0,none,center
MMStar,Qwen2-VL-7B_Biased_Test,11,vcf_only,MCQ,b5_joint_center_os1,Joint-CenterMask-OptionShuffle1,vc_only_light_center,0.0,5,1,0.0,2,tc_full_two_probe,1.0,none,strong
MMStar,Qwen2-VL-7B_Biased_Test,14,vcf_only,MCQ,b5_joint_center_os1,Joint-CenterMask-OptionShuffle1,conservative_light_center,0.0,3,0,,,,,none,none
MMStar,Qwen2-VL-7B_Biased_Test,29,vcf_only,MCQ,b5_joint_center_os1,Joint-CenterMask-OptionShuffle1,vc_only_light_center,0.0,5,1,0.0,2,tc_full_two_probe,2.0,none,strong
MMStar,Qwen2-VL-7B_Biased_Test,33,vcf_only,MCQ,b5_joint_center_os1,Joint-CenterMask-OptionShuffle1,vc_only_light_center,0.0,5,1,0.0,2,tc_full_two_probe,2.0,none,strong
MMStar,Qwen2-VL-7B_Biased_Test,39,vcf_only,MCQ,b5_joint_center_os1,Joint-CenterMask-OptionShuffle1,conservative_light_center,0.0,3,0,,,,,none,none
MMStar,Qwen2-VL-7B_Biased_Test,41,vcf_only,MCQ,b5_joint_center_os1,Joint-CenterMask-OptionShuffle1,vc_only_light_center,1.0,5,1,0.0,2,tc_full_two_probe,1.0,none,center
MMStar,Qwen2-VL-7B_Biased_Test,56,vcf_only,MCQ,b5_joint_center_os1,Joint-CenterMask-OptionShuffle1,conservative_light_center,0.0,3,0,,,,,none,none
MMStar,Qwen2-VL-7B_Biased_Test,59,tcf_only,MCQ,b5_joint_center_os1,Joint-CenterMask-OptionShuffle1,conservative_light_center,0.0,3,0,,,,,none,none
MMStar,Qwen2-VL-7B_Biased_Test,61,vcf_only,MCQ,b5_joint_center_os1,Joint-CenterMask-OptionShuffle1,conservative_light_center,0.0,3,0,,,,,none,none
MMStar,Qwen2-VL-7B_Biased_Test,62,vcf_only,MCQ,b5_joint_center_os1,Joint-CenterMask-OptionShuffle1,vc_only_light_center,0.0,5,1,0.0,2,tc_full_two_probe,2.0,none,center
MMStar,Qwen2-VL-7B_Biased_Test,64,vcf_only,MCQ,b5_joint_center_os1,Joint-CenterMask-OptionShuffle1,vc_only_light_center,0.0,5,1,0.0,2,tc_full_two_probe,1.0,none,strong
MMStar,Qwen2-VL-7B_Biased_Test,86,vcf_only,MCQ,b5_joint_center_os1,Joint-CenterMask-OptionShuffle1,conservative_light_center,1.0,3,0,,,,,none,none
MMStar,Qwen2-VL-7B_Biased_Test,89,vcf_only,MCQ,b5_joint_center_os1,Joint-CenterMask-OptionShuffle1,vc_only_light_center,0.0,5,1,0.0,2,tc_full_two_probe,1.0,none,strong
MMStar,Qwen2-VL-7B_Biased_Test,94,vcf_only,MCQ,b5_joint_center_os1,Joint-CenterMask-OptionShuffle1,vc_only_light_center,0.0,5,1,0.0,2,tc_full_two_probe,2.0,none,strong
MMStar,Qwen2-VL-7B_Biased_Test,96,vcf_only,MCQ,b5_tc_os1_direct,Text-OptionShuffle1,text,1.0,5,1,2.0,2,tc_full_two_probe,0.0,option_shuffle,none
MMStar,Qwen2-VL-7B_Biased_Test,103,vcf_only,MCQ,b5_joint_center_os1,Joint-CenterMask-OptionShuffle1,conservative_light_center,0.0,3,0,,,,,none,none
MMStar,Qwen2-VL-7B_Biased_Test,113,vcf_only,MCQ,b5_joint_center_os1,Joint-CenterMask-OptionShuffle1,vc_only_light_center,1.0,5,1,0.0,2,tc_full_two_probe,2.0,none,center
MMStar,Qwen2-VL-7B_Biased_Test,114,vcf_only,MCQ,b5_joint_center_os1,Joint-CenterMask-OptionShuffle1,vc_only_light_center,1.0,5,1,0.0,2,tc_full_two_probe,1.0,none,center
MMStar,Qwen2-VL-7B_Biased_Test,117,vcf_only,MCQ,b5_joint_center_os1,Joint-CenterMask-OptionShuffle1,vc_only_light_center,1.0,5,1,0.0,2,tc_full_two_probe,1.0,none,strong
MMStar,Qwen2-VL-7B_Biased_Test,123,vcf_only,MCQ,b5_joint_center_os1,Joint-CenterMask-OptionShuffle1,vc_only_light_center,1.0,5,1,0.0,2,tc_full_two_probe,1.0,none,strong
MMStar,Qwen2-VL-7B_Biased_Test,124,vcf_only,MCQ,b5_joint_center_os1,Joint-CenterMask-OptionShuffle1,joint_center,1.0,5,1,2.0,2,tc_full_two_probe,1.0,option_shuffle,center
MMStar,Qwen2-VL-7B_Biased_Test,126,vcf_only,MCQ,b5_joint_center_os1,Joint-CenterMask-OptionShuffle1,vc_only_light_center,0.0,5,1,0.0,2,tc_full_two_probe,1.0,none,center
MMStar,Qwen2-VL-7B_Biased_Test,128,vcf_only,MCQ,b5_joint_center_os1,Joint-CenterMask-OptionShuffle1,vc_only_light_center,0.0,5,1,0.0,2,tc_full_two_probe,1.0,none,strong
MMStar,Qwen2-VL-7B_Biased_Test,139,vcf_only,MCQ,b5_joint_center_os1,Joint-CenterMask-OptionShuffle1,vc_only_light_center,0.0,5,1,0.0,2,tc_full_two_probe,2.0,none,center
MMStar,Qwen2-VL-7B_Biased_Test,144,vcf_only,MCQ,b5_joint_center_os1,Joint-CenterMask-OptionShuffle1,vc_only_light_center,1.0,5,1,0.0,2,tc_full_two_probe,2.0,none,center
MMStar,Qwen2-VL-7B_Biased_Test,146,vcf_only,MCQ,b5_joint_center_os1,Joint-CenterMask-OptionShuffle1,conservative_light_center,0.0,3,0,,,,,none,none
MMStar,Qwen2-VL-7B_Biased_Test,147,vcf_only,MCQ,b5_joint_center_os1,Joint-CenterMask-OptionShuffle1,vc_only_light_center,0.0,5,1,0.0,2,tc_full_two_probe,1.0,none,center
MMStar,Qwen2-VL-7B_Biased_Test,148,tcf_only,MCQ,b5_joint_center_os1,Joint-CenterMask-OptionShuffle1,conservative_light_center,0.0,3,0,,,,,none,none
MMStar,Qwen2-VL-7B_Biased_Test,152,vcf_only,MCQ,b5_joint_center_os1,Joint-CenterMask-OptionShuffle1,vc_only_light_center,0.0,5,1,0.0,2,tc_full_two_probe,1.0,none,center
MMStar,Qwen2-VL-7B_Biased_Test,158,vcf_only,MCQ,b5_joint_center_os1,Joint-CenterMask-OptionShuffle1,conservative_light_center,1.0,3,0,,,,,none,none
MMStar,Qwen2-VL-7B_Biased_Test,167,vcf_only,MCQ,b5_joint_strong_os1,Joint-StrongBlur-OptionShuffle1,joint_strong,0.0,5,1,2.0,2,tc_full_two_probe,1.0,option_shuffle,strong
MMStar,Qwen2-VL-7B_Biased_Test,168,both,MCQ,b5_joint_center_os1,Joint-CenterMask-OptionShuffle1,conservative_light_center,1.0,3,0,,,,,none,none
MMStar,Qwen2-VL-7B_Biased_Test,171,both,MCQ,b5_joint_center_os1,Joint-CenterMask-OptionShuffle1,conservative_light_center,0.0,3,0,,,,,none,none
MMStar,Qwen2-VL-7B_Biased_Test,252,vcf_only,MCQ,b5_joint_center_os1,Joint-CenterMask-OptionShuffle1,vc_only_light_center,0.0,5,1,0.0,2,tc_full_two_probe,1.0,none,center
MMStar,Qwen2-VL-7B_Biased_Test,253,tcf_only,MCQ,b5_joint_center_os1,Joint-CenterMask-OptionShuffle1,conservative_light_center,0.0,3,0,,,,,none,none
MMStar,Qwen2-VL-7B_Biased_Test,254,vcf_only,MCQ,b5_joint_center_os1,Joint-CenterMask-OptionShuffle1,conservative_light_center,0.0,3,1,0.0,2,tc_full_two_probe,0.0,none,none
MMStar,Qwen2-VL-7B_Biased_Test,256,vcf_only,MCQ,b5_joint_center_os1,Joint-CenterMask-OptionShuffle1,conservative_light_center,0.0,3,0,,,,,none,none
MMStar,Qwen2-VL-7B_Biased_Test,257,vcf_only,MCQ,b5_joint_center_os1,Joint-CenterMask-OptionShuffle1,vc_only_light_center,0.0,5,1,0.0,2,tc_full_two_probe,2.0,none,strong
MMStar,Qwen2-VL-7B_Biased_Test,258,vcf_only,MCQ,b5_joint_center_os1,Joint-CenterMask-OptionShuffle1,vc_only_light_center,0.0,5,1,0.0,2,tc_full_two_probe,1.0,none,center
MMStar,Qwen2-VL-7B_Biased_Test,259,vcf_only,MCQ,b5_joint_center_os1,Joint-CenterMask-OptionShuffle1,conservative_light_center,0.0,3,0,,,,,none,none
MMStar,Qwen2-VL-7B_Biased_Test,261,vcf_only,MCQ,b5_joint_center_os1,Joint-CenterMask-OptionShuffle1,conservative_light_center,0.0,3,0,,,,,none,none
MMStar,Qwen2-VL-7B_Biased_Test,262,vcf_only,MCQ,b5_joint_center_os1,Joint-CenterMask-OptionShuffle1,vc_only_light_center,0.0,5,1,0.0,2,tc_full_two_probe,1.0,none,center
MMStar,Qwen2-VL-7B_Biased_Test,268,vcf_only,MCQ,b5_joint_center_os1,Joint-CenterMask-OptionShuffle1,vc_only_light_center,0.0,5,1,0.0,2,tc_full_two_probe,1.0,none,strong
MMStar,Qwen2-VL-7B_Biased_Test,269,vcf_only,MCQ,b5_joint_center_os1,Joint-CenterMask-OptionShuffle1,conservative_light_center,1.0,3,0,,,,,none,none
MMStar,Qwen2-VL-7B_Biased_Test,281,vcf_only,MCQ,b5_joint_center_os1,Joint-CenterMask-OptionShuffle1,vc_only_light_center,0.0,5,1,0.0,2,tc_full_two_probe,1.0,none,center
MMStar,Qwen2-VL-7B_Biased_Test,282,vcf_only,MCQ,b5_joint_center_os1,Joint-CenterMask-OptionShuffle1,vc_only_light_center,1.0,5,1,0.0,2,tc_full_two_probe,2.0,none,center
MMStar,Qwen2-VL-7B_Biased_Test,284,vcf_only,MCQ,b5_joint_center_os1,Joint-CenterMask-OptionShuffle1,vc_only_light_center,1.0,5,1,0.0,2,tc_full_two_probe,1.0,none,center
MMStar,Qwen2-VL-7B_Biased_Test,286,vcf_only,MCQ,b5_joint_center_os1,Joint-CenterMask-OptionShuffle1,vc_only_light_center,0.0,5,1,0.0,2,tc_full_two_probe,2.0,none,strong
MMStar,Qwen2-VL-7B_Biased_Test,288,vcf_only,MCQ,b5_joint_center_os1,Joint-CenterMask-OptionShuffle1,vc_only_light_center,0.0,5,1,0.0,2,tc_full_two_probe,2.0,none,strong
MMStar,Qwen2-VL-7B_Biased_Test,292,vcf_only,MCQ,b5_joint_center_os1,Joint-CenterMask-OptionShuffle1,vc_only_light_center,0.0,5,1,0.0,2,tc_full_two_probe,1.0,none,center
MMStar,Qwen2-VL-7B_Biased_Test,293,vcf_only,MCQ,b5_joint_center_os1,Joint-CenterMask-OptionShuffle1,vc_only_light_center,0.0,5,1,0.0,2,tc_full_two_probe,2.0,none,strong
MMStar,Qwen2-VL-7B_Biased_Test,296,tcf_only,MCQ,b5_joint_center_os1,Joint-CenterMask-OptionShuffle1,conservative_light_center,1.0,3,0,,,,,none,none
MMStar,Qwen2-VL-7B_Biased_Test,299,vcf_only,MCQ,b5_joint_center_os1,Joint-CenterMask-OptionShuffle1,vc_only_light_center,0.0,5,1,0.0,2,tc_full_two_probe,2.0,none,strong
MMStar,Qwen2-VL-7B_Biased_Test,302,vcf_only,MCQ,b5_joint_center_os1,Joint-CenterMask-OptionShuffle1,vc_only_light_center,0.0,5,1,0.0,2,tc_full_two_probe,1.0,none,strong
MMStar,Qwen2-VL-7B_Biased_Test,304,vcf_only,MCQ,b5_joint_center_os1,Joint-CenterMask-OptionShuffle1,vc_only_light_center,0.0,5,1,0.0,2,tc_full_two_probe,1.0,none,center
MMStar,Qwen2-VL-7B_Biased_Test,311,vcf_only,MCQ,b5_joint_center_os1,Joint-CenterMask-OptionShuffle1,vc_only_light_center,0.0,5,1,0.0,2,tc_full_two_probe,2.0,none,strong
MMStar,Qwen2-VL-7B_Biased_Test,314,vcf_only,MCQ,b5_joint_center_os1,Joint-CenterMask-OptionShuffle1,vc_only_light_center,0.0,5,1,0.0,2,tc_full_two_probe,1.0,none,strong
MMStar,Qwen2-VL-7B_Biased_Test,318,vcf_only,MCQ,b5_joint_center_os1,Joint-CenterMask-OptionShuffle1,vc_only_light_center,0.0,5,1,0.0,2,tc_full_two_probe,1.0,none,strong
MMStar,Qwen2-VL-7B_Biased_Test,319,vcf_only,MCQ,b5_joint_center_os1,Joint-CenterMask-OptionShuffle1,vc_only_light_center,0.0,5,1,0.0,2,tc_full_two_probe,1.0,none,center
MMStar,Qwen2-VL-7B_Biased_Test,328,vcf_only,MCQ,b5_joint_center_os1,Joint-CenterMask-OptionShuffle1,conservative_light_center,0.0,3,0,,,,,none,none
MMStar,Qwen2-VL-7B_Biased_Test,346,vcf_only,MCQ,b5_joint_center_os1,Joint-CenterMask-OptionShuffle1,vc_only_light_center,0.0,5,1,0.0,2,tc_full_two_probe,2.0,none,center
MMStar,Qwen2-VL-7B_Biased_Test,374,vcf_only,MCQ,b5_joint_center_os1,Joint-CenterMask-OptionShuffle1,vc_only_light_center,1.0,5,1,0.0,2,tc_full_two_probe,1.0,none,center
MMStar,Qwen2-VL-7B_Biased_Test,402,vcf_only,MCQ,b5_joint_center_os1,Joint-CenterMask-OptionShuffle1,vc_only_light_center,0.0,5,1,0.0,2,tc_full_two_probe,1.0,none,strong
MMStar,Qwen2-VL-7B_Biased_Test,418,vcf_only,MCQ,b5_joint_center_os1,Joint-CenterMask-OptionShuffle1,conservative_light_center,0.0,3,0,,,,,none,none
MMStar,Qwen2-VL-7B_Biased_Test,419,vcf_only,MCQ,b5_joint_center_os1,Joint-CenterMask-OptionShuffle1,vc_only_light_center,1.0,5,1,0.0,2,tc_full_two_probe,2.0,none,strong
MMStar,Qwen2-VL-7B_Biased_Test,424,both,MCQ,b5_joint_center_os1,Joint-CenterMask-OptionShuffle1,conservative_light_center,1.0,3,0,,,,,none,none
MMStar,Qwen2-VL-7B_Biased_Test,434,vcf_only,MCQ,b5_joint_center_os1,Joint-CenterMask-OptionShuffle1,conservative_light_center,1.0,3,0,,,,,none,none
MMStar,Qwen2-VL-7B_Biased_Test,436,vcf_only,MCQ,b5_joint_center_os1,Joint-CenterMask-OptionShuffle1,vc_only_light_center,0.0,5,1,0.0,2,tc_full_two_probe,2.0,none,center
MMStar,Qwen2-VL-7B_Biased_Test,443,vcf_only,MCQ,b5_joint_center_os1,Joint-CenterMask-OptionShuffle1,joint_center,0.0,5,1,2.0,2,tc_full_two_probe,2.0,option_shuffle,center
MMStar,Qwen2-VL-7B_Biased_Test,447,tcf_only,MCQ,b5_joint_center_os1,Joint-CenterMask-OptionShuffle1,conservative_light_center,0.0,3,0,,,,,none,none
MMStar,Qwen2-VL-7B_Biased_Test,451,vcf_only,MCQ,b5_joint_strong_os1,Joint-StrongBlur-OptionShuffle1,joint_strong,0.0,5,1,2.0,2,tc_full_two_probe,1.0,option_shuffle,strong
MMStar,Qwen2-VL-7B_Biased_Test,458,tcf_only,MCQ,b5_joint_center_os1,Joint-CenterMask-OptionShuffle1,conservative_light_center,0.0,3,0,,,,,none,none
MMStar,Qwen2-VL-7B_Biased_Test,464,both,MCQ,b5_joint_center_os1,Joint-CenterMask-OptionShuffle1,conservative_light_center,0.0,3,0,,,,,none,none
MMStar,Qwen2-VL-7B_Biased_Test,466,vcf_only,MCQ,b5_joint_center_os1,Joint-CenterMask-OptionShuffle1,vc_only_light_center,0.0,5,1,0.0,2,tc_full_two_probe,2.0,none,strong
MMStar,Qwen2-VL-7B_Biased_Test,472,vcf_only,MCQ,b5_joint_center_os1,Joint-CenterMask-OptionShuffle1,vc_only_light_center,0.0,5,1,0.0,2,tc_full_two_probe,2.0,none,center
MMStar,Qwen2-VL-7B_Biased_Test,477,tcf_only,MCQ,b5_joint_center_os1,Joint-CenterMask-OptionShuffle1,conservative_light_center,0.0,3,0,,,,,none,none
MMStar,Qwen2-VL-7B_Biased_Test,484,vcf_only,MCQ,b5_joint_center_os1,Joint-CenterMask-OptionShuffle1,conservative_light_center,0.0,3,0,,,,,none,none
MMStar,Qwen2-VL-7B_Biased_Test,488,both,MCQ,b5_joint_center_os1,Joint-CenterMask-OptionShuffle1,conservative_light_center,0.0,3,0,,,,,none,none
MMStar,Qwen2-VL-7B_Biased_Test,491,tcf_only,MCQ,b5_joint_center_os1,Joint-CenterMask-OptionShuffle1,vc_only_light_center,0.0,5,1,0.0,2,tc_full_two_probe,1.0,none,center
MMStar,Qwen2-VL-7B_Biased_Test,492,vcf_only,MCQ,b5_joint_center_os1,Joint-CenterMask-OptionShuffle1,vc_only_light_center,0.0,5,1,0.0,2,tc_full_two_probe,1.0,none,center
MMStar,Qwen2-VL-7B_Biased_Test,497,vcf_only,MCQ,b5_joint_center_os1,Joint-CenterMask-OptionShuffle1,conservative_light_center,0.0,3,0,,,,,none,none
MMStar,Qwen2-VL-7B_Biased_Test,498,vcf_only,MCQ,b5_joint_center_os1,Joint-CenterMask-OptionShuffle1,vc_only_light_center,0.0,5,1,0.0,2,tc_full_two_probe,1.0,none,center
MMStar,Qwen2-VL-7B_Biased_Test,504,vcf_only,MCQ,b5_joint_center_os1,Joint-CenterMask-OptionShuffle1,vc_only_light_center,0.0,5,1,0.0,2,tc_full_two_probe,1.0,none,center
MMStar,Qwen2-VL-7B_Biased_Test,506,vcf_only,MCQ,b5_joint_center_os1,Joint-CenterMask-OptionShuffle1,conservative_light_center,0.0,3,0,,,,,none,none
MMStar,Qwen2-VL-7B_Biased_Test,507,vcf_only,MCQ,b5_joint_center_os1,Joint-CenterMask-OptionShuffle1,vc_only_light_center,0.0,5,1,0.0,2,tc_full_two_probe,2.0,none,strong
MMStar,Qwen2-VL-7B_Biased_Test,508,vcf_only,MCQ,b5_joint_center_os1,Joint-CenterMask-OptionShuffle1,vc_only_light_center,1.0,5,1,0.0,2,tc_full_two_probe,1.0,none,center
MMStar,Qwen2-VL-7B_Biased_Test,512,vcf_only,MCQ,b5_joint_center_os1,Joint-CenterMask-OptionShuffle1,vc_only_light_center,0.0,5,1,0.0,2,tc_full_two_probe,2.0,none,strong
MMStar,Qwen2-VL-7B_Biased_Test,513,both,MCQ,b5_joint_center_os1,Joint-CenterMask-OptionShuffle1,conservative_light_center,1.0,3,0,,,,,none,none
MMStar,Qwen2-VL-7B_Biased_Test,516,vcf_only,MCQ,b5_joint_center_os1,Joint-CenterMask-OptionShuffle1,conservative_light_center,0.0,3,0,,,,,none,none
MMStar,Qwen2-VL-7B_Biased_Test,518,vcf_only,MCQ,b5_joint_center_os1,Joint-CenterMask-OptionShuffle1,conservative_light_center,0.0,3,0,,,,,none,none
MMStar,Qwen2-VL-7B_Biased_Test,519,vcf_only,MCQ,b5_joint_center_os1,Joint-CenterMask-OptionShuffle1,vc_only_light_center,1.0,5,1,0.0,2,tc_full_two_probe,2.0,none,center
MMStar,Qwen2-VL-7B_Biased_Test,524,vcf_only,MCQ,b5_joint_center_os1,Joint-CenterMask-OptionShuffle1,vc_only_light_center,1.0,5,1,0.0,2,tc_full_two_probe,2.0,none,strong
MMStar,Qwen2-VL-7B_Biased_Test,526,vcf_only,MCQ,b5_joint_center_os1,Joint-CenterMask-OptionShuffle1,conservative_light_center,0.0,3,0,,,,,none,none
MMStar,Qwen2-VL-7B_Biased_Test,531,vcf_only,MCQ,b5_joint_center_os1,Joint-CenterMask-OptionShuffle1,vc_only_light_center,0.0,5,1,0.0,2,tc_full_two_probe,1.0,none,center
MMStar,Qwen2-VL-7B_Biased_Test,533,vcf_only,MCQ,b5_joint_center_os1,Joint-CenterMask-OptionShuffle1,conservative_light_center,0.0,3,0,,,,,none,none
MMStar,Qwen2-VL-7B_Biased_Test,539,vcf_only,MCQ,b5_joint_center_os1,Joint-CenterMask-OptionShuffle1,vc_only_light_center,1.0,5,1,0.0,2,tc_full_two_probe,2.0,none,center
MMStar,Qwen2-VL-7B_Biased_Test,544,vcf_only,MCQ,b5_joint_strong_os1,Joint-StrongBlur-OptionShuffle1,joint_strong,0.0,5,1,2.0,2,tc_full_two_probe,2.0,option_shuffle,strong
MMStar,Qwen2-VL-7B_Biased_Test,546,tcf_only,MCQ,b5_joint_center_os1,Joint-CenterMask-OptionShuffle1,conservative_light_center,1.0,3,0,,,,,none,none
MMStar,Qwen2-VL-7B_Biased_Test,591,vcf_only,MCQ,b5_joint_center_os1,Joint-CenterMask-OptionShuffle1,vc_only_light_center,0.0,5,1,0.0,2,tc_full_two_probe,2.0,none,center
MMStar,Qwen2-VL-7B_Biased_Test,594,vcf_only,MCQ,b5_joint_center_os1,Joint-CenterMask-OptionShuffle1,vc_only_light_center,1.0,5,1,0.0,2,tc_full_two_probe,1.0,none,strong
MMStar,Qwen2-VL-7B_Biased_Test,599,vcf_only,MCQ,b5_joint_center_os1,Joint-CenterMask-OptionShuffle1,vc_only_light_center,1.0,5,1,0.0,2,tc_full_two_probe,2.0,none,center
MMStar,Qwen2-VL-7B_Biased_Test,601,both,MCQ,b5_joint_strong_os1,Joint-StrongBlur-OptionShuffle1,joint_strong,1.0,5,1,2.0,2,tc_full_two_probe,1.0,option_shuffle,strong
MMStar,Qwen2-VL-7B_Biased_Test,624,vcf_only,MCQ,b5_joint_center_os1,Joint-CenterMask-OptionShuffle1,conservative_light_center,0.0,3,0,,,,,none,none
MMStar,Qwen2-VL-7B_Biased_Test,627,both,MCQ,b5_joint_center_os1,Joint-CenterMask-OptionShuffle1,conservative_light_center,0.0,3,0,,,,,none,none
MMStar,Qwen2-VL-7B_Biased_Test,643,vcf_only,MCQ,b5_joint_center_os1,Joint-CenterMask-OptionShuffle1,vc_only_light_center,0.0,5,1,0.0,2,tc_full_two_probe,2.0,none,strong
MMStar,Qwen2-VL-7B_Biased_Test,646,tcf_only,MCQ,b5_joint_center_os1,Joint-CenterMask-OptionShuffle1,conservative_light_center,0.0,3,0,,,,,none,none
MMStar,Qwen2-VL-7B_Biased_Test,653,vcf_only,MCQ,b5_joint_center_os1,Joint-CenterMask-OptionShuffle1,vc_only_light_center,0.0,5,1,0.0,2,tc_full_two_probe,2.0,none,strong
MMStar,Qwen2-VL-7B_Biased_Test,656,tcf_only,MCQ,b5_joint_center_os1,Joint-CenterMask-OptionShuffle1,conservative_light_center,0.0,3,0,,,,,none,none
MMStar,Qwen2-VL-7B_Biased_Test,659,vcf_only,MCQ,b5_joint_center_os1,Joint-CenterMask-OptionShuffle1,vc_only_light_center,0.0,5,1,0.0,2,tc_full_two_probe,2.0,none,center
MMStar,Qwen2-VL-7B_Biased_Test,669,vcf_only,MCQ,b5_joint_center_os1,Joint-CenterMask-OptionShuffle1,vc_only_light_center,0.0,5,1,0.0,2,tc_full_two_probe,1.0,none,center
MMStar,Qwen2-VL-7B_Biased_Test,679,vcf_only,MCQ,b5_joint_center_os1,Joint-CenterMask-OptionShuffle1,vc_only_light_center,1.0,5,1,0.0,2,tc_full_two_probe,1.0,none,center
MMStar,Qwen2-VL-7B_Biased_Test,681,vcf_only,MCQ,b5_joint_center_os1,Joint-CenterMask-OptionShuffle1,conservative_light_center,0.0,3,0,,,,,none,none
MMStar,Qwen2-VL-7B_Biased_Test,688,tcf_only,MCQ,b5_joint_center_os1,Joint-CenterMask-OptionShuffle1,conservative_light_center,1.0,3,0,,,,,none,none
MMStar,Qwen2-VL-7B_Biased_Test,737,vcf_only,MCQ,b5_joint_center_os1,Joint-CenterMask-OptionShuffle1,vc_only_light_center,1.0,5,1,0.0,2,tc_full_two_probe,2.0,none,strong
MMStar,Qwen2-VL-7B_Biased_Test,738,tcf_only,MCQ,b5_joint_center_os1,Joint-CenterMask-OptionShuffle1,conservative_light_center,1.0,3,0,,,,,none,none
MMStar,Qwen2-VL-7B_Biased_Test,739,vcf_only,MCQ,b5_joint_center_os1,Joint-CenterMask-OptionShuffle1,vc_only_light_center,1.0,5,1,0.0,2,tc_full_two_probe,1.0,none,strong
MMStar,Qwen2-VL-7B_Biased_Test,752,vcf_only,MCQ,b5_joint_center_os1,Joint-CenterMask-OptionShuffle1,vc_only_light_center,0.0,5,1,0.0,2,tc_full_two_probe,1.0,none,center
MMStar,Qwen2-VL-7B_Biased_Test,754,vcf_only,MCQ,b5_joint_center_os1,Joint-CenterMask-OptionShuffle1,vc_only_light_center,1.0,5,1,0.0,2,tc_full_two_probe,2.0,none,center
MMStar,Qwen2-VL-7B_Biased_Test,757,vcf_only,MCQ,b5_joint_center_os1,Joint-CenterMask-OptionShuffle1,conservative_light_center,0.0,3,0,,,,,none,none
MMStar,Qwen2-VL-7B_Biased_Test,761,vcf_only,MCQ,b5_joint_center_os1,Joint-CenterMask-OptionShuffle1,conservative_light_center,0.0,3,0,,,,,none,none
MMStar,Qwen2-VL-7B_Biased_Test,763,vcf_only,MCQ,b5_joint_center_os1,Joint-CenterMask-OptionShuffle1,vc_only_light_center,0.0,5,1,0.0,2,tc_full_two_probe,1.0,none,strong
MMStar,Qwen2-VL-7B_Biased_Test,766,vcf_only,MCQ,b5_joint_center_os1,Joint-CenterMask-OptionShuffle1,vc_only_light_center,0.0,5,1,0.0,2,tc_full_two_probe,1.0,none,center
MMStar,Qwen2-VL-7B_Biased_Test,781,vcf_only,MCQ,b5_joint_center_os1,Joint-CenterMask-OptionShuffle1,conservative_light_center,0.0,3,0,,,,,none,none
MMStar,Qwen2-VL-7B_Biased_Test,786,vcf_only,MCQ,b5_joint_center_os1,Joint-CenterMask-OptionShuffle1,conservative_light_center,0.0,3,0,,,,,none,none
MMStar,Qwen2-VL-7B_Biased_Test,787,vcf_only,MCQ,b5_joint_center_os1,Joint-CenterMask-OptionShuffle1,conservative_light_center,0.0,3,0,,,,,none,none
MMStar,Qwen2-VL-7B_Biased_Test,789,tcf_only,MCQ,b5_joint_center_os1,Joint-CenterMask-OptionShuffle1,conservative_light_center,1.0,3,0,,,,,none,none
MMStar,Qwen2-VL-7B_Biased_Test,791,vcf_only,MCQ,b5_joint_center_os1,Joint-CenterMask-OptionShuffle1,vc_only_light_center,0.0,5,1,0.0,2,tc_full_two_probe,1.0,none,center
MMStar,Qwen2-VL-7B_Biased_Test,794,vcf_only,MCQ,b5_joint_center_os1,Joint-CenterMask-OptionShuffle1,conservative_light_center,1.0,3,0,,,,,none,none
MMStar,Qwen2-VL-7B_Biased_Test,796,vcf_only,MCQ,b5_joint_center_os1,Joint-CenterMask-OptionShuffle1,conservative_light_center,1.0,3,0,,,,,none,none
MMStar,Qwen2-VL-7B_Biased_Test,799,vcf_only,MCQ,b5_joint_center_os1,Joint-CenterMask-OptionShuffle1,conservative_light_center,0.0,3,0,,,,,none,none
MMStar,Qwen2-VL-7B_Biased_Test,804,vcf_only,MCQ,b5_joint_center_os1,Joint-CenterMask-OptionShuffle1,conservative_light_center,0.0,3,1,0.0,2,tc_full_two_probe,0.0,none,none
MMStar,Qwen2-VL-7B_Biased_Test,818,tcf_only,MCQ,b5_joint_center_os1,Joint-CenterMask-OptionShuffle1,conservative_light_center,0.0,3,0,,,,,none,none
MMStar,Qwen2-VL-7B_Biased_Test,834,vcf_only,MCQ,b5_joint_center_os1,Joint-CenterMask-OptionShuffle1,conservative_light_center,0.0,3,0,,,,,none,none
MMStar,Qwen2-VL-7B_Biased_Test,851,vcf_only,MCQ,b5_joint_center_os1,Joint-CenterMask-OptionShuffle1,conservative_light_center,1.0,3,0,,,,,none,none
MMStar,Qwen2-VL-7B_Biased_Test,856,vcf_only,MCQ,b5_joint_center_os1,Joint-CenterMask-OptionShuffle1,vc_only_light_center,0.0,5,1,0.0,2,tc_full_two_probe,1.0,none,center
MMStar,Qwen2-VL-7B_Biased_Test,859,vcf_only,MCQ,b5_joint_center_os1,Joint-CenterMask-OptionShuffle1,vc_only_light_center,1.0,5,1,0.0,2,tc_full_two_probe,2.0,none,center
MMStar,Qwen2-VL-7B_Biased_Test,861,vcf_only,MCQ,b5_tc_os1_direct,Text-OptionShuffle1,text,1.0,5,1,2.0,2,tc_full_two_probe,0.0,option_shuffle,none
MMStar,Qwen2-VL-7B_Biased_Test,892,vcf_only,MCQ,b5_joint_center_os1,Joint-CenterMask-OptionShuffle1,vc_only_light_center,0.0,5,1,0.0,2,tc_full_two_probe,2.0,none,center
MMStar,Qwen2-VL-7B_Biased_Test,901,vcf_only,MCQ,b5_joint_center_os1,Joint-CenterMask-OptionShuffle1,conservative_light_center,1.0,3,0,,,,,none,none
MMStar,Qwen2-VL-7B_Biased_Test,909,vcf_only,MCQ,b5_joint_center_os1,Joint-CenterMask-OptionShuffle1,vc_only_light_center,1.0,5,1,0.0,2,tc_full_two_probe,2.0,none,center
MMStar,Qwen2-VL-7B_Biased_Test,917,vcf_only,MCQ,b5_joint_center_os1,Joint-CenterMask-OptionShuffle1,joint_center,0.0,5,1,2.0,2,tc_full_two_probe,2.0,option_shuffle,center
MMStar,Qwen2-VL-7B_Biased_Test,919,vcf_only,MCQ,b5_joint_center_os1,Joint-CenterMask-OptionShuffle1,conservative_light_center,1.0,3,0,,,,,none,none
MMStar,Qwen2-VL-7B_Biased_Test,926,both,MCQ,b5_joint_center_os1,Joint-CenterMask-OptionShuffle1,vc_only_light_center,0.0,5,1,0.0,2,tc_full_two_probe,1.0,none,center
MMStar,Qwen2-VL-7B_Biased_Test,928,both,MCQ,b5_joint_center_os1,Joint-CenterMask-OptionShuffle1,conservative_light_center,0.0,3,0,,,,,none,none
MMStar,Qwen2-VL-7B_Biased_Test,931,vcf_only,MCQ,b5_joint_center_os1,Joint-CenterMask-OptionShuffle1,vc_only_light_center,0.0,5,1,0.0,2,tc_full_two_probe,2.0,none,strong
MMStar,Qwen2-VL-7B_Biased_Test,933,vcf_only,MCQ,b5_joint_center_os1,Joint-CenterMask-OptionShuffle1,vc_only_light_center,0.0,5,1,0.0,2,tc_full_two_probe,2.0,none,center
MMStar,Qwen2-VL-7B_Biased_Test,937,vcf_only,MCQ,b5_joint_center_os1,Joint-CenterMask-OptionShuffle1,vc_only_light_center,0.0,5,1,0.0,2,tc_full_two_probe,2.0,none,strong
MMStar,Qwen2-VL-7B_Biased_Test,938,vcf_only,MCQ,b5_joint_center_os1,Joint-CenterMask-OptionShuffle1,vc_only_light_center,0.0,5,1,0.0,2,tc_full_two_probe,2.0,none,center
MMStar,Qwen2-VL-7B_Biased_Test,946,tcf_only,MCQ,b5_joint_center_os1,Joint-CenterMask-OptionShuffle1,conservative_light_center,1.0,3,0,,,,,none,none
MMStar,Qwen2-VL-7B_Biased_Test,951,tcf_only,MCQ,b5_joint_center_os1,Joint-CenterMask-OptionShuffle1,conservative_light_center,0.0,3,0,,,,,none,none
MMStar,Qwen2-VL-7B_Biased_Test,954,vcf_only,MCQ,b5_joint_center_os1,Joint-CenterMask-OptionShuffle1,conservative_light_center,0.0,3,1,0.0,2,tc_full_two_probe,0.0,none,none
MMStar,Qwen2-VL-7B_Biased_Test,964,vcf_only,MCQ,b5_joint_center_os1,Joint-CenterMask-OptionShuffle1,vc_only_light_center,0.0,5,1,0.0,2,tc_full_two_probe,1.0,none,center
MMStar,Qwen2-VL-7B_Biased_Test,967,vcf_only,MCQ,b5_joint_center_os1,Joint-CenterMask-OptionShuffle1,vc_only_light_center,0.0,5,1,0.0,2,tc_full_two_probe,1.0,none,center
MMStar,Qwen2-VL-7B_Biased_Test,968,vcf_only,MCQ,b5_joint_center_os1,Joint-CenterMask-OptionShuffle1,conservative_light_center,1.0,3,0,,,,,none,none
MMStar,Qwen2-VL-7B_Biased_Test,982,vcf_only,MCQ,b5_joint_center_os1,Joint-CenterMask-OptionShuffle1,conservative_light_center,0.0,3,0,,,,,none,none
MMStar,Qwen2-VL-7B_Biased_Test,1001,tcf_only,MCQ,b5_joint_center_os1,Joint-CenterMask-OptionShuffle1,conservative_light_center,0.0,3,0,,,,,none,none
MMStar,Qwen2-VL-7B_Biased_Test,1002,vcf_only,MCQ,b5_joint_center_os1,Joint-CenterMask-OptionShuffle1,vc_only_light_center,0.0,5,1,0.0,2,tc_full_two_probe,2.0,none,strong
MMStar,Qwen2-VL-7B_Biased_Test,1003,tcf_only,MCQ,b5_joint_center_os1,Joint-CenterMask-OptionShuffle1,conservative_light_center,0.0,3,0,,,,,none,none
MMStar,Qwen2-VL-7B_Biased_Test,1006,vcf_only,MCQ,b5_joint_center_os1,Joint-CenterMask-OptionShuffle1,conservative_light_center,0.0,3,0,,,,,none,none
MMStar,Qwen2-VL-7B_Biased_Test,1012,vcf_only,MCQ,b5_joint_center_os1,Joint-CenterMask-OptionShuffle1,conservative_light_center,1.0,3,0,,,,,none,none
MMStar,Qwen2-VL-7B_Biased_Test,1013,vcf_only,MCQ,b5_joint_center_os1,Joint-CenterMask-OptionShuffle1,conservative_light_center,1.0,3,0,,,,,none,none
MMStar,Qwen2-VL-7B_Biased_Test,1016,vcf_only,MCQ,b5_joint_center_os1,Joint-CenterMask-OptionShuffle1,conservative_light_center,0.0,3,0,,,,,none,none
MMStar,Qwen2-VL-7B_Biased_Test,1018,tcf_only,MCQ,b5_joint_center_os1,Joint-CenterMask-OptionShuffle1,conservative_light_center,1.0,3,0,,,,,none,none
MMStar,Qwen2-VL-7B_Biased_Test,1019,both,MCQ,b5_joint_center_os1,Joint-CenterMask-OptionShuffle1,conservative_light_center,1.0,3,0,,,,,none,none
MMStar,Qwen2-VL-7B_Biased_Test,1033,vcf_only,MCQ,b5_joint_center_os1,Joint-CenterMask-OptionShuffle1,vc_only_light_center,0.0,5,1,0.0,2,tc_full_two_probe,1.0,none,center
MMStar,Qwen2-VL-7B_Biased_Test,1041,vcf_only,MCQ,b5_joint_center_os1,Joint-CenterMask-OptionShuffle1,conservative_light_center,1.0,3,0,,,,,none,none
MMStar,Qwen2-VL-7B_Biased_Test,1043,both,MCQ,b5_joint_center_os1,Joint-CenterMask-OptionShuffle1,conservative_light_center,1.0,3,0,,,,,none,none
MMStar,Qwen2-VL-7B_Biased_Test,1044,vcf_only,MCQ,b5_joint_center_os1,Joint-CenterMask-OptionShuffle1,joint_center,0.0,5,1,2.0,2,tc_full_two_probe,1.0,option_shuffle,center
MMStar,Qwen2-VL-7B_Biased_Test,1049,vcf_only,MCQ,b5_joint_center_os1,Joint-CenterMask-OptionShuffle1,vc_only_light_center,0.0,5,1,0.0,2,tc_full_two_probe,2.0,none,strong
MMStar,Qwen2-VL-7B_Biased_Test,1051,vcf_only,MCQ,b5_joint_center_os1,Joint-CenterMask-OptionShuffle1,vc_only_light_center,0.0,5,1,0.0,2,tc_full_two_probe,2.0,none,center
MMStar,Qwen2-VL-7B_Biased_Test,1052,vcf_only,MCQ,b5_joint_center_os1,Joint-CenterMask-OptionShuffle1,conservative_light_center,0.0,3,0,,,,,none,none
MMStar,Qwen2-VL-7B_Biased_Test,1057,vcf_only,MCQ,b5_joint_center_os1,Joint-CenterMask-OptionShuffle1,conservative_light_center,0.0,3,0,,,,,none,none
MMStar,Qwen2-VL-7B_Biased_Test,1058,vcf_only,MCQ,b5_joint_center_os1,Joint-CenterMask-OptionShuffle1,conservative_light_center,0.0,3,0,,,,,none,none
MMStar,Qwen2-VL-7B_Biased_Test,1059,vcf_only,MCQ,b5_joint_center_os1,Joint-CenterMask-OptionShuffle1,conservative_light_center,0.0,3,0,,,,,none,none
MMStar,Qwen2-VL-7B_Biased_Test,1066,both,MCQ,b5_joint_center_os1,Joint-CenterMask-OptionShuffle1,conservative_light_center,0.0,3,0,,,,,none,none
MMStar,Qwen2-VL-7B_Biased_Test,1068,vcf_only,MCQ,b5_joint_strong_os1,Joint-StrongBlur-OptionShuffle1,joint_strong,1.0,5,1,2.0,2,tc_full_two_probe,2.0,option_shuffle,strong
MMStar,Qwen2-VL-7B_Biased_Test,1071,tcf_only,MCQ,b5_joint_center_os1,Joint-CenterMask-OptionShuffle1,conservative_light_center,0.0,3,0,,,,,none,none
MMStar,Qwen2-VL-7B_Biased_Test,1073,vcf_only,MCQ,b5_joint_center_os1,Joint-CenterMask-OptionShuffle1,vc_only_light_center,1.0,5,1,0.0,2,tc_full_two_probe,2.0,none,center
MMStar,Qwen2-VL-7B_Biased_Test,1077,vcf_only,MCQ,b5_joint_center_os1,Joint-CenterMask-OptionShuffle1,vc_only_light_center,0.0,5,1,0.0,2,tc_full_two_probe,1.0,none,center
MMStar,Qwen2-VL-7B_Biased_Test,1079,vcf_only,MCQ,b5_joint_center_os1,Joint-CenterMask-OptionShuffle1,vc_only_light_center,0.0,5,1,0.0,2,tc_full_two_probe,2.0,none,strong
MMStar,Qwen2-VL-7B_Biased_Test,1081,vcf_only,MCQ,b5_joint_center_os1,Joint-CenterMask-OptionShuffle1,conservative_light_center,0.0,3,0,,,,,none,none
MMStar,Qwen2-VL-7B_Biased_Test,1082,vcf_only,MCQ,b5_joint_center_os1,Joint-CenterMask-OptionShuffle1,vc_only_light_center,0.0,5,1,0.0,2,tc_full_two_probe,2.0,none,center
MMStar,Qwen2-VL-7B_Biased_Test,1086,vcf_only,MCQ,b5_joint_strong_os1,Joint-StrongBlur-OptionShuffle1,joint_strong,1.0,5,1,2.0,2,tc_full_two_probe,2.0,option_shuffle,strong
MMStar,Qwen2-VL-7B_Biased_Test,1092,vcf_only,MCQ,b5_joint_center_os1,Joint-CenterMask-OptionShuffle1,vc_only_light_center,0.0,5,1,0.0,2,tc_full_two_probe,1.0,none,center
MMStar,Qwen2-VL-7B_Biased_Test,1108,vcf_only,MCQ,b5_joint_center_os1,Joint-CenterMask-OptionShuffle1,conservative_light_center,0.0,3,0,,,,,none,none
MMStar,Qwen2-VL-7B_Biased_Test,1119,vcf_only,MCQ,b5_joint_center_os1,Joint-CenterMask-OptionShuffle1,conservative_light_center,0.0,3,0,,,,,none,none
MMStar,Qwen2-VL-7B_Biased_Test,1121,vcf_only,MCQ,b5_joint_center_os1,Joint-CenterMask-OptionShuffle1,vc_only_light_center,1.0,5,1,0.0,2,tc_full_two_probe,2.0,none,strong
MMStar,Qwen2-VL-7B_Biased_Test,1132,tcf_only,MCQ,b5_joint_center_os1,Joint-CenterMask-OptionShuffle1,conservative_light_center,0.0,3,0,,,,,none,none
MMStar,Qwen2-VL-7B_Biased_Test,1134,both,MCQ,b5_joint_center_os1,Joint-CenterMask-OptionShuffle1,vc_only_light_center,0.0,5,1,0.0,2,tc_full_two_probe,2.0,none,center
MMStar,Qwen2-VL-7B_Biased_Test,1136,vcf_only,MCQ,b5_joint_center_os1,Joint-CenterMask-OptionShuffle1,vc_only_light_center,0.0,5,1,0.0,2,tc_full_two_probe,2.0,none,strong
MMStar,Qwen2-VL-7B_Biased_Test,1137,vcf_only,MCQ,b5_joint_center_os1,Joint-CenterMask-OptionShuffle1,conservative_light_center,0.0,3,0,,,,,none,none
MMStar,Qwen2-VL-7B_Biased_Test,1139,tcf_only,MCQ,b5_joint_center_os1,Joint-CenterMask-OptionShuffle1,conservative_light_center,0.0,3,0,,,,,none,none
MMStar,Qwen2-VL-7B_Biased_Test,1143,vcf_only,MCQ,b5_joint_center_os1,Joint-CenterMask-OptionShuffle1,conservative_light_center,0.0,3,0,,,,,none,none
MMStar,Qwen2-VL-7B_Biased_Test,1147,vcf_only,MCQ,b5_joint_center_os1,Joint-CenterMask-OptionShuffle1,vc_only_light_center,0.0,5,1,0.0,2,tc_full_two_probe,2.0,none,center
MMStar,Qwen2-VL-7B_Biased_Test,1159,vcf_only,MCQ,b5_joint_center_os1,Joint-CenterMask-OptionShuffle1,conservative_light_center,1.0,3,0,,,,,none,none
MMStar,Qwen2-VL-7B_Biased_Test,1166,vcf_only,MCQ,b5_joint_center_os1,Joint-CenterMask-OptionShuffle1,vc_only_light_center,0.0,5,1,0.0,2,tc_full_two_probe,2.0,none,center
MMStar,Qwen2-VL-7B_Biased_Test,1167,vcf_only,MCQ,b5_joint_center_os1,Joint-CenterMask-OptionShuffle1,conservative_light_center,0.0,3,0,,,,,none,none
MMStar,Qwen2-VL-7B_Biased_Test,1172,vcf_only,MCQ,b5_joint_center_os1,Joint-CenterMask-OptionShuffle1,conservative_light_center,0.0,3,0,,,,,none,none
MMStar,Qwen2-VL-7B_Biased_Test,1174,tcf_only,MCQ,b5_joint_center_os1,Joint-CenterMask-OptionShuffle1,conservative_light_center,1.0,3,0,,,,,none,none
MMStar,Qwen2-VL-7B_Biased_Test,1177,vcf_only,MCQ,b5_joint_center_os1,Joint-CenterMask-OptionShuffle1,conservative_light_center,0.0,3,0,,,,,none,none
MMStar,Qwen2-VL-7B_Biased_Test,1192,vcf_only,MCQ,b5_joint_center_os1,Joint-CenterMask-OptionShuffle1,conservative_light_center,0.0,3,0,,,,,none,none
MMStar,Qwen2-VL-7B_Biased_Test,1194,both,MCQ,b5_joint_center_os1,Joint-CenterMask-OptionShuffle1,conservative_light_center,0.0,3,0,,,,,none,none
MMStar,Qwen2-VL-7B_Biased_Test,1198,vcf_only,MCQ,b5_joint_center_os1,Joint-CenterMask-OptionShuffle1,vc_only_light_center,0.0,5,1,0.0,2,tc_full_two_probe,2.0,none,center
MMStar,Qwen2-VL-7B_Biased_Test,1203,vcf_only,MCQ,b5_joint_center_os1,Joint-CenterMask-OptionShuffle1,conservative_light_center,0.0,3,0,,,,,none,none
MMStar,Qwen2-VL-7B_Biased_Test,1204,vcf_only,MCQ,b5_joint_center_os1,Joint-CenterMask-OptionShuffle1,vc_only_light_center,0.0,5,1,0.0,2,tc_full_two_probe,2.0,none,strong
MMStar,Qwen2-VL-7B_Biased_Test,1207,vcf_only,MCQ,b5_joint_center_os1,Joint-CenterMask-OptionShuffle1,conservative_light_center,1.0,3,0,,,,,none,none
MMStar,Qwen2-VL-7B_Biased_Test,1212,vcf_only,MCQ,b5_joint_center_os1,Joint-CenterMask-OptionShuffle1,conservative_light_center,0.0,3,0,,,,,none,none
MMStar,Qwen2-VL-7B_Biased_Test,1214,vcf_only,MCQ,b5_joint_center_os1,Joint-CenterMask-OptionShuffle1,vc_only_light_center,0.0,5,1,0.0,2,tc_full_two_probe,2.0,none,strong
MMStar,Qwen2-VL-7B_Biased_Test,1216,vcf_only,MCQ,b5_joint_center_os1,Joint-CenterMask-OptionShuffle1,vc_only_light_center,0.0,5,1,0.0,2,tc_full_two_probe,2.0,none,strong
MMStar,Qwen2-VL-7B_Biased_Test,1218,vcf_only,MCQ,b5_joint_center_os1,Joint-CenterMask-OptionShuffle1,conservative_light_center,0.0,3,0,,,,,none,none
MMStar,Qwen2-VL-7B_Biased_Test,1222,vcf_only,MCQ,b5_joint_center_os1,Joint-CenterMask-OptionShuffle1,vc_only_light_center,0.0,5,1,0.0,2,tc_full_two_probe,2.0,none,center
MMStar,Qwen2-VL-7B_Biased_Test,1228,tcf_only,MCQ,b5_joint_center_os1,Joint-CenterMask-OptionShuffle1,conservative_light_center,1.0,3,0,,,,,none,none
MMStar,Qwen2-VL-7B_Biased_Test,1234,vcf_only,MCQ,b5_joint_center_os1,Joint-CenterMask-OptionShuffle1,conservative_light_center,0.0,3,0,,,,,none,none
MMStar,Qwen2-VL-7B_Biased_Test,1238,vcf_only,MCQ,b5_joint_center_os1,Joint-CenterMask-OptionShuffle1,vc_only_light_center,0.0,5,1,0.0,2,tc_full_two_probe,2.0,none,strong
MMStar,Qwen2-VL-7B_Biased_Test,1239,both,MCQ,b5_joint_center_os1,Joint-CenterMask-OptionShuffle1,conservative_light_center,0.0,3,0,,,,,none,none
MMStar,Qwen2-VL-7B_Biased_Test,1243,tcf_only,MCQ,b5_joint_center_os1,Joint-CenterMask-OptionShuffle1,conservative_light_center,0.0,3,0,,,,,none,none
MMStar,Qwen2-VL-7B_Biased_Test,1248,vcf_only,MCQ,b5_joint_center_os1,Joint-CenterMask-OptionShuffle1,vc_only_light_center,0.0,5,1,0.0,2,tc_full_two_probe,1.0,none,center
MMStar,Qwen2-VL-7B_Biased_Test,1249,tcf_only,MCQ,b5_joint_center_os1,Joint-CenterMask-OptionShuffle1,conservative_light_center,0.0,3,0,,,,,none,none
MMStar,Qwen2-VL-7B_Biased_Test,1251,vcf_only,MCQ,b5_joint_center_os1,Joint-CenterMask-OptionShuffle1,vc_only_light_center,0.0,5,1,0.0,2,tc_full_two_probe,2.0,none,strong
MMStar,Qwen2-VL-7B_Biased_Test,1252,vcf_only,MCQ,b5_joint_strong_os1,Joint-StrongBlur-OptionShuffle1,joint_strong,0.0,5,1,2.0,2,tc_full_two_probe,2.0,option_shuffle,strong
MMStar,Qwen2-VL-7B_Biased_Test,1257,vcf_only,MCQ,b5_joint_center_os1,Joint-CenterMask-OptionShuffle1,conservative_light_center,0.0,3,0,,,,,none,none
MMStar,Qwen2-VL-7B_Biased_Test,1258,vcf_only,MCQ,b5_joint_center_os1,Joint-CenterMask-OptionShuffle1,conservative_light_center,1.0,3,0,,,,,none,none
MMStar,Qwen2-VL-7B_Biased_Test,1264,vcf_only,MCQ,b5_joint_center_os1,Joint-CenterMask-OptionShuffle1,vc_only_light_center,1.0,5,1,0.0,2,tc_full_two_probe,1.0,none,center
MMStar,Qwen2-VL-7B_Biased_Test,1268,vcf_only,MCQ,b5_joint_center_os1,Joint-CenterMask-OptionShuffle1,vc_only_light_center,0.0,5,1,0.0,2,tc_full_two_probe,2.0,none,center
MMStar,Qwen2-VL-7B_Biased_Test,1271,vcf_only,MCQ,b5_joint_center_os1,Joint-CenterMask-OptionShuffle1,vc_only_light_center,1.0,5,1,0.0,2,tc_full_two_probe,2.0,none,center
MMStar,Qwen2-VL-7B_Biased_Test,1272,vcf_only,MCQ,b5_joint_center_os1,Joint-CenterMask-OptionShuffle1,vc_only_light_center,0.0,5,1,0.0,2,tc_full_two_probe,2.0,none,center
MMStar,Qwen2-VL-7B_Biased_Test,1279,tcf_only,MCQ,b5_joint_center_os1,Joint-CenterMask-OptionShuffle1,conservative_light_center,1.0,3,0,,,,,none,none
MMStar,Qwen2-VL-7B_Biased_Test,1283,vcf_only,MCQ,b5_joint_center_os1,Joint-CenterMask-OptionShuffle1,vc_only_light_center,0.0,5,1,0.0,2,tc_full_two_probe,2.0,none,strong
MMStar,Qwen2-VL-7B_Biased_Test,1287,vcf_only,MCQ,b5_joint_center_os1,Joint-CenterMask-OptionShuffle1,vc_only_light_center,0.0,5,1,0.0,2,tc_full_two_probe,2.0,none,strong
MMStar,Qwen2-VL-7B_Biased_Test,1292,vcf_only,MCQ,b5_joint_center_os1,Joint-CenterMask-OptionShuffle1,joint_center,1.0,5,1,2.0,2,tc_full_two_probe,2.0,option_shuffle,center
MMStar,Qwen2-VL-7B_Biased_Test,1296,vcf_only,MCQ,b5_joint_center_os1,Joint-CenterMask-OptionShuffle1,vc_only_light_center,0.0,5,1,0.0,2,tc_full_two_probe,1.0,none,center
MMStar,Qwen2-VL-7B_Biased_Test,1297,both,MCQ,b5_joint_center_os1,Joint-CenterMask-OptionShuffle1,conservative_light_center,0.0,3,0,,,,,none,none
MMStar,Qwen2-VL-7B_Biased_Test,1298,tcf_only,MCQ,b5_joint_center_os1,Joint-CenterMask-OptionShuffle1,conservative_light_center,1.0,3,0,,,,,none,none
MMStar,Qwen2-VL-7B_Biased_Test,1299,vcf_only,MCQ,b5_joint_center_os1,Joint-CenterMask-OptionShuffle1,conservative_light_center,0.0,3,0,,,,,none,none
MMStar,Qwen2-VL-7B_Biased_Test,1301,vcf_only,MCQ,b5_joint_center_os1,Joint-CenterMask-OptionShuffle1,vc_only_light_center,1.0,5,1,0.0,2,tc_full_two_probe,2.0,none,center
MMStar,Qwen2-VL-7B_Biased_Test,1302,vcf_only,MCQ,b5_joint_center_os1,Joint-CenterMask-OptionShuffle1,conservative_light_center,0.0,3,0,,,,,none,none
MMStar,Qwen2-VL-7B_Biased_Test,1304,vcf_only,MCQ,b5_joint_center_os1,Joint-CenterMask-OptionShuffle1,vc_only_light_center,0.0,5,1,0.0,2,tc_full_two_probe,1.0,none,strong
MMStar,Qwen2-VL-7B_Biased_Test,1307,both,MCQ,b5_joint_center_os1,Joint-CenterMask-OptionShuffle1,conservative_light_center,0.0,3,0,,,,,none,none
MMStar,Qwen2-VL-7B_Biased_Test,1312,vcf_only,MCQ,b5_joint_center_os1,Joint-CenterMask-OptionShuffle1,vc_only_light_center,1.0,5,1,0.0,2,tc_full_two_probe,2.0,none,center
MMStar,Qwen2-VL-7B_Biased_Test,1317,vcf_only,MCQ,b5_joint_center_os1,Joint-CenterMask-OptionShuffle1,vc_only_light_center,0.0,5,1,0.0,2,tc_full_two_probe,2.0,none,center
MMStar,Qwen2-VL-7B_Biased_Test,1318,tcf_only,MCQ,b5_joint_center_os1,Joint-CenterMask-OptionShuffle1,conservative_light_center,1.0,3,0,,,,,none,none
MMStar,Qwen2-VL-7B_Biased_Test,1321,vcf_only,MCQ,b5_joint_center_os1,Joint-CenterMask-OptionShuffle1,vc_only_light_center,0.0,5,1,0.0,2,tc_full_two_probe,2.0,none,strong
MMStar,Qwen2-VL-7B_Biased_Test,1323,vcf_only,MCQ,b5_joint_center_os1,Joint-CenterMask-OptionShuffle1,conservative_light_center,0.0,3,0,,,,,none,none
MMStar,Qwen2-VL-7B_Biased_Test,1326,vcf_only,MCQ,b5_joint_center_os1,Joint-CenterMask-OptionShuffle1,vc_only_light_center,1.0,5,1,0.0,2,tc_full_two_probe,2.0,none,strong
MMStar,Qwen2-VL-7B_Biased_Test,1327,both,MCQ,b5_joint_center_os1,Joint-CenterMask-OptionShuffle1,conservative_light_center,0.0,3,0,,,,,none,none
MMStar,Qwen2-VL-7B_Biased_Test,1332,tcf_only,MCQ,b5_joint_center_os1,Joint-CenterMask-OptionShuffle1,conservative_light_center,1.0,3,0,,,,,none,none
MMStar,Qwen2-VL-7B_Biased_Test,1333,vcf_only,MCQ,b5_joint_center_os1,Joint-CenterMask-OptionShuffle1,conservative_light_center,0.0,3,0,,,,,none,none
MMStar,Qwen2-VL-7B_Biased_Test,1339,vcf_only,MCQ,b5_joint_center_os1,Joint-CenterMask-OptionShuffle1,vc_only_light_center,1.0,5,1,0.0,2,tc_full_two_probe,2.0,none,center
MMStar,Qwen2-VL-7B_Biased_Test,1343,vcf_only,MCQ,b5_joint_center_os1,Joint-CenterMask-OptionShuffle1,conservative_light_center,0.0,3,1,0.0,2,tc_full_two_probe,0.0,none,none
MMStar,Qwen2-VL-7B_Biased_Test,1346,tcf_only,MCQ,b5_joint_center_os1,Joint-CenterMask-OptionShuffle1,conservative_light_center,1.0,3,0,,,,,none,none
MMStar,Qwen2-VL-7B_Biased_Test,1347,both,MCQ,b5_joint_center_os1,Joint-CenterMask-OptionShuffle1,conservative_light_center,0.0,3,0,,,,,none,none
MMStar,Qwen2-VL-7B_Biased_Test,1348,both,MCQ,b5_joint_center_os1,Joint-CenterMask-OptionShuffle1,conservative_light_center,0.0,3,0,,,,,none,none
MMStar,Qwen2-VL-7B_Biased_Test,1349,both,MCQ,b5_joint_center_os1,Joint-CenterMask-OptionShuffle1,conservative_light_center,0.0,3,0,,,,,none,none
MMStar,Qwen2-VL-7B_Biased_Test,1351,vcf_only,MCQ,b5_joint_center_os1,Joint-CenterMask-OptionShuffle1,conservative_light_center,0.0,3,0,,,,,none,none
MMStar,Qwen2-VL-7B_Biased_Test,1352,tcf_only,MCQ,b5_joint_center_os1,Joint-CenterMask-OptionShuffle1,conservative_light_center,1.0,3,0,,,,,none,none
MMStar,Qwen2-VL-7B_Biased_Test,1356,vcf_only,MCQ,b5_joint_center_os1,Joint-CenterMask-OptionShuffle1,conservative_light_center,0.0,3,0,,,,,none,none
MMStar,Qwen2-VL-7B_Biased_Test,1359,vcf_only,MCQ,b5_joint_center_os1,Joint-CenterMask-OptionShuffle1,conservative_light_center,0.0,3,0,,,,,none,none
MMStar,Qwen2-VL-7B_Biased_Test,1362,vcf_only,MCQ,b5_joint_center_os1,Joint-CenterMask-OptionShuffle1,conservative_light_center,0.0,3,1,0.0,2,tc_full_two_probe,0.0,none,none
MMStar,Qwen2-VL-7B_Biased_Test,1364,vcf_only,MCQ,b5_joint_center_os1,Joint-CenterMask-OptionShuffle1,conservative_light_center,0.0,3,0,,,,,none,none
MMStar,Qwen2-VL-7B_Biased_Test,1366,vcf_only,MCQ,b5_joint_center_os1,Joint-CenterMask-OptionShuffle1,conservative_light_center,0.0,3,0,,,,,none,none
MMStar,Qwen2-VL-7B_Biased_Test,1367,vcf_only,MCQ,b5_joint_center_os1,Joint-CenterMask-OptionShuffle1,vc_only_light_center,0.0,5,1,0.0,2,tc_full_two_probe,2.0,none,strong
MMStar,Qwen2-VL-7B_Biased_Test,1371,vcf_only,MCQ,b5_joint_center_os1,Joint-CenterMask-OptionShuffle1,vc_only_light_center,0.0,5,1,0.0,2,tc_full_two_probe,1.0,none,center
MMStar,Qwen2-VL-7B_Biased_Test,1373,vcf_only,MCQ,b5_joint_center_os1,Joint-CenterMask-OptionShuffle1,conservative_light_center,0.0,3,0,,,,,none,none
MMStar,Qwen2-VL-7B_Biased_Test,1379,vcf_only,MCQ,b5_joint_center_os1,Joint-CenterMask-OptionShuffle1,vc_only_light_center,0.0,5,1,0.0,2,tc_full_two_probe,1.0,none,strong
MMStar,Qwen2-VL-7B_Biased_Test,1382,vcf_only,MCQ,b5_joint_center_os1,Joint-CenterMask-OptionShuffle1,vc_only_light_center,0.0,5,1,0.0,2,tc_full_two_probe,2.0,none,strong
MMStar,Qwen2-VL-7B_Biased_Test,1383,vcf_only,MCQ,b5_joint_center_os1,Joint-CenterMask-OptionShuffle1,vc_only_light_center,0.0,5,1,0.0,2,tc_full_two_probe,2.0,none,strong
MMStar,Qwen2-VL-7B_Biased_Test,1387,vcf_only,MCQ,b5_joint_center_os1,Joint-CenterMask-OptionShuffle1,vc_only_light_center,1.0,5,1,0.0,2,tc_full_two_probe,2.0,none,center
MMStar,Qwen2-VL-7B_Biased_Test,1392,vcf_only,MCQ,b5_joint_center_os1,Joint-CenterMask-OptionShuffle1,conservative_light_center,0.0,3,0,,,,,none,none
MMStar,Qwen2-VL-7B_Biased_Test,1393,vcf_only,MCQ,b5_joint_center_os1,Joint-CenterMask-OptionShuffle1,vc_only_light_center,0.0,5,1,0.0,2,tc_full_two_probe,2.0,none,center
MMStar,Qwen2-VL-7B_Biased_Test,1398,vcf_only,MCQ,b5_joint_center_os1,Joint-CenterMask-OptionShuffle1,vc_only_light_center,0.0,5,1,0.0,2,tc_full_two_probe,2.0,none,center
MMStar,Qwen2-VL-7B_Biased_Test,1406,tcf_only,MCQ,b5_joint_center_os1,Joint-CenterMask-OptionShuffle1,conservative_light_center,0.0,3,0,,,,,none,none
MMStar,Qwen2-VL-7B_Biased_Test,1409,vcf_only,MCQ,b5_joint_center_os1,Joint-CenterMask-OptionShuffle1,conservative_light_center,1.0,3,0,,,,,none,none
MMStar,Qwen2-VL-7B_Biased_Test,1417,vcf_only,MCQ,b5_joint_center_os1,Joint-CenterMask-OptionShuffle1,conservative_light_center,0.0,3,0,,,,,none,none
MMStar,Qwen2-VL-7B_Biased_Test,1419,vcf_only,MCQ,b5_joint_center_os1,Joint-CenterMask-OptionShuffle1,vc_only_light_center,0.0,5,1,0.0,2,tc_full_two_probe,2.0,none,strong
MMStar,Qwen2-VL-7B_Biased_Test,1421,vcf_only,MCQ,b5_joint_center_os1,Joint-CenterMask-OptionShuffle1,conservative_light_center,0.0,3,0,,,,,none,none
MMStar,Qwen2-VL-7B_Biased_Test,1422,vcf_only,MCQ,b5_joint_center_os1,Joint-CenterMask-OptionShuffle1,vc_only_light_center,0.0,5,1,0.0,2,tc_full_two_probe,2.0,none,center
MMStar,Qwen2-VL-7B_Biased_Test,1423,both,MCQ,b5_joint_center_os1,Joint-CenterMask-OptionShuffle1,conservative_light_center,1.0,3,0,,,,,none,none
MMStar,Qwen2-VL-7B_Biased_Test,1431,vcf_only,MCQ,b5_joint_strong_os1,Joint-StrongBlur-OptionShuffle1,joint_strong,0.0,5,1,2.0,2,tc_full_two_probe,2.0,option_shuffle,strong
MMStar,Qwen2-VL-7B_Biased_Test,1432,vcf_only,MCQ,b5_joint_strong_os1,Joint-StrongBlur-OptionShuffle1,joint_strong,0.0,5,1,2.0,2,tc_full_two_probe,1.0,option_shuffle,strong
MMStar,Qwen2-VL-7B_Biased_Test,1433,vcf_only,MCQ,b5_joint_center_os1,Joint-CenterMask-OptionShuffle1,conservative_light_center,0.0,3,1,0.0,2,tc_full_two_probe,0.0,none,none
MMStar,Qwen2-VL-7B_Biased_Test,1434,vcf_only,MCQ,b5_joint_center_os1,Joint-CenterMask-OptionShuffle1,conservative_light_center,0.0,3,0,,,,,none,none
MMStar,Qwen2-VL-7B_Biased_Test,1438,vcf_only,MCQ,b5_joint_center_os1,Joint-CenterMask-OptionShuffle1,vc_only_light_center,0.0,5,1,0.0,2,tc_full_two_probe,1.0,none,center
MMStar,Qwen2-VL-7B_Biased_Test,1441,tcf_only,MCQ,b5_joint_center_os1,Joint-CenterMask-OptionShuffle1,conservative_light_center,0.0,3,0,,,,,none,none
MMStar,Qwen2-VL-7B_Biased_Test,1443,vcf_only,MCQ,b5_joint_center_os1,Joint-CenterMask-OptionShuffle1,vc_only_light_center,0.0,5,1,0.0,2,tc_full_two_probe,2.0,none,center
MMStar,Qwen2-VL-7B_Biased_Test,1446,vcf_only,MCQ,b5_joint_center_os1,Joint-CenterMask-OptionShuffle1,conservative_light_center,0.0,3,0,,,,,none,none
MMStar,Qwen2-VL-7B_Biased_Test,1448,vcf_only,MCQ,b5_joint_center_os1,Joint-CenterMask-OptionShuffle1,conservative_light_center,0.0,3,1,0.0,2,tc_full_two_probe,0.0,none,none
MMStar,Qwen2-VL-7B_Biased_Test,1463,tcf_only,MCQ,b5_joint_center_os1,Joint-CenterMask-OptionShuffle1,conservative_light_center,1.0,3,0,,,,,none,none
MMStar,Qwen2-VL-7B_Biased_Test,1477,tcf_only,MCQ,b5_joint_center_os1,Joint-CenterMask-OptionShuffle1,conservative_light_center,1.0,3,0,,,,,none,none
MMStar,Qwen2-VL-7B_Biased_Test,1478,tcf_only,MCQ,b5_joint_center_os1,Joint-CenterMask-OptionShuffle1,conservative_light_center,0.0,3,0,,,,,none,none
MMStar,Qwen2-VL-7B_Biased_Test,1482,vcf_only,MCQ,b5_joint_center_os1,Joint-CenterMask-OptionShuffle1,joint_center,0.0,5,1,2.0,2,tc_full_two_probe,2.0,option_shuffle,center
MMStar,Qwen2-VL-7B_Biased_Test,1484,tcf_only,MCQ,b5_joint_center_os1,Joint-CenterMask-OptionShuffle1,conservative_light_center,0.0,3,0,,,,,none,none
MMStar,Qwen2-VL-7B_Biased_Test,1486,vcf_only,MCQ,b5_joint_center_os1,Joint-CenterMask-OptionShuffle1,conservative_light_center,0.0,3,0,,,,,none,none
MMStar,Qwen2-VL-7B_Biased_Test,1499,vcf_only,MCQ,b5_joint_center_os1,Joint-CenterMask-OptionShuffle1,conservative_light_center,1.0,3,0,,,,,none,none
CCBench,Qwen2-VL-7B_Biased_Test,9,vcf_only,MCQ,b5_joint_center_os1,Joint-CenterMask-OptionShuffle1,vc_only_light_center,0.0,5,1,0.0,2,tc_full_two_probe,2.0,none,center
CCBench,Qwen2-VL-7B_Biased_Test,34,vcf_only,MCQ,b5_joint_center_os1,Joint-CenterMask-OptionShuffle1,vc_only_light_center,0.0,5,1,0.0,2,tc_full_two_probe,2.0,none,center
CCBench,Qwen2-VL-7B_Biased_Test,35,vcf_only,MCQ,b5_joint_center_os1,Joint-CenterMask-OptionShuffle1,vc_only_light_center,0.0,5,1,0.0,2,tc_full_two_probe,1.0,none,center
CCBench,Qwen2-VL-7B_Biased_Test,40,tcf_only,MCQ,b5_joint_center_os1,Joint-CenterMask-OptionShuffle1,conservative_light_center,0.0,3,0,,,,,none,none
CCBench,Qwen2-VL-7B_Biased_Test,44,vcf_only,MCQ,b5_joint_center_os1,Joint-CenterMask-OptionShuffle1,conservative_light_center,1.0,3,0,,,,,none,none
CCBench,Qwen2-VL-7B_Biased_Test,76,vcf_only,MCQ,b5_joint_center_os1,Joint-CenterMask-OptionShuffle1,vc_only_light_center,0.0,5,1,0.0,2,tc_full_two_probe,2.0,none,center
CCBench,Qwen2-VL-7B_Biased_Test,123,vcf_only,MCQ,b5_joint_center_os1,Joint-CenterMask-OptionShuffle1,vc_only_light_center,0.0,5,1,0.0,2,tc_full_two_probe,2.0,none,center
CCBench,Qwen2-VL-7B_Biased_Test,125,vcf_only,MCQ,b5_joint_strong_os1,Joint-StrongBlur-OptionShuffle1,joint_strong,1.0,5,1,2.0,2,tc_full_two_probe,2.0,option_shuffle,strong
CCBench,Qwen2-VL-7B_Biased_Test,128,vcf_only,MCQ,b5_joint_center_os1,Joint-CenterMask-OptionShuffle1,vc_only_light_center,1.0,5,1,0.0,2,tc_full_two_probe,2.0,none,center
CCBench,Qwen2-VL-7B_Biased_Test,137,vcf_only,MCQ,b5_joint_center_os1,Joint-CenterMask-OptionShuffle1,conservative_light_center,0.0,3,0,,,,,none,none
CCBench,Qwen2-VL-7B_Biased_Test,138,vcf_only,MCQ,b5_joint_center_os1,Joint-CenterMask-OptionShuffle1,conservative_light_center,0.0,3,0,,,,,none,none
CCBench,Qwen2-VL-7B_Biased_Test,142,tcf_only,MCQ,b5_joint_center_os1,Joint-CenterMask-OptionShuffle1,conservative_light_center,0.0,3,0,,,,,none,none
CCBench,Qwen2-VL-7B_Biased_Test,143,vcf_only,MCQ,b5_joint_center_os1,Joint-CenterMask-OptionShuffle1,conservative_light_center,0.0,3,0,,,,,none,none
CCBench,Qwen2-VL-7B_Biased_Test,150,both,MCQ,b5_joint_center_os1,Joint-CenterMask-OptionShuffle1,conservative_light_center,0.0,3,0,,,,,none,none
CCBench,Qwen2-VL-7B_Biased_Test,157,both,MCQ,b5_joint_center_os1,Joint-CenterMask-OptionShuffle1,conservative_light_center,1.0,3,0,,,,,none,none
CCBench,Qwen2-VL-7B_Biased_Test,162,vcf_only,MCQ,b5_joint_center_os1,Joint-CenterMask-OptionShuffle1,vc_only_light_center,0.0,5,1,0.0,2,tc_full_two_probe,1.0,none,strong
CCBench,Qwen2-VL-7B_Biased_Test,175,both,MCQ,b5_joint_center_os1,Joint-CenterMask-OptionShuffle1,conservative_light_center,1.0,3,0,,,,,none,none
CCBench,Qwen2-VL-7B_Biased_Test,176,vcf_only,MCQ,b5_joint_center_os1,Joint-CenterMask-OptionShuffle1,vc_only_light_center,0.0,5,1,0.0,2,tc_full_two_probe,2.0,none,strong
CCBench,Qwen2-VL-7B_Biased_Test,178,tcf_only,MCQ,b5_joint_center_os1,Joint-CenterMask-OptionShuffle1,conservative_light_center,0.0,3,0,,,,,none,none
CCBench,Qwen2-VL-7B_Biased_Test,181,vcf_only,MCQ,b5_joint_center_os1,Joint-CenterMask-OptionShuffle1,vc_only_light_center,0.0,5,1,0.0,2,tc_full_two_probe,2.0,none,center
CCBench,Qwen2-VL-7B_Biased_Test,186,vcf_only,MCQ,b5_joint_center_os1,Joint-CenterMask-OptionShuffle1,vc_only_light_center,0.0,5,1,0.0,2,tc_full_two_probe,2.0,none,strong
CCBench,Qwen2-VL-7B_Biased_Test,189,vcf_only,MCQ,b5_joint_center_os1,Joint-CenterMask-OptionShuffle1,vc_only_light_center,0.0,5,1,0.0,2,tc_full_two_probe,2.0,none,strong
CCBench,Qwen2-VL-7B_Biased_Test,191,vcf_only,MCQ,b5_joint_center_os1,Joint-CenterMask-OptionShuffle1,conservative_light_center,0.0,3,0,,,,,none,none
CCBench,Qwen2-VL-7B_Biased_Test,193,vcf_only,MCQ,b5_joint_center_os1,Joint-CenterMask-OptionShuffle1,joint_center,0.0,5,1,2.0,2,tc_full_two_probe,2.0,option_shuffle,center
CCBench,Qwen2-VL-7B_Biased_Test,195,vcf_only,MCQ,b5_joint_center_os1,Joint-CenterMask-OptionShuffle1,conservative_light_center,1.0,3,0,,,,,none,none
CCBench,Qwen2-VL-7B_Biased_Test,200,both,MCQ,b5_joint_center_os1,Joint-CenterMask-OptionShuffle1,conservative_light_center,0.0,3,0,,,,,none,none
CCBench,Qwen2-VL-7B_Biased_Test,209,vcf_only,MCQ,b5_joint_center_os1,Joint-CenterMask-OptionShuffle1,conservative_light_center,0.0,3,0,,,,,none,none
CCBench,Qwen2-VL-7B_Biased_Test,214,tcf_only,MCQ,b5_joint_center_os1,Joint-CenterMask-OptionShuffle1,conservative_light_center,1.0,3,0,,,,,none,none
CCBench,Qwen2-VL-7B_Biased_Test,218,both,MCQ,b5_joint_center_os1,Joint-CenterMask-OptionShuffle1,conservative_light_center,0.0,3,0,,,,,none,none
CCBench,Qwen2-VL-7B_Biased_Test,228,tcf_only,MCQ,b5_joint_center_os1,Joint-CenterMask-OptionShuffle1,conservative_light_center,0.0,3,0,,,,,none,none
CCBench,Qwen2-VL-7B_Biased_Test,229,vcf_only,MCQ,b5_joint_strong_os1,Joint-StrongBlur-OptionShuffle1,joint_strong,1.0,5,1,2.0,2,tc_full_two_probe,2.0,option_shuffle,strong
CCBench,Qwen2-VL-7B_Biased_Test,233,both,MCQ,b5_joint_center_os1,Joint-CenterMask-OptionShuffle1,conservative_light_center,1.0,3,0,,,,,none,none
CCBench,Qwen2-VL-7B_Biased_Test,253,vcf_only,MCQ,b5_joint_center_os1,Joint-CenterMask-OptionShuffle1,vc_only_light_center,0.0,5,1,0.0,2,tc_full_two_probe,2.0,none,center
CCBench,Qwen2-VL-7B_Biased_Test,285,vcf_only,MCQ,b5_joint_center_os1,Joint-CenterMask-OptionShuffle1,vc_only_light_center,1.0,5,1,0.0,2,tc_full_two_probe,2.0,none,center
CCBench,Qwen2-VL-7B_Biased_Test,293,vcf_only,MCQ,b5_joint_center_os1,Joint-CenterMask-OptionShuffle1,vc_only_light_center,0.0,5,1,0.0,2,tc_full_two_probe,2.0,none,center
CCBench,Qwen2-VL-7B_Biased_Test,296,vcf_only,MCQ,b5_joint_center_os1,Joint-CenterMask-OptionShuffle1,conservative_light_center,1.0,3,0,,,,,none,none
CCBench,Qwen2-VL-7B_Biased_Test,311,vcf_only,MCQ,b5_joint_center_os1,Joint-CenterMask-OptionShuffle1,vc_only_light_center,0.0,5,1,0.0,2,tc_full_two_probe,1.0,none,center
CCBench,Qwen2-VL-7B_Biased_Test,314,vcf_only,MCQ,b5_joint_center_os1,Joint-CenterMask-OptionShuffle1,vc_only_light_center,0.0,5,1,0.0,2,tc_full_two_probe,2.0,none,center
CCBench,Qwen2-VL-7B_Biased_Test,315,vcf_only,MCQ,b5_joint_center_os1,Joint-CenterMask-OptionShuffle1,vc_only_light_center,0.0,5,1,0.0,2,tc_full_two_probe,2.0,none,center
CCBench,Qwen2-VL-7B_Biased_Test,316,vcf_only,MCQ,b5_joint_center_os1,Joint-CenterMask-OptionShuffle1,conservative_light_center,0.0,3,0,,,,,none,none
CCBench,Qwen2-VL-7B_Biased_Test,318,tcf_only,MCQ,b5_joint_center_os1,Joint-CenterMask-OptionShuffle1,conservative_light_center,0.0,3,0,,,,,none,none
CCBench,Qwen2-VL-7B_Biased_Test,321,vcf_only,MCQ,b5_joint_center_os1,Joint-CenterMask-OptionShuffle1,conservative_light_center,1.0,3,0,,,,,none,none
CCBench,Qwen2-VL-7B_Biased_Test,324,vcf_only,MCQ,b5_joint_center_os1,Joint-CenterMask-OptionShuffle1,vc_only_light_center,1.0,5,1,0.0,2,tc_full_two_probe,2.0,none,strong
CCBench,Qwen2-VL-7B_Biased_Test,329,vcf_only,MCQ,b5_joint_center_os1,Joint-CenterMask-OptionShuffle1,conservative_light_center,1.0,3,0,,,,,none,none
CCBench,Qwen2-VL-7B_Biased_Test,350,vcf_only,MCQ,b5_joint_center_os1,Joint-CenterMask-OptionShuffle1,joint_center,1.0,5,1,2.0,2,tc_full_two_probe,2.0,option_shuffle,center
CCBench,Qwen2-VL-7B_Biased_Test,362,vcf_only,MCQ,b5_joint_center_os1,Joint-CenterMask-OptionShuffle1,conservative_light_center,0.0,3,0,,,,,none,none
CCBench,Qwen2-VL-7B_Biased_Test,365,vcf_only,MCQ,b5_joint_center_os1,Joint-CenterMask-OptionShuffle1,vc_only_light_center,0.0,5,1,0.0,2,tc_full_two_probe,2.0,none,center
CCBench,Qwen2-VL-7B_Biased_Test,367,vcf_only,MCQ,b5_joint_center_os1,Joint-CenterMask-OptionShuffle1,conservative_light_center,0.0,3,0,,,,,none,none
CCBench,Qwen2-VL-7B_Biased_Test,368,vcf_only,MCQ,b5_joint_strong_os1,Joint-StrongBlur-OptionShuffle1,joint_strong,1.0,5,1,2.0,2,tc_full_two_probe,2.0,option_shuffle,strong
CCBench,Qwen2-VL-7B_Biased_Test,392,both,MCQ,b5_joint_center_os1,Joint-CenterMask-OptionShuffle1,conservative_light_center,1.0,3,0,,,,,none,none
CCBench,Qwen2-VL-7B_Biased_Test,394,vcf_only,MCQ,b5_joint_center_os1,Joint-CenterMask-OptionShuffle1,vc_only_light_center,0.0,5,1,0.0,2,tc_full_two_probe,2.0,none,center
CCBench,Qwen2-VL-7B_Biased_Test,412,vcf_only,MCQ,b5_joint_center_os1,Joint-CenterMask-OptionShuffle1,vc_only_light_center,1.0,5,1,0.0,2,tc_full_two_probe,2.0,none,strong
CCBench,Qwen2-VL-7B_Biased_Test,418,vcf_only,MCQ,b5_joint_center_os1,Joint-CenterMask-OptionShuffle1,conservative_light_center,1.0,3,0,,,,,none,none
CCBench,Qwen2-VL-7B_Biased_Test,449,tcf_only,MCQ,b5_joint_center_os1,Joint-CenterMask-OptionShuffle1,conservative_light_center,1.0,3,0,,,,,none,none
CCBench,Qwen2-VL-7B_Biased_Test,456,vcf_only,MCQ,b5_joint_center_os1,Joint-CenterMask-OptionShuffle1,conservative_light_center,1.0,3,0,,,,,none,none
CCBench,Qwen2-VL-7B_Biased_Test,466,vcf_only,MCQ,b5_joint_center_os1,Joint-CenterMask-OptionShuffle1,vc_only_light_center,0.0,5,1,0.0,2,tc_full_two_probe,1.0,none,center
CCBench,Qwen2-VL-7B_Biased_Test,467,vcf_only,MCQ,b5_joint_center_os1,Joint-CenterMask-OptionShuffle1,vc_only_light_center,0.0,5,1,0.0,2,tc_full_two_probe,2.0,none,center
CCBench,Qwen2-VL-7B_Biased_Test,471,vcf_only,MCQ,b5_joint_center_os1,Joint-CenterMask-OptionShuffle1,vc_only_light_center,0.0,5,1,0.0,2,tc_full_two_probe,1.0,none,center
CCBench,Qwen2-VL-7B_Biased_Test,474,vcf_only,MCQ,b5_joint_center_os1,Joint-CenterMask-OptionShuffle1,conservative_light_center,0.0,3,1,0.0,2,tc_full_two_probe,0.0,none,none
CCBench,Qwen2-VL-7B_Biased_Test,478,vcf_only,MCQ,b5_joint_center_os1,Joint-CenterMask-OptionShuffle1,vc_only_light_center,0.0,5,1,0.0,2,tc_full_two_probe,1.0,none,center
CCBench,Qwen2-VL-7B_Biased_Test,484,vcf_only,MCQ,b5_joint_center_os1,Joint-CenterMask-OptionShuffle1,conservative_light_center,1.0,3,0,,,,,none,none
CCBench,Qwen2-VL-7B_Biased_Test,491,vcf_only,MCQ,b5_joint_center_os1,Joint-CenterMask-OptionShuffle1,vc_only_light_center,0.0,5,1,0.0,2,tc_full_two_probe,2.0,none,center
CCBench,Qwen2-VL-7B_Biased_Test,493,vcf_only,MCQ,b5_joint_center_os1,Joint-CenterMask-OptionShuffle1,vc_only_light_center,0.0,5,1,0.0,2,tc_full_two_probe,1.0,none,center
CCBench,Qwen2-VL-7B_Biased_Test,497,vcf_only,MCQ,b5_joint_center_os1,Joint-CenterMask-OptionShuffle1,vc_only_light_center,0.0,5,1,0.0,2,tc_full_two_probe,2.0,none,center
CCBench,Qwen2-VL-7B_Biased_Test,503,vcf_only,MCQ,b5_joint_center_os1,Joint-CenterMask-OptionShuffle1,vc_only_light_center,0.0,5,1,0.0,2,tc_full_two_probe,2.0,none,center
CCBench,Qwen2-VL-7B_Biased_Test,510,vcf_only,MCQ,b5_joint_center_os1,Joint-CenterMask-OptionShuffle1,conservative_light_center,0.0,3,0,,,,,none,none
CCBench,Qwen2-VL-7B_Biased_Test,515,vcf_only,MCQ,b5_joint_center_os1,Joint-CenterMask-OptionShuffle1,vc_only_light_center,0.0,5,1,0.0,2,tc_full_two_probe,2.0,none,strong
CCBench,Qwen2-VL-7B_Biased_Test,527,vcf_only,MCQ,b5_joint_center_os1,Joint-CenterMask-OptionShuffle1,conservative_light_center,0.0,3,0,,,,,none,none
CCBench,Qwen2-VL-7B_Biased_Test,532,vcf_only,MCQ,b5_joint_center_os1,Joint-CenterMask-OptionShuffle1,conservative_light_center,1.0,3,0,,,,,none,none
CCBench,Qwen2-VL-7B_Biased_Test,533,vcf_only,MCQ,b5_joint_center_os1,Joint-CenterMask-OptionShuffle1,vc_only_light_center,0.0,5,1,0.0,2,tc_full_two_probe,1.0,none,center
CCBench,Qwen2-VL-7B_Biased_Test,535,vcf_only,MCQ,b5_joint_center_os1,Joint-CenterMask-OptionShuffle1,conservative_light_center,0.0,3,0,,,,,none,none
CCBench,Qwen2-VL-7B_Biased_Test,537,vcf_only,MCQ,b5_joint_center_os1,Joint-CenterMask-OptionShuffle1,conservative_light_center,0.0,3,0,,,,,none,none
CCBench,Qwen2-VL-7B_Biased_Test,538,vcf_only,MCQ,b5_joint_center_os1,Joint-CenterMask-OptionShuffle1,vc_only_light_center,0.0,5,1,0.0,2,tc_full_two_probe,1.0,none,center
CCBench,Qwen2-VL-7B_Biased_Test,540,vcf_only,MCQ,b5_joint_center_os1,Joint-CenterMask-OptionShuffle1,conservative_light_center,1.0,3,0,,,,,none,none
CCBench,Qwen2-VL-7B_Biased_Test,541,vcf_only,MCQ,b5_joint_center_os1,Joint-CenterMask-OptionShuffle1,joint_center,1.0,5,1,2.0,2,tc_full_two_probe,1.0,option_shuffle,center
CCBench,Qwen2-VL-7B_Biased_Test,542,vcf_only,MCQ,b5_joint_center_os1,Joint-CenterMask-OptionShuffle1,vc_only_light_center,0.0,5,1,0.0,2,tc_full_two_probe,1.0,none,center
CCBench,Qwen2-VL-7B_Biased_Test,1000009,vcf_only,MCQ,b5_joint_center_os1,Joint-CenterMask-OptionShuffle1,conservative_light_center,0.0,3,0,,,,,none,none
CCBench,Qwen2-VL-7B_Biased_Test,1000034,vcf_only,MCQ,b5_joint_center_os1,Joint-CenterMask-OptionShuffle1,vc_only_light_center,0.0,5,1,0.0,2,tc_full_two_probe,2.0,none,center
CCBench,Qwen2-VL-7B_Biased_Test,1000035,vcf_only,MCQ,b5_joint_center_os1,Joint-CenterMask-OptionShuffle1,vc_only_light_center,0.0,5,1,0.0,2,tc_full_two_probe,2.0,none,center
CCBench,Qwen2-VL-7B_Biased_Test,1000056,vcf_only,MCQ,b5_joint_center_os1,Joint-CenterMask-OptionShuffle1,conservative_light_center,1.0,3,0,,,,,none,none
CCBench,Qwen2-VL-7B_Biased_Test,1000061,vcf_only,MCQ,b5_joint_center_os1,Joint-CenterMask-OptionShuffle1,vc_only_light_center,0.0,5,1,0.0,2,tc_full_two_probe,1.0,none,center
CCBench,Qwen2-VL-7B_Biased_Test,1000103,vcf_only,MCQ,b5_joint_center_os1,Joint-CenterMask-OptionShuffle1,conservative_light_center,0.0,3,0,,,,,none,none
CCBench,Qwen2-VL-7B_Biased_Test,1000123,vcf_only,MCQ,b5_joint_center_os1,Joint-CenterMask-OptionShuffle1,vc_only_light_center,1.0,5,1,0.0,2,tc_full_two_probe,2.0,none,strong
CCBench,Qwen2-VL-7B_Biased_Test,1000125,vcf_only,MCQ,b5_joint_center_os1,Joint-CenterMask-OptionShuffle1,conservative_light_center,1.0,3,0,,,,,none,none
CCBench,Qwen2-VL-7B_Biased_Test,1000128,vcf_only,MCQ,b5_joint_center_os1,Joint-CenterMask-OptionShuffle1,vc_only_light_center,0.0,5,1,0.0,2,tc_full_two_probe,2.0,none,center
CCBench,Qwen2-VL-7B_Biased_Test,1000137,vcf_only,MCQ,b5_joint_center_os1,Joint-CenterMask-OptionShuffle1,conservative_light_center,0.0,3,0,,,,,none,none
CCBench,Qwen2-VL-7B_Biased_Test,1000138,vcf_only,MCQ,b5_joint_center_os1,Joint-CenterMask-OptionShuffle1,vc_only_light_center,0.0,5,1,0.0,2,tc_full_two_probe,2.0,none,center
CCBench,Qwen2-VL-7B_Biased_Test,1000139,vcf_only,MCQ,b5_joint_center_os1,Joint-CenterMask-OptionShuffle1,conservative_light_center,1.0,3,0,,,,,none,none
CCBench,Qwen2-VL-7B_Biased_Test,1000142,tcf_only,MCQ,b5_joint_center_os1,Joint-CenterMask-OptionShuffle1,conservative_light_center,0.0,3,0,,,,,none,none
CCBench,Qwen2-VL-7B_Biased_Test,1000143,tcf_only,MCQ,b5_joint_center_os1,Joint-CenterMask-OptionShuffle1,conservative_light_center,1.0,3,0,,,,,none,none
CCBench,Qwen2-VL-7B_Biased_Test,1000149,vcf_only,MCQ,b5_joint_center_os1,Joint-CenterMask-OptionShuffle1,joint_center,0.0,5,1,2.0,2,tc_full_two_probe,2.0,option_shuffle,center
CCBench,Qwen2-VL-7B_Biased_Test,1000175,vcf_only,MCQ,b5_joint_center_os1,Joint-CenterMask-OptionShuffle1,conservative_light_center,0.0,3,0,,,,,none,none
CCBench,Qwen2-VL-7B_Biased_Test,1000176,vcf_only,MCQ,b5_joint_center_os1,Joint-CenterMask-OptionShuffle1,vc_only_light_center,0.0,5,1,0.0,2,tc_full_two_probe,2.0,none,center
CCBench,Qwen2-VL-7B_Biased_Test,1000178,vcf_only,MCQ,b5_joint_center_os1,Joint-CenterMask-OptionShuffle1,vc_only_light_center,1.0,5,1,0.0,2,tc_full_two_probe,2.0,none,center
CCBench,Qwen2-VL-7B_Biased_Test,1000181,vcf_only,MCQ,b5_joint_center_os1,Joint-CenterMask-OptionShuffle1,conservative_light_center,0.0,3,0,,,,,none,none
CCBench,Qwen2-VL-7B_Biased_Test,1000186,vcf_only,MCQ,b5_joint_center_os1,Joint-CenterMask-OptionShuffle1,vc_only_light_center,0.0,5,1,0.0,2,tc_full_two_probe,2.0,none,strong
CCBench,Qwen2-VL-7B_Biased_Test,1000189,vcf_only,MCQ,b5_joint_center_os1,Joint-CenterMask-OptionShuffle1,vc_only_light_center,0.0,5,1,0.0,2,tc_full_two_probe,2.0,none,center
CCBench,Qwen2-VL-7B_Biased_Test,1000193,vcf_only,MCQ,b5_joint_center_os1,Joint-CenterMask-OptionShuffle1,vc_only_light_center,1.0,5,1,0.0,2,tc_full_two_probe,2.0,none,center
CCBench,Qwen2-VL-7B_Biased_Test,1000194,vcf_only,MCQ,b5_joint_center_os1,Joint-CenterMask-OptionShuffle1,vc_only_light_center,0.0,5,1,0.0,2,tc_full_two_probe,2.0,none,center
CCBench,Qwen2-VL-7B_Biased_Test,1000195,vcf_only,MCQ,b5_joint_center_os1,Joint-CenterMask-OptionShuffle1,vc_only_light_center,1.0,5,1,0.0,2,tc_full_two_probe,2.0,none,strong
CCBench,Qwen2-VL-7B_Biased_Test,1000200,vcf_only,MCQ,b5_joint_center_os1,Joint-CenterMask-OptionShuffle1,conservative_light_center,0.0,3,0,,,,,none,none
CCBench,Qwen2-VL-7B_Biased_Test,1000209,vcf_only,MCQ,b5_joint_center_os1,Joint-CenterMask-OptionShuffle1,conservative_light_center,0.0,3,0,,,,,none,none
CCBench,Qwen2-VL-7B_Biased_Test,1000214,vcf_only,MCQ,b5_joint_center_os1,Joint-CenterMask-OptionShuffle1,conservative_light_center,0.0,3,0,,,,,none,none
CCBench,Qwen2-VL-7B_Biased_Test,1000218,vcf_only,MCQ,b5_joint_center_os1,Joint-CenterMask-OptionShuffle1,joint_center,0.0,5,1,2.0,2,tc_full_two_probe,2.0,option_shuffle,center
CCBench,Qwen2-VL-7B_Biased_Test,1000220,vcf_only,MCQ,b5_joint_center_os1,Joint-CenterMask-OptionShuffle1,joint_center,1.0,5,1,2.0,2,tc_full_two_probe,2.0,option_shuffle,center
CCBench,Qwen2-VL-7B_Biased_Test,1000221,vcf_only,MCQ,b5_joint_center_os1,Joint-CenterMask-OptionShuffle1,conservative_light_center,1.0,3,0,,,,,none,none
CCBench,Qwen2-VL-7B_Biased_Test,1000224,vcf_only,MCQ,b5_joint_center_os1,Joint-CenterMask-OptionShuffle1,vc_only_light_center,1.0,5,1,0.0,2,tc_full_two_probe,2.0,none,center
CCBench,Qwen2-VL-7B_Biased_Test,1000225,vcf_only,MCQ,b5_joint_center_os1,Joint-CenterMask-OptionShuffle1,vc_only_light_center,0.0,5,1,0.0,2,tc_full_two_probe,2.0,none,center
CCBench,Qwen2-VL-7B_Biased_Test,1000226,tcf_only,MCQ,b5_joint_center_os1,Joint-CenterMask-OptionShuffle1,conservative_light_center,0.0,3,0,,,,,none,none
CCBench,Qwen2-VL-7B_Biased_Test,1000229,vcf_only,MCQ,b5_joint_center_os1,Joint-CenterMask-OptionShuffle1,vc_only_light_center,1.0,5,1,0.0,2,tc_full_two_probe,2.0,none,center
CCBench,Qwen2-VL-7B_Biased_Test,1000244,tcf_only,MCQ,b5_joint_center_os1,Joint-CenterMask-OptionShuffle1,conservative_light_center,0.0,3,0,,,,,none,none
CCBench,Qwen2-VL-7B_Biased_Test,1000248,tcf_only,MCQ,b5_joint_center_os1,Joint-CenterMask-OptionShuffle1,conservative_light_center,0.0,3,0,,,,,none,none
CCBench,Qwen2-VL-7B_Biased_Test,1000253,vcf_only,MCQ,b5_joint_center_os1,Joint-CenterMask-OptionShuffle1,vc_only_light_center,0.0,5,1,0.0,2,tc_full_two_probe,2.0,none,center
CCBench,Qwen2-VL-7B_Biased_Test,1000285,vcf_only,MCQ,b5_joint_center_os1,Joint-CenterMask-OptionShuffle1,vc_only_light_center,1.0,5,1,0.0,2,tc_full_two_probe,2.0,none,strong
CCBench,Qwen2-VL-7B_Biased_Test,1000296,both,MCQ,b5_joint_center_os1,Joint-CenterMask-OptionShuffle1,conservative_light_center,1.0,3,0,,,,,none,none
CCBench,Qwen2-VL-7B_Biased_Test,1000311,vcf_only,MCQ,b5_joint_center_os1,Joint-CenterMask-OptionShuffle1,vc_only_light_center,0.0,5,1,0.0,2,tc_full_two_probe,1.0,none,center
CCBench,Qwen2-VL-7B_Biased_Test,1000314,vcf_only,MCQ,b5_joint_center_os1,Joint-CenterMask-OptionShuffle1,vc_only_light_center,0.0,5,1,0.0,2,tc_full_two_probe,2.0,none,center
CCBench,Qwen2-VL-7B_Biased_Test,1000315,vcf_only,MCQ,b5_joint_center_os1,Joint-CenterMask-OptionShuffle1,vc_only_light_center,0.0,5,1,0.0,2,tc_full_two_probe,2.0,none,center
CCBench,Qwen2-VL-7B_Biased_Test,1000321,vcf_only,MCQ,b5_joint_center_os1,Joint-CenterMask-OptionShuffle1,conservative_light_center,1.0,3,0,,,,,none,none
CCBench,Qwen2-VL-7B_Biased_Test,1000323,vcf_only,MCQ,b5_joint_center_os1,Joint-CenterMask-OptionShuffle1,conservative_light_center,1.0,3,0,,,,,none,none
CCBench,Qwen2-VL-7B_Biased_Test,1000324,vcf_only,MCQ,b5_joint_center_os1,Joint-CenterMask-OptionShuffle1,vc_only_light_center,0.0,5,1,0.0,2,tc_full_two_probe,2.0,none,center
CCBench,Qwen2-VL-7B_Biased_Test,1000327,tcf_only,MCQ,b5_joint_center_os1,Joint-CenterMask-OptionShuffle1,conservative_light_center,1.0,3,0,,,,,none,none
CCBench,Qwen2-VL-7B_Biased_Test,1000329,vcf_only,MCQ,b5_joint_center_os1,Joint-CenterMask-OptionShuffle1,vc_only_light_center,0.0,5,1,0.0,2,tc_full_two_probe,2.0,none,strong
CCBench,Qwen2-VL-7B_Biased_Test,1000331,vcf_only,MCQ,b5_joint_strong_os1,Joint-StrongBlur-OptionShuffle1,joint_strong,1.0,5,1,2.0,2,tc_full_two_probe,2.0,option_shuffle,strong
CCBench,Qwen2-VL-7B_Biased_Test,1000340,vcf_only,MCQ,b5_joint_center_os1,Joint-CenterMask-OptionShuffle1,vc_only_light_center,0.0,5,1,0.0,2,tc_full_two_probe,2.0,none,center
CCBench,Qwen2-VL-7B_Biased_Test,1000350,vcf_only,MCQ,b5_joint_center_os1,Joint-CenterMask-OptionShuffle1,joint_center,0.0,5,1,2.0,2,tc_full_two_probe,2.0,option_shuffle,center
CCBench,Qwen2-VL-7B_Biased_Test,1000352,tcf_only,MCQ,b5_joint_center_os1,Joint-CenterMask-OptionShuffle1,conservative_light_center,0.0,3,0,,,,,none,none
CCBench,Qwen2-VL-7B_Biased_Test,1000355,vcf_only,MCQ,b5_joint_strong_os1,Joint-StrongBlur-OptionShuffle1,joint_strong,1.0,5,1,2.0,2,tc_full_two_probe,2.0,option_shuffle,strong
CCBench,Qwen2-VL-7B_Biased_Test,1000356,vcf_only,MCQ,b5_joint_center_os1,Joint-CenterMask-OptionShuffle1,conservative_light_center,0.0,3,0,,,,,none,none
CCBench,Qwen2-VL-7B_Biased_Test,1000362,tcf_only,MCQ,b5_joint_center_os1,Joint-CenterMask-OptionShuffle1,conservative_light_center,0.0,3,0,,,,,none,none
CCBench,Qwen2-VL-7B_Biased_Test,1000364,vcf_only,MCQ,b5_joint_center_os1,Joint-CenterMask-OptionShuffle1,conservative_light_center,0.0,3,0,,,,,none,none
CCBench,Qwen2-VL-7B_Biased_Test,1000365,vcf_only,MCQ,b5_joint_center_os1,Joint-CenterMask-OptionShuffle1,vc_only_light_center,0.0,5,1,0.0,2,tc_full_two_probe,2.0,none,center
CCBench,Qwen2-VL-7B_Biased_Test,1000367,vcf_only,MCQ,b5_joint_center_os1,Joint-CenterMask-OptionShuffle1,conservative_light_center,0.0,3,0,,,,,none,none
CCBench,Qwen2-VL-7B_Biased_Test,1000370,vcf_only,MCQ,b5_joint_center_os1,Joint-CenterMask-OptionShuffle1,joint_center,0.0,5,1,2.0,2,tc_full_two_probe,2.0,option_shuffle,center
CCBench,Qwen2-VL-7B_Biased_Test,1000394,vcf_only,MCQ,b5_joint_center_os1,Joint-CenterMask-OptionShuffle1,vc_only_light_center,0.0,5,1,0.0,2,tc_full_two_probe,1.0,none,strong
CCBench,Qwen2-VL-7B_Biased_Test,1000412,vcf_only,MCQ,b5_joint_center_os1,Joint-CenterMask-OptionShuffle1,vc_only_light_center,0.0,5,1,0.0,2,tc_full_two_probe,1.0,none,center
CCBench,Qwen2-VL-7B_Biased_Test,1000418,tcf_only,MCQ,b5_joint_center_os1,Joint-CenterMask-OptionShuffle1,conservative_light_center,1.0,3,0,,,,,none,none
CCBench,Qwen2-VL-7B_Biased_Test,1000456,vcf_only,MCQ,b5_joint_center_os1,Joint-CenterMask-OptionShuffle1,conservative_light_center,0.0,3,0,,,,,none,none
CCBench,Qwen2-VL-7B_Biased_Test,1000466,vcf_only,MCQ,b5_joint_center_os1,Joint-CenterMask-OptionShuffle1,vc_only_light_center,0.0,5,1,0.0,2,tc_full_two_probe,2.0,none,center
CCBench,Qwen2-VL-7B_Biased_Test,1000467,vcf_only,MCQ,b5_joint_center_os1,Joint-CenterMask-OptionShuffle1,vc_only_light_center,0.0,5,1,0.0,2,tc_full_two_probe,1.0,none,center
CCBench,Qwen2-VL-7B_Biased_Test,1000471,vcf_only,MCQ,b5_joint_center_os1,Joint-CenterMask-OptionShuffle1,vc_only_light_center,0.0,5,1,0.0,2,tc_full_two_probe,1.0,none,center
CCBench,Qwen2-VL-7B_Biased_Test,1000478,vcf_only,MCQ,b5_joint_center_os1,Joint-CenterMask-OptionShuffle1,vc_only_light_center,0.0,5,1,0.0,2,tc_full_two_probe,1.0,none,center
CCBench,Qwen2-VL-7B_Biased_Test,1000484,vcf_only,MCQ,b5_joint_center_os1,Joint-CenterMask-OptionShuffle1,conservative_light_center,1.0,3,0,,,,,none,none
CCBench,Qwen2-VL-7B_Biased_Test,1000491,vcf_only,MCQ,b5_joint_center_os1,Joint-CenterMask-OptionShuffle1,vc_only_light_center,0.0,5,1,0.0,2,tc_full_two_probe,2.0,none,center
CCBench,Qwen2-VL-7B_Biased_Test,1000493,vcf_only,MCQ,b5_joint_center_os1,Joint-CenterMask-OptionShuffle1,vc_only_light_center,0.0,5,1,0.0,2,tc_full_two_probe,1.0,none,center
CCBench,Qwen2-VL-7B_Biased_Test,1000497,vcf_only,MCQ,b5_joint_center_os1,Joint-CenterMask-OptionShuffle1,vc_only_light_center,0.0,5,1,0.0,2,tc_full_two_probe,2.0,none,center
CCBench,Qwen2-VL-7B_Biased_Test,1000505,vcf_only,MCQ,b5_joint_center_os1,Joint-CenterMask-OptionShuffle1,vc_only_light_center,0.0,5,1,0.0,2,tc_full_two_probe,1.0,none,center
CCBench,Qwen2-VL-7B_Biased_Test,1000508,vcf_only,MCQ,b5_joint_center_os1,Joint-CenterMask-OptionShuffle1,vc_only_light_center,0.0,5,1,0.0,2,tc_full_two_probe,2.0,none,center
CCBench,Qwen2-VL-7B_Biased_Test,1000532,vcf_only,MCQ,b5_joint_center_os1,Joint-CenterMask-OptionShuffle1,conservative_light_center,1.0,3,0,,,,,none,none
CCBench,Qwen2-VL-7B_Biased_Test,1000538,vcf_only,MCQ,b5_joint_center_os1,Joint-CenterMask-OptionShuffle1,vc_only_light_center,0.0,5,1,0.0,2,tc_full_two_probe,1.0,none,center
CCBench,Qwen2-VL-7B_Biased_Test,1000541,vcf_only,MCQ,b5_joint_center_os1,Joint-CenterMask-OptionShuffle1,conservative_light_center,0.0,3,0,,,,,none,none
CCBench,Qwen2-VL-7B_Biased_Test,1000542,vcf_only,MCQ,b5_joint_center_os1,Joint-CenterMask-OptionShuffle1,vc_only_light_center,1.0,5,1,0.0,2,tc_full_two_probe,1.0,none,center
CCBench,Qwen2-VL-7B_Biased_Test,2000002,vcf_only,MCQ,b5_joint_center_os1,Joint-CenterMask-OptionShuffle1,conservative_light_center,0.0,3,0,,,,,none,none
CCBench,Qwen2-VL-7B_Biased_Test,2000009,tcf_only,MCQ,b5_joint_center_os1,Joint-CenterMask-OptionShuffle1,conservative_light_center,0.0,3,0,,,,,none,none
CCBench,Qwen2-VL-7B_Biased_Test,2000034,vcf_only,MCQ,b5_joint_center_os1,Joint-CenterMask-OptionShuffle1,vc_only_light_center,0.0,5,1,0.0,2,tc_full_two_probe,2.0,none,center
CCBench,Qwen2-VL-7B_Biased_Test,2000035,vcf_only,MCQ,b5_joint_center_os1,Joint-CenterMask-OptionShuffle1,vc_only_light_center,0.0,5,1,0.0,2,tc_full_two_probe,2.0,none,center
CCBench,Qwen2-VL-7B_Biased_Test,2000044,vcf_only,MCQ,b5_joint_center_os1,Joint-CenterMask-OptionShuffle1,conservative_light_center,1.0,3,0,,,,,none,none
CCBench,Qwen2-VL-7B_Biased_Test,2000051,vcf_only,MCQ,b5_joint_center_os1,Joint-CenterMask-OptionShuffle1,conservative_light_center,1.0,3,0,,,,,none,none
CCBench,Qwen2-VL-7B_Biased_Test,2000061,vcf_only,MCQ,b5_joint_center_os1,Joint-CenterMask-OptionShuffle1,conservative_light_center,0.0,3,1,0.0,2,tc_full_two_probe,0.0,none,none
CCBench,Qwen2-VL-7B_Biased_Test,2000067,vcf_only,MCQ,b5_joint_center_os1,Joint-CenterMask-OptionShuffle1,vc_only_light_center,0.0,5,1,0.0,2,tc_full_two_probe,1.0,none,center
CCBench,Qwen2-VL-7B_Biased_Test,2000076,vcf_only,MCQ,b5_joint_center_os1,Joint-CenterMask-OptionShuffle1,vc_only_light_center,0.0,5,1,0.0,2,tc_full_two_probe,2.0,none,center
CCBench,Qwen2-VL-7B_Biased_Test,2000103,vcf_only,MCQ,b5_joint_center_os1,Joint-CenterMask-OptionShuffle1,conservative_light_center,0.0,3,0,,,,,none,none
CCBench,Qwen2-VL-7B_Biased_Test,2000123,vcf_only,MCQ,b5_joint_center_os1,Joint-CenterMask-OptionShuffle1,vc_only_light_center,1.0,5,1,0.0,2,tc_full_two_probe,2.0,none,strong
CCBench,Qwen2-VL-7B_Biased_Test,2000125,both,MCQ,b5_joint_center_os1,Joint-CenterMask-OptionShuffle1,conservative_light_center,1.0,3,0,,,,,none,none
CCBench,Qwen2-VL-7B_Biased_Test,2000128,vcf_only,MCQ,b5_joint_center_os1,Joint-CenterMask-OptionShuffle1,vc_only_light_center,1.0,5,1,0.0,2,tc_full_two_probe,2.0,none,center
CCBench,Qwen2-VL-7B_Biased_Test,2000137,vcf_only,MCQ,b5_joint_center_os1,Joint-CenterMask-OptionShuffle1,vc_only_light_center,0.0,5,1,0.0,2,tc_full_two_probe,2.0,none,center
CCBench,Qwen2-VL-7B_Biased_Test,2000138,vcf_only,MCQ,b5_joint_center_os1,Joint-CenterMask-OptionShuffle1,vc_only_light_center,0.0,5,1,0.0,2,tc_full_two_probe,2.0,none,center
CCBench,Qwen2-VL-7B_Biased_Test,2000139,vcf_only,MCQ,b5_joint_center_os1,Joint-CenterMask-OptionShuffle1,conservative_light_center,1.0,3,0,,,,,none,none
CCBench,Qwen2-VL-7B_Biased_Test,2000143,both,MCQ,b5_joint_center_os1,Joint-CenterMask-OptionShuffle1,conservative_light_center,0.0,3,0,,,,,none,none
CCBench,Qwen2-VL-7B_Biased_Test,2000149,vcf_only,MCQ,b5_joint_center_os1,Joint-CenterMask-OptionShuffle1,vc_only_light_center,0.0,5,1,0.0,2,tc_full_two_probe,1.0,none,center
CCBench,Qwen2-VL-7B_Biased_Test,2000152,vcf_only,MCQ,b5_joint_center_os1,Joint-CenterMask-OptionShuffle1,joint_center,1.0,5,1,2.0,2,tc_full_two_probe,1.0,option_shuffle,center
CCBench,Qwen2-VL-7B_Biased_Test,2000157,tcf_only,MCQ,b5_joint_center_os1,Joint-CenterMask-OptionShuffle1,conservative_light_center,1.0,3,0,,,,,none,none
CCBench,Qwen2-VL-7B_Biased_Test,2000158,vcf_only,MCQ,b5_joint_center_os1,Joint-CenterMask-OptionShuffle1,joint_center,1.0,5,1,2.0,2,tc_full_two_probe,2.0,option_shuffle,center
CCBench,Qwen2-VL-7B_Biased_Test,2000165,vcf_only,MCQ,b5_joint_center_os1,Joint-CenterMask-OptionShuffle1,vc_only_light_center,0.0,5,1,0.0,2,tc_full_two_probe,1.0,none,center
CCBench,Qwen2-VL-7B_Biased_Test,2000170,vcf_only,MCQ,b5_joint_center_os1,Joint-CenterMask-OptionShuffle1,vc_only_light_center,1.0,5,1,0.0,2,tc_full_two_probe,1.0,none,center
CCBench,Qwen2-VL-7B_Biased_Test,2000175,tcf_only,MCQ,b5_joint_center_os1,Joint-CenterMask-OptionShuffle1,conservative_light_center,0.0,3,0,,,,,none,none
CCBench,Qwen2-VL-7B_Biased_Test,2000176,vcf_only,MCQ,b5_joint_center_os1,Joint-CenterMask-OptionShuffle1,vc_only_light_center,0.0,5,1,0.0,2,tc_full_two_probe,1.0,none,center
CCBench,Qwen2-VL-7B_Biased_Test,2000186,vcf_only,MCQ,b5_joint_center_os1,Joint-CenterMask-OptionShuffle1,vc_only_light_center,1.0,5,1,0.0,2,tc_full_two_probe,1.0,none,center
CCBench,Qwen2-VL-7B_Biased_Test,2000193,vcf_only,MCQ,b5_joint_center_os1,Joint-CenterMask-OptionShuffle1,vc_only_light_center,0.0,5,1,0.0,2,tc_full_two_probe,2.0,none,center
CCBench,Qwen2-VL-7B_Biased_Test,2000195,vcf_only,MCQ,b5_joint_center_os1,Joint-CenterMask-OptionShuffle1,conservative_light_center,0.0,3,0,,,,,none,none
CCBench,Qwen2-VL-7B_Biased_Test,2000200,both,MCQ,b5_joint_center_os1,Joint-CenterMask-OptionShuffle1,conservative_light_center,0.0,3,0,,,,,none,none
CCBench,Qwen2-VL-7B_Biased_Test,2000209,vcf_only,MCQ,b5_joint_center_os1,Joint-CenterMask-OptionShuffle1,conservative_light_center,0.0,3,0,,,,,none,none
CCBench,Qwen2-VL-7B_Biased_Test,2000214,vcf_only,MCQ,b5_joint_center_os1,Joint-CenterMask-OptionShuffle1,vc_only_light_center,0.0,5,1,0.0,2,tc_full_two_probe,2.0,none,strong
CCBench,Qwen2-VL-7B_Biased_Test,2000218,vcf_only,MCQ,b5_joint_center_os1,Joint-CenterMask-OptionShuffle1,vc_only_light_center,0.0,5,1,0.0,2,tc_full_two_probe,2.0,none,center
CCBench,Qwen2-VL-7B_Biased_Test,2000221,vcf_only,MCQ,b5_joint_center_os1,Joint-CenterMask-OptionShuffle1,conservative_light_center,1.0,3,0,,,,,none,none
CCBench,Qwen2-VL-7B_Biased_Test,2000224,vcf_only,MCQ,b5_joint_center_os1,Joint-CenterMask-OptionShuffle1,vc_only_light_center,1.0,5,1,0.0,2,tc_full_two_probe,2.0,none,center
CCBench,Qwen2-VL-7B_Biased_Test,2000225,vcf_only,MCQ,b5_joint_center_os1,Joint-CenterMask-OptionShuffle1,vc_only_light_center,0.0,5,1,0.0,2,tc_full_two_probe,2.0,none,center
CCBench,Qwen2-VL-7B_Biased_Test,2000226,vcf_only,MCQ,b5_joint_center_os1,Joint-CenterMask-OptionShuffle1,conservative_light_center,0.0,3,0,,,,,none,none
CCBench,Qwen2-VL-7B_Biased_Test,2000244,tcf_only,MCQ,b5_joint_center_os1,Joint-CenterMask-OptionShuffle1,conservative_light_center,0.0,3,0,,,,,none,none
CCBench,Qwen2-VL-7B_Biased_Test,2000253,vcf_only,MCQ,b5_joint_center_os1,Joint-CenterMask-OptionShuffle1,vc_only_light_center,0.0,5,1,0.0,2,tc_full_two_probe,2.0,none,center
CCBench,Qwen2-VL-7B_Biased_Test,2000285,vcf_only,MCQ,b5_joint_center_os1,Joint-CenterMask-OptionShuffle1,vc_only_light_center,1.0,5,1,0.0,2,tc_full_two_probe,1.0,none,center
CCBench,Qwen2-VL-7B_Biased_Test,2000314,vcf_only,MCQ,b5_joint_center_os1,Joint-CenterMask-OptionShuffle1,vc_only_light_center,0.0,5,1,0.0,2,tc_full_two_probe,2.0,none,center
CCBench,Qwen2-VL-7B_Biased_Test,2000315,vcf_only,MCQ,b5_joint_center_os1,Joint-CenterMask-OptionShuffle1,vc_only_light_center,0.0,5,1,0.0,2,tc_full_two_probe,2.0,none,center
CCBench,Qwen2-VL-7B_Biased_Test,2000316,vcf_only,MCQ,b5_joint_center_os1,Joint-CenterMask-OptionShuffle1,conservative_light_center,1.0,3,0,,,,,none,none
CCBench,Qwen2-VL-7B_Biased_Test,2000321,vcf_only,MCQ,b5_joint_center_os1,Joint-CenterMask-OptionShuffle1,conservative_light_center,1.0,3,0,,,,,none,none
CCBench,Qwen2-VL-7B_Biased_Test,2000324,vcf_only,MCQ,b5_joint_center_os1,Joint-CenterMask-OptionShuffle1,vc_only_light_center,1.0,5,1,0.0,2,tc_full_two_probe,2.0,none,strong
CCBench,Qwen2-VL-7B_Biased_Test,2000325,vcf_only,MCQ,b5_joint_center_os1,Joint-CenterMask-OptionShuffle1,vc_only_light_center,1.0,5,1,0.0,2,tc_full_two_probe,2.0,none,strong
CCBench,Qwen2-VL-7B_Biased_Test,2000329,both,MCQ,b5_joint_center_os1,Joint-CenterMask-OptionShuffle1,conservative_light_center,0.0,3,0,,,,,none,none
CCBench,Qwen2-VL-7B_Biased_Test,2000340,vcf_only,MCQ,b5_joint_center_os1,Joint-CenterMask-OptionShuffle1,vc_only_light_center,0.0,5,1,0.0,2,tc_full_two_probe,2.0,none,center
CCBench,Qwen2-VL-7B_Biased_Test,2000346,both,MCQ,b5_joint_center_os1,Joint-CenterMask-OptionShuffle1,conservative_light_center,0.0,3,0,,,,,none,none
CCBench,Qwen2-VL-7B_Biased_Test,2000350,vcf_only,MCQ,b5_joint_center_os1,Joint-CenterMask-OptionShuffle1,vc_only_light_center,0.0,5,1,0.0,2,tc_full_two_probe,2.0,none,strong
CCBench,Qwen2-VL-7B_Biased_Test,2000354,vcf_only,MCQ,b5_joint_center_os1,Joint-CenterMask-OptionShuffle1,conservative_light_center,1.0,3,0,,,,,none,none
CCBench,Qwen2-VL-7B_Biased_Test,2000355,vcf_only,MCQ,b5_joint_center_os1,Joint-CenterMask-OptionShuffle1,joint_center,0.0,5,1,2.0,2,tc_full_two_probe,2.0,option_shuffle,center
CCBench,Qwen2-VL-7B_Biased_Test,2000356,vcf_only,MCQ,b5_joint_center_os1,Joint-CenterMask-OptionShuffle1,conservative_light_center,0.0,3,0,,,,,none,none
CCBench,Qwen2-VL-7B_Biased_Test,2000362,both,MCQ,b5_joint_center_os1,Joint-CenterMask-OptionShuffle1,conservative_light_center,0.0,3,0,,,,,none,none
CCBench,Qwen2-VL-7B_Biased_Test,2000364,vcf_only,MCQ,b5_joint_center_os1,Joint-CenterMask-OptionShuffle1,vc_only_light_center,1.0,5,1,0.0,2,tc_full_two_probe,2.0,none,strong
CCBench,Qwen2-VL-7B_Biased_Test,2000365,vcf_only,MCQ,b5_joint_center_os1,Joint-CenterMask-OptionShuffle1,conservative_light_center,0.0,3,0,,,,,none,none
CCBench,Qwen2-VL-7B_Biased_Test,2000367,vcf_only,MCQ,b5_joint_center_os1,Joint-CenterMask-OptionShuffle1,vc_only_light_center,0.0,5,1,0.0,2,tc_full_two_probe,2.0,none,strong
CCBench,Qwen2-VL-7B_Biased_Test,2000369,both,MCQ,b5_joint_center_os1,Joint-CenterMask-OptionShuffle1,conservative_light_center,1.0,3,0,,,,,none,none
CCBench,Qwen2-VL-7B_Biased_Test,2000376,vcf_only,MCQ,b5_joint_center_os1,Joint-CenterMask-OptionShuffle1,conservative_light_center,0.0,3,0,,,,,none,none
CCBench,Qwen2-VL-7B_Biased_Test,2000377,tcf_only,MCQ,b5_joint_center_os1,Joint-CenterMask-OptionShuffle1,conservative_light_center,0.0,3,0,,,,,none,none
CCBench,Qwen2-VL-7B_Biased_Test,2000392,vcf_only,MCQ,b5_joint_center_os1,Joint-CenterMask-OptionShuffle1,vc_only_light_center,1.0,5,1,0.0,2,tc_full_two_probe,1.0,none,strong
CCBench,Qwen2-VL-7B_Biased_Test,2000393,vcf_only,MCQ,b5_joint_center_os1,Joint-CenterMask-OptionShuffle1,vc_only_light_center,0.0,5,1,0.0,2,tc_full_two_probe,1.0,none,strong
CCBench,Qwen2-VL-7B_Biased_Test,2000394,vcf_only,MCQ,b5_joint_center_os1,Joint-CenterMask-OptionShuffle1,vc_only_light_center,0.0,5,1,0.0,2,tc_full_two_probe,1.0,none,strong
CCBench,Qwen2-VL-7B_Biased_Test,2000412,vcf_only,MCQ,b5_joint_center_os1,Joint-CenterMask-OptionShuffle1,vc_only_light_center,1.0,5,1,0.0,2,tc_full_two_probe,2.0,none,center
CCBench,Qwen2-VL-7B_Biased_Test,2000436,tcf_only,MCQ,b5_joint_center_os1,Joint-CenterMask-OptionShuffle1,conservative_light_center,1.0,3,0,,,,,none,none
CCBench,Qwen2-VL-7B_Biased_Test,2000456,vcf_only,MCQ,b5_joint_center_os1,Joint-CenterMask-OptionShuffle1,conservative_light_center,0.0,3,0,,,,,none,none
CCBench,Qwen2-VL-7B_Biased_Test,2000462,vcf_only,MCQ,b5_joint_center_os1,Joint-CenterMask-OptionShuffle1,conservative_light_center,1.0,3,0,,,,,none,none
CCBench,Qwen2-VL-7B_Biased_Test,2000474,vcf_only,MCQ,b5_joint_center_os1,Joint-CenterMask-OptionShuffle1,vc_only_light_center,0.0,5,1,0.0,2,tc_full_two_probe,1.0,none,center
CCBench,Qwen2-VL-7B_Biased_Test,2000478,vcf_only,MCQ,b5_joint_center_os1,Joint-CenterMask-OptionShuffle1,vc_only_light_center,0.0,5,1,0.0,2,tc_full_two_probe,1.0,none,center
CCBench,Qwen2-VL-7B_Biased_Test,2000484,vcf_only,MCQ,b5_joint_center_os1,Joint-CenterMask-OptionShuffle1,conservative_light_center,0.0,3,0,,,,,none,none
CCBench,Qwen2-VL-7B_Biased_Test,2000485,tcf_only,MCQ,b5_joint_center_os1,Joint-CenterMask-OptionShuffle1,conservative_light_center,0.0,3,0,,,,,none,none
CCBench,Qwen2-VL-7B_Biased_Test,2000495,vcf_only,MCQ,b5_joint_center_os1,Joint-CenterMask-OptionShuffle1,conservative_light_center,1.0,3,0,,,,,none,none
CCBench,Qwen2-VL-7B_Biased_Test,2000497,vcf_only,MCQ,b5_joint_center_os1,Joint-CenterMask-OptionShuffle1,vc_only_light_center,0.0,5,1,0.0,2,tc_full_two_probe,1.0,none,center
CCBench,Qwen2-VL-7B_Biased_Test,2000503,vcf_only,MCQ,b5_joint_center_os1,Joint-CenterMask-OptionShuffle1,vc_only_light_center,0.0,5,1,0.0,2,tc_full_two_probe,2.0,none,center
CCBench,Qwen2-VL-7B_Biased_Test,2000508,vcf_only,MCQ,b5_joint_center_os1,Joint-CenterMask-OptionShuffle1,vc_only_light_center,0.0,5,1,0.0,2,tc_full_two_probe,2.0,none,strong
CCBench,Qwen2-VL-7B_Biased_Test,2000510,vcf_only,MCQ,b5_joint_center_os1,Joint-CenterMask-OptionShuffle1,conservative_light_center,0.0,3,0,,,,,none,none
CCBench,Qwen2-VL-7B_Biased_Test,2000511,vcf_only,MCQ,b5_joint_center_os1,Joint-CenterMask-OptionShuffle1,vc_only_light_center,0.0,5,1,0.0,2,tc_full_two_probe,2.0,none,strong
CCBench,Qwen2-VL-7B_Biased_Test,2000517,tcf_only,MCQ,b5_joint_center_os1,Joint-CenterMask-OptionShuffle1,conservative_light_center,0.0,3,0,,,,,none,none
CCBench,Qwen2-VL-7B_Biased_Test,2000538,vcf_only,MCQ,b5_joint_center_os1,Joint-CenterMask-OptionShuffle1,vc_only_light_center,0.0,5,1,0.0,2,tc_full_two_probe,1.0,none,center
CCBench,Qwen2-VL-7B_Biased_Test,2000542,vcf_only,MCQ,b5_joint_center_os1,Joint-CenterMask-OptionShuffle1,vc_only_light_center,1.0,5,1,0.0,2,tc_full_two_probe,2.0,none,center
CCBench,Qwen2-VL-7B_Biased_Test,3000009,vcf_only,MCQ,b5_joint_center_os1,Joint-CenterMask-OptionShuffle1,conservative_light_center,0.0,3,0,,,,,none,none
CCBench,Qwen2-VL-7B_Biased_Test,3000034,vcf_only,MCQ,b5_joint_center_os1,Joint-CenterMask-OptionShuffle1,vc_only_light_center,0.0,5,1,0.0,2,tc_full_two_probe,2.0,none,center
CCBench,Qwen2-VL-7B_Biased_Test,3000035,vcf_only,MCQ,b5_joint_center_os1,Joint-CenterMask-OptionShuffle1,vc_only_light_center,0.0,5,1,0.0,2,tc_full_two_probe,2.0,none,center
CCBench,Qwen2-VL-7B_Biased_Test,3000040,tcf_only,MCQ,b5_joint_center_os1,Joint-CenterMask-OptionShuffle1,conservative_light_center,0.0,3,0,,,,,none,none
CCBench,Qwen2-VL-7B_Biased_Test,3000051,vcf_only,MCQ,b5_joint_center_os1,Joint-CenterMask-OptionShuffle1,conservative_light_center,0.0,3,0,,,,,none,none
CCBench,Qwen2-VL-7B_Biased_Test,3000057,vcf_only,MCQ,b5_joint_center_os1,Joint-CenterMask-OptionShuffle1,conservative_light_center,0.0,3,0,,,,,none,none
CCBench,Qwen2-VL-7B_Biased_Test,3000067,vcf_only,MCQ,b5_joint_center_os1,Joint-CenterMask-OptionShuffle1,vc_only_light_center,0.0,5,1,0.0,2,tc_full_two_probe,1.0,none,center
CCBench,Qwen2-VL-7B_Biased_Test,3000076,vcf_only,MCQ,b5_joint_center_os1,Joint-CenterMask-OptionShuffle1,vc_only_light_center,0.0,5,1,0.0,2,tc_full_two_probe,2.0,none,center
CCBench,Qwen2-VL-7B_Biased_Test,3000077,vcf_only,MCQ,b5_joint_center_os1,Joint-CenterMask-OptionShuffle1,vc_only_light_center,0.0,5,1,0.0,2,tc_full_two_probe,2.0,none,center
CCBench,Qwen2-VL-7B_Biased_Test,3000123,vcf_only,MCQ,b5_joint_center_os1,Joint-CenterMask-OptionShuffle1,vc_only_light_center,0.0,5,1,0.0,2,tc_full_two_probe,2.0,none,strong
CCBench,Qwen2-VL-7B_Biased_Test,3000128,vcf_only,MCQ,b5_joint_center_os1,Joint-CenterMask-OptionShuffle1,vc_only_light_center,1.0,5,1,0.0,2,tc_full_two_probe,2.0,none,center
CCBench,Qwen2-VL-7B_Biased_Test,3000137,vcf_only,MCQ,b5_joint_center_os1,Joint-CenterMask-OptionShuffle1,vc_only_light_center,0.0,5,1,0.0,2,tc_full_two_probe,1.0,none,center
CCBench,Qwen2-VL-7B_Biased_Test,3000138,vcf_only,MCQ,b5_joint_center_os1,Joint-CenterMask-OptionShuffle1,conservative_light_center,0.0,3,1,0.0,2,tc_full_two_probe,0.0,none,none
CCBench,Qwen2-VL-7B_Biased_Test,3000143,vcf_only,MCQ,b5_joint_center_os1,Joint-CenterMask-OptionShuffle1,conservative_light_center,0.0,3,0,,,,,none,none
CCBench,Qwen2-VL-7B_Biased_Test,3000145,vcf_only,MCQ,b5_joint_center_os1,Joint-CenterMask-OptionShuffle1,conservative_light_center,1.0,3,0,,,,,none,none
CCBench,Qwen2-VL-7B_Biased_Test,3000149,tcf_only,MCQ,b5_joint_center_os1,Joint-CenterMask-OptionShuffle1,conservative_light_center,0.0,3,0,,,,,none,none
CCBench,Qwen2-VL-7B_Biased_Test,3000157,vcf_only,MCQ,b5_joint_center_os1,Joint-CenterMask-OptionShuffle1,vc_only_light_center,0.0,5,1,0.0,2,tc_full_two_probe,2.0,none,center
CCBench,Qwen2-VL-7B_Biased_Test,3000165,vcf_only,MCQ,b5_joint_center_os1,Joint-CenterMask-OptionShuffle1,vc_only_light_center,0.0,5,1,0.0,2,tc_full_two_probe,2.0,none,center
CCBench,Qwen2-VL-7B_Biased_Test,3000170,vcf_only,MCQ,b5_joint_center_os1,Joint-CenterMask-OptionShuffle1,vc_only_light_center,1.0,5,1,0.0,2,tc_full_two_probe,2.0,none,center
CCBench,Qwen2-VL-7B_Biased_Test,3000175,vcf_only,MCQ,b5_joint_center_os1,Joint-CenterMask-OptionShuffle1,conservative_light_center,0.0,3,0,,,,,none,none
CCBench,Qwen2-VL-7B_Biased_Test,3000176,vcf_only,MCQ,b5_joint_center_os1,Joint-CenterMask-OptionShuffle1,vc_only_light_center,0.0,5,1,0.0,2,tc_full_two_probe,1.0,none,strong
CCBench,Qwen2-VL-7B_Biased_Test,3000181,vcf_only,MCQ,b5_joint_center_os1,Joint-CenterMask-OptionShuffle1,joint_center,1.0,5,1,2.0,2,tc_full_two_probe,1.0,option_shuffle,center
CCBench,Qwen2-VL-7B_Biased_Test,3000186,vcf_only,MCQ,b5_joint_center_os1,Joint-CenterMask-OptionShuffle1,vc_only_light_center,0.0,5,1,0.0,2,tc_full_two_probe,2.0,none,center
CCBench,Qwen2-VL-7B_Biased_Test,3000189,both,MCQ,b5_joint_center_os1,Joint-CenterMask-OptionShuffle1,conservative_light_center,0.0,3,0,,,,,none,none
CCBench,Qwen2-VL-7B_Biased_Test,3000195,vcf_only,MCQ,b5_joint_center_os1,Joint-CenterMask-OptionShuffle1,conservative_light_center,1.0,3,0,,,,,none,none
CCBench,Qwen2-VL-7B_Biased_Test,3000200,vcf_only,MCQ,b5_joint_center_os1,Joint-CenterMask-OptionShuffle1,conservative_light_center,0.0,3,0,,,,,none,none
CCBench,Qwen2-VL-7B_Biased_Test,3000213,vcf_only,MCQ,b5_joint_center_os1,Joint-CenterMask-OptionShuffle1,vc_only_light_center,0.0,5,1,0.0,2,tc_full_two_probe,2.0,none,center
CCBench,Qwen2-VL-7B_Biased_Test,3000216,vcf_only,MCQ,b5_joint_center_os1,Joint-CenterMask-OptionShuffle1,vc_only_light_center,0.0,5,1,0.0,2,tc_full_two_probe,2.0,none,center
CCBench,Qwen2-VL-7B_Biased_Test,3000218,vcf_only,MCQ,b5_joint_center_os1,Joint-CenterMask-OptionShuffle1,conservative_light_center,0.0,3,0,,,,,none,none
CCBench,Qwen2-VL-7B_Biased_Test,3000219,vcf_only,MCQ,b5_joint_center_os1,Joint-CenterMask-OptionShuffle1,conservative_light_center,0.0,3,0,,,,,none,none
CCBench,Qwen2-VL-7B_Biased_Test,3000220,vcf_only,MCQ,b5_joint_center_os1,Joint-CenterMask-OptionShuffle1,vc_only_light_center,0.0,5,1,0.0,2,tc_full_two_probe,1.0,none,center
CCBench,Qwen2-VL-7B_Biased_Test,3000224,vcf_only,MCQ,b5_joint_center_os1,Joint-CenterMask-OptionShuffle1,conservative_light_center,0.0,3,0,,,,,none,none
CCBench,Qwen2-VL-7B_Biased_Test,3000225,vcf_only,MCQ,b5_joint_center_os1,Joint-CenterMask-OptionShuffle1,vc_only_light_center,1.0,5,1,0.0,2,tc_full_two_probe,2.0,none,strong
CCBench,Qwen2-VL-7B_Biased_Test,3000226,vcf_only,MCQ,b5_joint_center_os1,Joint-CenterMask-OptionShuffle1,conservative_light_center,0.0,3,0,,,,,none,none
CCBench,Qwen2-VL-7B_Biased_Test,3000253,vcf_only,MCQ,b5_joint_center_os1,Joint-CenterMask-OptionShuffle1,vc_only_light_center,0.0,5,1,0.0,2,tc_full_two_probe,2.0,none,center
CCBench,Qwen2-VL-7B_Biased_Test,3000285,vcf_only,MCQ,b5_joint_center_os1,Joint-CenterMask-OptionShuffle1,vc_only_light_center,1.0,5,1,0.0,2,tc_full_two_probe,2.0,none,center
CCBench,Qwen2-VL-7B_Biased_Test,3000301,tcf_only,MCQ,b5_joint_center_os1,Joint-CenterMask-OptionShuffle1,conservative_light_center,1.0,3,0,,,,,none,none
CCBench,Qwen2-VL-7B_Biased_Test,3000314,vcf_only,MCQ,b5_joint_center_os1,Joint-CenterMask-OptionShuffle1,vc_only_light_center,0.0,5,1,0.0,2,tc_full_two_probe,2.0,none,center
CCBench,Qwen2-VL-7B_Biased_Test,3000315,vcf_only,MCQ,b5_joint_center_os1,Joint-CenterMask-OptionShuffle1,vc_only_light_center,0.0,5,1,0.0,2,tc_full_two_probe,1.0,none,center
CCBench,Qwen2-VL-7B_Biased_Test,3000318,vcf_only,MCQ,b5_joint_center_os1,Joint-CenterMask-OptionShuffle1,conservative_light_center,0.0,3,0,,,,,none,none
CCBench,Qwen2-VL-7B_Biased_Test,3000319,tcf_only,MCQ,b5_joint_center_os1,Joint-CenterMask-OptionShuffle1,conservative_light_center,0.0,3,0,,,,,none,none
CCBench,Qwen2-VL-7B_Biased_Test,3000321,vcf_only,MCQ,b5_joint_center_os1,Joint-CenterMask-OptionShuffle1,joint_center,1.0,5,1,2.0,2,tc_full_two_probe,2.0,option_shuffle,center
CCBench,Qwen2-VL-7B_Biased_Test,3000324,vcf_only,MCQ,b5_joint_center_os1,Joint-CenterMask-OptionShuffle1,vc_only_light_center,0.0,5,1,0.0,2,tc_full_two_probe,2.0,none,center
CCBench,Qwen2-VL-7B_Biased_Test,3000329,vcf_only,MCQ,b5_joint_center_os1,Joint-CenterMask-OptionShuffle1,conservative_light_center,0.0,3,0,,,,,none,none
CCBench,Qwen2-VL-7B_Biased_Test,3000340,vcf_only,MCQ,b5_joint_center_os1,Joint-CenterMask-OptionShuffle1,vc_only_light_center,0.0,5,1,0.0,2,tc_full_two_probe,2.0,none,center
CCBench,Qwen2-VL-7B_Biased_Test,3000350,vcf_only,MCQ,b5_joint_strong_os1,Joint-StrongBlur-OptionShuffle1,joint_strong,0.0,5,1,2.0,2,tc_full_two_probe,2.0,option_shuffle,strong
CCBench,Qwen2-VL-7B_Biased_Test,3000355,vcf_only,MCQ,b5_joint_center_os1,Joint-CenterMask-OptionShuffle1,conservative_light_center,0.0,3,0,,,,,none,none
CCBench,Qwen2-VL-7B_Biased_Test,3000356,vcf_only,MCQ,b5_joint_center_os1,Joint-CenterMask-OptionShuffle1,conservative_light_center,0.0,3,0,,,,,none,none
CCBench,Qwen2-VL-7B_Biased_Test,3000362,vcf_only,MCQ,b5_joint_center_os1,Joint-CenterMask-OptionShuffle1,conservative_light_center,0.0,3,0,,,,,none,none
CCBench,Qwen2-VL-7B_Biased_Test,3000365,vcf_only,MCQ,b5_joint_center_os1,Joint-CenterMask-OptionShuffle1,conservative_light_center,0.0,3,0,,,,,none,none
CCBench,Qwen2-VL-7B_Biased_Test,3000377,tcf_only,MCQ,b5_joint_center_os1,Joint-CenterMask-OptionShuffle1,conservative_light_center,0.0,3,0,,,,,none,none
CCBench,Qwen2-VL-7B_Biased_Test,3000394,vcf_only,MCQ,b5_joint_center_os1,Joint-CenterMask-OptionShuffle1,vc_only_light_center,0.0,5,1,0.0,2,tc_full_two_probe,2.0,none,strong
CCBench,Qwen2-VL-7B_Biased_Test,3000412,vcf_only,MCQ,b5_joint_center_os1,Joint-CenterMask-OptionShuffle1,conservative_light_center,0.0,3,0,,,,,none,none
CCBench,Qwen2-VL-7B_Biased_Test,3000456,vcf_only,MCQ,b5_joint_center_os1,Joint-CenterMask-OptionShuffle1,vc_only_light_center,1.0,5,1,0.0,2,tc_full_two_probe,2.0,none,strong
CCBench,Qwen2-VL-7B_Biased_Test,3000461,tcf_only,MCQ,b5_joint_center_os1,Joint-CenterMask-OptionShuffle1,conservative_light_center,0.0,3,0,,,,,none,none
CCBench,Qwen2-VL-7B_Biased_Test,3000478,vcf_only,MCQ,b5_joint_center_os1,Joint-CenterMask-OptionShuffle1,vc_only_light_center,0.0,5,1,0.0,2,tc_full_two_probe,1.0,none,center
CCBench,Qwen2-VL-7B_Biased_Test,3000484,both,MCQ,b5_joint_center_os1,Joint-CenterMask-OptionShuffle1,conservative_light_center,0.0,3,0,,,,,none,none
CCBench,Qwen2-VL-7B_Biased_Test,3000497,vcf_only,MCQ,b5_joint_center_os1,Joint-CenterMask-OptionShuffle1,vc_only_light_center,0.0,5,1,0.0,2,tc_full_two_probe,1.0,none,center
CCBench,Qwen2-VL-7B_Biased_Test,3000503,vcf_only,MCQ,b5_joint_center_os1,Joint-CenterMask-OptionShuffle1,vc_only_light_center,0.0,5,1,0.0,2,tc_full_two_probe,2.0,none,center
CCBench,Qwen2-VL-7B_Biased_Test,3000508,vcf_only,MCQ,b5_joint_center_os1,Joint-CenterMask-OptionShuffle1,conservative_light_center,0.0,3,0,,,,,none,none
CCBench,Qwen2-VL-7B_Biased_Test,3000511,vcf_only,MCQ,b5_joint_center_os1,Joint-CenterMask-OptionShuffle1,conservative_light_center,0.0,3,0,,,,,none,none
CCBench,Qwen2-VL-7B_Biased_Test,3000532,vcf_only,MCQ,b5_joint_center_os1,Joint-CenterMask-OptionShuffle1,conservative_light_center,1.0,3,0,,,,,none,none
CCBench,Qwen2-VL-7B_Biased_Test,3000538,vcf_only,MCQ,b5_joint_center_os1,Joint-CenterMask-OptionShuffle1,vc_only_light_center,0.0,5,1,0.0,2,tc_full_two_probe,1.0,none,center
CCBench,Qwen2-VL-7B_Biased_Test,3000542,vcf_only,MCQ,b5_joint_center_os1,Joint-CenterMask-OptionShuffle1,vc_only_light_center,1.0,5,1,0.0,2,tc_full_two_probe,2.0,none,center
MMBench_DEV_CN_V11,Qwen2-VL-7B_Biased_Test,286,vcf_only,MCQ,b5_joint_center_os1,Joint-CenterMask-OptionShuffle1,conservative_light_center,0.0,3,0,,,,,none,none
MMBench_DEV_CN_V11,Qwen2-VL-7B_Biased_Test,407,both,MCQ,b5_joint_center_os1,Joint-CenterMask-OptionShuffle1,conservative_light_center,0.0,3,0,,,,,none,none
MMBench_DEV_CN_V11,Qwen2-VL-7B_Biased_Test,449,both,MCQ,b5_joint_center_os1,Joint-CenterMask-OptionShuffle1,conservative_light_center,1.0,3,0,,,,,none,none
MMBench_DEV_CN_V11,Qwen2-VL-7B_Biased_Test,486,tcf_only,MCQ,b5_joint_center_os1,Joint-CenterMask-OptionShuffle1,conservative_light_center,0.0,3,0,,,,,none,none
MMBench_DEV_CN_V11,Qwen2-VL-7B_Biased_Test,858,vcf_only,MCQ,b5_joint_center_os1,Joint-CenterMask-OptionShuffle1,vc_only_light_center,0.0,5,1,0.0,2,tc_full_two_probe,2.0,none,strong
MMBench_DEV_CN_V11,Qwen2-VL-7B_Biased_Test,1262,vcf_only,MCQ,b5_joint_center_os1,Joint-CenterMask-OptionShuffle1,vc_only_light_center,0.0,5,1,0.0,2,tc_full_two_probe,2.0,none,center
MMBench_DEV_CN_V11,Qwen2-VL-7B_Biased_Test,284,vcf_only,MCQ,b5_joint_center_os1,Joint-CenterMask-OptionShuffle1,vc_only_light_center,0.0,5,1,0.0,2,tc_full_two_probe,2.0,none,center
MMBench_DEV_CN_V11,Qwen2-VL-7B_Biased_Test,288,vcf_only,MCQ,b5_joint_center_os1,Joint-CenterMask-OptionShuffle1,vc_only_light_center,1.0,5,1,0.0,2,tc_full_two_probe,2.0,none,center
MMBench_DEV_CN_V11,Qwen2-VL-7B_Biased_Test,307,vcf_only,MCQ,b5_joint_center_os1,Joint-CenterMask-OptionShuffle1,conservative_light_center,0.0,3,0,,,,,none,none
MMBench_DEV_CN_V11,Qwen2-VL-7B_Biased_Test,412,vcf_only,MCQ,b5_joint_center_os1,Joint-CenterMask-OptionShuffle1,vc_only_light_center,0.0,5,1,0.0,2,tc_full_two_probe,2.0,none,strong
MMBench_DEV_CN_V11,Qwen2-VL-7B_Biased_Test,415,vcf_only,MCQ,b5_joint_strong_os1,Joint-StrongBlur-OptionShuffle1,joint_strong,1.0,5,1,2.0,2,tc_full_two_probe,2.0,option_shuffle,strong
MMBench_DEV_CN_V11,Qwen2-VL-7B_Biased_Test,845,vcf_only,MCQ,b5_joint_center_os1,Joint-CenterMask-OptionShuffle1,vc_only_light_center,1.0,5,1,0.0,2,tc_full_two_probe,2.0,none,center
MMBench_DEV_CN_V11,Qwen2-VL-7B_Biased_Test,1104,vcf_only,MCQ,b5_joint_center_os1,Joint-CenterMask-OptionShuffle1,vc_only_light_center,0.0,5,1,0.0,2,tc_full_two_probe,2.0,none,center
MMBench_DEV_CN_V11,Qwen2-VL-7B_Biased_Test,1107,vcf_only,MCQ,b5_joint_center_os1,Joint-CenterMask-OptionShuffle1,vc_only_light_center,1.0,5,1,0.0,2,tc_full_two_probe,1.0,none,strong
MMBench_DEV_CN_V11,Qwen2-VL-7B_Biased_Test,1110,vcf_only,MCQ,b5_joint_center_os1,Joint-CenterMask-OptionShuffle1,conservative_light_center,0.0,3,1,0.0,2,tc_full_two_probe,0.0,none,none
MMBench_DEV_CN_V11,Qwen2-VL-7B_Biased_Test,1129,vcf_only,MCQ,b5_joint_center_os1,Joint-CenterMask-OptionShuffle1,conservative_light_center,0.0,3,1,0.0,2,tc_full_two_probe,0.0,none,none
MMBench_DEV_CN_V11,Qwen2-VL-7B_Biased_Test,1130,vcf_only,MCQ,b5_joint_center_os1,Joint-CenterMask-OptionShuffle1,conservative_light_center,0.0,3,0,,,,,none,none
MMBench_DEV_CN_V11,Qwen2-VL-7B_Biased_Test,1195,vcf_only,MCQ,b5_joint_center_os1,Joint-CenterMask-OptionShuffle1,vc_only_light_center,1.0,5,1,0.0,2,tc_full_two_probe,2.0,none,strong
MMBench_DEV_CN_V11,Qwen2-VL-7B_Biased_Test,1210,tcf_only,MCQ,b5_joint_center_os1,Joint-CenterMask-OptionShuffle1,vc_only_light_center,1.0,5,1,0.0,2,tc_full_two_probe,1.0,none,strong
MMBench_DEV_CN_V11,Qwen2-VL-7B_Biased_Test,1216,vcf_only,MCQ,b5_joint_center_os1,Joint-CenterMask-OptionShuffle1,vc_only_light_center,1.0,5,1,0.0,2,tc_full_two_probe,2.0,none,center
MMBench_DEV_CN_V11,Qwen2-VL-7B_Biased_Test,1549,vcf_only,MCQ,b5_joint_center_os1,Joint-CenterMask-OptionShuffle1,vc_only_light_center,0.0,5,1,0.0,2,tc_full_two_probe,2.0,none,strong
MMBench_DEV_CN_V11,Qwen2-VL-7B_Biased_Test,1553,vcf_only,MCQ,b5_joint_center_os1,Joint-CenterMask-OptionShuffle1,vc_only_light_center,0.0,5,1,0.0,2,tc_full_two_probe,1.0,none,center
MMBench_DEV_CN_V11,Qwen2-VL-7B_Biased_Test,2573,vcf_only,MCQ,b5_joint_center_os1,Joint-CenterMask-OptionShuffle1,conservative_light_center,0.0,3,0,,,,,none,none
MMBench_DEV_CN_V11,Qwen2-VL-7B_Biased_Test,3087,vcf_only,MCQ,b5_joint_center_os1,Joint-CenterMask-OptionShuffle1,conservative_light_center,0.0,3,0,,,,,none,none
MMBench_DEV_CN_V11,Qwen2-VL-7B_Biased_Test,3409,vcf_only,MCQ,b5_joint_center_os1,Joint-CenterMask-OptionShuffle1,vc_only_light_center,0.0,5,1,0.0,2,tc_full_two_probe,2.0,none,center
MMBench_DEV_CN_V11,Qwen2-VL-7B_Biased_Test,3509,vcf_only,MCQ,b5_joint_center_os1,Joint-CenterMask-OptionShuffle1,vc_only_light_center,0.0,5,1,0.0,2,tc_full_two_probe,1.0,none,center
MMBench_DEV_CN_V11,Qwen2-VL-7B_Biased_Test,18,vcf_only,MCQ,b5_joint_center_os1,Joint-CenterMask-OptionShuffle1,conservative_light_center,1.0,3,0,,,,,none,none
MMBench_DEV_CN_V11,Qwen2-VL-7B_Biased_Test,338,vcf_only,MCQ,b5_joint_center_os1,Joint-CenterMask-OptionShuffle1,conservative_light_center,0.0,3,0,,,,,none,none
MMBench_DEV_CN_V11,Qwen2-VL-7B_Biased_Test,352,both,MCQ,b5_joint_center_os1,Joint-CenterMask-OptionShuffle1,conservative_light_center,0.0,3,0,,,,,none,none
MMBench_DEV_CN_V11,Qwen2-VL-7B_Biased_Test,465,vcf_only,MCQ,b5_joint_center_os1,Joint-CenterMask-OptionShuffle1,vc_only_light_center,0.0,5,1,0.0,2,tc_full_two_probe,2.0,none,center
MMBench_DEV_CN_V11,Qwen2-VL-7B_Biased_Test,500,vcf_only,MCQ,b5_joint_strong_os1,Joint-StrongBlur-OptionShuffle1,joint_strong,1.0,5,1,2.0,2,tc_full_two_probe,2.0,option_shuffle,strong
MMBench_DEV_CN_V11,Qwen2-VL-7B_Biased_Test,505,both,MCQ,b5_joint_center_os1,Joint-CenterMask-OptionShuffle1,conservative_light_center,0.0,3,0,,,,,none,none
MMBench_DEV_CN_V11,Qwen2-VL-7B_Biased_Test,507,both,MCQ,b5_joint_center_os1,Joint-CenterMask-OptionShuffle1,conservative_light_center,1.0,3,0,,,,,none,none
MMBench_DEV_CN_V11,Qwen2-VL-7B_Biased_Test,511,tcf_only,MCQ,b5_joint_strong_os1,Joint-StrongBlur-OptionShuffle1,joint_strong,1.0,5,1,2.0,2,tc_full_two_probe,1.0,option_shuffle,strong
MMBench_DEV_CN_V11,Qwen2-VL-7B_Biased_Test,535,vcf_only,MCQ,b5_joint_center_os1,Joint-CenterMask-OptionShuffle1,vc_only_light_center,0.0,5,1,0.0,2,tc_full_two_probe,1.0,none,center
MMBench_DEV_CN_V11,Qwen2-VL-7B_Biased_Test,582,vcf_only,MCQ,b5_joint_center_os1,Joint-CenterMask-OptionShuffle1,vc_only_light_center,0.0,5,1,0.0,2,tc_full_two_probe,2.0,none,center
MMBench_DEV_CN_V11,Qwen2-VL-7B_Biased_Test,589,vcf_only,MCQ,b5_joint_center_os1,Joint-CenterMask-OptionShuffle1,vc_only_light_center,0.0,5,1,0.0,2,tc_full_two_probe,2.0,none,center
MMBench_DEV_CN_V11,Qwen2-VL-7B_Biased_Test,605,tcf_only,MCQ,b5_joint_center_os1,Joint-CenterMask-OptionShuffle1,vc_only_light_center,0.0,5,1,0.0,2,tc_full_two_probe,1.0,none,strong
MMBench_DEV_CN_V11,Qwen2-VL-7B_Biased_Test,635,vcf_only,MCQ,b5_joint_center_os1,Joint-CenterMask-OptionShuffle1,vc_only_light_center,0.0,5,1,0.0,2,tc_full_two_probe,1.0,none,strong
MMBench_DEV_CN_V11,Qwen2-VL-7B_Biased_Test,647,tcf_only,MCQ,b5_joint_center_os1,Joint-CenterMask-OptionShuffle1,conservative_light_center,0.0,3,0,,,,,none,none
MMBench_DEV_CN_V11,Qwen2-VL-7B_Biased_Test,788,vcf_only,MCQ,b5_joint_center_os1,Joint-CenterMask-OptionShuffle1,vc_only_light_center,0.0,5,1,0.0,2,tc_full_two_probe,1.0,none,center
MMBench_DEV_CN_V11,Qwen2-VL-7B_Biased_Test,796,vcf_only,MCQ,b5_joint_center_os1,Joint-CenterMask-OptionShuffle1,vc_only_light_center,1.0,5,1,0.0,2,tc_full_two_probe,1.0,none,center
MMBench_DEV_CN_V11,Qwen2-VL-7B_Biased_Test,799,vcf_only,MCQ,b5_joint_center_os1,Joint-CenterMask-OptionShuffle1,vc_only_light_center,1.0,5,1,0.0,2,tc_full_two_probe,1.0,none,center
MMBench_DEV_CN_V11,Qwen2-VL-7B_Biased_Test,803,vcf_only,MCQ,b5_joint_center_os1,Joint-CenterMask-OptionShuffle1,conservative_light_center,1.0,3,0,,,,,none,none
MMBench_DEV_CN_V11,Qwen2-VL-7B_Biased_Test,866,vcf_only,MCQ,b5_joint_center_os1,Joint-CenterMask-OptionShuffle1,vc_only_light_center,0.0,5,1,0.0,2,tc_full_two_probe,2.0,none,strong
MMBench_DEV_CN_V11,Qwen2-VL-7B_Biased_Test,890,vcf_only,MCQ,b5_joint_strong_os1,Joint-StrongBlur-OptionShuffle1,joint_strong,1.0,5,1,2.0,2,tc_full_two_probe,2.0,option_shuffle,strong
MMBench_DEV_CN_V11,Qwen2-VL-7B_Biased_Test,1003,vcf_only,MCQ,b5_joint_center_os1,Joint-CenterMask-OptionShuffle1,vc_only_light_center,0.0,5,1,0.0,2,tc_full_two_probe,2.0,none,center
MMBench_DEV_CN_V11,Qwen2-VL-7B_Biased_Test,1500,tcf_only,MCQ,b5_joint_center_os1,Joint-CenterMask-OptionShuffle1,conservative_light_center,0.0,3,0,,,,,none,none
MMBench_DEV_CN_V11,Qwen2-VL-7B_Biased_Test,1507,vcf_only,MCQ,b5_joint_center_os1,Joint-CenterMask-OptionShuffle1,conservative_light_center,1.0,3,0,,,,,none,none
MMBench_DEV_CN_V11,Qwen2-VL-7B_Biased_Test,1534,tcf_only,MCQ,b5_joint_center_os1,Joint-CenterMask-OptionShuffle1,conservative_light_center,1.0,3,0,,,,,none,none
MMBench_DEV_CN_V11,Qwen2-VL-7B_Biased_Test,1642,vcf_only,MCQ,b5_joint_center_os1,Joint-CenterMask-OptionShuffle1,vc_only_light_center,1.0,5,1,0.0,2,tc_full_two_probe,2.0,none,strong
MMBench_DEV_CN_V11,Qwen2-VL-7B_Biased_Test,1647,vcf_only,MCQ,b5_joint_center_os1,Joint-CenterMask-OptionShuffle1,conservative_light_center,1.0,3,0,,,,,none,none
MMBench_DEV_CN_V11,Qwen2-VL-7B_Biased_Test,1666,vcf_only,MCQ,b5_joint_center_os1,Joint-CenterMask-OptionShuffle1,conservative_light_center,0.0,3,0,,,,,none,none
MMBench_DEV_CN_V11,Qwen2-VL-7B_Biased_Test,1669,vcf_only,MCQ,b5_joint_center_os1,Joint-CenterMask-OptionShuffle1,conservative_light_center,0.0,3,0,,,,,none,none
MMBench_DEV_CN_V11,Qwen2-VL-7B_Biased_Test,1671,vcf_only,MCQ,b5_joint_center_os1,Joint-CenterMask-OptionShuffle1,conservative_light_center,0.0,3,0,,,,,none,none
MMBench_DEV_CN_V11,Qwen2-VL-7B_Biased_Test,1688,vcf_only,MCQ,b5_joint_center_os1,Joint-CenterMask-OptionShuffle1,conservative_light_center,1.0,3,0,,,,,none,none
MMBench_DEV_CN_V11,Qwen2-VL-7B_Biased_Test,1846,both,MCQ,b5_joint_center_os1,Joint-CenterMask-OptionShuffle1,vc_only_light_center,1.0,5,1,0.0,2,tc_full_two_probe,2.0,none,center
MMBench_DEV_CN_V11,Qwen2-VL-7B_Biased_Test,1847,vcf_only,MCQ,b5_joint_center_os1,Joint-CenterMask-OptionShuffle1,vc_only_light_center,0.0,5,1,0.0,2,tc_full_two_probe,1.0,none,strong
MMBench_DEV_CN_V11,Qwen2-VL-7B_Biased_Test,1851,vcf_only,MCQ,b5_joint_center_os1,Joint-CenterMask-OptionShuffle1,vc_only_light_center,0.0,5,1,0.0,2,tc_full_two_probe,1.0,none,center
MMBench_DEV_CN_V11,Qwen2-VL-7B_Biased_Test,1854,both,MCQ,b5_joint_center_os1,Joint-CenterMask-OptionShuffle1,conservative_light_center,0.0,3,0,,,,,none,none
MMBench_DEV_CN_V11,Qwen2-VL-7B_Biased_Test,1860,vcf_only,MCQ,b5_joint_center_os1,Joint-CenterMask-OptionShuffle1,vc_only_light_center,0.0,5,1,0.0,2,tc_full_two_probe,2.0,none,strong
MMBench_DEV_CN_V11,Qwen2-VL-7B_Biased_Test,1862,tcf_only,MCQ,b5_joint_center_os1,Joint-CenterMask-OptionShuffle1,conservative_light_center,0.0,3,0,,,,,none,none
MMBench_DEV_CN_V11,Qwen2-VL-7B_Biased_Test,1868,vcf_only,MCQ,b5_joint_center_os1,Joint-CenterMask-OptionShuffle1,vc_only_light_center,0.0,5,1,0.0,2,tc_full_two_probe,1.0,none,center
MMBench_DEV_CN_V11,Qwen2-VL-7B_Biased_Test,1879,tcf_only,MCQ,b5_joint_center_os1,Joint-CenterMask-OptionShuffle1,conservative_light_center,0.0,3,0,,,,,none,none
MMBench_DEV_CN_V11,Qwen2-VL-7B_Biased_Test,1913,vcf_only,MCQ,b5_joint_center_os1,Joint-CenterMask-OptionShuffle1,vc_only_light_center,0.0,5,1,0.0,2,tc_full_two_probe,1.0,none,center
MMBench_DEV_CN_V11,Qwen2-VL-7B_Biased_Test,1953,vcf_only,MCQ,b5_joint_center_os1,Joint-CenterMask-OptionShuffle1,vc_only_light_center,0.0,5,1,0.0,2,tc_full_two_probe,2.0,none,center
MMBench_DEV_CN_V11,Qwen2-VL-7B_Biased_Test,1957,vcf_only,MCQ,b5_joint_center_os1,Joint-CenterMask-OptionShuffle1,vc_only_light_center,0.0,5,1,0.0,2,tc_full_two_probe,1.0,none,center
MMBench_DEV_CN_V11,Qwen2-VL-7B_Biased_Test,1965,vcf_only,MCQ,b5_joint_center_os1,Joint-CenterMask-OptionShuffle1,vc_only_light_center,1.0,5,1,0.0,2,tc_full_two_probe,2.0,none,center
MMBench_DEV_CN_V11,Qwen2-VL-7B_Biased_Test,2404,tcf_only,MCQ,b5_joint_center_os1,Joint-CenterMask-OptionShuffle1,conservative_light_center,1.0,3,0,,,,,none,none
MMBench_DEV_CN_V11,Qwen2-VL-7B_Biased_Test,2946,vcf_only,MCQ,b5_joint_center_os1,Joint-CenterMask-OptionShuffle1,vc_only_light_center,0.0,5,1,0.0,2,tc_full_two_probe,2.0,none,center
MMBench_DEV_CN_V11,Qwen2-VL-7B_Biased_Test,3088,vcf_only,MCQ,b5_joint_center_os1,Joint-CenterMask-OptionShuffle1,conservative_light_center,0.0,3,0,,,,,none,none
MMBench_DEV_CN_V11,Qwen2-VL-7B_Biased_Test,3091,vcf_only,MCQ,b5_joint_center_os1,Joint-CenterMask-OptionShuffle1,vc_only_light_center,0.0,5,1,0.0,2,tc_full_two_probe,2.0,none,strong
MMBench_DEV_CN_V11,Qwen2-VL-7B_Biased_Test,3161,both,MCQ,b5_joint_center_os1,Joint-CenterMask-OptionShuffle1,conservative_light_center,0.0,3,0,,,,,none,none
MMBench_DEV_CN_V11,Qwen2-VL-7B_Biased_Test,3164,vcf_only,MCQ,b5_joint_center_os1,Joint-CenterMask-OptionShuffle1,joint_center,0.0,5,1,2.0,2,tc_full_two_probe,1.0,option_shuffle,center
MMBench_DEV_CN_V11,Qwen2-VL-7B_Biased_Test,3222,tcf_only,MCQ,b5_joint_center_os1,Joint-CenterMask-OptionShuffle1,conservative_light_center,1.0,3,0,,,,,none,none
MMBench_DEV_CN_V11,Qwen2-VL-7B_Biased_Test,3229,vcf_only,MCQ,b5_joint_center_os1,Joint-CenterMask-OptionShuffle1,vc_only_light_center,0.0,5,1,0.0,2,tc_full_two_probe,2.0,none,center
MMBench_DEV_CN_V11,Qwen2-VL-7B_Biased_Test,3234,vcf_only,MCQ,b5_joint_center_os1,Joint-CenterMask-OptionShuffle1,conservative_light_center,1.0,3,0,,,,,none,none
MMBench_DEV_CN_V11,Qwen2-VL-7B_Biased_Test,3238,tcf_only,MCQ,b5_joint_center_os1,Joint-CenterMask-OptionShuffle1,conservative_light_center,0.0,3,0,,,,,none,none
MMBench_DEV_CN_V11,Qwen2-VL-7B_Biased_Test,3354,vcf_only,MCQ,b5_joint_strong_os1,Joint-StrongBlur-OptionShuffle1,joint_strong,1.0,5,1,2.0,2,tc_full_two_probe,2.0,option_shuffle,strong
MMBench_DEV_CN_V11,Qwen2-VL-7B_Biased_Test,3359,vcf_only,MCQ,b5_joint_center_os1,Joint-CenterMask-OptionShuffle1,vc_only_light_center,0.0,5,1,0.0,2,tc_full_two_probe,1.0,none,center
MMBench_DEV_CN_V11,Qwen2-VL-7B_Biased_Test,3375,tcf_only,MCQ,b5_joint_center_os1,Joint-CenterMask-OptionShuffle1,conservative_light_center,1.0,3,0,,,,,none,none
MMBench_DEV_CN_V11,Qwen2-VL-7B_Biased_Test,3379,vcf_only,MCQ,b5_joint_center_os1,Joint-CenterMask-OptionShuffle1,vc_only_light_center,0.0,5,1,0.0,2,tc_full_two_probe,1.0,none,strong
MMBench_DEV_CN_V11,Qwen2-VL-7B_Biased_Test,3417,vcf_only,MCQ,b5_joint_center_os1,Joint-CenterMask-OptionShuffle1,vc_only_light_center,0.0,5,1,0.0,2,tc_full_two_probe,2.0,none,center
MMBench_DEV_CN_V11,Qwen2-VL-7B_Biased_Test,3427,vcf_only,MCQ,b5_joint_center_os1,Joint-CenterMask-OptionShuffle1,conservative_light_center,1.0,3,0,,,,,none,none
MMBench_DEV_CN_V11,Qwen2-VL-7B_Biased_Test,3499,vcf_only,MCQ,b5_joint_center_os1,Joint-CenterMask-OptionShuffle1,conservative_light_center,0.0,3,0,,,,,none,none
MMBench_DEV_CN_V11,Qwen2-VL-7B_Biased_Test,3564,vcf_only,MCQ,b5_joint_center_os1,Joint-CenterMask-OptionShuffle1,conservative_light_center,1.0,3,0,,,,,none,none
MMBench_DEV_CN_V11,Qwen2-VL-7B_Biased_Test,3599,tcf_only,MCQ,b5_joint_center_os1,Joint-CenterMask-OptionShuffle1,conservative_light_center,1.0,3,0,,,,,none,none
MMBench_DEV_CN_V11,Qwen2-VL-7B_Biased_Test,3611,vcf_only,MCQ,b5_joint_center_os1,Joint-CenterMask-OptionShuffle1,conservative_light_center,0.0,3,0,,,,,none,none
MMBench_DEV_CN_V11,Qwen2-VL-7B_Biased_Test,3623,vcf_only,MCQ,b5_joint_center_os1,Joint-CenterMask-OptionShuffle1,conservative_light_center,0.0,3,0,,,,,none,none
MMBench_DEV_CN_V11,Qwen2-VL-7B_Biased_Test,3626,vcf_only,MCQ,b5_joint_center_os1,Joint-CenterMask-OptionShuffle1,conservative_light_center,0.0,3,0,,,,,none,none
MMBench_DEV_CN_V11,Qwen2-VL-7B_Biased_Test,3629,vcf_only,MCQ,b5_joint_center_os1,Joint-CenterMask-OptionShuffle1,conservative_light_center,0.0,3,0,,,,,none,none
MMBench_DEV_CN_V11,Qwen2-VL-7B_Biased_Test,3632,vcf_only,MCQ,b5_joint_center_os1,Joint-CenterMask-OptionShuffle1,conservative_light_center,1.0,3,0,,,,,none,none
MMBench_DEV_CN_V11,Qwen2-VL-7B_Biased_Test,3639,vcf_only,MCQ,b5_joint_center_os1,Joint-CenterMask-OptionShuffle1,conservative_light_center,0.0,3,0,,,,,none,none
MMBench_DEV_CN_V11,Qwen2-VL-7B_Biased_Test,3641,vcf_only,MCQ,b5_joint_center_os1,Joint-CenterMask-OptionShuffle1,conservative_light_center,0.0,3,0,,,,,none,none
MMBench_DEV_CN_V11,Qwen2-VL-7B_Biased_Test,3657,vcf_only,MCQ,b5_joint_center_os1,Joint-CenterMask-OptionShuffle1,conservative_light_center,0.0,3,0,,,,,none,none
MMBench_DEV_CN_V11,Qwen2-VL-7B_Biased_Test,3665,vcf_only,MCQ,b5_joint_center_os1,Joint-CenterMask-OptionShuffle1,conservative_light_center,1.0,3,0,,,,,none,none
MMBench_DEV_CN_V11,Qwen2-VL-7B_Biased_Test,3685,vcf_only,MCQ,b5_joint_center_os1,Joint-CenterMask-OptionShuffle1,vc_only_light_center,1.0,5,1,0.0,2,tc_full_two_probe,1.0,none,center
MMBench_DEV_CN_V11,Qwen2-VL-7B_Biased_Test,3736,tcf_only,MCQ,b5_joint_center_os1,Joint-CenterMask-OptionShuffle1,conservative_light_center,1.0,3,0,,,,,none,none
MMBench_DEV_CN_V11,Qwen2-VL-7B_Biased_Test,3738,tcf_only,MCQ,b5_joint_center_os1,Joint-CenterMask-OptionShuffle1,conservative_light_center,0.0,3,0,,,,,none,none
MMBench_DEV_CN_V11,Qwen2-VL-7B_Biased_Test,3742,vcf_only,MCQ,b5_joint_center_os1,Joint-CenterMask-OptionShuffle1,conservative_light_center,1.0,3,0,,,,,none,none
MMBench_DEV_CN_V11,Qwen2-VL-7B_Biased_Test,1000419,vcf_only,MCQ,b5_joint_center_os1,Joint-CenterMask-OptionShuffle1,vc_only_light_center,0.0,5,1,0.0,2,tc_full_two_probe,2.0,none,center
MMBench_DEV_CN_V11,Qwen2-VL-7B_Biased_Test,1000486,vcf_only,MCQ,b5_joint_center_os1,Joint-CenterMask-OptionShuffle1,vc_only_light_center,1.0,5,1,0.0,2,tc_full_two_probe,2.0,none,center
MMBench_DEV_CN_V11,Qwen2-VL-7B_Biased_Test,1000863,vcf_only,MCQ,b5_joint_center_os1,Joint-CenterMask-OptionShuffle1,vc_only_light_center,0.0,5,1,0.0,2,tc_full_two_probe,2.0,none,strong
MMBench_DEV_CN_V11,Qwen2-VL-7B_Biased_Test,1003113,vcf_only,MCQ,b5_joint_center_os1,Joint-CenterMask-OptionShuffle1,conservative_light_center,0.0,3,0,,,,,none,none
MMBench_DEV_CN_V11,Qwen2-VL-7B_Biased_Test,1003404,vcf_only,MCQ,b5_joint_center_os1,Joint-CenterMask-OptionShuffle1,vc_only_light_center,0.0,5,1,0.0,2,tc_full_two_probe,1.0,none,center
MMBench_DEV_CN_V11,Qwen2-VL-7B_Biased_Test,1000284,vcf_only,MCQ,b5_joint_center_os1,Joint-CenterMask-OptionShuffle1,vc_only_light_center,0.0,5,1,0.0,2,tc_full_two_probe,2.0,none,strong
MMBench_DEV_CN_V11,Qwen2-VL-7B_Biased_Test,1000290,vcf_only,MCQ,b5_joint_center_os1,Joint-CenterMask-OptionShuffle1,vc_only_light_center,0.0,5,1,0.0,2,tc_full_two_probe,2.0,none,center
MMBench_DEV_CN_V11,Qwen2-VL-7B_Biased_Test,1000292,vcf_only,MCQ,b5_joint_center_os1,Joint-CenterMask-OptionShuffle1,vc_only_light_center,0.0,5,1,0.0,2,tc_full_two_probe,2.0,none,center
MMBench_DEV_CN_V11,Qwen2-VL-7B_Biased_Test,1000412,vcf_only,MCQ,b5_joint_center_os1,Joint-CenterMask-OptionShuffle1,vc_only_light_center,1.0,5,1,0.0,2,tc_full_two_probe,2.0,none,strong
MMBench_DEV_CN_V11,Qwen2-VL-7B_Biased_Test,1000610,vcf_only,MCQ,b5_joint_center_os1,Joint-CenterMask-OptionShuffle1,conservative_light_center,1.0,3,0,,,,,none,none
MMBench_DEV_CN_V11,Qwen2-VL-7B_Biased_Test,1000845,vcf_only,MCQ,b5_joint_center_os1,Joint-CenterMask-OptionShuffle1,vc_only_light_center,0.0,5,1,0.0,2,tc_full_two_probe,2.0,none,center
MMBench_DEV_CN_V11,Qwen2-VL-7B_Biased_Test,1001096,vcf_only,MCQ,b5_joint_center_os1,Joint-CenterMask-OptionShuffle1,vc_only_light_center,0.0,5,1,0.0,2,tc_full_two_probe,1.0,none,center
MMBench_DEV_CN_V11,Qwen2-VL-7B_Biased_Test,1001103,tcf_only,MCQ,b5_joint_center_os1,Joint-CenterMask-OptionShuffle1,conservative_light_center,1.0,3,0,,,,,none,none
MMBench_DEV_CN_V11,Qwen2-VL-7B_Biased_Test,1001104,vcf_only,MCQ,b5_joint_center_os1,Joint-CenterMask-OptionShuffle1,vc_only_light_center,0.0,5,1,0.0,2,tc_full_two_probe,2.0,none,center
MMBench_DEV_CN_V11,Qwen2-VL-7B_Biased_Test,1001107,vcf_only,MCQ,b5_joint_center_os1,Joint-CenterMask-OptionShuffle1,vc_only_light_center,0.0,5,1,0.0,2,tc_full_two_probe,1.0,none,center
MMBench_DEV_CN_V11,Qwen2-VL-7B_Biased_Test,1001110,vcf_only,MCQ,b5_joint_center_os1,Joint-CenterMask-OptionShuffle1,vc_only_light_center,0.0,5,1,0.0,2,tc_full_two_probe,1.0,none,center
MMBench_DEV_CN_V11,Qwen2-VL-7B_Biased_Test,1001121,vcf_only,MCQ,b5_joint_center_os1,Joint-CenterMask-OptionShuffle1,conservative_light_center,0.0,3,0,,,,,none,none
MMBench_DEV_CN_V11,Qwen2-VL-7B_Biased_Test,1001128,vcf_only,MCQ,b5_joint_center_os1,Joint-CenterMask-OptionShuffle1,vc_only_light_center,0.0,5,1,0.0,2,tc_full_two_probe,1.0,none,strong
MMBench_DEV_CN_V11,Qwen2-VL-7B_Biased_Test,1001129,vcf_only,MCQ,b5_joint_center_os1,Joint-CenterMask-OptionShuffle1,vc_only_light_center,0.0,5,1,0.0,2,tc_full_two_probe,1.0,none,strong
MMBench_DEV_CN_V11,Qwen2-VL-7B_Biased_Test,1001130,vcf_only,MCQ,b5_joint_center_os1,Joint-CenterMask-OptionShuffle1,conservative_light_center,0.0,3,1,0.0,2,tc_full_two_probe,0.0,none,none
MMBench_DEV_CN_V11,Qwen2-VL-7B_Biased_Test,1001195,vcf_only,MCQ,b5_joint_center_os1,Joint-CenterMask-OptionShuffle1,vc_only_light_center,1.0,5,1,0.0,2,tc_full_two_probe,2.0,none,strong
MMBench_DEV_CN_V11,Qwen2-VL-7B_Biased_Test,1001216,vcf_only,MCQ,b5_joint_center_os1,Joint-CenterMask-OptionShuffle1,joint_center,1.0,5,1,2.0,2,tc_full_two_probe,2.0,option_shuffle,center
MMBench_DEV_CN_V11,Qwen2-VL-7B_Biased_Test,1001549,vcf_only,MCQ,b5_joint_center_os1,Joint-CenterMask-OptionShuffle1,vc_only_light_center,0.0,5,1,0.0,2,tc_full_two_probe,2.0,none,strong
MMBench_DEV_CN_V11,Qwen2-VL-7B_Biased_Test,1002420,vcf_only,MCQ,b5_joint_center_os1,Joint-CenterMask-OptionShuffle1,vc_only_light_center,0.0,5,1,0.0,2,tc_full_two_probe,2.0,none,center
MMBench_DEV_CN_V11,Qwen2-VL-7B_Biased_Test,1002555,vcf_only,MCQ,b5_joint_strong_os1,Joint-StrongBlur-OptionShuffle1,joint_strong,1.0,5,1,2.0,2,tc_full_two_probe,1.0,option_shuffle,strong
MMBench_DEV_CN_V11,Qwen2-VL-7B_Biased_Test,1003086,vcf_only,MCQ,b5_joint_center_os1,Joint-CenterMask-OptionShuffle1,vc_only_light_center,0.0,5,1,0.0,2,tc_full_two_probe,2.0,none,strong
MMBench_DEV_CN_V11,Qwen2-VL-7B_Biased_Test,1003087,vcf_only,MCQ,b5_joint_center_os1,Joint-CenterMask-OptionShuffle1,conservative_light_center,0.0,3,0,,,,,none,none
MMBench_DEV_CN_V11,Qwen2-VL-7B_Biased_Test,1003094,tcf_only,MCQ,b5_joint_center_os1,Joint-CenterMask-OptionShuffle1,conservative_light_center,0.0,3,0,,,,,none,none
MMBench_DEV_CN_V11,Qwen2-VL-7B_Biased_Test,1003509,vcf_only,MCQ,b5_joint_center_os1,Joint-CenterMask-OptionShuffle1,vc_only_light_center,1.0,5,1,0.0,2,tc_full_two_probe,1.0,none,center
MMBench_DEV_CN_V11,Qwen2-VL-7B_Biased_Test,1000012,vcf_only,MCQ,b5_joint_center_os1,Joint-CenterMask-OptionShuffle1,conservative_light_center,0.0,3,0,,,,,none,none
MMBench_DEV_CN_V11,Qwen2-VL-7B_Biased_Test,1000018,vcf_only,MCQ,b5_joint_center_os1,Joint-CenterMask-OptionShuffle1,conservative_light_center,0.0,3,0,,,,,none,none
MMBench_DEV_CN_V11,Qwen2-VL-7B_Biased_Test,1000133,vcf_only,MCQ,b5_joint_center_os1,Joint-CenterMask-OptionShuffle1,vc_only_light_center,0.0,5,1,0.0,2,tc_full_two_probe,1.0,none,center
MMBench_DEV_CN_V11,Qwen2-VL-7B_Biased_Test,1000322,vcf_only,MCQ,b5_joint_center_os1,Joint-CenterMask-OptionShuffle1,vc_only_light_center,0.0,5,1,0.0,2,tc_full_two_probe,1.0,none,center
MMBench_DEV_CN_V11,Qwen2-VL-7B_Biased_Test,1000462,both,MCQ,b5_joint_center_os1,Joint-CenterMask-OptionShuffle1,conservative_light_center,0.0,3,0,,,,,none,none
MMBench_DEV_CN_V11,Qwen2-VL-7B_Biased_Test,1000526,vcf_only,MCQ,b5_joint_center_os1,Joint-CenterMask-OptionShuffle1,vc_only_light_center,0.0,5,1,0.0,2,tc_full_two_probe,2.0,none,strong
MMBench_DEV_CN_V11,Qwen2-VL-7B_Biased_Test,1000535,vcf_only,MCQ,b5_joint_center_os1,Joint-CenterMask-OptionShuffle1,vc_only_light_center,0.0,5,1,0.0,2,tc_full_two_probe,1.0,none,center
MMBench_DEV_CN_V11,Qwen2-VL-7B_Biased_Test,1000582,vcf_only,MCQ,b5_joint_center_os1,Joint-CenterMask-OptionShuffle1,vc_only_light_center,0.0,5,1,0.0,2,tc_full_two_probe,2.0,none,center
MMBench_DEV_CN_V11,Qwen2-VL-7B_Biased_Test,1000589,vcf_only,MCQ,b5_joint_center_os1,Joint-CenterMask-OptionShuffle1,vc_only_light_center,0.0,5,1,0.0,2,tc_full_two_probe,2.0,none,strong
MMBench_DEV_CN_V11,Qwen2-VL-7B_Biased_Test,1000592,vcf_only,MCQ,b5_joint_center_os1,Joint-CenterMask-OptionShuffle1,conservative_light_center,0.0,3,1,0.0,2,tc_full_two_probe,0.0,none,none
MMBench_DEV_CN_V11,Qwen2-VL-7B_Biased_Test,1000768,vcf_only,MCQ,b5_joint_center_os1,Joint-CenterMask-OptionShuffle1,vc_only_light_center,1.0,5,1,0.0,2,tc_full_two_probe,2.0,none,strong
MMBench_DEV_CN_V11,Qwen2-VL-7B_Biased_Test,1000773,vcf_only,MCQ,b5_joint_center_os1,Joint-CenterMask-OptionShuffle1,conservative_light_center,0.0,3,0,,,,,none,none
MMBench_DEV_CN_V11,Qwen2-VL-7B_Biased_Test,1000778,vcf_only,MCQ,b5_joint_strong_os1,Joint-StrongBlur-OptionShuffle1,joint_strong,0.0,5,1,2.0,2,tc_full_two_probe,1.0,option_shuffle,strong
MMBench_DEV_CN_V11,Qwen2-VL-7B_Biased_Test,1000782,vcf_only,MCQ,b5_joint_center_os1,Joint-CenterMask-OptionShuffle1,vc_only_light_center,0.0,5,1,0.0,2,tc_full_two_probe,1.0,none,center
MMBench_DEV_CN_V11,Qwen2-VL-7B_Biased_Test,1000866,vcf_only,MCQ,b5_joint_center_os1,Joint-CenterMask-OptionShuffle1,vc_only_light_center,0.0,5,1,0.0,2,tc_full_two_probe,2.0,none,strong
MMBench_DEV_CN_V11,Qwen2-VL-7B_Biased_Test,1000890,vcf_only,MCQ,b5_joint_center_os1,Joint-CenterMask-OptionShuffle1,vc_only_light_center,0.0,5,1,0.0,2,tc_full_two_probe,2.0,none,strong
MMBench_DEV_CN_V11,Qwen2-VL-7B_Biased_Test,1000904,tcf_only,MCQ,b5_joint_center_os1,Joint-CenterMask-OptionShuffle1,conservative_light_center,0.0,3,0,,,,,none,none
MMBench_DEV_CN_V11,Qwen2-VL-7B_Biased_Test,1001500,tcf_only,MCQ,b5_joint_center_os1,Joint-CenterMask-OptionShuffle1,conservative_light_center,0.0,3,0,,,,,none,none
MMBench_DEV_CN_V11,Qwen2-VL-7B_Biased_Test,1001632,vcf_only,MCQ,b5_joint_center_os1,Joint-CenterMask-OptionShuffle1,joint_center,0.0,5,1,2.0,2,tc_full_two_probe,2.0,option_shuffle,center
MMBench_DEV_CN_V11,Qwen2-VL-7B_Biased_Test,1001638,vcf_only,MCQ,b5_joint_center_os1,Joint-CenterMask-OptionShuffle1,joint_center,0.0,5,1,2.0,2,tc_full_two_probe,1.0,option_shuffle,center
MMBench_DEV_CN_V11,Qwen2-VL-7B_Biased_Test,1001688,vcf_only,MCQ,b5_joint_center_os1,Joint-CenterMask-OptionShuffle1,vc_only_light_center,1.0,5,1,0.0,2,tc_full_two_probe,2.0,none,center
MMBench_DEV_CN_V11,Qwen2-VL-7B_Biased_Test,1001715,vcf_only,MCQ,b5_joint_center_os1,Joint-CenterMask-OptionShuffle1,vc_only_light_center,0.0,5,1,0.0,2,tc_full_two_probe,2.0,none,strong
MMBench_DEV_CN_V11,Qwen2-VL-7B_Biased_Test,1001741,vcf_only,MCQ,b5_joint_center_os1,Joint-CenterMask-OptionShuffle1,conservative_light_center,0.0,3,0,,,,,none,none
MMBench_DEV_CN_V11,Qwen2-VL-7B_Biased_Test,1001774,vcf_only,MCQ,b5_joint_center_os1,Joint-CenterMask-OptionShuffle1,conservative_light_center,0.0,3,0,,,,,none,none
MMBench_DEV_CN_V11,Qwen2-VL-7B_Biased_Test,1001843,vcf_only,MCQ,b5_joint_center_os1,Joint-CenterMask-OptionShuffle1,conservative_light_center,0.0,3,1,0.0,2,tc_full_two_probe,0.0,none,none
MMBench_DEV_CN_V11,Qwen2-VL-7B_Biased_Test,1001847,vcf_only,MCQ,b5_joint_center_os1,Joint-CenterMask-OptionShuffle1,conservative_light_center,1.0,3,0,,,,,none,none
MMBench_DEV_CN_V11,Qwen2-VL-7B_Biased_Test,1001849,vcf_only,MCQ,b5_joint_center_os1,Joint-CenterMask-OptionShuffle1,joint_center,1.0,5,1,2.0,2,tc_full_two_probe,2.0,option_shuffle,center
MMBench_DEV_CN_V11,Qwen2-VL-7B_Biased_Test,1001858,vcf_only,MCQ,b5_joint_center_os1,Joint-CenterMask-OptionShuffle1,vc_only_light_center,0.0,5,1,0.0,2,tc_full_two_probe,2.0,none,strong
MMBench_DEV_CN_V11,Qwen2-VL-7B_Biased_Test,1001860,vcf_only,MCQ,b5_joint_center_os1,Joint-CenterMask-OptionShuffle1,vc_only_light_center,0.0,5,1,0.0,2,tc_full_two_probe,2.0,none,strong
MMBench_DEV_CN_V11,Qwen2-VL-7B_Biased_Test,1001867,vcf_only,MCQ,b5_joint_center_os1,Joint-CenterMask-OptionShuffle1,conservative_light_center,0.0,3,1,0.0,2,tc_full_two_probe,0.0,none,none
MMBench_DEV_CN_V11,Qwen2-VL-7B_Biased_Test,1001868,vcf_only,MCQ,b5_joint_center_os1,Joint-CenterMask-OptionShuffle1,vc_only_light_center,0.0,5,1,0.0,2,tc_full_two_probe,1.0,none,center
MMBench_DEV_CN_V11,Qwen2-VL-7B_Biased_Test,1001882,vcf_only,MCQ,b5_joint_center_os1,Joint-CenterMask-OptionShuffle1,vc_only_light_center,0.0,5,1,0.0,2,tc_full_two_probe,1.0,none,center
MMBench_DEV_CN_V11,Qwen2-VL-7B_Biased_Test,1001888,tcf_only,MCQ,b5_joint_center_os1,Joint-CenterMask-OptionShuffle1,conservative_light_center,1.0,3,0,,,,,none,none
MMBench_DEV_CN_V11,Qwen2-VL-7B_Biased_Test,1001953,vcf_only,MCQ,b5_joint_center_os1,Joint-CenterMask-OptionShuffle1,vc_only_light_center,0.0,5,1,0.0,2,tc_full_two_probe,2.0,none,center
MMBench_DEV_CN_V11,Qwen2-VL-7B_Biased_Test,1001956,both,MCQ,b5_joint_center_os1,Joint-CenterMask-OptionShuffle1,conservative_light_center,1.0,3,0,,,,,none,none
MMBench_DEV_CN_V11,Qwen2-VL-7B_Biased_Test,1001957,vcf_only,MCQ,b5_joint_center_os1,Joint-CenterMask-OptionShuffle1,vc_only_light_center,0.0,5,1,0.0,2,tc_full_two_probe,1.0,none,center
MMBench_DEV_CN_V11,Qwen2-VL-7B_Biased_Test,1001965,vcf_only,MCQ,b5_joint_center_os1,Joint-CenterMask-OptionShuffle1,vc_only_light_center,1.0,5,1,0.0,2,tc_full_two_probe,2.0,none,center
MMBench_DEV_CN_V11,Qwen2-VL-7B_Biased_Test,1001979,both,MCQ,b5_joint_center_os1,Joint-CenterMask-OptionShuffle1,conservative_light_center,1.0,3,0,,,,,none,none
MMBench_DEV_CN_V11,Qwen2-VL-7B_Biased_Test,1002404,tcf_only,MCQ,b5_joint_center_os1,Joint-CenterMask-OptionShuffle1,conservative_light_center,0.0,3,0,,,,,none,none
MMBench_DEV_CN_V11,Qwen2-VL-7B_Biased_Test,1002946,vcf_only,MCQ,b5_joint_center_os1,Joint-CenterMask-OptionShuffle1,vc_only_light_center,0.0,5,1,0.0,2,tc_full_two_probe,1.0,none,center
MMBench_DEV_CN_V11,Qwen2-VL-7B_Biased_Test,1003091,vcf_only,MCQ,b5_joint_center_os1,Joint-CenterMask-OptionShuffle1,vc_only_light_center,0.0,5,1,0.0,2,tc_full_two_probe,2.0,none,strong
MMBench_DEV_CN_V11,Qwen2-VL-7B_Biased_Test,1003161,vcf_only,MCQ,b5_joint_center_os1,Joint-CenterMask-OptionShuffle1,conservative_light_center,0.0,3,0,,,,,none,none
MMBench_DEV_CN_V11,Qwen2-VL-7B_Biased_Test,1003229,vcf_only,MCQ,b5_joint_center_os1,Joint-CenterMask-OptionShuffle1,vc_only_light_center,0.0,5,1,0.0,2,tc_full_two_probe,2.0,none,strong
MMBench_DEV_CN_V11,Qwen2-VL-7B_Biased_Test,1003238,vcf_only,MCQ,b5_joint_center_os1,Joint-CenterMask-OptionShuffle1,conservative_light_center,0.0,3,0,,,,,none,none
MMBench_DEV_CN_V11,Qwen2-VL-7B_Biased_Test,1003359,vcf_only,MCQ,b5_joint_center_os1,Joint-CenterMask-OptionShuffle1,joint_center,0.0,5,1,2.0,2,tc_full_two_probe,2.0,option_shuffle,center
MMBench_DEV_CN_V11,Qwen2-VL-7B_Biased_Test,1003372,both,MCQ,b5_joint_center_os1,Joint-CenterMask-OptionShuffle1,conservative_light_center,1.0,3,0,,,,,none,none
MMBench_DEV_CN_V11,Qwen2-VL-7B_Biased_Test,1003379,vcf_only,MCQ,b5_joint_center_os1,Joint-CenterMask-OptionShuffle1,vc_only_light_center,0.0,5,1,0.0,2,tc_full_two_probe,1.0,none,strong
MMBench_DEV_CN_V11,Qwen2-VL-7B_Biased_Test,1003472,both,MCQ,b5_joint_center_os1,Joint-CenterMask-OptionShuffle1,conservative_light_center,0.0,3,0,,,,,none,none
MMBench_DEV_CN_V11,Qwen2-VL-7B_Biased_Test,1003520,both,MCQ,b5_joint_center_os1,Joint-CenterMask-OptionShuffle1,conservative_light_center,0.0,3,0,,,,,none,none
MMBench_DEV_CN_V11,Qwen2-VL-7B_Biased_Test,1003607,both,MCQ,b5_joint_center_os1,Joint-CenterMask-OptionShuffle1,conservative_light_center,0.0,3,0,,,,,none,none
MMBench_DEV_CN_V11,Qwen2-VL-7B_Biased_Test,1003611,vcf_only,MCQ,b5_joint_center_os1,Joint-CenterMask-OptionShuffle1,conservative_light_center,0.0,3,0,,,,,none,none
MMBench_DEV_CN_V11,Qwen2-VL-7B_Biased_Test,1003625,tcf_only,MCQ,b5_joint_center_os1,Joint-CenterMask-OptionShuffle1,conservative_light_center,0.0,3,0,,,,,none,none
MMBench_DEV_CN_V11,Qwen2-VL-7B_Biased_Test,1003629,both,MCQ,b5_joint_center_os1,Joint-CenterMask-OptionShuffle1,conservative_light_center,0.0,3,0,,,,,none,none
MMBench_DEV_CN_V11,Qwen2-VL-7B_Biased_Test,1003631,tcf_only,MCQ,b5_joint_center_os1,Joint-CenterMask-OptionShuffle1,conservative_light_center,0.0,3,0,,,,,none,none
MMBench_DEV_CN_V11,Qwen2-VL-7B_Biased_Test,1003641,vcf_only,MCQ,b5_joint_center_os1,Joint-CenterMask-OptionShuffle1,conservative_light_center,0.0,3,0,,,,,none,none
MMBench_DEV_CN_V11,Qwen2-VL-7B_Biased_Test,1003646,vcf_only,MCQ,b5_joint_center_os1,Joint-CenterMask-OptionShuffle1,conservative_light_center,0.0,3,0,,,,,none,none
MMBench_DEV_CN_V11,Qwen2-VL-7B_Biased_Test,1003653,tcf_only,MCQ,b5_joint_center_os1,Joint-CenterMask-OptionShuffle1,conservative_light_center,0.0,3,0,,,,,none,none
MMBench_DEV_CN_V11,Qwen2-VL-7B_Biased_Test,1003665,vcf_only,MCQ,b5_joint_center_os1,Joint-CenterMask-OptionShuffle1,conservative_light_center,0.0,3,0,,,,,none,none
MMBench_DEV_CN_V11,Qwen2-VL-7B_Biased_Test,1003685,vcf_only,MCQ,b5_joint_center_os1,Joint-CenterMask-OptionShuffle1,vc_only_light_center,1.0,5,1,0.0,2,tc_full_two_probe,1.0,none,strong
MMBench_DEV_CN_V11,Qwen2-VL-7B_Biased_Test,1003738,vcf_only,MCQ,b5_joint_center_os1,Joint-CenterMask-OptionShuffle1,conservative_light_center,0.0,3,0,,,,,none,none
MMBench_DEV_CN_V11,Qwen2-VL-7B_Biased_Test,1003744,tcf_only,MCQ,b5_joint_center_os1,Joint-CenterMask-OptionShuffle1,conservative_light_center,1.0,3,0,,,,,none,none
MMBench_DEV_CN_V11,Qwen2-VL-7B_Biased_Test,2000284,vcf_only,MCQ,b5_joint_center_os1,Joint-CenterMask-OptionShuffle1,conservative_light_center,0.0,3,0,,,,,none,none
MMBench_DEV_CN_V11,Qwen2-VL-7B_Biased_Test,2000290,vcf_only,MCQ,b5_joint_center_os1,Joint-CenterMask-OptionShuffle1,vc_only_light_center,1.0,5,1,0.0,2,tc_full_two_probe,2.0,none,center
MMBench_DEV_CN_V11,Qwen2-VL-7B_Biased_Test,2000412,vcf_only,MCQ,b5_joint_center_os1,Joint-CenterMask-OptionShuffle1,vc_only_light_center,1.0,5,1,0.0,2,tc_full_two_probe,2.0,none,strong
MMBench_DEV_CN_V11,Qwen2-VL-7B_Biased_Test,2000415,tcf_only,MCQ,b5_joint_center_os1,Joint-CenterMask-OptionShuffle1,conservative_light_center,0.0,3,0,,,,,none,none
MMBench_DEV_CN_V11,Qwen2-VL-7B_Biased_Test,2001014,tcf_only,MCQ,b5_joint_center_os1,Joint-CenterMask-OptionShuffle1,conservative_light_center,1.0,3,0,,,,,none,none
MMBench_DEV_CN_V11,Qwen2-VL-7B_Biased_Test,2001104,vcf_only,MCQ,b5_joint_center_os1,Joint-CenterMask-OptionShuffle1,vc_only_light_center,0.0,5,1,0.0,2,tc_full_two_probe,2.0,none,center
MMBench_DEV_CN_V11,Qwen2-VL-7B_Biased_Test,2001110,vcf_only,MCQ,b5_joint_center_os1,Joint-CenterMask-OptionShuffle1,vc_only_light_center,0.0,5,1,0.0,2,tc_full_two_probe,1.0,none,strong
MMBench_DEV_CN_V11,Qwen2-VL-7B_Biased_Test,2001128,vcf_only,MCQ,b5_joint_center_os1,Joint-CenterMask-OptionShuffle1,conservative_light_center,0.0,3,1,0.0,2,tc_full_two_probe,0.0,none,none
MMBench_DEV_CN_V11,Qwen2-VL-7B_Biased_Test,2001129,vcf_only,MCQ,b5_joint_center_os1,Joint-CenterMask-OptionShuffle1,conservative_light_center,0.0,3,1,0.0,2,tc_full_two_probe,0.0,none,none
MMBench_DEV_CN_V11,Qwen2-VL-7B_Biased_Test,2001130,vcf_only,MCQ,b5_joint_center_os1,Joint-CenterMask-OptionShuffle1,conservative_light_center,0.0,3,0,,,,,none,none
MMBench_DEV_CN_V11,Qwen2-VL-7B_Biased_Test,2001198,vcf_only,MCQ,b5_joint_center_os1,Joint-CenterMask-OptionShuffle1,vc_only_light_center,0.0,5,1,0.0,2,tc_full_two_probe,2.0,none,center
MMBench_DEV_CN_V11,Qwen2-VL-7B_Biased_Test,2001200,tcf_only,MCQ,b5_joint_center_os1,Joint-CenterMask-OptionShuffle1,conservative_light_center,0.0,3,0,,,,,none,none
MMBench_DEV_CN_V11,Qwen2-VL-7B_Biased_Test,2001216,vcf_only,MCQ,b5_joint_center_os1,Joint-CenterMask-OptionShuffle1,vc_only_light_center,1.0,5,1,0.0,2,tc_full_two_probe,2.0,none,center
MMBench_DEV_CN_V11,Qwen2-VL-7B_Biased_Test,2001230,vcf_only,MCQ,b5_joint_center_os1,Joint-CenterMask-OptionShuffle1,conservative_light_center,1.0,3,0,,,,,none,none
MMBench_DEV_CN_V11,Qwen2-VL-7B_Biased_Test,2001549,vcf_only,MCQ,b5_joint_center_os1,Joint-CenterMask-OptionShuffle1,conservative_light_center,1.0,3,0,,,,,none,none
MMBench_DEV_CN_V11,Qwen2-VL-7B_Biased_Test,2001553,tcf_only,MCQ,b5_joint_center_os1,Joint-CenterMask-OptionShuffle1,conservative_light_center,0.0,3,0,,,,,none,none
MMBench_DEV_CN_V11,Qwen2-VL-7B_Biased_Test,2002420,vcf_only,MCQ,b5_joint_center_os1,Joint-CenterMask-OptionShuffle1,vc_only_light_center,0.0,5,1,0.0,2,tc_full_two_probe,2.0,none,center
MMBench_DEV_CN_V11,Qwen2-VL-7B_Biased_Test,2002555,vcf_only,MCQ,b5_joint_center_os1,Joint-CenterMask-OptionShuffle1,vc_only_light_center,0.0,5,1,0.0,2,tc_full_two_probe,1.0,none,strong
MMBench_DEV_CN_V11,Qwen2-VL-7B_Biased_Test,2002573,vcf_only,MCQ,b5_joint_strong_os1,Joint-StrongBlur-OptionShuffle1,joint_strong,0.0,5,1,2.0,2,tc_full_two_probe,2.0,option_shuffle,strong
MMBench_DEV_CN_V11,Qwen2-VL-7B_Biased_Test,2003086,vcf_only,MCQ,b5_joint_center_os1,Joint-CenterMask-OptionShuffle1,vc_only_light_center,0.0,5,1,0.0,2,tc_full_two_probe,2.0,none,strong
MMBench_DEV_CN_V11,Qwen2-VL-7B_Biased_Test,2003094,tcf_only,MCQ,b5_joint_center_os1,Joint-CenterMask-OptionShuffle1,conservative_light_center,0.0,3,0,,,,,none,none
MMBench_DEV_CN_V11,Qwen2-VL-7B_Biased_Test,2003409,vcf_only,MCQ,b5_joint_center_os1,Joint-CenterMask-OptionShuffle1,vc_only_light_center,0.0,5,1,0.0,2,tc_full_two_probe,1.0,none,center
MMBench_DEV_CN_V11,Qwen2-VL-7B_Biased_Test,2003508,vcf_only,MCQ,b5_joint_strong_os1,Joint-StrongBlur-OptionShuffle1,joint_strong,1.0,5,1,2.0,2,tc_full_two_probe,2.0,option_shuffle,strong
MMBench_DEV_CN_V11,Qwen2-VL-7B_Biased_Test,2003509,vcf_only,MCQ,b5_joint_center_os1,Joint-CenterMask-OptionShuffle1,vc_only_light_center,1.0,5,1,0.0,2,tc_full_two_probe,1.0,none,center
MMBench_DEV_CN_V11,Qwen2-VL-7B_Biased_Test,2000337,vcf_only,MCQ,b5_joint_center_os1,Joint-CenterMask-OptionShuffle1,vc_only_light_center,0.0,5,1,0.0,2,tc_full_two_probe,1.0,none,center
MMBench_DEV_CN_V11,Qwen2-VL-7B_Biased_Test,2000462,tcf_only,MCQ,b5_joint_center_os1,Joint-CenterMask-OptionShuffle1,conservative_light_center,1.0,3,0,,,,,none,none
MMBench_DEV_CN_V11,Qwen2-VL-7B_Biased_Test,2000465,vcf_only,MCQ,b5_joint_center_os1,Joint-CenterMask-OptionShuffle1,vc_only_light_center,0.0,5,1,0.0,2,tc_full_two_probe,2.0,none,strong
MMBench_DEV_CN_V11,Qwen2-VL-7B_Biased_Test,2000491,vcf_only,MCQ,b5_joint_center_os1,Joint-CenterMask-OptionShuffle1,conservative_light_center,1.0,3,0,,,,,none,none
MMBench_DEV_CN_V11,Qwen2-VL-7B_Biased_Test,2000500,vcf_only,MCQ,b5_joint_center_os1,Joint-CenterMask-OptionShuffle1,joint_center,1.0,5,1,2.0,2,tc_full_two_probe,2.0,option_shuffle,center
MMBench_DEV_CN_V11,Qwen2-VL-7B_Biased_Test,2000526,vcf_only,MCQ,b5_joint_center_os1,Joint-CenterMask-OptionShuffle1,vc_only_light_center,0.0,5,1,0.0,2,tc_full_two_probe,2.0,none,strong
MMBench_DEV_CN_V11,Qwen2-VL-7B_Biased_Test,2000570,tcf_only,MCQ,b5_joint_center_os1,Joint-CenterMask-OptionShuffle1,conservative_light_center,0.0,3,0,,,,,none,none
MMBench_DEV_CN_V11,Qwen2-VL-7B_Biased_Test,2000573,both,MCQ,b5_joint_center_os1,Joint-CenterMask-OptionShuffle1,conservative_light_center,0.0,3,0,,,,,none,none
MMBench_DEV_CN_V11,Qwen2-VL-7B_Biased_Test,2000592,vcf_only,MCQ,b5_joint_center_os1,Joint-CenterMask-OptionShuffle1,vc_only_light_center,0.0,5,1,0.0,2,tc_full_two_probe,1.0,none,center
MMBench_DEV_CN_V11,Qwen2-VL-7B_Biased_Test,2000768,vcf_only,MCQ,b5_joint_center_os1,Joint-CenterMask-OptionShuffle1,vc_only_light_center,0.0,5,1,0.0,2,tc_full_two_probe,2.0,none,center
MMBench_DEV_CN_V11,Qwen2-VL-7B_Biased_Test,2000773,both,MCQ,b5_joint_center_os1,Joint-CenterMask-OptionShuffle1,conservative_light_center,1.0,3,0,,,,,none,none
MMBench_DEV_CN_V11,Qwen2-VL-7B_Biased_Test,2000776,vcf_only,MCQ,b5_joint_center_os1,Joint-CenterMask-OptionShuffle1,vc_only_light_center,0.0,5,1,0.0,2,tc_full_two_probe,2.0,none,strong
MMBench_DEV_CN_V11,Qwen2-VL-7B_Biased_Test,2000782,vcf_only,MCQ,b5_joint_center_os1,Joint-CenterMask-OptionShuffle1,vc_only_light_center,0.0,5,1,0.0,2,tc_full_two_probe,2.0,none,center
MMBench_DEV_CN_V11,Qwen2-VL-7B_Biased_Test,2000785,vcf_only,MCQ,b5_joint_center_os1,Joint-CenterMask-OptionShuffle1,conservative_light_center,1.0,3,0,,,,,none,none
MMBench_DEV_CN_V11,Qwen2-VL-7B_Biased_Test,2000793,vcf_only,MCQ,b5_joint_center_os1,Joint-CenterMask-OptionShuffle1,vc_only_light_center,0.0,5,1,0.0,2,tc_full_two_probe,1.0,none,center
MMBench_DEV_CN_V11,Qwen2-VL-7B_Biased_Test,2000826,vcf_only,MCQ,b5_joint_center_os1,Joint-CenterMask-OptionShuffle1,vc_only_light_center,0.0,5,1,0.0,2,tc_full_two_probe,1.0,none,center
MMBench_DEV_CN_V11,Qwen2-VL-7B_Biased_Test,2000904,vcf_only,MCQ,b5_joint_center_os1,Joint-CenterMask-OptionShuffle1,vc_only_light_center,0.0,5,1,0.0,2,tc_full_two_probe,2.0,none,center
MMBench_DEV_CN_V11,Qwen2-VL-7B_Biased_Test,2000908,vcf_only,MCQ,b5_joint_center_os1,Joint-CenterMask-OptionShuffle1,conservative_light_center,0.0,3,0,,,,,none,none
MMBench_DEV_CN_V11,Qwen2-VL-7B_Biased_Test,2001003,vcf_only,MCQ,b5_joint_center_os1,Joint-CenterMask-OptionShuffle1,vc_only_light_center,0.0,5,1,0.0,2,tc_full_two_probe,2.0,none,strong
MMBench_DEV_CN_V11,Qwen2-VL-7B_Biased_Test,2001060,vcf_only,MCQ,b5_joint_center_os1,Joint-CenterMask-OptionShuffle1,conservative_light_center,1.0,3,0,,,,,none,none
MMBench_DEV_CN_V11,Qwen2-VL-7B_Biased_Test,2001488,tcf_only,MCQ,b5_joint_center_os1,Joint-CenterMask-OptionShuffle1,conservative_light_center,1.0,3,0,,,,,none,none
MMBench_DEV_CN_V11,Qwen2-VL-7B_Biased_Test,2001507,both,MCQ,b5_joint_center_os1,Joint-CenterMask-OptionShuffle1,conservative_light_center,1.0,3,0,,,,,none,none
MMBench_DEV_CN_V11,Qwen2-VL-7B_Biased_Test,2001658,vcf_only,MCQ,b5_joint_center_os1,Joint-CenterMask-OptionShuffle1,conservative_light_center,0.0,3,0,,,,,none,none
MMBench_DEV_CN_V11,Qwen2-VL-7B_Biased_Test,2001663,both,MCQ,b5_joint_center_os1,Joint-CenterMask-OptionShuffle1,conservative_light_center,0.0,3,0,,,,,none,none
MMBench_DEV_CN_V11,Qwen2-VL-7B_Biased_Test,2001677,vcf_only,MCQ,b5_joint_center_os1,Joint-CenterMask-OptionShuffle1,conservative_light_center,1.0,3,0,,,,,none,none
MMBench_DEV_CN_V11,Qwen2-VL-7B_Biased_Test,2001846,vcf_only,MCQ,b5_joint_center_os1,Joint-CenterMask-OptionShuffle1,vc_only_light_center,1.0,5,1,0.0,2,tc_full_two_probe,2.0,none,strong
MMBench_DEV_CN_V11,Qwen2-VL-7B_Biased_Test,2001849,vcf_only,MCQ,b5_joint_center_os1,Joint-CenterMask-OptionShuffle1,conservative_light_center,1.0,3,0,,,,,none,none
MMBench_DEV_CN_V11,Qwen2-VL-7B_Biased_Test,2001851,vcf_only,MCQ,b5_joint_center_os1,Joint-CenterMask-OptionShuffle1,vc_only_light_center,0.0,5,1,0.0,2,tc_full_two_probe,1.0,none,center
MMBench_DEV_CN_V11,Qwen2-VL-7B_Biased_Test,2001854,both,MCQ,b5_joint_center_os1,Joint-CenterMask-OptionShuffle1,conservative_light_center,0.0,3,0,,,,,none,none
MMBench_DEV_CN_V11,Qwen2-VL-7B_Biased_Test,2001858,vcf_only,MCQ,b5_joint_center_os1,Joint-CenterMask-OptionShuffle1,conservative_light_center,0.0,3,0,,,,,none,none
MMBench_DEV_CN_V11,Qwen2-VL-7B_Biased_Test,2001860,vcf_only,MCQ,b5_joint_center_os1,Joint-CenterMask-OptionShuffle1,conservative_light_center,0.0,3,0,,,,,none,none
MMBench_DEV_CN_V11,Qwen2-VL-7B_Biased_Test,2001867,vcf_only,MCQ,b5_joint_strong_os1,Joint-StrongBlur-OptionShuffle1,joint_strong,0.0,5,1,2.0,2,tc_full_two_probe,1.0,option_shuffle,strong
MMBench_DEV_CN_V11,Qwen2-VL-7B_Biased_Test,2001868,vcf_only,MCQ,b5_joint_center_os1,Joint-CenterMask-OptionShuffle1,conservative_light_center,0.0,3,0,,,,,none,none
MMBench_DEV_CN_V11,Qwen2-VL-7B_Biased_Test,2001871,tcf_only,MCQ,b5_joint_center_os1,Joint-CenterMask-OptionShuffle1,conservative_light_center,1.0,3,0,,,,,none,none
MMBench_DEV_CN_V11,Qwen2-VL-7B_Biased_Test,2001879,vcf_only,MCQ,b5_joint_center_os1,Joint-CenterMask-OptionShuffle1,conservative_light_center,0.0,3,0,,,,,none,none
MMBench_DEV_CN_V11,Qwen2-VL-7B_Biased_Test,2001956,vcf_only,MCQ,b5_joint_center_os1,Joint-CenterMask-OptionShuffle1,vc_only_light_center,1.0,5,1,0.0,2,tc_full_two_probe,2.0,none,center
MMBench_DEV_CN_V11,Qwen2-VL-7B_Biased_Test,2001957,vcf_only,MCQ,b5_joint_center_os1,Joint-CenterMask-OptionShuffle1,vc_only_light_center,0.0,5,1,0.0,2,tc_full_two_probe,1.0,none,center
MMBench_DEV_CN_V11,Qwen2-VL-7B_Biased_Test,2001965,vcf_only,MCQ,b5_joint_center_os1,Joint-CenterMask-OptionShuffle1,vc_only_light_center,1.0,5,1,0.0,2,tc_full_two_probe,2.0,none,center
MMBench_DEV_CN_V11,Qwen2-VL-7B_Biased_Test,2002624,vcf_only,MCQ,b5_joint_center_os1,Joint-CenterMask-OptionShuffle1,vc_only_light_center,0.0,5,1,0.0,2,tc_full_two_probe,2.0,none,strong
MMBench_DEV_CN_V11,Qwen2-VL-7B_Biased_Test,2003061,vcf_only,MCQ,b5_joint_center_os1,Joint-CenterMask-OptionShuffle1,conservative_light_center,1.0,3,0,,,,,none,none
MMBench_DEV_CN_V11,Qwen2-VL-7B_Biased_Test,2003091,vcf_only,MCQ,b5_joint_center_os1,Joint-CenterMask-OptionShuffle1,vc_only_light_center,0.0,5,1,0.0,2,tc_full_two_probe,2.0,none,strong
MMBench_DEV_CN_V11,Qwen2-VL-7B_Biased_Test,2003164,tcf_only,MCQ,b5_joint_center_os1,Joint-CenterMask-OptionShuffle1,conservative_light_center,0.0,3,0,,,,,none,none
MMBench_DEV_CN_V11,Qwen2-VL-7B_Biased_Test,2003217,vcf_only,MCQ,b5_joint_center_os1,Joint-CenterMask-OptionShuffle1,vc_only_light_center,0.0,5,1,0.0,2,tc_full_two_probe,1.0,none,center
MMBench_DEV_CN_V11,Qwen2-VL-7B_Biased_Test,2003229,vcf_only,MCQ,b5_joint_center_os1,Joint-CenterMask-OptionShuffle1,vc_only_light_center,1.0,5,1,0.0,2,tc_full_two_probe,2.0,none,strong
MMBench_DEV_CN_V11,Qwen2-VL-7B_Biased_Test,2003234,vcf_only,MCQ,b5_joint_center_os1,Joint-CenterMask-OptionShuffle1,conservative_light_center,0.0,3,0,,,,,none,none
MMBench_DEV_CN_V11,Qwen2-VL-7B_Biased_Test,2003238,vcf_only,MCQ,b5_joint_center_os1,Joint-CenterMask-OptionShuffle1,conservative_light_center,0.0,3,0,,,,,none,none
MMBench_DEV_CN_V11,Qwen2-VL-7B_Biased_Test,2003242,vcf_only,MCQ,b5_joint_center_os1,Joint-CenterMask-OptionShuffle1,vc_only_light_center,0.0,5,1,0.0,2,tc_full_two_probe,1.0,none,center
MMBench_DEV_CN_V11,Qwen2-VL-7B_Biased_Test,2003354,vcf_only,MCQ,b5_joint_center_os1,Joint-CenterMask-OptionShuffle1,vc_only_light_center,0.0,5,1,0.0,2,tc_full_two_probe,2.0,none,center
MMBench_DEV_CN_V11,Qwen2-VL-7B_Biased_Test,2003359,vcf_only,MCQ,b5_joint_center_os1,Joint-CenterMask-OptionShuffle1,vc_only_light_center,0.0,5,1,0.0,2,tc_full_two_probe,1.0,none,center
MMBench_DEV_CN_V11,Qwen2-VL-7B_Biased_Test,2003385,vcf_only,MCQ,b5_joint_center_os1,Joint-CenterMask-OptionShuffle1,conservative_light_center,1.0,3,0,,,,,none,none
MMBench_DEV_CN_V11,Qwen2-VL-7B_Biased_Test,2003394,vcf_only,MCQ,b5_joint_center_os1,Joint-CenterMask-OptionShuffle1,vc_only_light_center,0.0,5,1,0.0,2,tc_full_two_probe,1.0,none,center
MMBench_DEV_CN_V11,Qwen2-VL-7B_Biased_Test,2003417,vcf_only,MCQ,b5_joint_center_os1,Joint-CenterMask-OptionShuffle1,conservative_light_center,1.0,3,0,,,,,none,none
MMBench_DEV_CN_V11,Qwen2-VL-7B_Biased_Test,2003457,vcf_only,MCQ,b5_joint_center_os1,Joint-CenterMask-OptionShuffle1,vc_only_light_center,0.0,5,1,0.0,2,tc_full_two_probe,1.0,none,center
MMBench_DEV_CN_V11,Qwen2-VL-7B_Biased_Test,2003467,vcf_only,MCQ,b5_joint_center_os1,Joint-CenterMask-OptionShuffle1,vc_only_light_center,1.0,5,1,0.0,2,tc_full_two_probe,1.0,none,center
MMBench_DEV_CN_V11,Qwen2-VL-7B_Biased_Test,2003472,tcf_only,MCQ,b5_joint_center_os1,Joint-CenterMask-OptionShuffle1,conservative_light_center,0.0,3,0,,,,,none,none
MMBench_DEV_CN_V11,Qwen2-VL-7B_Biased_Test,2003607,vcf_only,MCQ,b5_joint_center_os1,Joint-CenterMask-OptionShuffle1,conservative_light_center,1.0,3,0,,,,,none,none
MMBench_DEV_CN_V11,Qwen2-VL-7B_Biased_Test,2003611,vcf_only,MCQ,b5_joint_center_os1,Joint-CenterMask-OptionShuffle1,conservative_light_center,0.0,3,0,,,,,none,none
MMBench_DEV_CN_V11,Qwen2-VL-7B_Biased_Test,2003632,tcf_only,MCQ,b5_joint_center_os1,Joint-CenterMask-OptionShuffle1,conservative_light_center,0.0,3,0,,,,,none,none
MMBench_DEV_CN_V11,Qwen2-VL-7B_Biased_Test,2003639,vcf_only,MCQ,b5_joint_center_os1,Joint-CenterMask-OptionShuffle1,conservative_light_center,0.0,3,0,,,,,none,none
MMBench_DEV_CN_V11,Qwen2-VL-7B_Biased_Test,2003646,vcf_only,MCQ,b5_joint_center_os1,Joint-CenterMask-OptionShuffle1,conservative_light_center,0.0,3,0,,,,,none,none
MMBench_DEV_CN_V11,Qwen2-VL-7B_Biased_Test,2003653,tcf_only,MCQ,b5_joint_center_os1,Joint-CenterMask-OptionShuffle1,conservative_light_center,0.0,3,0,,,,,none,none
MMBench_DEV_CN_V11,Qwen2-VL-7B_Biased_Test,2003657,vcf_only,MCQ,b5_joint_center_os1,Joint-CenterMask-OptionShuffle1,conservative_light_center,0.0,3,0,,,,,none,none
MMBench_DEV_CN_V11,Qwen2-VL-7B_Biased_Test,2003664,both,MCQ,b5_joint_center_os1,Joint-CenterMask-OptionShuffle1,conservative_light_center,0.0,3,0,,,,,none,none
MMBench_DEV_CN_V11,Qwen2-VL-7B_Biased_Test,2003665,tcf_only,MCQ,b5_joint_center_os1,Joint-CenterMask-OptionShuffle1,conservative_light_center,1.0,3,0,,,,,none,none
MMBench_DEV_CN_V11,Qwen2-VL-7B_Biased_Test,2003685,vcf_only,MCQ,b5_joint_center_os1,Joint-CenterMask-OptionShuffle1,vc_only_light_center,1.0,5,1,0.0,2,tc_full_two_probe,2.0,none,center
MMBench_DEV_CN_V11,Qwen2-VL-7B_Biased_Test,2003708,tcf_only,MCQ,b5_joint_center_os1,Joint-CenterMask-OptionShuffle1,conservative_light_center,0.0,3,0,,,,,none,none
MMBench_DEV_CN_V11,Qwen2-VL-7B_Biased_Test,2003728,tcf_only,MCQ,b5_joint_center_os1,Joint-CenterMask-OptionShuffle1,conservative_light_center,0.0,3,0,,,,,none,none
MMBench_DEV_CN_V11,Qwen2-VL-7B_Biased_Test,2003742,vcf_only,MCQ,b5_joint_center_os1,Joint-CenterMask-OptionShuffle1,conservative_light_center,1.0,3,0,,,,,none,none
MMBench_DEV_CN_V11,Qwen2-VL-7B_Biased_Test,2003744,both,MCQ,b5_joint_center_os1,Joint-CenterMask-OptionShuffle1,conservative_light_center,1.0,3,0,,,,,none,none
MMBench_DEV_CN_V11,Qwen2-VL-7B_Biased_Test,3000018,vcf_only,MCQ,b5_joint_center_os1,Joint-CenterMask-OptionShuffle1,vc_only_light_center,1.0,5,1,0.0,2,tc_full_two_probe,2.0,none,center
MMBench_DEV_CN_V11,Qwen2-VL-7B_Biased_Test,3000126,vcf_only,MCQ,b5_joint_center_os1,Joint-CenterMask-OptionShuffle1,conservative_light_center,0.0,3,0,,,,,none,none
MMBench_DEV_CN_V11,Qwen2-VL-7B_Biased_Test,3000465,vcf_only,MCQ,b5_joint_center_os1,Joint-CenterMask-OptionShuffle1,vc_only_light_center,0.0,5,1,0.0,2,tc_full_two_probe,2.0,none,center
MMBench_DEV_CN_V11,Qwen2-VL-7B_Biased_Test,3000505,tcf_only,MCQ,b5_joint_center_os1,Joint-CenterMask-OptionShuffle1,conservative_light_center,0.0,3,0,,,,,none,none
MMBench_DEV_CN_V11,Qwen2-VL-7B_Biased_Test,3000511,tcf_only,MCQ,b5_joint_center_os1,Joint-CenterMask-OptionShuffle1,conservative_light_center,1.0,3,0,,,,,none,none
MMBench_DEV_CN_V11,Qwen2-VL-7B_Biased_Test,3000526,vcf_only,MCQ,b5_joint_center_os1,Joint-CenterMask-OptionShuffle1,vc_only_light_center,0.0,5,1,0.0,2,tc_full_two_probe,2.0,none,strong
MMBench_DEV_CN_V11,Qwen2-VL-7B_Biased_Test,3000560,tcf_only,MCQ,b5_joint_center_os1,Joint-CenterMask-OptionShuffle1,conservative_light_center,1.0,3,0,,,,,none,none
MMBench_DEV_CN_V11,Qwen2-VL-7B_Biased_Test,3000570,tcf_only,MCQ,b5_joint_center_os1,Joint-CenterMask-OptionShuffle1,conservative_light_center,0.0,3,0,,,,,none,none
MMBench_DEV_CN_V11,Qwen2-VL-7B_Biased_Test,3000582,vcf_only,MCQ,b5_joint_center_os1,Joint-CenterMask-OptionShuffle1,vc_only_light_center,0.0,5,1,0.0,2,tc_full_two_probe,2.0,none,center
MMBench_DEV_CN_V11,Qwen2-VL-7B_Biased_Test,3000629,vcf_only,MCQ,b5_joint_center_os1,Joint-CenterMask-OptionShuffle1,conservative_light_center,0.0,3,1,0.0,2,tc_full_two_probe,0.0,none,none
MMBench_DEV_CN_V11,Qwen2-VL-7B_Biased_Test,3000647,vcf_only,MCQ,b5_joint_center_os1,Joint-CenterMask-OptionShuffle1,conservative_light_center,0.0,3,0,,,,,none,none
MMBench_DEV_CN_V11,Qwen2-VL-7B_Biased_Test,3000656,both,MCQ,b5_joint_center_os1,Joint-CenterMask-OptionShuffle1,conservative_light_center,0.0,3,0,,,,,none,none
MMBench_DEV_CN_V11,Qwen2-VL-7B_Biased_Test,3000773,vcf_only,MCQ,b5_joint_center_os1,Joint-CenterMask-OptionShuffle1,conservative_light_center,0.0,3,0,,,,,none,none
MMBench_DEV_CN_V11,Qwen2-VL-7B_Biased_Test,3000776,vcf_only,MCQ,b5_joint_center_os1,Joint-CenterMask-OptionShuffle1,vc_only_light_center,0.0,5,1,0.0,2,tc_full_two_probe,2.0,none,strong
MMBench_DEV_CN_V11,Qwen2-VL-7B_Biased_Test,3000785,vcf_only,MCQ,b5_joint_center_os1,Joint-CenterMask-OptionShuffle1,vc_only_light_center,1.0,5,1,0.0,2,tc_full_two_probe,2.0,none,center
MMBench_DEV_CN_V11,Qwen2-VL-7B_Biased_Test,3000788,vcf_only,MCQ,b5_joint_center_os1,Joint-CenterMask-OptionShuffle1,vc_only_light_center,0.0,5,1,0.0,2,tc_full_two_probe,1.0,none,center
MMBench_DEV_CN_V11,Qwen2-VL-7B_Biased_Test,3000796,vcf_only,MCQ,b5_joint_center_os1,Joint-CenterMask-OptionShuffle1,vc_only_light_center,0.0,5,1,0.0,2,tc_full_two_probe,1.0,none,strong
MMBench_DEV_CN_V11,Qwen2-VL-7B_Biased_Test,3000866,vcf_only,MCQ,b5_joint_center_os1,Joint-CenterMask-OptionShuffle1,vc_only_light_center,0.0,5,1,0.0,2,tc_full_two_probe,2.0,none,strong
MMBench_DEV_CN_V11,Qwen2-VL-7B_Biased_Test,3000904,vcf_only,MCQ,b5_joint_center_os1,Joint-CenterMask-OptionShuffle1,vc_only_light_center,0.0,5,1,0.0,2,tc_full_two_probe,2.0,none,center
MMBench_DEV_CN_V11,Qwen2-VL-7B_Biased_Test,3001003,vcf_only,MCQ,b5_joint_center_os1,Joint-CenterMask-OptionShuffle1,vc_only_light_center,0.0,5,1,0.0,2,tc_full_two_probe,2.0,none,strong
MMBench_DEV_CN_V11,Qwen2-VL-7B_Biased_Test,3001013,both,MCQ,b5_joint_center_os1,Joint-CenterMask-OptionShuffle1,conservative_light_center,0.0,3,0,,,,,none,none
MMBench_DEV_CN_V11,Qwen2-VL-7B_Biased_Test,3001060,both,MCQ,b5_joint_center_os1,Joint-CenterMask-OptionShuffle1,conservative_light_center,1.0,3,0,,,,,none,none
MMBench_DEV_CN_V11,Qwen2-VL-7B_Biased_Test,3001488,tcf_only,MCQ,b5_joint_center_os1,Joint-CenterMask-OptionShuffle1,conservative_light_center,1.0,3,0,,,,,none,none
MMBench_DEV_CN_V11,Qwen2-VL-7B_Biased_Test,3001500,tcf_only,MCQ,b5_joint_center_os1,Joint-CenterMask-OptionShuffle1,conservative_light_center,0.0,3,0,,,,,none,none
MMBench_DEV_CN_V11,Qwen2-VL-7B_Biased_Test,3001511,vcf_only,MCQ,b5_joint_center_os1,Joint-CenterMask-OptionShuffle1,vc_only_light_center,0.0,5,1,0.0,2,tc_full_two_probe,1.0,none,center
MMBench_DEV_CN_V11,Qwen2-VL-7B_Biased_Test,3001642,both,MCQ,b5_joint_center_os1,Joint-CenterMask-OptionShuffle1,conservative_light_center,1.0,3,0,,,,,none,none
MMBench_DEV_CN_V11,Qwen2-VL-7B_Biased_Test,3001659,vcf_only,MCQ,b5_joint_center_os1,Joint-CenterMask-OptionShuffle1,joint_center,0.0,5,1,2.0,2,tc_full_two_probe,2.0,option_shuffle,center
MMBench_DEV_CN_V11,Qwen2-VL-7B_Biased_Test,3001715,vcf_only,MCQ,b5_joint_center_os1,Joint-CenterMask-OptionShuffle1,vc_only_light_center,0.0,5,1,0.0,2,tc_full_two_probe,2.0,none,strong
MMBench_DEV_CN_V11,Qwen2-VL-7B_Biased_Test,3001846,vcf_only,MCQ,b5_joint_center_os1,Joint-CenterMask-OptionShuffle1,vc_only_light_center,1.0,5,1,0.0,2,tc_full_two_probe,2.0,none,center
MMBench_DEV_CN_V11,Qwen2-VL-7B_Biased_Test,3001847,vcf_only,MCQ,b5_joint_center_os1,Joint-CenterMask-OptionShuffle1,conservative_light_center,0.0,3,0,,,,,none,none
MMBench_DEV_CN_V11,Qwen2-VL-7B_Biased_Test,3001851,vcf_only,MCQ,b5_joint_center_os1,Joint-CenterMask-OptionShuffle1,vc_only_light_center,0.0,5,1,0.0,2,tc_full_two_probe,2.0,none,center
MMBench_DEV_CN_V11,Qwen2-VL-7B_Biased_Test,3001854,vcf_only,MCQ,b5_joint_center_os1,Joint-CenterMask-OptionShuffle1,conservative_light_center,0.0,3,0,,,,,none,none
MMBench_DEV_CN_V11,Qwen2-VL-7B_Biased_Test,3001858,vcf_only,MCQ,b5_joint_center_os1,Joint-CenterMask-OptionShuffle1,conservative_light_center,0.0,3,0,,,,,none,none
MMBench_DEV_CN_V11,Qwen2-VL-7B_Biased_Test,3001882,vcf_only,MCQ,b5_joint_center_os1,Joint-CenterMask-OptionShuffle1,conservative_light_center,0.0,3,1,0.0,2,tc_full_two_probe,0.0,none,none
MMBench_DEV_CN_V11,Qwen2-VL-7B_Biased_Test,3001953,vcf_only,MCQ,b5_joint_center_os1,Joint-CenterMask-OptionShuffle1,vc_only_light_center,1.0,5,1,0.0,2,tc_full_two_probe,2.0,none,center
MMBench_DEV_CN_V11,Qwen2-VL-7B_Biased_Test,3001956,vcf_only,MCQ,b5_joint_center_os1,Joint-CenterMask-OptionShuffle1,vc_only_light_center,1.0,5,1,0.0,2,tc_full_two_probe,2.0,none,center
MMBench_DEV_CN_V11,Qwen2-VL-7B_Biased_Test,3001965,vcf_only,MCQ,b5_joint_center_os1,Joint-CenterMask-OptionShuffle1,vc_only_light_center,1.0,5,1,0.0,2,tc_full_two_probe,2.0,none,center
MMBench_DEV_CN_V11,Qwen2-VL-7B_Biased_Test,3001979,vcf_only,MCQ,b5_joint_center_os1,Joint-CenterMask-OptionShuffle1,joint_center,1.0,5,1,2.0,2,tc_full_two_probe,2.0,option_shuffle,center
MMBench_DEV_CN_V11,Qwen2-VL-7B_Biased_Test,3002624,vcf_only,MCQ,b5_joint_center_os1,Joint-CenterMask-OptionShuffle1,vc_only_light_center,0.0,5,1,0.0,2,tc_full_two_probe,2.0,none,strong
MMBench_DEV_CN_V11,Qwen2-VL-7B_Biased_Test,3002946,vcf_only,MCQ,b5_joint_center_os1,Joint-CenterMask-OptionShuffle1,vc_only_light_center,1.0,5,1,0.0,2,tc_full_two_probe,1.0,none,center
MMBench_DEV_CN_V11,Qwen2-VL-7B_Biased_Test,3003061,tcf_only,MCQ,b5_joint_center_os1,Joint-CenterMask-OptionShuffle1,conservative_light_center,1.0,3,0,,,,,none,none
MMBench_DEV_CN_V11,Qwen2-VL-7B_Biased_Test,3003088,vcf_only,MCQ,b5_joint_center_os1,Joint-CenterMask-OptionShuffle1,vc_only_light_center,0.0,5,1,0.0,2,tc_full_two_probe,2.0,none,strong
MMBench_DEV_CN_V11,Qwen2-VL-7B_Biased_Test,3003119,vcf_only,MCQ,b5_joint_center_os1,Joint-CenterMask-OptionShuffle1,vc_only_light_center,1.0,5,1,0.0,2,tc_full_two_probe,2.0,none,center
MMBench_DEV_CN_V11,Qwen2-VL-7B_Biased_Test,3003164,tcf_only,MCQ,b5_joint_center_os1,Joint-CenterMask-OptionShuffle1,conservative_light_center,0.0,3,0,,,,,none,none
MMBench_DEV_CN_V11,Qwen2-VL-7B_Biased_Test,3003202,tcf_only,MCQ,b5_joint_center_os1,Joint-CenterMask-OptionShuffle1,vc_only_light_center,1.0,5,1,0.0,2,tc_full_two_probe,2.0,none,center
MMBench_DEV_CN_V11,Qwen2-VL-7B_Biased_Test,3003217,tcf_only,MCQ,b5_joint_center_os1,Joint-CenterMask-OptionShuffle1,conservative_light_center,0.0,3,0,,,,,none,none
MMBench_DEV_CN_V11,Qwen2-VL-7B_Biased_Test,3003225,vcf_only,MCQ,b5_joint_center_os1,Joint-CenterMask-OptionShuffle1,conservative_light_center,0.0,3,1,0.0,2,tc_full_two_probe,0.0,none,none
MMBench_DEV_CN_V11,Qwen2-VL-7B_Biased_Test,3003242,vcf_only,MCQ,b5_joint_center_os1,Joint-CenterMask-OptionShuffle1,vc_only_light_center,0.0,5,1,0.0,2,tc_full_two_probe,2.0,none,center
MMBench_DEV_CN_V11,Qwen2-VL-7B_Biased_Test,3003372,tcf_only,MCQ,b5_joint_center_os1,Joint-CenterMask-OptionShuffle1,conservative_light_center,1.0,3,0,,,,,none,none
MMBench_DEV_CN_V11,Qwen2-VL-7B_Biased_Test,3003379,vcf_only,MCQ,b5_joint_center_os1,Joint-CenterMask-OptionShuffle1,vc_only_light_center,0.0,5,1,0.0,2,tc_full_two_probe,1.0,none,strong
MMBench_DEV_CN_V11,Qwen2-VL-7B_Biased_Test,3003385,vcf_only,MCQ,b5_joint_center_os1,Joint-CenterMask-OptionShuffle1,conservative_light_center,1.0,3,0,,,,,none,none
MMBench_DEV_CN_V11,Qwen2-VL-7B_Biased_Test,3003396,vcf_only,MCQ,b5_joint_center_os1,Joint-CenterMask-OptionShuffle1,conservative_light_center,0.0,3,0,,,,,none,none
MMBench_DEV_CN_V11,Qwen2-VL-7B_Biased_Test,3003417,vcf_only,MCQ,b5_joint_center_os1,Joint-CenterMask-OptionShuffle1,vc_only_light_center,0.0,5,1,0.0,2,tc_full_two_probe,2.0,none,center
MMBench_DEV_CN_V11,Qwen2-VL-7B_Biased_Test,3003467,vcf_only,MCQ,b5_joint_center_os1,Joint-CenterMask-OptionShuffle1,vc_only_light_center,1.0,5,1,0.0,2,tc_full_two_probe,2.0,none,center
MMBench_DEV_CN_V11,Qwen2-VL-7B_Biased_Test,3003499,vcf_only,MCQ,b5_tc_os1_direct,Text-OptionShuffle1,text,1.0,5,1,2.0,2,tc_full_two_probe,0.0,option_shuffle,none
MMBench_DEV_CN_V11,Qwen2-VL-7B_Biased_Test,3003565,tcf_only,MCQ,b5_joint_center_os1,Joint-CenterMask-OptionShuffle1,conservative_light_center,0.0,3,0,,,,,none,none
MMBench_DEV_CN_V11,Qwen2-VL-7B_Biased_Test,3003598,vcf_only,MCQ,b5_joint_center_os1,Joint-CenterMask-OptionShuffle1,vc_only_light_center,0.0,5,1,0.0,2,tc_full_two_probe,2.0,none,center
MMBench_DEV_CN_V11,Qwen2-VL-7B_Biased_Test,3003603,vcf_only,MCQ,b5_joint_center_os1,Joint-CenterMask-OptionShuffle1,conservative_light_center,0.0,3,0,,,,,none,none
MMBench_DEV_CN_V11,Qwen2-VL-7B_Biased_Test,3003611,tcf_only,MCQ,b5_joint_center_os1,Joint-CenterMask-OptionShuffle1,conservative_light_center,0.0,3,0,,,,,none,none
MMBench_DEV_CN_V11,Qwen2-VL-7B_Biased_Test,3003619,vcf_only,MCQ,b5_joint_center_os1,Joint-CenterMask-OptionShuffle1,conservative_light_center,1.0,3,0,,,,,none,none
MMBench_DEV_CN_V11,Qwen2-VL-7B_Biased_Test,3003625,vcf_only,MCQ,b5_joint_center_os1,Joint-CenterMask-OptionShuffle1,conservative_light_center,0.0,3,0,,,,,none,none
MMBench_DEV_CN_V11,Qwen2-VL-7B_Biased_Test,3003626,vcf_only,MCQ,b5_joint_center_os1,Joint-CenterMask-OptionShuffle1,conservative_light_center,0.0,3,0,,,,,none,none
MMBench_DEV_CN_V11,Qwen2-VL-7B_Biased_Test,3003629,vcf_only,MCQ,b5_joint_center_os1,Joint-CenterMask-OptionShuffle1,conservative_light_center,0.0,3,0,,,,,none,none
MMBench_DEV_CN_V11,Qwen2-VL-7B_Biased_Test,3003646,vcf_only,MCQ,b5_joint_center_os1,Joint-CenterMask-OptionShuffle1,conservative_light_center,0.0,3,0,,,,,none,none
MMBench_DEV_CN_V11,Qwen2-VL-7B_Biased_Test,3003653,both,MCQ,b5_joint_center_os1,Joint-CenterMask-OptionShuffle1,conservative_light_center,0.0,3,0,,,,,none,none
MMBench_DEV_CN_V11,Qwen2-VL-7B_Biased_Test,3003658,tcf_only,MCQ,b5_joint_center_os1,Joint-CenterMask-OptionShuffle1,conservative_light_center,1.0,3,0,,,,,none,none
MMBench_DEV_CN_V11,Qwen2-VL-7B_Biased_Test,3003672,vcf_only,MCQ,b5_joint_center_os1,Joint-CenterMask-OptionShuffle1,conservative_light_center,0.0,3,0,,,,,none,none
MMBench_DEV_CN_V11,Qwen2-VL-7B_Biased_Test,3003685,vcf_only,MCQ,b5_joint_center_os1,Joint-CenterMask-OptionShuffle1,vc_only_light_center,0.0,5,1,0.0,2,tc_full_two_probe,2.0,none,center
MMBench_DEV_CN_V11,Qwen2-VL-7B_Biased_Test,3003708,tcf_only,MCQ,b5_joint_center_os1,Joint-CenterMask-OptionShuffle1,conservative_light_center,0.0,3,0,,,,,none,none
MMBench_DEV_CN_V11,Qwen2-VL-7B_Biased_Test,3003750,vcf_only,MCQ,b5_joint_center_os1,Joint-CenterMask-OptionShuffle1,vc_only_light_center,0.0,5,1,0.0,2,tc_full_two_probe,1.0,none,center
MMBench_DEV_EN_V11,Qwen2-VL-7B_Biased_Test,286,tcf_only,MCQ,b5_joint_center_os1,Joint-CenterMask-OptionShuffle1,conservative_light_center,1.0,3,0,,,,,none,none
MMBench_DEV_EN_V11,Qwen2-VL-7B_Biased_Test,481,vcf_only,MCQ,b5_joint_center_os1,Joint-CenterMask-OptionShuffle1,conservative_light_center,1.0,3,0,,,,,none,none
MMBench_DEV_EN_V11,Qwen2-VL-7B_Biased_Test,858,vcf_only,MCQ,b5_joint_center_os1,Joint-CenterMask-OptionShuffle1,conservative_light_center,1.0,3,0,,,,,none,none
MMBench_DEV_EN_V11,Qwen2-VL-7B_Biased_Test,1259,vcf_only,MCQ,b5_joint_strong_os1,Joint-StrongBlur-OptionShuffle1,joint_strong,0.0,5,1,2.0,2,tc_full_two_probe,1.0,option_shuffle,strong
MMBench_DEV_EN_V11,Qwen2-VL-7B_Biased_Test,1269,vcf_only,MCQ,b5_joint_center_os1,Joint-CenterMask-OptionShuffle1,conservative_light_center,1.0,3,0,,,,,none,none
MMBench_DEV_EN_V11,Qwen2-VL-7B_Biased_Test,3113,both,MCQ,b5_joint_center_os1,Joint-CenterMask-OptionShuffle1,vc_only_light_center,0.0,5,1,0.0,2,tc_full_two_probe,2.0,none,strong
MMBench_DEV_EN_V11,Qwen2-VL-7B_Biased_Test,3411,vcf_only,MCQ,b5_joint_center_os1,Joint-CenterMask-OptionShuffle1,conservative_light_center,0.0,3,0,,,,,none,none
MMBench_DEV_EN_V11,Qwen2-VL-7B_Biased_Test,282,tcf_only,MCQ,b5_joint_center_os1,Joint-CenterMask-OptionShuffle1,conservative_light_center,0.0,3,0,,,,,none,none
MMBench_DEV_EN_V11,Qwen2-VL-7B_Biased_Test,285,tcf_only,MCQ,b5_joint_center_os1,Joint-CenterMask-OptionShuffle1,conservative_light_center,0.0,3,0,,,,,none,none
MMBench_DEV_EN_V11,Qwen2-VL-7B_Biased_Test,288,tcf_only,MCQ,b5_joint_center_os1,Joint-CenterMask-OptionShuffle1,conservative_light_center,1.0,3,0,,,,,none,none
MMBench_DEV_EN_V11,Qwen2-VL-7B_Biased_Test,408,vcf_only,MCQ,b5_joint_center_os1,Joint-CenterMask-OptionShuffle1,vc_only_light_center,0.0,5,1,0.0,2,tc_full_two_probe,2.0,none,strong
MMBench_DEV_EN_V11,Qwen2-VL-7B_Biased_Test,415,vcf_only,MCQ,b5_joint_center_os1,Joint-CenterMask-OptionShuffle1,conservative_light_center,1.0,3,0,,,,,none,none
MMBench_DEV_EN_V11,Qwen2-VL-7B_Biased_Test,845,vcf_only,MCQ,b5_joint_center_os1,Joint-CenterMask-OptionShuffle1,vc_only_light_center,1.0,5,1,0.0,2,tc_full_two_probe,2.0,none,center
MMBench_DEV_EN_V11,Qwen2-VL-7B_Biased_Test,1096,vcf_only,MCQ,b5_joint_center_os1,Joint-CenterMask-OptionShuffle1,vc_only_light_center,0.0,5,1,0.0,2,tc_full_two_probe,1.0,none,center
MMBench_DEV_EN_V11,Qwen2-VL-7B_Biased_Test,1104,vcf_only,MCQ,b5_joint_center_os1,Joint-CenterMask-OptionShuffle1,vc_only_light_center,0.0,5,1,0.0,2,tc_full_two_probe,1.0,none,center
MMBench_DEV_EN_V11,Qwen2-VL-7B_Biased_Test,1105,vcf_only,MCQ,b5_joint_center_os1,Joint-CenterMask-OptionShuffle1,vc_only_light_center,1.0,5,1,0.0,2,tc_full_two_probe,1.0,none,center
MMBench_DEV_EN_V11,Qwen2-VL-7B_Biased_Test,1110,vcf_only,MCQ,b5_joint_center_os1,Joint-CenterMask-OptionShuffle1,vc_only_light_center,0.0,5,1,0.0,2,tc_full_two_probe,2.0,none,center
MMBench_DEV_EN_V11,Qwen2-VL-7B_Biased_Test,1128,vcf_only,MCQ,b5_joint_center_os1,Joint-CenterMask-OptionShuffle1,conservative_light_center,0.0,3,0,,,,,none,none
MMBench_DEV_EN_V11,Qwen2-VL-7B_Biased_Test,1129,vcf_only,MCQ,b5_joint_center_os1,Joint-CenterMask-OptionShuffle1,vc_only_light_center,0.0,5,1,0.0,2,tc_full_two_probe,2.0,none,center
MMBench_DEV_EN_V11,Qwen2-VL-7B_Biased_Test,1130,vcf_only,MCQ,b5_joint_center_os1,Joint-CenterMask-OptionShuffle1,conservative_light_center,0.0,3,1,0.0,2,tc_full_two_probe,0.0,none,none
MMBench_DEV_EN_V11,Qwen2-VL-7B_Biased_Test,3087,both,MCQ,b5_joint_center_os1,Joint-CenterMask-OptionShuffle1,vc_only_light_center,0.0,5,1,0.0,2,tc_full_two_probe,2.0,none,strong
MMBench_DEV_EN_V11,Qwen2-VL-7B_Biased_Test,1195,vcf_only,MCQ,b5_joint_strong_os1,Joint-StrongBlur-OptionShuffle1,joint_strong,0.0,5,1,2.0,2,tc_full_two_probe,2.0,option_shuffle,strong
MMBench_DEV_EN_V11,Qwen2-VL-7B_Biased_Test,1210,vcf_only,MCQ,b5_joint_center_os1,Joint-CenterMask-OptionShuffle1,vc_only_light_center,0.0,5,1,0.0,2,tc_full_two_probe,1.0,none,strong
MMBench_DEV_EN_V11,Qwen2-VL-7B_Biased_Test,1219,vcf_only,MCQ,b5_joint_center_os1,Joint-CenterMask-OptionShuffle1,conservative_light_center,1.0,3,0,,,,,none,none
MMBench_DEV_EN_V11,Qwen2-VL-7B_Biased_Test,1230,vcf_only,MCQ,b5_joint_center_os1,Joint-CenterMask-OptionShuffle1,conservative_light_center,1.0,3,0,,,,,none,none
MMBench_DEV_EN_V11,Qwen2-VL-7B_Biased_Test,1553,vcf_only,MCQ,b5_joint_center_os1,Joint-CenterMask-OptionShuffle1,joint_center,0.0,5,1,2.0,2,tc_full_two_probe,2.0,option_shuffle,center
MMBench_DEV_EN_V11,Qwen2-VL-7B_Biased_Test,2573,vcf_only,MCQ,b5_joint_center_os1,Joint-CenterMask-OptionShuffle1,conservative_light_center,0.0,3,0,,,,,none,none
MMBench_DEV_EN_V11,Qwen2-VL-7B_Biased_Test,18,vcf_only,MCQ,b5_joint_center_os1,Joint-CenterMask-OptionShuffle1,conservative_light_center,1.0,3,0,,,,,none,none
MMBench_DEV_EN_V11,Qwen2-VL-7B_Biased_Test,322,tcf_only,MCQ,b5_joint_center_os1,Joint-CenterMask-OptionShuffle1,conservative_light_center,0.0,3,0,,,,,none,none
MMBench_DEV_EN_V11,Qwen2-VL-7B_Biased_Test,338,vcf_only,MCQ,b5_joint_center_os1,Joint-CenterMask-OptionShuffle1,joint_center,0.0,5,1,2.0,2,tc_full_two_probe,2.0,option_shuffle,center
MMBench_DEV_EN_V11,Qwen2-VL-7B_Biased_Test,339,vcf_only,MCQ,b5_joint_center_os1,Joint-CenterMask-OptionShuffle1,conservative_light_center,0.0,3,0,,,,,none,none
MMBench_DEV_EN_V11,Qwen2-VL-7B_Biased_Test,465,both,MCQ,b5_joint_center_os1,Joint-CenterMask-OptionShuffle1,vc_only_light_center,0.0,5,1,0.0,2,tc_full_two_probe,2.0,none,strong
MMBench_DEV_EN_V11,Qwen2-VL-7B_Biased_Test,505,tcf_only,MCQ,b5_joint_center_os1,Joint-CenterMask-OptionShuffle1,conservative_light_center,1.0,3,0,,,,,none,none
MMBench_DEV_EN_V11,Qwen2-VL-7B_Biased_Test,768,vcf_only,MCQ,b5_joint_center_os1,Joint-CenterMask-OptionShuffle1,vc_only_light_center,1.0,5,1,0.0,2,tc_full_two_probe,1.0,none,center
MMBench_DEV_EN_V11,Qwen2-VL-7B_Biased_Test,785,vcf_only,MCQ,b5_joint_center_os1,Joint-CenterMask-OptionShuffle1,vc_only_light_center,0.0,5,1,0.0,2,tc_full_two_probe,1.0,none,center
MMBench_DEV_EN_V11,Qwen2-VL-7B_Biased_Test,788,vcf_only,MCQ,b5_joint_center_os1,Joint-CenterMask-OptionShuffle1,vc_only_light_center,0.0,5,1,0.0,2,tc_full_two_probe,1.0,none,center
MMBench_DEV_EN_V11,Qwen2-VL-7B_Biased_Test,796,vcf_only,MCQ,b5_joint_center_os1,Joint-CenterMask-OptionShuffle1,vc_only_light_center,1.0,5,1,0.0,2,tc_full_two_probe,1.0,none,strong
MMBench_DEV_EN_V11,Qwen2-VL-7B_Biased_Test,825,vcf_only,MCQ,b5_joint_center_os1,Joint-CenterMask-OptionShuffle1,vc_only_light_center,0.0,5,1,0.0,2,tc_full_two_probe,1.0,none,strong
MMBench_DEV_EN_V11,Qwen2-VL-7B_Biased_Test,866,vcf_only,MCQ,b5_joint_center_os1,Joint-CenterMask-OptionShuffle1,vc_only_light_center,1.0,5,1,0.0,2,tc_full_two_probe,2.0,none,center
MMBench_DEV_EN_V11,Qwen2-VL-7B_Biased_Test,902,vcf_only,MCQ,b5_joint_center_os1,Joint-CenterMask-OptionShuffle1,conservative_light_center,1.0,3,0,,,,,none,none
MMBench_DEV_EN_V11,Qwen2-VL-7B_Biased_Test,961,vcf_only,MCQ,b5_joint_center_os1,Joint-CenterMask-OptionShuffle1,joint_center,1.0,5,1,2.0,2,tc_full_two_probe,1.0,option_shuffle,center
MMBench_DEV_EN_V11,Qwen2-VL-7B_Biased_Test,1003,vcf_only,MCQ,b5_joint_center_os1,Joint-CenterMask-OptionShuffle1,vc_only_light_center,0.0,5,1,0.0,2,tc_full_two_probe,2.0,none,center
MMBench_DEV_EN_V11,Qwen2-VL-7B_Biased_Test,1647,vcf_only,MCQ,b5_joint_center_os1,Joint-CenterMask-OptionShuffle1,vc_only_light_center,0.0,5,1,0.0,2,tc_full_two_probe,2.0,none,center
MMBench_DEV_EN_V11,Qwen2-VL-7B_Biased_Test,1666,vcf_only,MCQ,b5_joint_center_os1,Joint-CenterMask-OptionShuffle1,conservative_light_center,0.0,3,0,,,,,none,none
MMBench_DEV_EN_V11,Qwen2-VL-7B_Biased_Test,1669,vcf_only,MCQ,b5_joint_strong_os1,Joint-StrongBlur-OptionShuffle1,joint_strong,1.0,5,1,2.0,2,tc_full_two_probe,2.0,option_shuffle,strong
MMBench_DEV_EN_V11,Qwen2-VL-7B_Biased_Test,1671,tcf_only,MCQ,b5_joint_center_os1,Joint-CenterMask-OptionShuffle1,conservative_light_center,0.0,3,0,,,,,none,none
MMBench_DEV_EN_V11,Qwen2-VL-7B_Biased_Test,1774,tcf_only,MCQ,b5_joint_center_os1,Joint-CenterMask-OptionShuffle1,conservative_light_center,1.0,3,0,,,,,none,none
MMBench_DEV_EN_V11,Qwen2-VL-7B_Biased_Test,1843,vcf_only,MCQ,b5_joint_center_os1,Joint-CenterMask-OptionShuffle1,vc_only_light_center,1.0,5,1,0.0,2,tc_full_two_probe,2.0,none,center
MMBench_DEV_EN_V11,Qwen2-VL-7B_Biased_Test,1847,vcf_only,MCQ,b5_joint_center_os1,Joint-CenterMask-OptionShuffle1,joint_center,1.0,5,1,2.0,2,tc_full_two_probe,2.0,option_shuffle,center
MMBench_DEV_EN_V11,Qwen2-VL-7B_Biased_Test,1851,vcf_only,MCQ,b5_joint_center_os1,Joint-CenterMask-OptionShuffle1,vc_only_light_center,0.0,5,1,0.0,2,tc_full_two_probe,1.0,none,center
MMBench_DEV_EN_V11,Qwen2-VL-7B_Biased_Test,1868,vcf_only,MCQ,b5_joint_center_os1,Joint-CenterMask-OptionShuffle1,joint_center,0.0,5,1,2.0,2,tc_full_two_probe,1.0,option_shuffle,center
MMBench_DEV_EN_V11,Qwen2-VL-7B_Biased_Test,1878,vcf_only,MCQ,b5_joint_center_os1,Joint-CenterMask-OptionShuffle1,vc_only_light_center,1.0,5,1,0.0,2,tc_full_two_probe,2.0,none,center
MMBench_DEV_EN_V11,Qwen2-VL-7B_Biased_Test,1879,vcf_only,MCQ,b5_joint_center_os1,Joint-CenterMask-OptionShuffle1,vc_only_light_center,0.0,5,1,0.0,2,tc_full_two_probe,2.0,none,strong
MMBench_DEV_EN_V11,Qwen2-VL-7B_Biased_Test,1888,vcf_only,MCQ,b5_joint_center_os1,Joint-CenterMask-OptionShuffle1,conservative_light_center,0.0,3,0,,,,,none,none
MMBench_DEV_EN_V11,Qwen2-VL-7B_Biased_Test,1950,vcf_only,MCQ,b5_joint_center_os1,Joint-CenterMask-OptionShuffle1,conservative_light_center,0.0,3,0,,,,,none,none
MMBench_DEV_EN_V11,Qwen2-VL-7B_Biased_Test,1953,vcf_only,MCQ,b5_joint_center_os1,Joint-CenterMask-OptionShuffle1,vc_only_light_center,1.0,5,1,0.0,2,tc_full_two_probe,2.0,none,center
MMBench_DEV_EN_V11,Qwen2-VL-7B_Biased_Test,1965,vcf_only,MCQ,b5_joint_center_os1,Joint-CenterMask-OptionShuffle1,vc_only_light_center,1.0,5,1,0.0,2,tc_full_two_probe,1.0,none,center
MMBench_DEV_EN_V11,Qwen2-VL-7B_Biased_Test,2404,vcf_only,MCQ,b5_joint_center_os1,Joint-CenterMask-OptionShuffle1,conservative_light_center,0.0,3,0,,,,,none,none
MMBench_DEV_EN_V11,Qwen2-VL-7B_Biased_Test,2624,both,MCQ,b5_joint_center_os1,Joint-CenterMask-OptionShuffle1,conservative_light_center,0.0,3,0,,,,,none,none
MMBench_DEV_EN_V11,Qwen2-VL-7B_Biased_Test,2946,both,MCQ,b5_joint_center_os1,Joint-CenterMask-OptionShuffle1,conservative_light_center,1.0,3,0,,,,,none,none
MMBench_DEV_EN_V11,Qwen2-VL-7B_Biased_Test,3079,tcf_only,MCQ,b5_joint_center_os1,Joint-CenterMask-OptionShuffle1,conservative_light_center,0.0,3,0,,,,,none,none
MMBench_DEV_EN_V11,Qwen2-VL-7B_Biased_Test,3088,vcf_only,MCQ,b5_joint_center_os1,Joint-CenterMask-OptionShuffle1,joint_center,0.0,5,1,2.0,2,tc_full_two_probe,1.0,option_shuffle,center
MMBench_DEV_EN_V11,Qwen2-VL-7B_Biased_Test,3091,vcf_only,MCQ,b5_joint_center_os1,Joint-CenterMask-OptionShuffle1,conservative_light_center,0.0,3,0,,,,,none,none
MMBench_DEV_EN_V11,Qwen2-VL-7B_Biased_Test,3211,vcf_only,MCQ,b5_joint_strong_os1,Joint-StrongBlur-OptionShuffle1,joint_strong,1.0,5,1,2.0,2,tc_full_two_probe,1.0,option_shuffle,strong
MMBench_DEV_EN_V11,Qwen2-VL-7B_Biased_Test,3222,tcf_only,MCQ,b5_joint_center_os1,Joint-CenterMask-OptionShuffle1,conservative_light_center,0.0,3,0,,,,,none,none
MMBench_DEV_EN_V11,Qwen2-VL-7B_Biased_Test,3225,vcf_only,MCQ,b5_joint_center_os1,Joint-CenterMask-OptionShuffle1,conservative_light_center,0.0,3,1,0.0,2,tc_full_two_probe,0.0,none,none
MMBench_DEV_EN_V11,Qwen2-VL-7B_Biased_Test,3226,vcf_only,MCQ,b5_joint_center_os1,Joint-CenterMask-OptionShuffle1,conservative_light_center,0.0,3,0,,,,,none,none
MMBench_DEV_EN_V11,Qwen2-VL-7B_Biased_Test,3234,vcf_only,MCQ,b5_joint_center_os1,Joint-CenterMask-OptionShuffle1,vc_only_light_center,1.0,5,1,0.0,2,tc_full_two_probe,1.0,none,strong
MMBench_DEV_EN_V11,Qwen2-VL-7B_Biased_Test,3354,vcf_only,MCQ,b5_joint_center_os1,Joint-CenterMask-OptionShuffle1,vc_only_light_center,0.0,5,1,0.0,2,tc_full_two_probe,1.0,none,strong
MMBench_DEV_EN_V11,Qwen2-VL-7B_Biased_Test,3359,tcf_only,MCQ,b5_joint_center_os1,Joint-CenterMask-OptionShuffle1,conservative_light_center,0.0,3,0,,,,,none,none
MMBench_DEV_EN_V11,Qwen2-VL-7B_Biased_Test,3375,tcf_only,MCQ,b5_joint_center_os1,Joint-CenterMask-OptionShuffle1,conservative_light_center,1.0,3,0,,,,,none,none
MMBench_DEV_EN_V11,Qwen2-VL-7B_Biased_Test,3396,tcf_only,MCQ,b5_joint_center_os1,Joint-CenterMask-OptionShuffle1,conservative_light_center,0.0,3,0,,,,,none,none
MMBench_DEV_EN_V11,Qwen2-VL-7B_Biased_Test,3417,vcf_only,MCQ,b5_joint_center_os1,Joint-CenterMask-OptionShuffle1,vc_only_light_center,1.0,5,1,0.0,2,tc_full_two_probe,2.0,none,center
MMBench_DEV_EN_V11,Qwen2-VL-7B_Biased_Test,3498,vcf_only,MCQ,b5_joint_center_os1,Joint-CenterMask-OptionShuffle1,conservative_light_center,0.0,3,0,,,,,none,none
MMBench_DEV_EN_V11,Qwen2-VL-7B_Biased_Test,3565,vcf_only,MCQ,b5_joint_center_os1,Joint-CenterMask-OptionShuffle1,conservative_light_center,0.0,3,0,,,,,none,none
MMBench_DEV_EN_V11,Qwen2-VL-7B_Biased_Test,3625,tcf_only,MCQ,b5_joint_center_os1,Joint-CenterMask-OptionShuffle1,conservative_light_center,0.0,3,0,,,,,none,none
MMBench_DEV_EN_V11,Qwen2-VL-7B_Biased_Test,3626,vcf_only,MCQ,b5_joint_center_os1,Joint-CenterMask-OptionShuffle1,conservative_light_center,0.0,3,0,,,,,none,none
MMBench_DEV_EN_V11,Qwen2-VL-7B_Biased_Test,3629,vcf_only,MCQ,b5_joint_center_os1,Joint-CenterMask-OptionShuffle1,conservative_light_center,0.0,3,0,,,,,none,none
MMBench_DEV_EN_V11,Qwen2-VL-7B_Biased_Test,3632,vcf_only,MCQ,b5_joint_center_os1,Joint-CenterMask-OptionShuffle1,conservative_light_center,1.0,3,0,,,,,none,none
MMBench_DEV_EN_V11,Qwen2-VL-7B_Biased_Test,3653,tcf_only,MCQ,b5_joint_center_os1,Joint-CenterMask-OptionShuffle1,conservative_light_center,0.0,3,0,,,,,none,none
MMBench_DEV_EN_V11,Qwen2-VL-7B_Biased_Test,3657,both,MCQ,b5_joint_center_os1,Joint-CenterMask-OptionShuffle1,conservative_light_center,0.0,3,0,,,,,none,none
MMBench_DEV_EN_V11,Qwen2-VL-7B_Biased_Test,3665,vcf_only,MCQ,b5_joint_center_os1,Joint-CenterMask-OptionShuffle1,conservative_light_center,0.0,3,0,,,,,none,none
MMBench_DEV_EN_V11,Qwen2-VL-7B_Biased_Test,3674,vcf_only,MCQ,b5_joint_center_os1,Joint-CenterMask-OptionShuffle1,conservative_light_center,1.0,3,0,,,,,none,none
MMBench_DEV_EN_V11,Qwen2-VL-7B_Biased_Test,3713,vcf_only,MCQ,b5_joint_center_os1,Joint-CenterMask-OptionShuffle1,vc_only_light_center,1.0,5,1,0.0,2,tc_full_two_probe,1.0,none,center
MMBench_DEV_EN_V11,Qwen2-VL-7B_Biased_Test,3738,tcf_only,MCQ,b5_joint_center_os1,Joint-CenterMask-OptionShuffle1,conservative_light_center,0.0,3,0,,,,,none,none
MMBench_DEV_EN_V11,Qwen2-VL-7B_Biased_Test,1000486,vcf_only,MCQ,b5_joint_center_os1,Joint-CenterMask-OptionShuffle1,conservative_light_center,1.0,3,0,,,,,none,none
MMBench_DEV_EN_V11,Qwen2-VL-7B_Biased_Test,1003113,vcf_only,MCQ,b5_joint_center_os1,Joint-CenterMask-OptionShuffle1,vc_only_light_center,1.0,5,1,0.0,2,tc_full_two_probe,2.0,none,strong
MMBench_DEV_EN_V11,Qwen2-VL-7B_Biased_Test,1003404,vcf_only,MCQ,b5_joint_strong_os1,Joint-StrongBlur-OptionShuffle1,joint_strong,1.0,5,1,2.0,2,tc_full_two_probe,2.0,option_shuffle,strong
MMBench_DEV_EN_V11,Qwen2-VL-7B_Biased_Test,1000284,vcf_only,MCQ,b5_joint_center_os1,Joint-CenterMask-OptionShuffle1,conservative_light_center,0.0,3,0,,,,,none,none
MMBench_DEV_EN_V11,Qwen2-VL-7B_Biased_Test,1000285,both,MCQ,b5_joint_center_os1,Joint-CenterMask-OptionShuffle1,conservative_light_center,0.0,3,0,,,,,none,none
MMBench_DEV_EN_V11,Qwen2-VL-7B_Biased_Test,1000307,vcf_only,MCQ,b5_joint_center_os1,Joint-CenterMask-OptionShuffle1,vc_only_light_center,1.0,5,1,0.0,2,tc_full_two_probe,2.0,none,strong
MMBench_DEV_EN_V11,Qwen2-VL-7B_Biased_Test,1001096,vcf_only,MCQ,b5_joint_center_os1,Joint-CenterMask-OptionShuffle1,vc_only_light_center,0.0,5,1,0.0,2,tc_full_two_probe,1.0,none,center
MMBench_DEV_EN_V11,Qwen2-VL-7B_Biased_Test,1001104,vcf_only,MCQ,b5_joint_center_os1,Joint-CenterMask-OptionShuffle1,vc_only_light_center,0.0,5,1,0.0,2,tc_full_two_probe,2.0,none,center
MMBench_DEV_EN_V11,Qwen2-VL-7B_Biased_Test,1001110,vcf_only,MCQ,b5_joint_center_os1,Joint-CenterMask-OptionShuffle1,vc_only_light_center,0.0,5,1,0.0,2,tc_full_two_probe,2.0,none,strong
MMBench_DEV_EN_V11,Qwen2-VL-7B_Biased_Test,1001128,vcf_only,MCQ,b5_joint_center_os1,Joint-CenterMask-OptionShuffle1,vc_only_light_center,0.0,5,1,0.0,2,tc_full_two_probe,1.0,none,strong
MMBench_DEV_EN_V11,Qwen2-VL-7B_Biased_Test,1001129,vcf_only,MCQ,b5_joint_center_os1,Joint-CenterMask-OptionShuffle1,vc_only_light_center,0.0,5,1,0.0,2,tc_full_two_probe,2.0,none,center
MMBench_DEV_EN_V11,Qwen2-VL-7B_Biased_Test,1002420,vcf_only,MCQ,b5_joint_center_os1,Joint-CenterMask-OptionShuffle1,vc_only_light_center,0.0,5,1,0.0,2,tc_full_two_probe,2.0,none,strong
MMBench_DEV_EN_V11,Qwen2-VL-7B_Biased_Test,1003086,vcf_only,MCQ,b5_joint_center_os1,Joint-CenterMask-OptionShuffle1,vc_only_light_center,1.0,5,1,0.0,2,tc_full_two_probe,2.0,none,center
MMBench_DEV_EN_V11,Qwen2-VL-7B_Biased_Test,1003735,vcf_only,MCQ,b5_joint_center_os1,Joint-CenterMask-OptionShuffle1,conservative_light_center,0.0,3,1,0.0,2,tc_full_two_probe,0.0,none,none
MMBench_DEV_EN_V11,Qwen2-VL-7B_Biased_Test,1001192,both,MCQ,b5_joint_center_os1,Joint-CenterMask-OptionShuffle1,conservative_light_center,1.0,3,0,,,,,none,none
MMBench_DEV_EN_V11,Qwen2-VL-7B_Biased_Test,1001198,vcf_only,MCQ,b5_joint_strong_os1,Joint-StrongBlur-OptionShuffle1,joint_strong,1.0,5,1,2.0,2,tc_full_two_probe,1.0,option_shuffle,strong
MMBench_DEV_EN_V11,Qwen2-VL-7B_Biased_Test,1001200,both,MCQ,b5_joint_center_os1,Joint-CenterMask-OptionShuffle1,conservative_light_center,0.0,3,0,,,,,none,none
MMBench_DEV_EN_V11,Qwen2-VL-7B_Biased_Test,1001210,vcf_only,MCQ,b5_joint_center_os1,Joint-CenterMask-OptionShuffle1,conservative_light_center,0.0,3,0,,,,,none,none
MMBench_DEV_EN_V11,Qwen2-VL-7B_Biased_Test,1001216,vcf_only,MCQ,b5_joint_strong_os1,Joint-StrongBlur-OptionShuffle1,joint_strong,1.0,5,1,2.0,2,tc_full_two_probe,2.0,option_shuffle,strong
MMBench_DEV_EN_V11,Qwen2-VL-7B_Biased_Test,1001553,vcf_only,MCQ,b5_joint_center_os1,Joint-CenterMask-OptionShuffle1,joint_center,0.0,5,1,2.0,2,tc_full_two_probe,2.0,option_shuffle,center
MMBench_DEV_EN_V11,Qwen2-VL-7B_Biased_Test,1002540,tcf_only,MCQ,b5_joint_center_os1,Joint-CenterMask-OptionShuffle1,conservative_light_center,1.0,3,0,,,,,none,none
MMBench_DEV_EN_V11,Qwen2-VL-7B_Biased_Test,1002555,vcf_only,MCQ,b5_joint_strong_os1,Joint-StrongBlur-OptionShuffle1,joint_strong,1.0,5,1,2.0,2,tc_full_two_probe,2.0,option_shuffle,strong
MMBench_DEV_EN_V11,Qwen2-VL-7B_Biased_Test,1000018,vcf_only,MCQ,b5_joint_center_os1,Joint-CenterMask-OptionShuffle1,conservative_light_center,0.0,3,0,,,,,none,none
MMBench_DEV_EN_V11,Qwen2-VL-7B_Biased_Test,1000322,vcf_only,MCQ,b5_joint_center_os1,Joint-CenterMask-OptionShuffle1,joint_center,0.0,5,1,2.0,2,tc_full_two_probe,1.0,option_shuffle,center
MMBench_DEV_EN_V11,Qwen2-VL-7B_Biased_Test,1000335,tcf_only,MCQ,b5_joint_center_os1,Joint-CenterMask-OptionShuffle1,conservative_light_center,0.0,3,0,,,,,none,none
MMBench_DEV_EN_V11,Qwen2-VL-7B_Biased_Test,1000338,vcf_only,MCQ,b5_joint_center_os1,Joint-CenterMask-OptionShuffle1,vc_only_light_center,0.0,5,1,0.0,2,tc_full_two_probe,2.0,none,center
MMBench_DEV_EN_V11,Qwen2-VL-7B_Biased_Test,1000465,tcf_only,MCQ,b5_joint_center_os1,Joint-CenterMask-OptionShuffle1,conservative_light_center,0.0,3,0,,,,,none,none
MMBench_DEV_EN_V11,Qwen2-VL-7B_Biased_Test,1000507,tcf_only,MCQ,b5_joint_center_os1,Joint-CenterMask-OptionShuffle1,conservative_light_center,0.0,3,0,,,,,none,none
MMBench_DEV_EN_V11,Qwen2-VL-7B_Biased_Test,1000656,vcf_only,MCQ,b5_joint_center_os1,Joint-CenterMask-OptionShuffle1,vc_only_light_center,1.0,5,1,0.0,2,tc_full_two_probe,1.0,none,center
MMBench_DEV_EN_V11,Qwen2-VL-7B_Biased_Test,1000768,vcf_only,MCQ,b5_joint_center_os1,Joint-CenterMask-OptionShuffle1,vc_only_light_center,1.0,5,1,0.0,2,tc_full_two_probe,2.0,none,strong
MMBench_DEV_EN_V11,Qwen2-VL-7B_Biased_Test,1000782,vcf_only,MCQ,b5_joint_center_os1,Joint-CenterMask-OptionShuffle1,vc_only_light_center,0.0,5,1,0.0,2,tc_full_two_probe,2.0,none,center
MMBench_DEV_EN_V11,Qwen2-VL-7B_Biased_Test,1000801,vcf_only,MCQ,b5_joint_center_os1,Joint-CenterMask-OptionShuffle1,vc_only_light_center,0.0,5,1,0.0,2,tc_full_two_probe,1.0,none,center
MMBench_DEV_EN_V11,Qwen2-VL-7B_Biased_Test,1000825,tcf_only,MCQ,b5_joint_center_os1,Joint-CenterMask-OptionShuffle1,conservative_light_center,0.0,3,1,0.0,2,tc_full_two_probe,0.0,none,none
MMBench_DEV_EN_V11,Qwen2-VL-7B_Biased_Test,1000866,vcf_only,MCQ,b5_joint_center_os1,Joint-CenterMask-OptionShuffle1,vc_only_light_center,0.0,5,1,0.0,2,tc_full_two_probe,2.0,none,strong
MMBench_DEV_EN_V11,Qwen2-VL-7B_Biased_Test,1000961,vcf_only,MCQ,b5_joint_center_os1,Joint-CenterMask-OptionShuffle1,conservative_light_center,1.0,3,0,,,,,none,none
MMBench_DEV_EN_V11,Qwen2-VL-7B_Biased_Test,1001402,vcf_only,MCQ,b5_joint_center_os1,Joint-CenterMask-OptionShuffle1,conservative_light_center,0.0,3,0,,,,,none,none
MMBench_DEV_EN_V11,Qwen2-VL-7B_Biased_Test,1001488,vcf_only,MCQ,b5_joint_center_os1,Joint-CenterMask-OptionShuffle1,vc_only_light_center,1.0,5,1,0.0,2,tc_full_two_probe,2.0,none,center
MMBench_DEV_EN_V11,Qwen2-VL-7B_Biased_Test,1001526,tcf_only,MCQ,b5_joint_center_os1,Joint-CenterMask-OptionShuffle1,conservative_light_center,0.0,3,0,,,,,none,none
MMBench_DEV_EN_V11,Qwen2-VL-7B_Biased_Test,1001530,vcf_only,MCQ,b5_joint_center_os1,Joint-CenterMask-OptionShuffle1,conservative_light_center,0.0,3,0,,,,,none,none
MMBench_DEV_EN_V11,Qwen2-VL-7B_Biased_Test,1001538,vcf_only,MCQ,b5_joint_center_os1,Joint-CenterMask-OptionShuffle1,conservative_light_center,1.0,3,0,,,,,none,none
MMBench_DEV_EN_V11,Qwen2-VL-7B_Biased_Test,1001638,vcf_only,MCQ,b5_joint_center_os1,Joint-CenterMask-OptionShuffle1,conservative_light_center,0.0,3,0,,,,,none,none
MMBench_DEV_EN_V11,Qwen2-VL-7B_Biased_Test,1001642,vcf_only,MCQ,b5_joint_center_os1,Joint-CenterMask-OptionShuffle1,conservative_light_center,0.0,3,0,,,,,none,none
MMBench_DEV_EN_V11,Qwen2-VL-7B_Biased_Test,1001671,vcf_only,MCQ,b5_joint_center_os1,Joint-CenterMask-OptionShuffle1,conservative_light_center,0.0,3,0,,,,,none,none
MMBench_DEV_EN_V11,Qwen2-VL-7B_Biased_Test,1001688,vcf_only,MCQ,b5_joint_center_os1,Joint-CenterMask-OptionShuffle1,conservative_light_center,0.0,3,1,0.0,2,tc_full_two_probe,0.0,none,none
MMBench_DEV_EN_V11,Qwen2-VL-7B_Biased_Test,1001715,tcf_only,MCQ,b5_joint_center_os1,Joint-CenterMask-OptionShuffle1,conservative_light_center,1.0,3,0,,,,,none,none
MMBench_DEV_EN_V11,Qwen2-VL-7B_Biased_Test,1001774,vcf_only,MCQ,b5_joint_center_os1,Joint-CenterMask-OptionShuffle1,conservative_light_center,1.0,3,0,,,,,none,none
MMBench_DEV_EN_V11,Qwen2-VL-7B_Biased_Test,1001842,tcf_only,MCQ,b5_joint_center_os1,Joint-CenterMask-OptionShuffle1,vc_only_light_center,1.0,5,1,0.0,2,tc_full_two_probe,2.0,none,center
MMBench_DEV_EN_V11,Qwen2-VL-7B_Biased_Test,1001845,vcf_only,MCQ,b5_joint_center_os1,Joint-CenterMask-OptionShuffle1,conservative_light_center,0.0,3,0,,,,,none,none
MMBench_DEV_EN_V11,Qwen2-VL-7B_Biased_Test,1001847,vcf_only,MCQ,b5_joint_center_os1,Joint-CenterMask-OptionShuffle1,vc_only_light_center,1.0,5,1,0.0,2,tc_full_two_probe,2.0,none,center
MMBench_DEV_EN_V11,Qwen2-VL-7B_Biased_Test,1001849,vcf_only,MCQ,b5_joint_center_os1,Joint-CenterMask-OptionShuffle1,vc_only_light_center,1.0,5,1,0.0,2,tc_full_two_probe,2.0,none,center
MMBench_DEV_EN_V11,Qwen2-VL-7B_Biased_Test,1001851,both,MCQ,b5_joint_center_os1,Joint-CenterMask-OptionShuffle1,conservative_light_center,0.0,3,0,,,,,none,none
MMBench_DEV_EN_V11,Qwen2-VL-7B_Biased_Test,1001857,vcf_only,MCQ,b5_joint_strong_os1,Joint-StrongBlur-OptionShuffle1,joint_strong,0.0,5,1,2.0,2,tc_full_two_probe,1.0,option_shuffle,strong
MMBench_DEV_EN_V11,Qwen2-VL-7B_Biased_Test,1001875,both,MCQ,b5_joint_center_os1,Joint-CenterMask-OptionShuffle1,conservative_light_center,1.0,3,0,,,,,none,none
MMBench_DEV_EN_V11,Qwen2-VL-7B_Biased_Test,1001878,vcf_only,MCQ,b5_joint_center_os1,Joint-CenterMask-OptionShuffle1,vc_only_light_center,1.0,5,1,0.0,2,tc_full_two_probe,1.0,none,center
MMBench_DEV_EN_V11,Qwen2-VL-7B_Biased_Test,1001888,both,MCQ,b5_joint_center_os1,Joint-CenterMask-OptionShuffle1,conservative_light_center,1.0,3,0,,,,,none,none
MMBench_DEV_EN_V11,Qwen2-VL-7B_Biased_Test,1001953,vcf_only,MCQ,b5_joint_center_os1,Joint-CenterMask-OptionShuffle1,conservative_light_center,0.0,3,0,,,,,none,none
MMBench_DEV_EN_V11,Qwen2-VL-7B_Biased_Test,1001956,vcf_only,MCQ,b5_joint_center_os1,Joint-CenterMask-OptionShuffle1,vc_only_light_center,1.0,5,1,0.0,2,tc_full_two_probe,2.0,none,strong
MMBench_DEV_EN_V11,Qwen2-VL-7B_Biased_Test,1001965,vcf_only,MCQ,b5_joint_center_os1,Joint-CenterMask-OptionShuffle1,vc_only_light_center,1.0,5,1,0.0,2,tc_full_two_probe,2.0,none,center
MMBench_DEV_EN_V11,Qwen2-VL-7B_Biased_Test,1002946,vcf_only,MCQ,b5_joint_strong_os1,Joint-StrongBlur-OptionShuffle1,joint_strong,1.0,5,1,2.0,2,tc_full_two_probe,2.0,option_shuffle,strong
MMBench_DEV_EN_V11,Qwen2-VL-7B_Biased_Test,1003091,both,MCQ,b5_joint_center_os1,Joint-CenterMask-OptionShuffle1,conservative_light_center,0.0,3,0,,,,,none,none
MMBench_DEV_EN_V11,Qwen2-VL-7B_Biased_Test,1003204,both,MCQ,b5_joint_center_os1,Joint-CenterMask-OptionShuffle1,conservative_light_center,0.0,3,0,,,,,none,none
MMBench_DEV_EN_V11,Qwen2-VL-7B_Biased_Test,1003217,both,MCQ,b5_joint_center_os1,Joint-CenterMask-OptionShuffle1,conservative_light_center,0.0,3,0,,,,,none,none
MMBench_DEV_EN_V11,Qwen2-VL-7B_Biased_Test,1003229,tcf_only,MCQ,b5_joint_center_os1,Joint-CenterMask-OptionShuffle1,conservative_light_center,1.0,3,0,,,,,none,none
MMBench_DEV_EN_V11,Qwen2-VL-7B_Biased_Test,1003359,vcf_only,MCQ,b5_joint_strong_os1,Joint-StrongBlur-OptionShuffle1,joint_strong,1.0,5,1,2.0,2,tc_full_two_probe,1.0,option_shuffle,strong
MMBench_DEV_EN_V11,Qwen2-VL-7B_Biased_Test,1003379,vcf_only,MCQ,b5_joint_center_os1,Joint-CenterMask-OptionShuffle1,conservative_light_center,0.0,3,0,,,,,none,none
MMBench_DEV_EN_V11,Qwen2-VL-7B_Biased_Test,1003391,both,MCQ,b5_joint_center_os1,Joint-CenterMask-OptionShuffle1,conservative_light_center,1.0,3,0,,,,,none,none
MMBench_DEV_EN_V11,Qwen2-VL-7B_Biased_Test,1003392,vcf_only,MCQ,b5_joint_center_os1,Joint-CenterMask-OptionShuffle1,vc_only_light_center,0.0,5,1,0.0,2,tc_full_two_probe,2.0,none,center
MMBench_DEV_EN_V11,Qwen2-VL-7B_Biased_Test,1003394,vcf_only,MCQ,b5_joint_center_os1,Joint-CenterMask-OptionShuffle1,conservative_light_center,0.0,3,0,,,,,none,none
MMBench_DEV_EN_V11,Qwen2-VL-7B_Biased_Test,1003598,vcf_only,MCQ,b5_joint_center_os1,Joint-CenterMask-OptionShuffle1,vc_only_light_center,0.0,5,1,0.0,2,tc_full_two_probe,2.0,none,center
MMBench_DEV_EN_V11,Qwen2-VL-7B_Biased_Test,1003603,vcf_only,MCQ,b5_joint_center_os1,Joint-CenterMask-OptionShuffle1,conservative_light_center,0.0,3,0,,,,,none,none
MMBench_DEV_EN_V11,Qwen2-VL-7B_Biased_Test,1003625,tcf_only,MCQ,b5_joint_center_os1,Joint-CenterMask-OptionShuffle1,conservative_light_center,0.0,3,0,,,,,none,none
MMBench_DEV_EN_V11,Qwen2-VL-7B_Biased_Test,1003631,vcf_only,MCQ,b5_joint_center_os1,Joint-CenterMask-OptionShuffle1,conservative_light_center,0.0,3,0,,,,,none,none
MMBench_DEV_EN_V11,Qwen2-VL-7B_Biased_Test,1003632,vcf_only,MCQ,b5_joint_center_os1,Joint-CenterMask-OptionShuffle1,conservative_light_center,0.0,3,0,,,,,none,none
MMBench_DEV_EN_V11,Qwen2-VL-7B_Biased_Test,1003641,tcf_only,MCQ,b5_joint_center_os1,Joint-CenterMask-OptionShuffle1,conservative_light_center,0.0,3,0,,,,,none,none
MMBench_DEV_EN_V11,Qwen2-VL-7B_Biased_Test,1003653,tcf_only,MCQ,b5_joint_center_os1,Joint-CenterMask-OptionShuffle1,conservative_light_center,1.0,3,0,,,,,none,none
MMBench_DEV_EN_V11,Qwen2-VL-7B_Biased_Test,1003659,both,MCQ,b5_joint_center_os1,Joint-CenterMask-OptionShuffle1,conservative_light_center,0.0,3,0,,,,,none,none
MMBench_DEV_EN_V11,Qwen2-VL-7B_Biased_Test,1003665,tcf_only,MCQ,b5_joint_center_os1,Joint-CenterMask-OptionShuffle1,conservative_light_center,0.0,3,0,,,,,none,none
MMBench_DEV_EN_V11,Qwen2-VL-7B_Biased_Test,1003738,vcf_only,MCQ,b5_joint_center_os1,Joint-CenterMask-OptionShuffle1,joint_center,0.0,5,1,2.0,2,tc_full_two_probe,1.0,option_shuffle,center
MMBench_DEV_EN_V11,Qwen2-VL-7B_Biased_Test,1003744,tcf_only,MCQ,b5_joint_center_os1,Joint-CenterMask-OptionShuffle1,conservative_light_center,1.0,3,0,,,,,none,none
MMBench_DEV_EN_V11,Qwen2-VL-7B_Biased_Test,2000244,vcf_only,MCQ,b5_joint_center_os1,Joint-CenterMask-OptionShuffle1,conservative_light_center,1.0,3,0,,,,,none,none
MMBench_DEV_EN_V11,Qwen2-VL-7B_Biased_Test,2000284,tcf_only,MCQ,b5_joint_center_os1,Joint-CenterMask-OptionShuffle1,conservative_light_center,0.0,3,0,,,,,none,none
MMBench_DEV_EN_V11,Qwen2-VL-7B_Biased_Test,2000292,vcf_only,MCQ,b5_joint_center_os1,Joint-CenterMask-OptionShuffle1,conservative_light_center,0.0,3,0,,,,,none,none
MMBench_DEV_EN_V11,Qwen2-VL-7B_Biased_Test,2000408,vcf_only,MCQ,b5_joint_center_os1,Joint-CenterMask-OptionShuffle1,vc_only_light_center,0.0,5,1,1.0,2,tc_full_two_probe,2.0,none,strong
MMBench_DEV_EN_V11,Qwen2-VL-7B_Biased_Test,2000412,both,MCQ,b5_joint_center_os1,Joint-CenterMask-OptionShuffle1,conservative_light_center,1.0,3,0,,,,,none,none
MMBench_DEV_EN_V11,Qwen2-VL-7B_Biased_Test,2000845,vcf_only,MCQ,b5_joint_center_os1,Joint-CenterMask-OptionShuffle1,conservative_light_center,1.0,3,0,,,,,none,none
MMBench_DEV_EN_V11,Qwen2-VL-7B_Biased_Test,2001104,vcf_only,MCQ,b5_joint_center_os1,Joint-CenterMask-OptionShuffle1,vc_only_light_center,0.0,5,1,0.0,2,tc_full_two_probe,2.0,none,center
MMBench_DEV_EN_V11,Qwen2-VL-7B_Biased_Test,2001107,vcf_only,MCQ,b5_joint_center_os1,Joint-CenterMask-OptionShuffle1,vc_only_light_center,0.0,5,1,0.0,2,tc_full_two_probe,2.0,none,center
MMBench_DEV_EN_V11,Qwen2-VL-7B_Biased_Test,2001110,vcf_only,MCQ,b5_joint_center_os1,Joint-CenterMask-OptionShuffle1,vc_only_light_center,0.0,5,1,0.0,2,tc_full_two_probe,2.0,none,strong
MMBench_DEV_EN_V11,Qwen2-VL-7B_Biased_Test,2001128,vcf_only,MCQ,b5_joint_center_os1,Joint-CenterMask-OptionShuffle1,vc_only_light_center,0.0,5,1,0.0,2,tc_full_two_probe,2.0,none,center
MMBench_DEV_EN_V11,Qwen2-VL-7B_Biased_Test,2001129,vcf_only,MCQ,b5_joint_center_os1,Joint-CenterMask-OptionShuffle1,vc_only_light_center,0.0,5,1,0.0,2,tc_full_two_probe,2.0,none,center
MMBench_DEV_EN_V11,Qwen2-VL-7B_Biased_Test,2001130,vcf_only,MCQ,b5_joint_center_os1,Joint-CenterMask-OptionShuffle1,vc_only_light_center,0.0,5,1,0.0,2,tc_full_two_probe,1.0,none,center
MMBench_DEV_EN_V11,Qwen2-VL-7B_Biased_Test,2002420,vcf_only,MCQ,b5_joint_center_os1,Joint-CenterMask-OptionShuffle1,vc_only_light_center,0.0,5,1,0.0,2,tc_full_two_probe,2.0,none,strong
MMBench_DEV_EN_V11,Qwen2-VL-7B_Biased_Test,2003086,vcf_only,MCQ,b5_joint_center_os1,Joint-CenterMask-OptionShuffle1,vc_only_light_center,0.0,5,1,0.0,2,tc_full_two_probe,2.0,none,strong
MMBench_DEV_EN_V11,Qwen2-VL-7B_Biased_Test,2003509,vcf_only,MCQ,b5_joint_strong_os1,Joint-StrongBlur-OptionShuffle1,joint_strong,0.0,5,1,2.0,2,tc_full_two_probe,2.0,option_shuffle,strong
MMBench_DEV_EN_V11,Qwen2-VL-7B_Biased_Test,2003735,vcf_only,MCQ,b5_joint_center_os1,Joint-CenterMask-OptionShuffle1,conservative_light_center,0.0,3,0,,,,,none,none
MMBench_DEV_EN_V11,Qwen2-VL-7B_Biased_Test,2001195,vcf_only,MCQ,b5_joint_strong_os1,Joint-StrongBlur-OptionShuffle1,joint_strong,0.0,5,1,2.0,2,tc_full_two_probe,2.0,option_shuffle,strong
MMBench_DEV_EN_V11,Qwen2-VL-7B_Biased_Test,2001200,both,MCQ,b5_joint_center_os1,Joint-CenterMask-OptionShuffle1,conservative_light_center,0.0,3,0,,,,,none,none
MMBench_DEV_EN_V11,Qwen2-VL-7B_Biased_Test,2001210,both,MCQ,b5_joint_center_os1,Joint-CenterMask-OptionShuffle1,conservative_light_center,0.0,3,0,,,,,none,none
MMBench_DEV_EN_V11,Qwen2-VL-7B_Biased_Test,2001216,vcf_only,MCQ,b5_joint_center_os1,Joint-CenterMask-OptionShuffle1,vc_only_light_center,1.0,5,1,0.0,2,tc_full_two_probe,2.0,none,strong
MMBench_DEV_EN_V11,Qwen2-VL-7B_Biased_Test,2001219,vcf_only,MCQ,b5_joint_center_os1,Joint-CenterMask-OptionShuffle1,conservative_light_center,0.0,3,0,,,,,none,none
MMBench_DEV_EN_V11,Qwen2-VL-7B_Biased_Test,2001229,both,MCQ,b5_joint_center_os1,Joint-CenterMask-OptionShuffle1,conservative_light_center,0.0,3,0,,,,,none,none
MMBench_DEV_EN_V11,Qwen2-VL-7B_Biased_Test,2002555,vcf_only,MCQ,b5_joint_center_os1,Joint-CenterMask-OptionShuffle1,conservative_light_center,0.0,3,0,,,,,none,none
MMBench_DEV_EN_V11,Qwen2-VL-7B_Biased_Test,2002573,vcf_only,MCQ,b5_joint_strong_os1,Joint-StrongBlur-OptionShuffle1,joint_strong,0.0,5,1,2.0,2,tc_full_two_probe,2.0,option_shuffle,strong
MMBench_DEV_EN_V11,Qwen2-VL-7B_Biased_Test,2000335,vcf_only,MCQ,b5_joint_center_os1,Joint-CenterMask-OptionShuffle1,vc_only_light_center,0.0,5,1,0.0,2,tc_full_two_probe,1.0,none,center
MMBench_DEV_EN_V11,Qwen2-VL-7B_Biased_Test,2000337,vcf_only,MCQ,b5_joint_center_os1,Joint-CenterMask-OptionShuffle1,vc_only_light_center,0.0,5,1,0.0,2,tc_full_two_probe,1.0,none,center
MMBench_DEV_EN_V11,Qwen2-VL-7B_Biased_Test,2000339,tcf_only,MCQ,b5_joint_center_os1,Joint-CenterMask-OptionShuffle1,conservative_light_center,0.0,3,0,,,,,none,none
MMBench_DEV_EN_V11,Qwen2-VL-7B_Biased_Test,2000465,both,MCQ,b5_joint_center_os1,Joint-CenterMask-OptionShuffle1,conservative_light_center,0.0,3,0,,,,,none,none
MMBench_DEV_EN_V11,Qwen2-VL-7B_Biased_Test,2000500,vcf_only,MCQ,b5_joint_center_os1,Joint-CenterMask-OptionShuffle1,conservative_light_center,1.0,3,0,,,,,none,none
MMBench_DEV_EN_V11,Qwen2-VL-7B_Biased_Test,2000507,both,MCQ,b5_joint_center_os1,Joint-CenterMask-OptionShuffle1,conservative_light_center,0.0,3,0,,,,,none,none
MMBench_DEV_EN_V11,Qwen2-VL-7B_Biased_Test,2000526,vcf_only,MCQ,b5_joint_center_os1,Joint-CenterMask-OptionShuffle1,conservative_light_center,0.0,3,0,,,,,none,none
MMBench_DEV_EN_V11,Qwen2-VL-7B_Biased_Test,2000560,vcf_only,MCQ,b5_joint_strong_os1,Joint-StrongBlur-OptionShuffle1,joint_strong,1.0,5,1,2.0,2,tc_full_two_probe,2.0,option_shuffle,strong
MMBench_DEV_EN_V11,Qwen2-VL-7B_Biased_Test,2000588,tcf_only,MCQ,b5_joint_center_os1,Joint-CenterMask-OptionShuffle1,conservative_light_center,1.0,3,0,,,,,none,none
MMBench_DEV_EN_V11,Qwen2-VL-7B_Biased_Test,2000592,vcf_only,MCQ,b5_joint_center_os1,Joint-CenterMask-OptionShuffle1,vc_only_light_center,0.0,5,1,0.0,2,tc_full_two_probe,1.0,none,center
MMBench_DEV_EN_V11,Qwen2-VL-7B_Biased_Test,2000635,vcf_only,MCQ,b5_joint_center_os1,Joint-CenterMask-OptionShuffle1,vc_only_light_center,0.0,5,1,0.0,2,tc_full_two_probe,1.0,none,strong
MMBench_DEV_EN_V11,Qwen2-VL-7B_Biased_Test,2000737,vcf_only,MCQ,b5_joint_center_os1,Joint-CenterMask-OptionShuffle1,conservative_light_center,0.0,3,0,,,,,none,none
MMBench_DEV_EN_V11,Qwen2-VL-7B_Biased_Test,2000768,vcf_only,MCQ,b5_joint_center_os1,Joint-CenterMask-OptionShuffle1,vc_only_light_center,0.0,5,1,0.0,2,tc_full_two_probe,2.0,none,strong
MMBench_DEV_EN_V11,Qwen2-VL-7B_Biased_Test,2000792,vcf_only,MCQ,b5_joint_strong_os1,Joint-StrongBlur-OptionShuffle1,joint_strong,0.0,5,1,2.0,2,tc_full_two_probe,1.0,option_shuffle,strong
MMBench_DEV_EN_V11,Qwen2-VL-7B_Biased_Test,2000793,vcf_only,MCQ,b5_joint_center_os1,Joint-CenterMask-OptionShuffle1,conservative_light_center,0.0,3,1,0.0,2,tc_full_two_probe,0.0,none,none
MMBench_DEV_EN_V11,Qwen2-VL-7B_Biased_Test,2000796,vcf_only,MCQ,b5_joint_center_os1,Joint-CenterMask-OptionShuffle1,vc_only_light_center,1.0,5,1,0.0,2,tc_full_two_probe,1.0,none,center
MMBench_DEV_EN_V11,Qwen2-VL-7B_Biased_Test,2000826,vcf_only,MCQ,b5_joint_center_os1,Joint-CenterMask-OptionShuffle1,vc_only_light_center,0.0,5,1,0.0,2,tc_full_two_probe,1.0,none,center
MMBench_DEV_EN_V11,Qwen2-VL-7B_Biased_Test,2000892,both,MCQ,b5_joint_center_os1,Joint-CenterMask-OptionShuffle1,conservative_light_center,1.0,3,0,,,,,none,none
MMBench_DEV_EN_V11,Qwen2-VL-7B_Biased_Test,2001003,vcf_only,MCQ,b5_joint_center_os1,Joint-CenterMask-OptionShuffle1,vc_only_light_center,0.0,5,1,0.0,2,tc_full_two_probe,2.0,none,strong
MMBench_DEV_EN_V11,Qwen2-VL-7B_Biased_Test,2001013,tcf_only,MCQ,b5_joint_center_os1,Joint-CenterMask-OptionShuffle1,conservative_light_center,0.0,3,0,,,,,none,none
MMBench_DEV_EN_V11,Qwen2-VL-7B_Biased_Test,2001015,vcf_only,MCQ,b5_joint_center_os1,Joint-CenterMask-OptionShuffle1,vc_only_light_center,1.0,5,1,0.0,2,tc_full_two_probe,1.0,none,center
MMBench_DEV_EN_V11,Qwen2-VL-7B_Biased_Test,2001488,vcf_only,MCQ,b5_joint_center_os1,Joint-CenterMask-OptionShuffle1,vc_only_light_center,1.0,5,1,0.0,2,tc_full_two_probe,1.0,none,strong
MMBench_DEV_EN_V11,Qwen2-VL-7B_Biased_Test,2001497,vcf_only,MCQ,b5_joint_center_os1,Joint-CenterMask-OptionShuffle1,vc_only_light_center,0.0,5,1,0.0,2,tc_full_two_probe,1.0,none,center
MMBench_DEV_EN_V11,Qwen2-VL-7B_Biased_Test,2001507,vcf_only,MCQ,b5_joint_center_os1,Joint-CenterMask-OptionShuffle1,vc_only_light_center,0.0,5,1,0.0,2,tc_full_two_probe,2.0,none,center
MMBench_DEV_EN_V11,Qwen2-VL-7B_Biased_Test,2001663,vcf_only,MCQ,b5_joint_center_os1,Joint-CenterMask-OptionShuffle1,conservative_light_center,1.0,3,0,,,,,none,none
MMBench_DEV_EN_V11,Qwen2-VL-7B_Biased_Test,2001669,tcf_only,MCQ,b5_joint_center_os1,Joint-CenterMask-OptionShuffle1,conservative_light_center,0.0,3,0,,,,,none,none
MMBench_DEV_EN_V11,Qwen2-VL-7B_Biased_Test,2001677,tcf_only,MCQ,b5_joint_center_os1,Joint-CenterMask-OptionShuffle1,conservative_light_center,1.0,3,0,,,,,none,none
MMBench_DEV_EN_V11,Qwen2-VL-7B_Biased_Test,2001688,vcf_only,MCQ,b5_joint_center_os1,Joint-CenterMask-OptionShuffle1,conservative_light_center,0.0,3,1,0.0,2,tc_full_two_probe,0.0,none,none
MMBench_DEV_EN_V11,Qwen2-VL-7B_Biased_Test,2001729,vcf_only,MCQ,b5_joint_strong_os1,Joint-StrongBlur-OptionShuffle1,joint_strong,1.0,5,1,2.0,2,tc_full_two_probe,2.0,option_shuffle,strong
MMBench_DEV_EN_V11,Qwen2-VL-7B_Biased_Test,2001774,tcf_only,MCQ,b5_joint_center_os1,Joint-CenterMask-OptionShuffle1,conservative_light_center,1.0,3,0,,,,,none,none
MMBench_DEV_EN_V11,Qwen2-VL-7B_Biased_Test,2001843,vcf_only,MCQ,b5_joint_center_os1,Joint-CenterMask-OptionShuffle1,vc_only_light_center,1.0,5,1,0.0,2,tc_full_two_probe,2.0,none,center
MMBench_DEV_EN_V11,Qwen2-VL-7B_Biased_Test,2001849,vcf_only,MCQ,b5_joint_center_os1,Joint-CenterMask-OptionShuffle1,vc_only_light_center,1.0,5,1,0.0,2,tc_full_two_probe,2.0,none,center
MMBench_DEV_EN_V11,Qwen2-VL-7B_Biased_Test,2001851,vcf_only,MCQ,b5_joint_center_os1,Joint-CenterMask-OptionShuffle1,vc_only_light_center,0.0,5,1,0.0,2,tc_full_two_probe,1.0,none,center
MMBench_DEV_EN_V11,Qwen2-VL-7B_Biased_Test,2001854,vcf_only,MCQ,b5_joint_center_os1,Joint-CenterMask-OptionShuffle1,vc_only_light_center,0.0,5,1,0.0,2,tc_full_two_probe,2.0,none,center
MMBench_DEV_EN_V11,Qwen2-VL-7B_Biased_Test,2001867,vcf_only,MCQ,b5_joint_center_os1,Joint-CenterMask-OptionShuffle1,conservative_light_center,0.0,3,0,,,,,none,none
MMBench_DEV_EN_V11,Qwen2-VL-7B_Biased_Test,2001878,vcf_only,MCQ,b5_joint_center_os1,Joint-CenterMask-OptionShuffle1,vc_only_light_center,1.0,5,1,0.0,2,tc_full_two_probe,2.0,none,center
MMBench_DEV_EN_V11,Qwen2-VL-7B_Biased_Test,2001879,vcf_only,MCQ,b5_joint_center_os1,Joint-CenterMask-OptionShuffle1,vc_only_light_center,0.0,5,1,0.0,2,tc_full_two_probe,2.0,none,strong
MMBench_DEV_EN_V11,Qwen2-VL-7B_Biased_Test,2001888,vcf_only,MCQ,b5_joint_center_os1,Joint-CenterMask-OptionShuffle1,conservative_light_center,0.0,3,0,,,,,none,none
MMBench_DEV_EN_V11,Qwen2-VL-7B_Biased_Test,2001950,tcf_only,MCQ,b5_joint_center_os1,Joint-CenterMask-OptionShuffle1,conservative_light_center,0.0,3,0,,,,,none,none
MMBench_DEV_EN_V11,Qwen2-VL-7B_Biased_Test,2001956,vcf_only,MCQ,b5_joint_center_os1,Joint-CenterMask-OptionShuffle1,vc_only_light_center,1.0,5,1,0.0,2,tc_full_two_probe,2.0,none,center
MMBench_DEV_EN_V11,Qwen2-VL-7B_Biased_Test,2001965,vcf_only,MCQ,b5_joint_center_os1,Joint-CenterMask-OptionShuffle1,vc_only_light_center,1.0,5,1,0.0,2,tc_full_two_probe,2.0,none,center
MMBench_DEV_EN_V11,Qwen2-VL-7B_Biased_Test,2002404,vcf_only,MCQ,b5_joint_center_os1,Joint-CenterMask-OptionShuffle1,conservative_light_center,0.0,3,0,,,,,none,none
MMBench_DEV_EN_V11,Qwen2-VL-7B_Biased_Test,2002624,vcf_only,MCQ,b5_joint_strong_os1,Joint-StrongBlur-OptionShuffle1,joint_strong,1.0,5,1,2.0,2,tc_full_two_probe,2.0,option_shuffle,strong
MMBench_DEV_EN_V11,Qwen2-VL-7B_Biased_Test,2003068,vcf_only,MCQ,b5_joint_strong_os1,Joint-StrongBlur-OptionShuffle1,joint_strong,1.0,5,1,2.0,2,tc_full_two_probe,1.0,option_shuffle,strong
MMBench_DEV_EN_V11,Qwen2-VL-7B_Biased_Test,2003091,both,MCQ,b5_joint_center_os1,Joint-CenterMask-OptionShuffle1,conservative_light_center,0.0,3,0,,,,,none,none
MMBench_DEV_EN_V11,Qwen2-VL-7B_Biased_Test,2003204,vcf_only,MCQ,b5_joint_strong_os1,Joint-StrongBlur-OptionShuffle1,joint_strong,1.0,5,1,2.0,2,tc_full_two_probe,1.0,option_shuffle,strong
MMBench_DEV_EN_V11,Qwen2-VL-7B_Biased_Test,2003222,vcf_only,MCQ,b5_joint_strong_os1,Joint-StrongBlur-OptionShuffle1,joint_strong,1.0,5,1,2.0,2,tc_full_two_probe,1.0,option_shuffle,strong
MMBench_DEV_EN_V11,Qwen2-VL-7B_Biased_Test,2003225,vcf_only,MCQ,b5_joint_center_os1,Joint-CenterMask-OptionShuffle1,conservative_light_center,0.0,3,1,0.0,2,tc_full_two_probe,0.0,none,none
MMBench_DEV_EN_V11,Qwen2-VL-7B_Biased_Test,2003354,vcf_only,MCQ,b5_joint_center_os1,Joint-CenterMask-OptionShuffle1,vc_only_light_center,0.0,5,1,0.0,2,tc_full_two_probe,2.0,none,center
MMBench_DEV_EN_V11,Qwen2-VL-7B_Biased_Test,2003359,vcf_only,MCQ,b5_joint_center_os1,Joint-CenterMask-OptionShuffle1,joint_center,0.0,5,1,2.0,2,tc_full_two_probe,1.0,option_shuffle,center
MMBench_DEV_EN_V11,Qwen2-VL-7B_Biased_Test,2003375,tcf_only,MCQ,b5_joint_center_os1,Joint-CenterMask-OptionShuffle1,conservative_light_center,1.0,3,0,,,,,none,none
MMBench_DEV_EN_V11,Qwen2-VL-7B_Biased_Test,2003392,vcf_only,MCQ,b5_joint_center_os1,Joint-CenterMask-OptionShuffle1,conservative_light_center,1.0,3,0,,,,,none,none
MMBench_DEV_EN_V11,Qwen2-VL-7B_Biased_Test,2003396,both,MCQ,b5_joint_center_os1,Joint-CenterMask-OptionShuffle1,conservative_light_center,0.0,3,0,,,,,none,none
MMBench_DEV_EN_V11,Qwen2-VL-7B_Biased_Test,2003417,vcf_only,MCQ,b5_joint_center_os1,Joint-CenterMask-OptionShuffle1,vc_only_light_center,1.0,5,1,0.0,2,tc_full_two_probe,2.0,none,center
MMBench_DEV_EN_V11,Qwen2-VL-7B_Biased_Test,2003427,vcf_only,MCQ,b5_joint_center_os1,Joint-CenterMask-OptionShuffle1,joint_center,1.0,5,1,2.0,2,tc_full_two_probe,2.0,option_shuffle,center
MMBench_DEV_EN_V11,Qwen2-VL-7B_Biased_Test,2003467,vcf_only,MCQ,b5_joint_center_os1,Joint-CenterMask-OptionShuffle1,joint_center,1.0,5,1,2.0,2,tc_full_two_probe,2.0,option_shuffle,center
MMBench_DEV_EN_V11,Qwen2-VL-7B_Biased_Test,2003498,vcf_only,MCQ,b5_joint_center_os1,Joint-CenterMask-OptionShuffle1,conservative_light_center,0.0,3,0,,,,,none,none
MMBench_DEV_EN_V11,Qwen2-VL-7B_Biased_Test,2003598,vcf_only,MCQ,b5_joint_center_os1,Joint-CenterMask-OptionShuffle1,vc_only_light_center,0.0,5,1,0.0,2,tc_full_two_probe,2.0,none,center
MMBench_DEV_EN_V11,Qwen2-VL-7B_Biased_Test,2003619,tcf_only,MCQ,b5_joint_center_os1,Joint-CenterMask-OptionShuffle1,conservative_light_center,1.0,3,0,,,,,none,none
MMBench_DEV_EN_V11,Qwen2-VL-7B_Biased_Test,2003626,vcf_only,MCQ,b5_joint_center_os1,Joint-CenterMask-OptionShuffle1,conservative_light_center,1.0,3,0,,,,,none,none
MMBench_DEV_EN_V11,Qwen2-VL-7B_Biased_Test,2003632,vcf_only,MCQ,b5_joint_center_os1,Joint-CenterMask-OptionShuffle1,conservative_light_center,1.0,3,0,,,,,none,none
MMBench_DEV_EN_V11,Qwen2-VL-7B_Biased_Test,2003650,vcf_only,MCQ,b5_joint_center_os1,Joint-CenterMask-OptionShuffle1,joint_center,1.0,5,1,2.0,2,tc_full_two_probe,2.0,option_shuffle,center
MMBench_DEV_EN_V11,Qwen2-VL-7B_Biased_Test,2003708,tcf_only,MCQ,b5_joint_center_os1,Joint-CenterMask-OptionShuffle1,conservative_light_center,0.0,3,0,,,,,none,none
MMBench_DEV_EN_V11,Qwen2-VL-7B_Biased_Test,2003744,tcf_only,MCQ,b5_joint_center_os1,Joint-CenterMask-OptionShuffle1,conservative_light_center,1.0,3,0,,,,,none,none
MMBench_DEV_EN_V11,Qwen2-VL-7B_Biased_Test,2003750,vcf_only,MCQ,b5_joint_center_os1,Joint-CenterMask-OptionShuffle1,vc_only_light_center,0.0,5,1,0.0,2,tc_full_two_probe,2.0,none,center
MMBench_DEV_EN_V11,Qwen2-VL-7B_Biased_Test,3000018,vcf_only,MCQ,b5_joint_strong_os1,Joint-StrongBlur-OptionShuffle1,joint_strong,1.0,5,1,2.0,2,tc_full_two_probe,2.0,option_shuffle,strong
MMBench_DEV_EN_V11,Qwen2-VL-7B_Biased_Test,3000126,both,MCQ,b5_joint_center_os1,Joint-CenterMask-OptionShuffle1,conservative_light_center,0.0,3,0,,,,,none,none
MMBench_DEV_EN_V11,Qwen2-VL-7B_Biased_Test,3000465,vcf_only,MCQ,b5_joint_center_os1,Joint-CenterMask-OptionShuffle1,vc_only_light_center,0.0,5,1,0.0,2,tc_full_two_probe,2.0,none,strong
MMBench_DEV_EN_V11,Qwen2-VL-7B_Biased_Test,3000505,vcf_only,MCQ,b5_joint_center_os1,Joint-CenterMask-OptionShuffle1,conservative_light_center,1.0,3,0,,,,,none,none
MMBench_DEV_EN_V11,Qwen2-VL-7B_Biased_Test,3000526,vcf_only,MCQ,b5_joint_center_os1,Joint-CenterMask-OptionShuffle1,joint_center,0.0,5,1,2.0,2,tc_full_two_probe,2.0,option_shuffle,center
MMBench_DEV_EN_V11,Qwen2-VL-7B_Biased_Test,3000535,vcf_only,MCQ,b5_joint_center_os1,Joint-CenterMask-OptionShuffle1,vc_only_light_center,0.0,5,1,0.0,2,tc_full_two_probe,1.0,none,strong
MMBench_DEV_EN_V11,Qwen2-VL-7B_Biased_Test,3000560,vcf_only,MCQ,b5_joint_center_os1,Joint-CenterMask-OptionShuffle1,vc_only_light_center,1.0,5,1,0.0,2,tc_full_two_probe,2.0,none,strong
MMBench_DEV_EN_V11,Qwen2-VL-7B_Biased_Test,3000582,vcf_only,MCQ,b5_joint_center_os1,Joint-CenterMask-OptionShuffle1,vc_only_light_center,1.0,5,1,0.0,2,tc_full_two_probe,1.0,none,center
MMBench_DEV_EN_V11,Qwen2-VL-7B_Biased_Test,3000589,both,MCQ,b5_joint_center_os1,Joint-CenterMask-OptionShuffle1,conservative_light_center,0.0,3,0,,,,,none,none
MMBench_DEV_EN_V11,Qwen2-VL-7B_Biased_Test,3000635,vcf_only,MCQ,b5_joint_center_os1,Joint-CenterMask-OptionShuffle1,vc_only_light_center,0.0,5,1,0.0,2,tc_full_two_probe,1.0,none,strong
MMBench_DEV_EN_V11,Qwen2-VL-7B_Biased_Test,3000647,tcf_only,MCQ,b5_joint_center_os1,Joint-CenterMask-OptionShuffle1,conservative_light_center,0.0,3,0,,,,,none,none
MMBench_DEV_EN_V11,Qwen2-VL-7B_Biased_Test,3000773,vcf_only,MCQ,b5_joint_center_os1,Joint-CenterMask-OptionShuffle1,vc_only_light_center,0.0,5,1,0.0,2,tc_full_two_probe,2.0,none,strong
MMBench_DEV_EN_V11,Qwen2-VL-7B_Biased_Test,3000785,vcf_only,MCQ,b5_joint_center_os1,Joint-CenterMask-OptionShuffle1,vc_only_light_center,1.0,5,1,0.0,2,tc_full_two_probe,2.0,none,center
MMBench_DEV_EN_V11,Qwen2-VL-7B_Biased_Test,3000788,vcf_only,MCQ,b5_joint_center_os1,Joint-CenterMask-OptionShuffle1,vc_only_light_center,0.0,5,1,0.0,2,tc_full_two_probe,1.0,none,strong
MMBench_DEV_EN_V11,Qwen2-VL-7B_Biased_Test,3000799,vcf_only,MCQ,b5_joint_center_os1,Joint-CenterMask-OptionShuffle1,conservative_light_center,1.0,3,0,,,,,none,none
MMBench_DEV_EN_V11,Qwen2-VL-7B_Biased_Test,3000805,vcf_only,MCQ,b5_joint_center_os1,Joint-CenterMask-OptionShuffle1,vc_only_light_center,0.0,5,1,0.0,2,tc_full_two_probe,2.0,none,strong
MMBench_DEV_EN_V11,Qwen2-VL-7B_Biased_Test,3000825,vcf_only,MCQ,b5_joint_center_os1,Joint-CenterMask-OptionShuffle1,vc_only_light_center,0.0,5,1,0.0,2,tc_full_two_probe,1.0,none,strong
MMBench_DEV_EN_V11,Qwen2-VL-7B_Biased_Test,3000866,vcf_only,MCQ,b5_joint_center_os1,Joint-CenterMask-OptionShuffle1,vc_only_light_center,0.0,5,1,0.0,2,tc_full_two_probe,2.0,none,strong
MMBench_DEV_EN_V11,Qwen2-VL-7B_Biased_Test,3000892,vcf_only,MCQ,b5_joint_strong_os1,Joint-StrongBlur-OptionShuffle1,joint_strong,1.0,5,1,2.0,2,tc_full_two_probe,2.0,option_shuffle,strong
MMBench_DEV_EN_V11,Qwen2-VL-7B_Biased_Test,3000961,vcf_only,MCQ,b5_joint_center_os1,Joint-CenterMask-OptionShuffle1,joint_center,0.0,5,1,2.0,2,tc_full_two_probe,2.0,option_shuffle,center
MMBench_DEV_EN_V11,Qwen2-VL-7B_Biased_Test,3001003,vcf_only,MCQ,b5_joint_center_os1,Joint-CenterMask-OptionShuffle1,vc_only_light_center,0.0,5,1,0.0,2,tc_full_two_probe,2.0,none,strong
MMBench_DEV_EN_V11,Qwen2-VL-7B_Biased_Test,3001083,vcf_only,MCQ,b5_joint_center_os1,Joint-CenterMask-OptionShuffle1,conservative_light_center,0.0,3,0,,,,,none,none
MMBench_DEV_EN_V11,Qwen2-VL-7B_Biased_Test,3001488,tcf_only,MCQ,b5_joint_center_os1,Joint-CenterMask-OptionShuffle1,conservative_light_center,1.0,3,0,,,,,none,none
MMBench_DEV_EN_V11,Qwen2-VL-7B_Biased_Test,3001659,vcf_only,MCQ,b5_joint_strong_os1,Joint-StrongBlur-OptionShuffle1,joint_strong,1.0,5,1,2.0,2,tc_full_two_probe,2.0,option_shuffle,strong
MMBench_DEV_EN_V11,Qwen2-VL-7B_Biased_Test,3001774,tcf_only,MCQ,b5_joint_center_os1,Joint-CenterMask-OptionShuffle1,conservative_light_center,1.0,3,0,,,,,none,none
MMBench_DEV_EN_V11,Qwen2-VL-7B_Biased_Test,3001847,vcf_only,MCQ,b5_joint_center_os1,Joint-CenterMask-OptionShuffle1,vc_only_light_center,1.0,5,1,0.0,2,tc_full_two_probe,2.0,none,center
MMBench_DEV_EN_V11,Qwen2-VL-7B_Biased_Test,3001849,vcf_only,MCQ,b5_joint_center_os1,Joint-CenterMask-OptionShuffle1,vc_only_light_center,1.0,5,1,0.0,2,tc_full_two_probe,2.0,none,strong
MMBench_DEV_EN_V11,Qwen2-VL-7B_Biased_Test,3001851,vcf_only,MCQ,b5_joint_center_os1,Joint-CenterMask-OptionShuffle1,vc_only_light_center,0.0,5,1,0.0,2,tc_full_two_probe,2.0,none,center
MMBench_DEV_EN_V11,Qwen2-VL-7B_Biased_Test,3001854,vcf_only,MCQ,b5_joint_center_os1,Joint-CenterMask-OptionShuffle1,vc_only_light_center,0.0,5,1,0.0,2,tc_full_two_probe,2.0,none,center
MMBench_DEV_EN_V11,Qwen2-VL-7B_Biased_Test,3001863,vcf_only,MCQ,b5_joint_center_os1,Joint-CenterMask-OptionShuffle1,conservative_light_center,0.0,3,0,,,,,none,none
MMBench_DEV_EN_V11,Qwen2-VL-7B_Biased_Test,3001867,both,MCQ,b5_joint_center_os1,Joint-CenterMask-OptionShuffle1,conservative_light_center,0.0,3,0,,,,,none,none
MMBench_DEV_EN_V11,Qwen2-VL-7B_Biased_Test,3001875,vcf_only,MCQ,b5_joint_center_os1,Joint-CenterMask-OptionShuffle1,conservative_light_center,1.0,3,0,,,,,none,none
MMBench_DEV_EN_V11,Qwen2-VL-7B_Biased_Test,3001878,vcf_only,MCQ,b5_joint_center_os1,Joint-CenterMask-OptionShuffle1,conservative_light_center,1.0,3,0,,,,,none,none
MMBench_DEV_EN_V11,Qwen2-VL-7B_Biased_Test,3001879,vcf_only,MCQ,b5_joint_center_os1,Joint-CenterMask-OptionShuffle1,vc_only_light_center,0.0,5,1,0.0,2,tc_full_two_probe,2.0,none,strong
MMBench_DEV_EN_V11,Qwen2-VL-7B_Biased_Test,3001953,vcf_only,MCQ,b5_joint_center_os1,Joint-CenterMask-OptionShuffle1,vc_only_light_center,1.0,5,1,0.0,2,tc_full_two_probe,2.0,none,center
MMBench_DEV_EN_V11,Qwen2-VL-7B_Biased_Test,3001956,vcf_only,MCQ,b5_joint_center_os1,Joint-CenterMask-OptionShuffle1,vc_only_light_center,1.0,5,1,0.0,2,tc_full_two_probe,1.0,none,center
MMBench_DEV_EN_V11,Qwen2-VL-7B_Biased_Test,3001962,tcf_only,MCQ,b5_joint_center_os1,Joint-CenterMask-OptionShuffle1,conservative_light_center,0.0,3,0,,,,,none,none
MMBench_DEV_EN_V11,Qwen2-VL-7B_Biased_Test,3001965,vcf_only,MCQ,b5_joint_center_os1,Joint-CenterMask-OptionShuffle1,vc_only_light_center,1.0,5,1,0.0,2,tc_full_two_probe,1.0,none,center
MMBench_DEV_EN_V11,Qwen2-VL-7B_Biased_Test,3001979,vcf_only,MCQ,b5_joint_center_os1,Joint-CenterMask-OptionShuffle1,conservative_light_center,1.0,3,0,,,,,none,none
MMBench_DEV_EN_V11,Qwen2-VL-7B_Biased_Test,3002624,both,MCQ,b5_joint_center_os1,Joint-CenterMask-OptionShuffle1,conservative_light_center,1.0,3,0,,,,,none,none
MMBench_DEV_EN_V11,Qwen2-VL-7B_Biased_Test,3002946,both,MCQ,b5_joint_center_os1,Joint-CenterMask-OptionShuffle1,conservative_light_center,1.0,3,0,,,,,none,none
MMBench_DEV_EN_V11,Qwen2-VL-7B_Biased_Test,3003068,vcf_only,MCQ,b5_joint_center_os1,Joint-CenterMask-OptionShuffle1,vc_only_light_center,1.0,5,1,0.0,2,tc_full_two_probe,1.0,none,strong
MMBench_DEV_EN_V11,Qwen2-VL-7B_Biased_Test,3003119,vcf_only,MCQ,b5_joint_center_os1,Joint-CenterMask-OptionShuffle1,vc_only_light_center,0.0,5,1,0.0,2,tc_full_two_probe,2.0,none,strong
MMBench_DEV_EN_V11,Qwen2-VL-7B_Biased_Test,3003164,tcf_only,MCQ,b5_joint_center_os1,Joint-CenterMask-OptionShuffle1,vc_only_light_center,0.0,5,1,0.0,2,tc_full_two_probe,2.0,none,center
MMBench_DEV_EN_V11,Qwen2-VL-7B_Biased_Test,3003202,vcf_only,MCQ,b5_joint_strong_os1,Joint-StrongBlur-OptionShuffle1,joint_strong,0.0,5,1,2.0,2,tc_full_two_probe,1.0,option_shuffle,strong
MMBench_DEV_EN_V11,Qwen2-VL-7B_Biased_Test,3003211,vcf_only,MCQ,b5_joint_center_os1,Joint-CenterMask-OptionShuffle1,vc_only_light_center,0.0,5,1,0.0,2,tc_full_two_probe,1.0,none,strong
MMBench_DEV_EN_V11,Qwen2-VL-7B_Biased_Test,3003225,vcf_only,MCQ,b5_joint_center_os1,Joint-CenterMask-OptionShuffle1,conservative_light_center,0.0,3,1,0.0,2,tc_full_two_probe,0.0,none,none
MMBench_DEV_EN_V11,Qwen2-VL-7B_Biased_Test,3003226,tcf_only,MCQ,b5_joint_center_os1,Joint-CenterMask-OptionShuffle1,conservative_light_center,0.0,3,0,,,,,none,none
MMBench_DEV_EN_V11,Qwen2-VL-7B_Biased_Test,3003379,vcf_only,MCQ,b5_joint_center_os1,Joint-CenterMask-OptionShuffle1,vc_only_light_center,0.0,5,1,0.0,2,tc_full_two_probe,1.0,none,strong
MMBench_DEV_EN_V11,Qwen2-VL-7B_Biased_Test,3003394,vcf_only,MCQ,b5_joint_center_os1,Joint-CenterMask-OptionShuffle1,conservative_light_center,0.0,3,0,,,,,none,none
MMBench_DEV_EN_V11,Qwen2-VL-7B_Biased_Test,3003396,vcf_only,MCQ,b5_joint_center_os1,Joint-CenterMask-OptionShuffle1,joint_center,0.0,5,1,2.0,2,tc_full_two_probe,2.0,option_shuffle,center
MMBench_DEV_EN_V11,Qwen2-VL-7B_Biased_Test,3003417,vcf_only,MCQ,b5_joint_center_os1,Joint-CenterMask-OptionShuffle1,vc_only_light_center,1.0,5,1,0.0,2,tc_full_two_probe,2.0,none,center
MMBench_DEV_EN_V11,Qwen2-VL-7B_Biased_Test,3003427,vcf_only,MCQ,b5_joint_center_os1,Joint-CenterMask-OptionShuffle1,conservative_light_center,1.0,3,0,,,,,none,none
MMBench_DEV_EN_V11,Qwen2-VL-7B_Biased_Test,3003467,vcf_only,MCQ,b5_joint_center_os1,Joint-CenterMask-OptionShuffle1,joint_center,1.0,5,1,2.0,2,tc_full_two_probe,2.0,option_shuffle,center
MMBench_DEV_EN_V11,Qwen2-VL-7B_Biased_Test,3003498,vcf_only,MCQ,b5_joint_center_os1,Joint-CenterMask-OptionShuffle1,joint_center,0.0,5,1,2.0,2,tc_full_two_probe,1.0,option_shuffle,center
MMBench_DEV_EN_V11,Qwen2-VL-7B_Biased_Test,3003598,vcf_only,MCQ,b5_joint_center_os1,Joint-CenterMask-OptionShuffle1,vc_only_light_center,0.0,5,1,0.0,2,tc_full_two_probe,2.0,none,center
MMBench_DEV_EN_V11,Qwen2-VL-7B_Biased_Test,3003603,vcf_only,MCQ,b5_joint_center_os1,Joint-CenterMask-OptionShuffle1,conservative_light_center,0.0,3,0,,,,,none,none
MMBench_DEV_EN_V11,Qwen2-VL-7B_Biased_Test,3003611,vcf_only,MCQ,b5_joint_center_os1,Joint-CenterMask-OptionShuffle1,conservative_light_center,0.0,3,0,,,,,none,none
MMBench_DEV_EN_V11,Qwen2-VL-7B_Biased_Test,3003625,tcf_only,MCQ,b5_joint_center_os1,Joint-CenterMask-OptionShuffle1,conservative_light_center,1.0,3,0,,,,,none,none
MMBench_DEV_EN_V11,Qwen2-VL-7B_Biased_Test,3003626,vcf_only,MCQ,b5_joint_center_os1,Joint-CenterMask-OptionShuffle1,conservative_light_center,0.0,3,0,,,,,none,none
MMBench_DEV_EN_V11,Qwen2-VL-7B_Biased_Test,3003631,vcf_only,MCQ,b5_joint_center_os1,Joint-CenterMask-OptionShuffle1,conservative_light_center,0.0,3,0,,,,,none,none
MMBench_DEV_EN_V11,Qwen2-VL-7B_Biased_Test,3003639,vcf_only,MCQ,b5_joint_center_os1,Joint-CenterMask-OptionShuffle1,conservative_light_center,0.0,3,0,,,,,none,none
MMBench_DEV_EN_V11,Qwen2-VL-7B_Biased_Test,3003641,vcf_only,MCQ,b5_joint_center_os1,Joint-CenterMask-OptionShuffle1,conservative_light_center,0.0,3,0,,,,,none,none
MMBench_DEV_EN_V11,Qwen2-VL-7B_Biased_Test,3003653,tcf_only,MCQ,b5_joint_center_os1,Joint-CenterMask-OptionShuffle1,conservative_light_center,0.0,3,0,,,,,none,none
MMBench_DEV_EN_V11,Qwen2-VL-7B_Biased_Test,3003658,vcf_only,MCQ,b5_joint_center_os1,Joint-CenterMask-OptionShuffle1,conservative_light_center,0.0,3,0,,,,,none,none
MME,Qwen2-VL-7B_Biased_Test,1,tcf_only,Oth,Joint-CenterMask-QuestionMask,Joint-CenterMask-QuestionMask,conservative_light_center,1.0,3,0,,,,,none,none
MME,Qwen2-VL-7B_Biased_Test,33,tcf_only,Oth,Joint-CenterMask-QuestionMask,Joint-CenterMask-QuestionMask,vc_only_light_center,0.0,4,1,0.0181686785072088,1,tc_qmask,2.0,none,strong
MME,Qwen2-VL-7B_Biased_Test,49,both,Oth,Joint-CenterMask-QuestionMask,Joint-CenterMask-QuestionMask,conservative_light_center,1.0,3,0,,,,,none,none
MME,Qwen2-VL-7B_Biased_Test,51,tcf_only,Oth,Joint-CenterMask-QuestionMask,Joint-CenterMask-QuestionMask,conservative_light_center,0.0,3,0,,,,,none,none
MME,Qwen2-VL-7B_Biased_Test,53,vcf_only,Oth,Joint-CenterMask-QuestionMask,Joint-CenterMask-QuestionMask,vc_only_light_center,0.0,4,1,0.035389706492424,1,tc_qmask,1.0,none,strong
MME,Qwen2-VL-7B_Biased_Test,59,both,Oth,Joint-CenterMask-QuestionMask,Joint-CenterMask-QuestionMask,vc_only_light_center,1.0,4,1,0.0046750279143452,1,tc_qmask,1.0,none,strong
MME,Qwen2-VL-7B_Biased_Test,64,tcf_only,Oth,Joint-CenterMask-QuestionMask,Joint-CenterMask-QuestionMask,conservative_light_center,0.0,3,0,,,,,none,none
MME,Qwen2-VL-7B_Biased_Test,71,vcf_only,Oth,Joint-CenterMask-QuestionMask,Joint-CenterMask-QuestionMask,vc_only_light_center,0.0,4,1,0.0064964545890688,1,tc_qmask,1.0,none,strong
MME,Qwen2-VL-7B_Biased_Test,76,tcf_only,Oth,Joint-CenterMask-QuestionMask,Joint-CenterMask-QuestionMask,conservative_light_center,1.0,3,0,,,,,none,none
MME,Qwen2-VL-7B_Biased_Test,78,both,Oth,Joint-StrongBlur-QuestionMask,Joint-StrongBlur-QuestionMask,joint_strong,1.0,4,1,0.1021986007690429,1,tc_qmask,2.0,qmask,strong
MME,Qwen2-VL-7B_Biased_Test,84,tcf_only,Oth,Joint-CenterMask-QuestionMask,Joint-CenterMask-QuestionMask,conservative_light_center,0.0,3,0,,,,,none,none
MME,Qwen2-VL-7B_Biased_Test,94,both,Oth,Joint-CenterMask-QuestionMask,Joint-CenterMask-QuestionMask,conservative_light_center,0.0,3,0,,,,,none,none
MME,Qwen2-VL-7B_Biased_Test,109,both,Oth,Joint-CenterMask-QuestionMask,Joint-CenterMask-QuestionMask,conservative_light_center,1.0,3,0,,,,,none,none
MME,Qwen2-VL-7B_Biased_Test,112,tcf_only,Oth,Joint-StrongBlur-QuestionMask,Joint-StrongBlur-QuestionMask,joint_strong,1.0,4,1,0.0529149994254112,1,tc_qmask,1.0,qmask,strong
MME,Qwen2-VL-7B_Biased_Test,114,both,Oth,Joint-StrongBlur-QuestionMask,Joint-StrongBlur-QuestionMask,joint_strong,1.0,4,1,0.0991849079728126,1,tc_qmask,2.0,qmask,strong
MME,Qwen2-VL-7B_Biased_Test,128,tcf_only,Oth,Joint-StrongBlur-QuestionMask,Joint-StrongBlur-QuestionMask,joint_strong,1.0,4,1,0.1057608127593994,1,tc_qmask,2.0,qmask,strong
MME,Qwen2-VL-7B_Biased_Test,139,vcf_only,Oth,Joint-CenterMask-QuestionMask,Joint-CenterMask-QuestionMask,conservative_light_center,0.0,3,1,0.0005892494227737,1,tc_qmask,0.0,none,none
MME,Qwen2-VL-7B_Biased_Test,147,tcf_only,Oth,Joint-CenterMask-QuestionMask,Joint-CenterMask-QuestionMask,conservative_light_center,0.0,3,0,,,,,none,none
MME,Qwen2-VL-7B_Biased_Test,161,both,Oth,Joint-CenterMask-QuestionMask,Joint-CenterMask-QuestionMask,conservative_light_center,0.0,3,0,,,,,none,none
MME,Qwen2-VL-7B_Biased_Test,183,tcf_only,Oth,Joint-CenterMask-QuestionMask,Joint-CenterMask-QuestionMask,conservative_light_center,0.0,3,0,,,,,none,none
MME,Qwen2-VL-7B_Biased_Test,196,both,Oth,Joint-CenterMask-QuestionMask,Joint-CenterMask-QuestionMask,conservative_light_center,1.0,3,0,,,,,none,none
MME,Qwen2-VL-7B_Biased_Test,202,both,Oth,Joint-CenterMask-QuestionMask,Joint-CenterMask-QuestionMask,joint_center,0.0,4,1,0.0780327916145324,1,tc_qmask,1.0,qmask,center
MME,Qwen2-VL-7B_Biased_Test,203,both,Oth,Joint-CenterMask-QuestionMask,Joint-CenterMask-QuestionMask,conservative_light_center,0.0,3,0,,,,,none,none
MME,Qwen2-VL-7B_Biased_Test,206,both,Oth,Joint-StrongBlur-QuestionMask,Joint-StrongBlur-QuestionMask,joint_strong,0.0,4,1,0.0988002195954322,1,tc_qmask,2.0,qmask,strong
MME,Qwen2-VL-7B_Biased_Test,211,both,Oth,Joint-CenterMask-QuestionMask,Joint-CenterMask-QuestionMask,vc_only_light_center,1.0,4,1,0.0121939815580844,1,tc_qmask,1.0,none,strong
MME,Qwen2-VL-7B_Biased_Test,224,both,Oth,Joint-StrongBlur-QuestionMask,Joint-StrongBlur-QuestionMask,joint_strong,1.0,4,1,0.0888629108667373,1,tc_qmask,2.0,qmask,strong
MME,Qwen2-VL-7B_Biased_Test,228,both,Oth,Joint-StrongBlur-QuestionMask,Joint-StrongBlur-QuestionMask,joint_strong,1.0,4,1,0.0743342489004135,1,tc_qmask,2.0,qmask,strong
MME,Qwen2-VL-7B_Biased_Test,234,both,Oth,Joint-StrongBlur-QuestionMask,Joint-StrongBlur-QuestionMask,joint_strong,1.0,4,1,0.171442449092865,1,tc_qmask,2.0,qmask,strong
MME,Qwen2-VL-7B_Biased_Test,244,both,Oth,Joint-StrongBlur-QuestionMask,Joint-StrongBlur-QuestionMask,joint_strong,1.0,4,1,0.075238898396492,1,tc_qmask,2.0,qmask,strong
MME,Qwen2-VL-7B_Biased_Test,249,vcf_only,Oth,Joint-CenterMask-QuestionMask,Joint-CenterMask-QuestionMask,vc_only_light_center,1.0,4,1,0.0366588495671749,1,tc_qmask,2.0,none,strong
MME,Qwen2-VL-7B_Biased_Test,273,vcf_only,Oth,Joint-CenterMask-QuestionMask,Joint-CenterMask-QuestionMask,vc_only_light_center,1.0,4,1,0.0100918281823396,1,tc_qmask,2.0,none,center
MME,Qwen2-VL-7B_Biased_Test,283,both,Oth,Joint-CenterMask-QuestionMask,Joint-CenterMask-QuestionMask,conservative_light_center,0.0,3,1,0.0008575929095968,1,tc_qmask,0.0,none,none
MME,Qwen2-VL-7B_Biased_Test,284,both,Oth,Joint-CenterMask-QuestionMask,Joint-CenterMask-QuestionMask,conservative_light_center,1.0,3,0,,,,,none,none
MME,Qwen2-VL-7B_Biased_Test,286,tcf_only,Oth,Joint-CenterMask-QuestionMask,Joint-CenterMask-QuestionMask,conservative_light_center,0.0,3,0,,,,,none,none
MME,Qwen2-VL-7B_Biased_Test,287,both,Oth,Joint-CenterMask-QuestionMask,Joint-CenterMask-QuestionMask,conservative_light_center,1.0,3,0,,,,,none,none
MME,Qwen2-VL-7B_Biased_Test,288,tcf_only,Oth,Joint-CenterMask-QuestionMask,Joint-CenterMask-QuestionMask,conservative_light_center,0.0,3,0,,,,,none,none
MME,Qwen2-VL-7B_Biased_Test,291,tcf_only,Oth,Joint-StrongBlur-QuestionMask,Joint-StrongBlur-QuestionMask,joint_strong,0.0,4,1,0.1314059197902679,1,tc_qmask,1.0,qmask,strong
MME,Qwen2-VL-7B_Biased_Test,314,both,Oth,Joint-CenterMask-QuestionMask,Joint-CenterMask-QuestionMask,conservative_light_center,1.0,3,0,,,,,none,none
MME,Qwen2-VL-7B_Biased_Test,329,tcf_only,Oth,Joint-CenterMask-QuestionMask,Joint-CenterMask-QuestionMask,conservative_light_center,1.0,3,0,,,,,none,none
MME,Qwen2-VL-7B_Biased_Test,338,tcf_only,Oth,Joint-CenterMask-QuestionMask,Joint-CenterMask-QuestionMask,conservative_light_center,1.0,3,0,,,,,none,none
MME,Qwen2-VL-7B_Biased_Test,339,both,Oth,Joint-CenterMask-QuestionMask,Joint-CenterMask-QuestionMask,conservative_light_center,1.0,3,0,,,,,none,none
MME,Qwen2-VL-7B_Biased_Test,347,vcf_only,Oth,Joint-StrongBlur-QuestionMask,Joint-StrongBlur-QuestionMask,joint_strong,0.0,4,1,0.0548583045601844,1,tc_qmask,2.0,qmask,strong
MME,Qwen2-VL-7B_Biased_Test,352,tcf_only,Oth,Joint-CenterMask-QuestionMask,Joint-CenterMask-QuestionMask,conservative_light_center,1.0,3,0,,,,,none,none
MME,Qwen2-VL-7B_Biased_Test,363,vcf_only,Oth,Joint-CenterMask-QuestionMask,Joint-CenterMask-QuestionMask,vc_only_light_center,0.0,4,1,0.0177642852067947,1,tc_qmask,1.0,none,strong
MME,Qwen2-VL-7B_Biased_Test,372,tcf_only,Oth,Joint-CenterMask-QuestionMask,Joint-CenterMask-QuestionMask,conservative_light_center,1.0,3,0,,,,,none,none
MME,Qwen2-VL-7B_Biased_Test,373,vcf_only,Oth,Joint-CenterMask-QuestionMask,Joint-CenterMask-QuestionMask,vc_only_light_center,0.0,4,1,0.035492904484272,1,tc_qmask,1.0,none,strong
MME,Qwen2-VL-7B_Biased_Test,376,tcf_only,Oth,Joint-CenterMask-QuestionMask,Joint-CenterMask-QuestionMask,conservative_light_center,0.0,3,0,,,,,none,none
MME,Qwen2-VL-7B_Biased_Test,382,both,Oth,Joint-StrongBlur-QuestionMask,Joint-StrongBlur-QuestionMask,joint_strong,1.0,4,1,0.0568853765726089,1,tc_qmask,2.0,qmask,strong
MME,Qwen2-VL-7B_Biased_Test,394,both,Oth,Joint-CenterMask-QuestionMask,Joint-CenterMask-QuestionMask,joint_center,0.0,4,1,0.0754608064889907,1,tc_qmask,2.0,qmask,center
MME,Qwen2-VL-7B_Biased_Test,396,both,Oth,Joint-StrongBlur-QuestionMask,Joint-StrongBlur-QuestionMask,joint_strong,1.0,4,1,0.0721979364752769,1,tc_qmask,2.0,qmask,strong
MME,Qwen2-VL-7B_Biased_Test,397,vcf_only,Oth,Joint-CenterMask-QuestionMask,Joint-CenterMask-QuestionMask,vc_only_light_center,0.0,4,1,0.0058723902329802,1,tc_qmask,1.0,none,center
MME,Qwen2-VL-7B_Biased_Test,402,both,Oth,Joint-CenterMask-QuestionMask,Joint-CenterMask-QuestionMask,conservative_light_center,0.0,3,0,,,,,none,none
MME,Qwen2-VL-7B_Biased_Test,403,vcf_only,Oth,Joint-CenterMask-QuestionMask,Joint-CenterMask-QuestionMask,vc_only_light_center,0.0,4,1,0.0410543233156204,1,tc_qmask,1.0,none,strong
MME,Qwen2-VL-7B_Biased_Test,419,both,Oth,Joint-CenterMask-QuestionMask,Joint-CenterMask-QuestionMask,conservative_light_center,0.0,3,0,,,,,none,none
MME,Qwen2-VL-7B_Biased_Test,422,tcf_only,Oth,Joint-CenterMask-QuestionMask,Joint-CenterMask-QuestionMask,conservative_light_center,0.0,3,0,,,,,none,none
MME,Qwen2-VL-7B_Biased_Test,427,vcf_only,Oth,Joint-CenterMask-QuestionMask,Joint-CenterMask-QuestionMask,conservative_light_center,0.0,3,0,,,,,none,none
MME,Qwen2-VL-7B_Biased_Test,428,tcf_only,Oth,Joint-CenterMask-QuestionMask,Joint-CenterMask-QuestionMask,conservative_light_center,1.0,3,0,,,,,none,none
MME,Qwen2-VL-7B_Biased_Test,429,tcf_only,Oth,Joint-CenterMask-QuestionMask,Joint-CenterMask-QuestionMask,conservative_light_center,0.0,3,0,,,,,none,none
MME,Qwen2-VL-7B_Biased_Test,431,tcf_only,Oth,Joint-CenterMask-QuestionMask,Joint-CenterMask-QuestionMask,conservative_light_center,0.0,3,0,,,,,none,none
MME,Qwen2-VL-7B_Biased_Test,441,vcf_only,Oth,Joint-CenterMask-QuestionMask,Joint-CenterMask-QuestionMask,conservative_light_center,0.0,3,1,0.0006857339758425,1,tc_qmask,0.0,none,none
MME,Qwen2-VL-7B_Biased_Test,447,vcf_only,Oth,Joint-CenterMask-QuestionMask,Joint-CenterMask-QuestionMask,conservative_light_center,0.0,3,0,,,,,none,none
MME,Qwen2-VL-7B_Biased_Test,449,both,Oth,Joint-CenterMask-QuestionMask,Joint-CenterMask-QuestionMask,conservative_light_center,0.0,3,0,,,,,none,none
MME,Qwen2-VL-7B_Biased_Test,461,both,Oth,Joint-CenterMask-QuestionMask,Joint-CenterMask-QuestionMask,conservative_light_center,0.0,3,0,,,,,none,none
MME,Qwen2-VL-7B_Biased_Test,473,both,Oth,Joint-CenterMask-QuestionMask,Joint-CenterMask-QuestionMask,conservative_light_center,0.0,3,0,,,,,none,none
MME,Qwen2-VL-7B_Biased_Test,474,both,Oth,Joint-CenterMask-QuestionMask,Joint-CenterMask-QuestionMask,conservative_light_center,1.0,3,0,,,,,none,none
MME,Qwen2-VL-7B_Biased_Test,481,vcf_only,Oth,Joint-CenterMask-QuestionMask,Joint-CenterMask-QuestionMask,conservative_light_center,0.0,3,1,0.0158692970871925,1,tc_qmask,0.0,none,none
MME,Qwen2-VL-7B_Biased_Test,487,both,Oth,Joint-CenterMask-QuestionMask,Joint-CenterMask-QuestionMask,conservative_light_center,0.0,3,0,,,,,none,none
MME,Qwen2-VL-7B_Biased_Test,488,tcf_only,Oth,Joint-CenterMask-QuestionMask,Joint-CenterMask-QuestionMask,conservative_light_center,1.0,3,1,0.0184306260198354,1,tc_qmask,0.0,none,none
MME,Qwen2-VL-7B_Biased_Test,491,vcf_only,Oth,Joint-CenterMask-QuestionMask,Joint-CenterMask-QuestionMask,conservative_light_center,0.0,3,1,0.0028839169535785,1,tc_qmask,0.0,none,none
MME,Qwen2-VL-7B_Biased_Test,503,both,Oth,Joint-CenterMask-QuestionMask,Joint-CenterMask-QuestionMask,conservative_light_center,0.0,3,0,,,,,none,none
MME,Qwen2-VL-7B_Biased_Test,519,vcf_only,Oth,Joint-CenterMask-QuestionMask,Joint-CenterMask-QuestionMask,vc_only_light_center,0.0,4,1,0.0092257168143987,1,tc_qmask,1.0,none,strong
MME,Qwen2-VL-7B_Biased_Test,529,vcf_only,Oth,Joint-CenterMask-QuestionMask,Joint-CenterMask-QuestionMask,vc_only_light_center,0.0,4,1,0.0044688703492283,1,tc_qmask,1.0,none,strong
MME,Qwen2-VL-7B_Biased_Test,533,tcf_only,Oth,Joint-CenterMask-QuestionMask,Joint-CenterMask-QuestionMask,conservative_light_center,0.0,3,0,,,,,none,none
MME,Qwen2-VL-7B_Biased_Test,549,vcf_only,Oth,Joint-CenterMask-QuestionMask,Joint-CenterMask-QuestionMask,conservative_light_center,0.0,3,1,0.0086841490119695,1,tc_qmask,0.0,none,none
MME,Qwen2-VL-7B_Biased_Test,559,vcf_only,Oth,Joint-CenterMask-QuestionMask,Joint-CenterMask-QuestionMask,vc_only_light_center,0.0,4,1,0.0034604368265718,1,tc_qmask,1.0,none,strong
MME,Qwen2-VL-7B_Biased_Test,562,tcf_only,Oth,Joint-CenterMask-QuestionMask,Joint-CenterMask-QuestionMask,vc_only_light_center,1.0,4,1,0.0295665897428989,1,tc_qmask,2.0,none,strong
MME,Qwen2-VL-7B_Biased_Test,572,tcf_only,Oth,Joint-CenterMask-QuestionMask,Joint-CenterMask-QuestionMask,conservative_light_center,1.0,3,0,,,,,none,none
MME,Qwen2-VL-7B_Biased_Test,584,tcf_only,Oth,Joint-CenterMask-QuestionMask,Joint-CenterMask-QuestionMask,conservative_light_center,1.0,3,0,,,,,none,none
MME,Qwen2-VL-7B_Biased_Test,587,vcf_only,Oth,Joint-CenterMask-QuestionMask,Joint-CenterMask-QuestionMask,conservative_light_center,0.0,3,0,,,,,none,none
MME,Qwen2-VL-7B_Biased_Test,593,both,Oth,Joint-CenterMask-QuestionMask,Joint-CenterMask-QuestionMask,conservative_light_center,0.0,3,0,,,,,none,none
MME,Qwen2-VL-7B_Biased_Test,601,vcf_only,Oth,Joint-CenterMask-QuestionMask,Joint-CenterMask-QuestionMask,vc_only_light_center,0.0,4,1,0.0143256820738315,1,tc_qmask,1.0,none,strong
MME,Qwen2-VL-7B_Biased_Test,611,tcf_only,Oth,Joint-CenterMask-QuestionMask,Joint-CenterMask-QuestionMask,conservative_light_center,0.0,3,0,,,,,none,none
MME,Qwen2-VL-7B_Biased_Test,617,tcf_only,Oth,Joint-CenterMask-QuestionMask,Joint-CenterMask-QuestionMask,conservative_light_center,1.0,3,0,,,,,none,none
MME,Qwen2-VL-7B_Biased_Test,621,vcf_only,Oth,Joint-CenterMask-QuestionMask,Joint-CenterMask-QuestionMask,conservative_light_center,0.0,3,1,0.0132435681298375,1,tc_qmask,0.0,none,none
MME,Qwen2-VL-7B_Biased_Test,623,vcf_only,Oth,Joint-CenterMask-QuestionMask,Joint-CenterMask-QuestionMask,vc_only_light_center,0.0,4,1,0.0188680402934551,1,tc_qmask,1.0,none,strong
MME,Qwen2-VL-7B_Biased_Test,629,vcf_only,Oth,Joint-CenterMask-QuestionMask,Joint-CenterMask-QuestionMask,conservative_light_center,0.0,3,1,0.0035316811408847,1,tc_qmask,0.0,none,none
MME,Qwen2-VL-7B_Biased_Test,632,both,Oth,Joint-CenterMask-QuestionMask,Joint-CenterMask-QuestionMask,conservative_light_center,1.0,3,0,,,,,none,none
MME,Qwen2-VL-7B_Biased_Test,637,vcf_only,Oth,Joint-CenterMask-QuestionMask,Joint-CenterMask-QuestionMask,vc_only_light_center,0.0,4,1,0.0088165085762739,1,tc_qmask,1.0,none,strong
MME,Qwen2-VL-7B_Biased_Test,639,vcf_only,Oth,Joint-CenterMask-QuestionMask,Joint-CenterMask-QuestionMask,joint_center,0.0,4,1,0.0803876966238021,1,tc_qmask,2.0,qmask,center
MME,Qwen2-VL-7B_Biased_Test,649,vcf_only,Oth,Joint-CenterMask-QuestionMask,Joint-CenterMask-QuestionMask,conservative_light_center,0.0,3,1,0.0153088886290788,1,tc_qmask,0.0,none,none
MME,Qwen2-VL-7B_Biased_Test,651,vcf_only,Oth,Joint-CenterMask-QuestionMask,Joint-CenterMask-QuestionMask,conservative_light_center,0.0,3,1,0.0034410431981086,1,tc_qmask,0.0,none,none
MME,Qwen2-VL-7B_Biased_Test,661,vcf_only,Oth,Joint-CenterMask-QuestionMask,Joint-CenterMask-QuestionMask,conservative_light_center,0.0,3,1,0.0130696445703506,1,tc_qmask,0.0,none,none
MME,Qwen2-VL-7B_Biased_Test,663,both,Oth,Joint-CenterMask-QuestionMask,Joint-CenterMask-QuestionMask,conservative_light_center,0.0,3,0,,,,,none,none
MME,Qwen2-VL-7B_Biased_Test,664,tcf_only,Oth,Joint-CenterMask-QuestionMask,Joint-CenterMask-QuestionMask,conservative_light_center,1.0,3,0,,,,,none,none
MME,Qwen2-VL-7B_Biased_Test,668,vcf_only,Oth,Joint-StrongBlur-QuestionMask,Joint-StrongBlur-QuestionMask,joint_strong,0.0,4,1,0.3893584012985229,1,tc_qmask,2.0,qmask,strong
MME,Qwen2-VL-7B_Biased_Test,692,both,Oth,Joint-CenterMask-QuestionMask,Joint-CenterMask-QuestionMask,joint_center,0.0,4,1,0.3604521751403808,1,tc_qmask,1.0,qmask,center
MME,Qwen2-VL-7B_Biased_Test,697,vcf_only,Oth,Joint-CenterMask-QuestionMask,Joint-CenterMask-QuestionMask,conservative_light_center,0.0,3,1,0.0140554858371615,1,tc_qmask,0.0,none,none
MME,Qwen2-VL-7B_Biased_Test,699,vcf_only,Oth,Joint-CenterMask-QuestionMask,Joint-CenterMask-QuestionMask,vc_only_light_center,0.0,4,1,0.0265163891017436,1,tc_qmask,1.0,none,strong
MME,Qwen2-VL-7B_Biased_Test,702,both,Oth,Joint-CenterMask-QuestionMask,Joint-CenterMask-QuestionMask,joint_center,0.0,4,1,0.2127713114023208,1,tc_qmask,2.0,qmask,center
MME,Qwen2-VL-7B_Biased_Test,707,both,Oth,Joint-CenterMask-QuestionMask,Joint-CenterMask-QuestionMask,conservative_light_center,0.0,3,1,0.026173360645771,1,tc_qmask,0.0,none,none
MME,Qwen2-VL-7B_Biased_Test,709,both,Oth,Joint-CenterMask-QuestionMask,Joint-CenterMask-QuestionMask,conservative_light_center,0.0,3,0,,,,,none,none
MME,Qwen2-VL-7B_Biased_Test,741,vcf_only,Oth,Joint-CenterMask-QuestionMask,Joint-CenterMask-QuestionMask,conservative_light_center,0.0,3,1,0.0245355237275362,1,tc_qmask,0.0,none,none
MME,Qwen2-VL-7B_Biased_Test,742,both,Oth,Joint-CenterMask-QuestionMask,Joint-CenterMask-QuestionMask,conservative_light_center,1.0,3,0,,,,,none,none
MME,Qwen2-VL-7B_Biased_Test,751,vcf_only,Oth,Joint-CenterMask-QuestionMask,Joint-CenterMask-QuestionMask,vc_only_light_center,0.0,4,1,0.0058463248424232,1,tc_qmask,1.0,none,strong
MME,Qwen2-VL-7B_Biased_Test,759,vcf_only,Oth,Joint-CenterMask-QuestionMask,Joint-CenterMask-QuestionMask,vc_only_light_center,0.0,4,1,0.0034135184250772,1,tc_qmask,1.0,none,center
MME,Qwen2-VL-7B_Biased_Test,767,vcf_only,Oth,Joint-CenterMask-QuestionMask,Joint-CenterMask-QuestionMask,conservative_light_center,0.0,3,1,0.0360578298568725,1,tc_qmask,0.0,none,none
MME,Qwen2-VL-7B_Biased_Test,768,both,Oth,Joint-CenterMask-QuestionMask,Joint-CenterMask-QuestionMask,conservative_light_center,1.0,3,0,,,,,none,none
MME,Qwen2-VL-7B_Biased_Test,773,vcf_only,Oth,Joint-CenterMask-QuestionMask,Joint-CenterMask-QuestionMask,conservative_light_center,0.0,3,0,,,,,none,none
MME,Qwen2-VL-7B_Biased_Test,787,tcf_only,Oth,Joint-CenterMask-QuestionMask,Joint-CenterMask-QuestionMask,conservative_light_center,0.0,3,0,,,,,none,none
MME,Qwen2-VL-7B_Biased_Test,818,vcf_only,Oth,Joint-StrongBlur-QuestionMask,Joint-StrongBlur-QuestionMask,joint_strong,1.0,4,1,0.087950587272644,1,tc_qmask,1.0,qmask,strong
MME,Qwen2-VL-7B_Biased_Test,821,tcf_only,Oth,Joint-CenterMask-QuestionMask,Joint-CenterMask-QuestionMask,conservative_light_center,1.0,3,0,,,,,none,none
MME,Qwen2-VL-7B_Biased_Test,884,both,Oth,Joint-CenterMask-QuestionMask,Joint-CenterMask-QuestionMask,vc_only_light_center,0.0,4,1,0.0006328298477455,1,tc_qmask,2.0,none,strong
MME,Qwen2-VL-7B_Biased_Test,888,both,Oth,Joint-CenterMask-QuestionMask,Joint-CenterMask-QuestionMask,conservative_light_center,1.0,3,0,,,,,none,none
MME,Qwen2-VL-7B_Biased_Test,889,tcf_only,Oth,Joint-CenterMask-QuestionMask,Joint-CenterMask-QuestionMask,conservative_light_center,0.0,3,0,,,,,none,none
MME,Qwen2-VL-7B_Biased_Test,892,tcf_only,Oth,Joint-CenterMask-QuestionMask,Joint-CenterMask-QuestionMask,conservative_light_center,0.0,3,0,,,,,none,none
MME,Qwen2-VL-7B_Biased_Test,896,vcf_only,Oth,Joint-StrongBlur-QuestionMask,Joint-StrongBlur-QuestionMask,joint_strong,1.0,4,1,0.094527281820774,1,tc_qmask,2.0,qmask,strong
MME,Qwen2-VL-7B_Biased_Test,899,tcf_only,Oth,Joint-CenterMask-QuestionMask,Joint-CenterMask-QuestionMask,conservative_light_center,1.0,3,0,,,,,none,none
MME,Qwen2-VL-7B_Biased_Test,904,tcf_only,Oth,Joint-CenterMask-QuestionMask,Joint-CenterMask-QuestionMask,joint_center,1.0,4,1,0.115709863603115,1,tc_qmask,1.0,qmask,center
MME,Qwen2-VL-7B_Biased_Test,919,tcf_only,Oth,Joint-CenterMask-QuestionMask,Joint-CenterMask-QuestionMask,conservative_light_center,0.0,3,0,,,,,none,none
MME,Qwen2-VL-7B_Biased_Test,921,both,Oth,Joint-CenterMask-QuestionMask,Joint-CenterMask-QuestionMask,conservative_light_center,0.0,3,0,,,,,none,none
MME,Qwen2-VL-7B_Biased_Test,934,both,Oth,Joint-CenterMask-QuestionMask,Joint-CenterMask-QuestionMask,vc_only_light_center,0.0,4,1,0.0490074604749679,1,tc_qmask,2.0,none,strong
MME,Qwen2-VL-7B_Biased_Test,936,both,Oth,Joint-CenterMask-QuestionMask,Joint-CenterMask-QuestionMask,conservative_light_center,0.0,3,0,,,,,none,none
MME,Qwen2-VL-7B_Biased_Test,943,vcf_only,Oth,Joint-CenterMask-QuestionMask,Joint-CenterMask-QuestionMask,vc_only_light_center,0.0,4,1,0.0238406751304864,1,tc_qmask,2.0,none,center
MME,Qwen2-VL-7B_Biased_Test,944,vcf_only,Oth,Joint-StrongBlur-QuestionMask,Joint-StrongBlur-QuestionMask,joint_strong,0.0,4,1,0.285437524318695,1,tc_qmask,2.0,qmask,strong
MME,Qwen2-VL-7B_Biased_Test,962,both,Oth,Joint-CenterMask-QuestionMask,Joint-CenterMask-QuestionMask,vc_only_light_center,1.0,4,1,0.0005967620527371,1,tc_qmask,2.0,none,strong
MME,Qwen2-VL-7B_Biased_Test,968,tcf_only,Oth,Joint-CenterMask-QuestionMask,Joint-CenterMask-QuestionMask,conservative_light_center,1.0,3,0,,,,,none,none
MME,Qwen2-VL-7B_Biased_Test,976,tcf_only,Oth,Joint-CenterMask-QuestionMask,Joint-CenterMask-QuestionMask,conservative_light_center,1.0,3,0,,,,,none,none
MME,Qwen2-VL-7B_Biased_Test,982,tcf_only,Oth,Joint-CenterMask-QuestionMask,Joint-CenterMask-QuestionMask,joint_center,1.0,4,1,0.1568143516778946,1,tc_qmask,1.0,qmask,center
MME,Qwen2-VL-7B_Biased_Test,1011,both,Oth,Joint-CenterMask-QuestionMask,Joint-CenterMask-QuestionMask,conservative_light_center,1.0,3,0,,,,,none,none
MME,Qwen2-VL-7B_Biased_Test,1053,both,Oth,Joint-CenterMask-QuestionMask,Joint-CenterMask-QuestionMask,conservative_light_center,0.0,3,0,,,,,none,none
MME,Qwen2-VL-7B_Biased_Test,1054,tcf_only,Oth,Joint-CenterMask-QuestionMask,Joint-CenterMask-QuestionMask,conservative_light_center,1.0,3,0,,,,,none,none
MME,Qwen2-VL-7B_Biased_Test,1057,both,Oth,Joint-CenterMask-QuestionMask,Joint-CenterMask-QuestionMask,conservative_light_center,0.0,3,0,,,,,none,none
MME,Qwen2-VL-7B_Biased_Test,1094,tcf_only,Oth,Joint-CenterMask-QuestionMask,Joint-CenterMask-QuestionMask,conservative_light_center,0.0,3,0,,,,,none,none
MME,Qwen2-VL-7B_Biased_Test,1104,tcf_only,Oth,Joint-CenterMask-QuestionMask,Joint-CenterMask-QuestionMask,conservative_light_center,1.0,3,0,,,,,none,none
MME,Qwen2-VL-7B_Biased_Test,1144,vcf_only,Oth,Joint-CenterMask-QuestionMask,Joint-CenterMask-QuestionMask,vc_only_light_center,0.0,4,1,0.0075635779649019,1,tc_qmask,1.0,none,strong
MME,Qwen2-VL-7B_Biased_Test,1169,tcf_only,Oth,Joint-CenterMask-QuestionMask,Joint-CenterMask-QuestionMask,conservative_light_center,0.0,3,0,,,,,none,none
MME,Qwen2-VL-7B_Biased_Test,1178,both,Oth,Joint-StrongBlur-QuestionMask,Joint-StrongBlur-QuestionMask,joint_strong,0.0,4,1,0.2677114605903625,1,tc_qmask,2.0,qmask,strong
MME,Qwen2-VL-7B_Biased_Test,1204,tcf_only,Oth,Joint-CenterMask-QuestionMask,Joint-CenterMask-QuestionMask,conservative_light_center,0.0,3,0,,,,,none,none
MME,Qwen2-VL-7B_Biased_Test,1253,tcf_only,Oth,Joint-CenterMask-QuestionMask,Joint-CenterMask-QuestionMask,conservative_light_center,0.0,3,0,,,,,none,none
MME,Qwen2-VL-7B_Biased_Test,1272,both,Oth,Joint-StrongBlur-QuestionMask,Joint-StrongBlur-QuestionMask,joint_strong,1.0,4,1,0.1555394828319549,1,tc_qmask,2.0,qmask,strong
MME,Qwen2-VL-7B_Biased_Test,1277,vcf_only,Oth,Joint-StrongBlur-QuestionMask,Joint-StrongBlur-QuestionMask,joint_strong,0.0,4,1,0.0651883780956268,1,tc_qmask,1.0,qmask,strong
MME,Qwen2-VL-7B_Biased_Test,1286,tcf_only,Oth,Joint-CenterMask-QuestionMask,Joint-CenterMask-QuestionMask,conservative_light_center,0.0,3,0,,,,,none,none
MME,Qwen2-VL-7B_Biased_Test,1352,tcf_only,Oth,Joint-CenterMask-QuestionMask,Joint-CenterMask-QuestionMask,conservative_light_center,0.0,3,0,,,,,none,none
MME,Qwen2-VL-7B_Biased_Test,1369,tcf_only,Oth,Joint-CenterMask-QuestionMask,Joint-CenterMask-QuestionMask,conservative_light_center,1.0,3,0,,,,,none,none
MME,Qwen2-VL-7B_Biased_Test,1396,vcf_only,Oth,Joint-StrongBlur-QuestionMask,Joint-StrongBlur-QuestionMask,joint_strong,1.0,4,1,0.1939712464809417,1,tc_qmask,2.0,qmask,strong
MME,Qwen2-VL-7B_Biased_Test,1447,tcf_only,Oth,Joint-CenterMask-QuestionMask,Joint-CenterMask-QuestionMask,conservative_light_center,1.0,3,0,,,,,none,none
MME,Qwen2-VL-7B_Biased_Test,1472,both,Oth,Joint-CenterMask-QuestionMask,Joint-CenterMask-QuestionMask,conservative_light_center,0.0,3,0,,,,,none,none
MME,Qwen2-VL-7B_Biased_Test,1488,tcf_only,Oth,Joint-StrongBlur-QuestionMask,Joint-StrongBlur-QuestionMask,joint_strong,1.0,4,1,0.155859500169754,1,tc_qmask,1.0,qmask,strong
MME,Qwen2-VL-7B_Biased_Test,1493,tcf_only,Oth,Joint-CenterMask-QuestionMask,Joint-CenterMask-QuestionMask,conservative_light_center,1.0,3,0,,,,,none,none
MME,Qwen2-VL-7B_Biased_Test,1527,vcf_only,Oth,Joint-StrongBlur-QuestionMask,Joint-StrongBlur-QuestionMask,joint_strong,0.0,4,1,0.0594792440533638,1,tc_qmask,1.0,qmask,strong
MME,Qwen2-VL-7B_Biased_Test,1528,both,Oth,Joint-CenterMask-QuestionMask,Joint-CenterMask-QuestionMask,conservative_light_center,0.0,3,0,,,,,none,none
MME,Qwen2-VL-7B_Biased_Test,1547,vcf_only,Oth,Joint-CenterMask-QuestionMask,Joint-CenterMask-QuestionMask,conservative_light_center,0.0,3,1,0.0004825671203434,1,tc_qmask,0.0,none,none
MME,Qwen2-VL-7B_Biased_Test,1548,both,Oth,Joint-CenterMask-QuestionMask,Joint-CenterMask-QuestionMask,conservative_light_center,0.0,3,0,,,,,none,none
MME,Qwen2-VL-7B_Biased_Test,1553,vcf_only,Oth,Joint-CenterMask-QuestionMask,Joint-CenterMask-QuestionMask,conservative_light_center,0.0,3,0,,,,,none,none
MME,Qwen2-VL-7B_Biased_Test,1554,vcf_only,Oth,Joint-CenterMask-QuestionMask,Joint-CenterMask-QuestionMask,joint_center,0.0,4,1,0.139745682477951,1,tc_qmask,2.0,qmask,center
MME,Qwen2-VL-7B_Biased_Test,1563,tcf_only,Oth,Joint-StrongBlur-QuestionMask,Joint-StrongBlur-QuestionMask,joint_strong,1.0,4,1,0.3868144750595093,1,tc_qmask,1.0,qmask,strong
MME,Qwen2-VL-7B_Biased_Test,1564,vcf_only,Oth,Joint-CenterMask-QuestionMask,Joint-CenterMask-QuestionMask,vc_only_light_center,0.0,4,1,0.0067777624353766,1,tc_qmask,1.0,none,strong
MME,Qwen2-VL-7B_Biased_Test,1574,tcf_only,Oth,Joint-CenterMask-QuestionMask,Joint-CenterMask-QuestionMask,conservative_light_center,0.0,3,0,,,,,none,none
MME,Qwen2-VL-7B_Biased_Test,1577,tcf_only,Oth,Joint-CenterMask-QuestionMask,Joint-CenterMask-QuestionMask,conservative_light_center,1.0,3,0,,,,,none,none
MME,Qwen2-VL-7B_Biased_Test,1581,vcf_only,Oth,Text-QuestionMask,Text-QuestionMask,text,1.0,4,1,0.1272618323564529,1,tc_qmask,0.0,qmask,none
MME,Qwen2-VL-7B_Biased_Test,1583,tcf_only,Oth,Joint-CenterMask-QuestionMask,Joint-CenterMask-QuestionMask,conservative_light_center,1.0,3,0,,,,,none,none
MME,Qwen2-VL-7B_Biased_Test,1586,tcf_only,Oth,Joint-CenterMask-QuestionMask,Joint-CenterMask-QuestionMask,conservative_light_center,0.0,3,0,,,,,none,none
MME,Qwen2-VL-7B_Biased_Test,1594,both,Oth,Joint-CenterMask-QuestionMask,Joint-CenterMask-QuestionMask,conservative_light_center,0.0,3,0,,,,,none,none
MME,Qwen2-VL-7B_Biased_Test,1601,vcf_only,Oth,Joint-CenterMask-QuestionMask,Joint-CenterMask-QuestionMask,vc_only_light_center,0.0,4,1,0.0287269670516252,1,tc_qmask,1.0,none,strong
MME,Qwen2-VL-7B_Biased_Test,1619,tcf_only,Oth,Joint-CenterMask-QuestionMask,Joint-CenterMask-QuestionMask,conservative_light_center,1.0,3,0,,,,,none,none
MME,Qwen2-VL-7B_Biased_Test,1637,vcf_only,Oth,Text-QuestionMask,Text-QuestionMask,text,1.0,4,1,0.1248397380113601,1,tc_qmask,0.0,qmask,none
MME,Qwen2-VL-7B_Biased_Test,1666,tcf_only,Oth,Joint-CenterMask-QuestionMask,Joint-CenterMask-QuestionMask,conservative_light_center,0.0,3,0,,,,,none,none
MME,Qwen2-VL-7B_Biased_Test,1682,tcf_only,Oth,Joint-CenterMask-QuestionMask,Joint-CenterMask-QuestionMask,conservative_light_center,1.0,3,0,,,,,none,none
MME,Qwen2-VL-7B_Biased_Test,1683,both,Oth,Joint-CenterMask-QuestionMask,Joint-CenterMask-QuestionMask,conservative_light_center,1.0,3,0,,,,,none,none
MME,Qwen2-VL-7B_Biased_Test,1692,tcf_only,Oth,Joint-StrongBlur-QuestionMask,Joint-StrongBlur-QuestionMask,joint_strong,0.0,4,1,0.0554924272000789,1,tc_qmask,1.0,qmask,strong
MME,Qwen2-VL-7B_Biased_Test,1701,vcf_only,Oth,Joint-CenterMask-QuestionMask,Joint-CenterMask-QuestionMask,conservative_light_center,0.0,3,0,,,,,none,none
MME,Qwen2-VL-7B_Biased_Test,1718,tcf_only,Oth,Joint-CenterMask-QuestionMask,Joint-CenterMask-QuestionMask,conservative_light_center,0.0,3,0,,,,,none,none
MME,Qwen2-VL-7B_Biased_Test,1737,vcf_only,Oth,Joint-StrongBlur-QuestionMask,Joint-StrongBlur-QuestionMask,joint_strong,0.0,4,1,0.1501441299915313,1,tc_qmask,1.0,qmask,strong
MME,Qwen2-VL-7B_Biased_Test,1738,tcf_only,Oth,Joint-CenterMask-QuestionMask,Joint-CenterMask-QuestionMask,joint_center,1.0,4,1,0.1307902932167053,1,tc_qmask,1.0,qmask,center
MME,Qwen2-VL-7B_Biased_Test,1739,both,Oth,Joint-CenterMask-QuestionMask,Joint-CenterMask-QuestionMask,conservative_light_center,1.0,3,0,,,,,none,none
MME,Qwen2-VL-7B_Biased_Test,1764,both,Oth,Joint-CenterMask-QuestionMask,Joint-CenterMask-QuestionMask,joint_center,1.0,4,1,0.090726613998413,1,tc_qmask,2.0,qmask,center
MME,Qwen2-VL-7B_Biased_Test,1774,tcf_only,Oth,Joint-CenterMask-QuestionMask,Joint-CenterMask-QuestionMask,vc_only_light_center,0.0,4,1,0.0478294938802719,1,tc_qmask,1.0,none,strong
MME,Qwen2-VL-7B_Biased_Test,1779,vcf_only,Oth,Joint-StrongBlur-QuestionMask,Joint-StrongBlur-QuestionMask,joint_strong,0.0,4,1,0.0863858014345169,1,tc_qmask,2.0,qmask,strong
MME,Qwen2-VL-7B_Biased_Test,1783,vcf_only,Oth,Joint-CenterMask-QuestionMask,Joint-CenterMask-QuestionMask,joint_center,1.0,4,1,0.3072672486305237,1,tc_qmask,1.0,qmask,center
MME,Qwen2-VL-7B_Biased_Test,1829,both,Oth,Joint-CenterMask-QuestionMask,Joint-CenterMask-QuestionMask,conservative_light_center,0.0,3,0,,,,,none,none
MME,Qwen2-VL-7B_Biased_Test,1868,both,Oth,Joint-CenterMask-QuestionMask,Joint-CenterMask-QuestionMask,joint_center,0.0,4,1,0.1366954147815704,1,tc_qmask,2.0,qmask,center
MME,Qwen2-VL-7B_Biased_Test,1869,vcf_only,Oth,Joint-CenterMask-QuestionMask,Joint-CenterMask-QuestionMask,joint_center,0.0,4,1,0.090471938252449,1,tc_qmask,1.0,qmask,center
MME,Qwen2-VL-7B_Biased_Test,1897,both,Oth,Joint-CenterMask-QuestionMask,Joint-CenterMask-QuestionMask,joint_center,1.0,4,1,0.0574295744299888,1,tc_qmask,1.0,qmask,center
MME,Qwen2-VL-7B_Biased_Test,1936,both,Oth,Joint-CenterMask-QuestionMask,Joint-CenterMask-QuestionMask,conservative_light_center,0.0,3,0,,,,,none,none
MME,Qwen2-VL-7B_Biased_Test,1952,both,Oth,Joint-CenterMask-QuestionMask,Joint-CenterMask-QuestionMask,joint_center,0.0,4,1,0.3506872057914734,1,tc_qmask,1.0,qmask,center
MME,Qwen2-VL-7B_Biased_Test,1968,tcf_only,Oth,Joint-CenterMask-QuestionMask,Joint-CenterMask-QuestionMask,conservative_light_center,0.0,3,0,,,,,none,none
MME,Qwen2-VL-7B_Biased_Test,1974,both,Oth,Joint-StrongBlur-QuestionMask,Joint-StrongBlur-QuestionMask,joint_strong,1.0,4,1,0.0862188339233398,1,tc_qmask,2.0,qmask,strong
MME,Qwen2-VL-7B_Biased_Test,2012,both,Oth,Joint-CenterMask-QuestionMask,Joint-CenterMask-QuestionMask,joint_center,0.0,4,1,0.0542855784296989,1,tc_qmask,2.0,qmask,center
MME,Qwen2-VL-7B_Biased_Test,2017,tcf_only,Oth,Joint-CenterMask-QuestionMask,Joint-CenterMask-QuestionMask,conservative_light_center,0.0,3,1,0.0011129570193588,1,tc_qmask,0.0,none,none
MME,Qwen2-VL-7B_Biased_Test,2019,tcf_only,Oth,Joint-CenterMask-QuestionMask,Joint-CenterMask-QuestionMask,conservative_light_center,0.0,3,0,,,,,none,none
MME,Qwen2-VL-7B_Biased_Test,2032,both,Oth,Joint-StrongBlur-QuestionMask,Joint-StrongBlur-QuestionMask,joint_strong,1.0,4,1,0.0522959977388381,1,tc_qmask,1.0,qmask,strong
MME,Qwen2-VL-7B_Biased_Test,2044,both,Oth,Joint-StrongBlur-QuestionMask,Joint-StrongBlur-QuestionMask,joint_strong,0.0,4,1,0.0578995198011398,1,tc_qmask,2.0,qmask,strong
MME,Qwen2-VL-7B_Biased_Test,2059,vcf_only,Oth,Joint-StrongBlur-QuestionMask,Joint-StrongBlur-QuestionMask,joint_strong,0.0,4,1,0.1454977095127105,1,tc_qmask,1.0,qmask,strong
MME,Qwen2-VL-7B_Biased_Test,2068,both,Oth,Joint-CenterMask-QuestionMask,Joint-CenterMask-QuestionMask,joint_center,0.0,4,1,0.212000161409378,1,tc_qmask,2.0,qmask,center
MME,Qwen2-VL-7B_Biased_Test,2072,tcf_only,Oth,Joint-CenterMask-QuestionMask,Joint-CenterMask-QuestionMask,conservative_light_center,0.0,3,0,,,,,none,none
MME,Qwen2-VL-7B_Biased_Test,2084,both,Oth,Joint-CenterMask-QuestionMask,Joint-CenterMask-QuestionMask,vc_only_light_center,0.0,4,1,0.0058546070940792,1,tc_qmask,2.0,none,strong
MME,Qwen2-VL-7B_Biased_Test,2092,both,Oth,Joint-StrongBlur-QuestionMask,Joint-StrongBlur-QuestionMask,joint_strong,0.0,4,1,0.2428396046161651,1,tc_qmask,1.0,qmask,strong
MME,Qwen2-VL-7B_Biased_Test,2096,both,Oth,Joint-CenterMask-QuestionMask,Joint-CenterMask-QuestionMask,conservative_light_center,0.0,3,0,,,,,none,none
MME,Qwen2-VL-7B_Biased_Test,2098,tcf_only,Oth,Joint-CenterMask-QuestionMask,Joint-CenterMask-QuestionMask,conservative_light_center,0.0,3,0,,,,,none,none
MME,Qwen2-VL-7B_Biased_Test,2102,both,Oth,Joint-StrongBlur-QuestionMask,Joint-StrongBlur-QuestionMask,joint_strong,1.0,4,1,0.2024986892938614,1,tc_qmask,2.0,qmask,strong
MME,Qwen2-VL-7B_Biased_Test,2106,both,Oth,Joint-CenterMask-QuestionMask,Joint-CenterMask-QuestionMask,conservative_light_center,1.0,3,0,,,,,none,none
MME,Qwen2-VL-7B_Biased_Test,2136,both,Oth,Joint-CenterMask-QuestionMask,Joint-CenterMask-QuestionMask,vc_only_light_center,0.0,4,1,0.0178265385329723,1,tc_qmask,2.0,none,strong
MME,Qwen2-VL-7B_Biased_Test,2142,both,Oth,Joint-StrongBlur-QuestionMask,Joint-StrongBlur-QuestionMask,joint_strong,0.0,4,1,0.1958355605602264,1,tc_qmask,2.0,qmask,strong
MME,Qwen2-VL-7B_Biased_Test,2156,both,Oth,Joint-StrongBlur-QuestionMask,Joint-StrongBlur-QuestionMask,joint_strong,0.0,4,1,0.5952804088592529,1,tc_qmask,2.0,qmask,strong
MME,Qwen2-VL-7B_Biased_Test,2161,tcf_only,Oth,Joint-CenterMask-QuestionMask,Joint-CenterMask-QuestionMask,conservative_light_center,1.0,3,0,,,,,none,none
MME,Qwen2-VL-7B_Biased_Test,2162,both,Oth,Joint-StrongBlur-QuestionMask,Joint-StrongBlur-QuestionMask,joint_strong,0.0,4,1,0.0949040576815605,1,tc_qmask,2.0,qmask,strong
MME,Qwen2-VL-7B_Biased_Test,2168,tcf_only,Oth,Joint-CenterMask-QuestionMask,Joint-CenterMask-QuestionMask,conservative_light_center,0.0,3,0,,,,,none,none
MME,Qwen2-VL-7B_Biased_Test,2172,both,Oth,Joint-CenterMask-QuestionMask,Joint-CenterMask-QuestionMask,conservative_light_center,0.0,3,0,,,,,none,none
MME,Qwen2-VL-7B_Biased_Test,2182,both,Oth,Joint-StrongBlur-QuestionMask,Joint-StrongBlur-QuestionMask,joint_strong,0.0,4,1,0.2266856431961059,1,tc_qmask,2.0,qmask,strong
MME,Qwen2-VL-7B_Biased_Test,2224,tcf_only,Oth,Joint-StrongBlur-QuestionMask,Joint-StrongBlur-QuestionMask,joint_strong,1.0,4,1,0.279622733592987,1,tc_qmask,1.0,qmask,strong
MME,Qwen2-VL-7B_Biased_Test,2234,both,Oth,Joint-CenterMask-QuestionMask,Joint-CenterMask-QuestionMask,vc_only_light_center,0.0,4,1,0.0503446832299232,1,tc_qmask,2.0,none,center
MME,Qwen2-VL-7B_Biased_Test,2246,tcf_only,Oth,Joint-CenterMask-QuestionMask,Joint-CenterMask-QuestionMask,conservative_light_center,0.0,3,0,,,,,none,none
MME,Qwen2-VL-7B_Biased_Test,2264,both,Oth,Joint-CenterMask-QuestionMask,Joint-CenterMask-QuestionMask,conservative_light_center,0.0,3,0,,,,,none,none
MME,Qwen2-VL-7B_Biased_Test,2268,both,Oth,Joint-CenterMask-QuestionMask,Joint-CenterMask-QuestionMask,joint_center,0.0,4,1,0.437499850988388,1,tc_qmask,2.0,qmask,center
MME,Qwen2-VL-7B_Biased_Test,2272,both,Oth,Joint-StrongBlur-QuestionMask,Joint-StrongBlur-QuestionMask,joint_strong,0.0,4,1,0.4019284844398498,1,tc_qmask,2.0,qmask,strong
MME,Qwen2-VL-7B_Biased_Test,2281,tcf_only,Oth,Joint-CenterMask-QuestionMask,Joint-CenterMask-QuestionMask,conservative_light_center,0.0,3,0,,,,,none,none
MME,Qwen2-VL-7B_Biased_Test,2282,tcf_only,Oth,Joint-CenterMask-QuestionMask,Joint-CenterMask-QuestionMask,conservative_light_center,0.0,3,0,,,,,none,none
MME,Qwen2-VL-7B_Biased_Test,2286,tcf_only,Oth,Joint-CenterMask-QuestionMask,Joint-CenterMask-QuestionMask,vc_only_light_center,1.0,4,1,0.0077033322304487,1,tc_qmask,1.0,none,strong
MME,Qwen2-VL-7B_Biased_Test,2294,both,Oth,Joint-StrongBlur-QuestionMask,Joint-StrongBlur-QuestionMask,joint_strong,1.0,4,1,0.1948455274105072,1,tc_qmask,1.0,qmask,strong
MME,Qwen2-VL-7B_Biased_Test,2302,both,Oth,Joint-StrongBlur-QuestionMask,Joint-StrongBlur-QuestionMask,joint_strong,1.0,4,1,0.1769685894250869,1,tc_qmask,2.0,qmask,strong
MME,Qwen2-VL-7B_Biased_Test,2312,both,Oth,Joint-StrongBlur-QuestionMask,Joint-StrongBlur-QuestionMask,joint_strong,1.0,4,1,0.2411323934793472,1,tc_qmask,2.0,qmask,strong
MME,Qwen2-VL-7B_Biased_Test,2324,both,Oth,Joint-CenterMask-QuestionMask,Joint-CenterMask-QuestionMask,vc_only_light_center,0.0,4,1,0.025290036574006,1,tc_qmask,2.0,none,center
ViLP,Qwen2-VL-7B_Biased_Test,1,tcf_only,Oth,Joint-CenterMask-QuestionMask,Joint-CenterMask-QuestionMask,conservative_light_center,0.0,3,0,,,,,none,none
ViLP,Qwen2-VL-7B_Biased_Test,7,tcf_only,Oth,Joint-CenterMask-QuestionMask,Joint-CenterMask-QuestionMask,conservative_light_center,0.0,3,0,,,,,none,none
ViLP,Qwen2-VL-7B_Biased_Test,8,tcf_only,Oth,Joint-CenterMask-QuestionMask,Joint-CenterMask-QuestionMask,conservative_light_center,0.0,3,0,,,,,none,none
ViLP,Qwen2-VL-7B_Biased_Test,9,vcf_only,Oth,Joint-CenterMask-QuestionMask,Joint-CenterMask-QuestionMask,conservative_light_center,0.0,3,0,,,,,none,none
ViLP,Qwen2-VL-7B_Biased_Test,11,tcf_only,Oth,Joint-CenterMask-QuestionMask,Joint-CenterMask-QuestionMask,conservative_light_center,0.0,3,0,,,,,none,none
ViLP,Qwen2-VL-7B_Biased_Test,16,vcf_only,Oth,Joint-StrongBlur-QuestionMask,Joint-StrongBlur-QuestionMask,joint_strong,0.0,4,1,0.6080354452133179,1,tc_qmask,2.0,qmask,strong
ViLP,Qwen2-VL-7B_Biased_Test,17,vcf_only,Oth,Joint-CenterMask-QuestionMask,Joint-CenterMask-QuestionMask,conservative_light_center,0.0,3,0,,,,,none,none
ViLP,Qwen2-VL-7B_Biased_Test,18,tcf_only,Oth,Joint-CenterMask-QuestionMask,Joint-CenterMask-QuestionMask,joint_center,1.0,4,1,0.2286767065525055,1,tc_qmask,2.0,qmask,center
ViLP,Qwen2-VL-7B_Biased_Test,19,both,Oth,Joint-CenterMask-QuestionMask,Joint-CenterMask-QuestionMask,joint_center,1.0,4,1,0.5296066403388977,1,tc_qmask,2.0,qmask,center
ViLP,Qwen2-VL-7B_Biased_Test,21,vcf_only,Oth,Joint-CenterMask-QuestionMask,Joint-CenterMask-QuestionMask,conservative_light_center,0.0,3,0,,,,,none,none
ViLP,Qwen2-VL-7B_Biased_Test,22,vcf_only,Oth,Joint-CenterMask-QuestionMask,Joint-CenterMask-QuestionMask,conservative_light_center,0.0,3,0,,,,,none,none
ViLP,Qwen2-VL-7B_Biased_Test,23,vcf_only,Oth,Joint-CenterMask-QuestionMask,Joint-CenterMask-QuestionMask,conservative_light_center,0.0,3,0,,,,,none,none
ViLP,Qwen2-VL-7B_Biased_Test,28,vcf_only,Oth,Joint-CenterMask-QuestionMask,Joint-CenterMask-QuestionMask,joint_center,0.0,4,1,0.5574507713317871,1,tc_qmask,1.0,qmask,center
ViLP,Qwen2-VL-7B_Biased_Test,29,both,Oth,Joint-CenterMask-QuestionMask,Joint-CenterMask-QuestionMask,conservative_light_center,1.0,3,0,,,,,none,none
ViLP,Qwen2-VL-7B_Biased_Test,31,vcf_only,Oth,Joint-CenterMask-QuestionMask,Joint-CenterMask-QuestionMask,joint_center,0.0,4,1,0.6472101211547852,1,tc_qmask,1.0,qmask,center
ViLP,Qwen2-VL-7B_Biased_Test,32,vcf_only,Oth,Joint-StrongBlur-QuestionMask,Joint-StrongBlur-QuestionMask,joint_strong,0.0,4,1,0.6222521066665649,1,tc_qmask,1.0,qmask,strong
ViLP,Qwen2-VL-7B_Biased_Test,38,both,Oth,Joint-CenterMask-QuestionMask,Joint-CenterMask-QuestionMask,conservative_light_center,0.0,3,0,,,,,none,none
ViLP,Qwen2-VL-7B_Biased_Test,41,vcf_only,Oth,Joint-StrongBlur-QuestionMask,Joint-StrongBlur-QuestionMask,joint_strong,0.0,4,1,0.6325067281723022,1,tc_qmask,1.0,qmask,strong
ViLP,Qwen2-VL-7B_Biased_Test,42,tcf_only,Oth,Joint-CenterMask-QuestionMask,Joint-CenterMask-QuestionMask,conservative_light_center,1.0,3,0,,,,,none,none
ViLP,Qwen2-VL-7B_Biased_Test,46,both,Oth,Joint-CenterMask-QuestionMask,Joint-CenterMask-QuestionMask,conservative_light_center,0.0,3,0,,,,,none,none
ViLP,Qwen2-VL-7B_Biased_Test,47,both,Oth,Joint-CenterMask-QuestionMask,Joint-CenterMask-QuestionMask,conservative_light_center,0.0,3,0,,,,,none,none
ViLP,Qwen2-VL-7B_Biased_Test,48,tcf_only,Oth,Joint-CenterMask-QuestionMask,Joint-CenterMask-QuestionMask,conservative_light_center,0.0,3,0,,,,,none,none
ViLP,Qwen2-VL-7B_Biased_Test,52,vcf_only,Oth,Joint-CenterMask-QuestionMask,Joint-CenterMask-QuestionMask,conservative_light_center,0.0,3,0,,,,,none,none
ViLP,Qwen2-VL-7B_Biased_Test,53,vcf_only,Oth,Joint-CenterMask-QuestionMask,Joint-CenterMask-QuestionMask,joint_center,0.0,4,1,0.3914059400558471,1,tc_qmask,2.0,qmask,center
ViLP,Qwen2-VL-7B_Biased_Test,62,vcf_only,Oth,Joint-CenterMask-QuestionMask,Joint-CenterMask-QuestionMask,vc_only_light_center,0.0,4,1,0.0355017520487308,1,tc_qmask,2.0,none,strong
ViLP,Qwen2-VL-7B_Biased_Test,64,vcf_only,Oth,Joint-StrongBlur-QuestionMask,Joint-StrongBlur-QuestionMask,joint_strong,1.0,4,1,0.2914618551731109,1,tc_qmask,2.0,qmask,strong
ViLP,Qwen2-VL-7B_Biased_Test,73,vcf_only,Oth,Text-QuestionMask,Text-QuestionMask,text,0.0,4,1,0.6462298035621643,1,tc_qmask,0.0,qmask,none
ViLP,Qwen2-VL-7B_Biased_Test,76,tcf_only,Oth,Joint-CenterMask-QuestionMask,Joint-CenterMask-QuestionMask,conservative_light_center,0.0,3,0,,,,,none,none
ViLP,Qwen2-VL-7B_Biased_Test,77,tcf_only,Oth,Joint-CenterMask-QuestionMask,Joint-CenterMask-QuestionMask,conservative_light_center,0.0,3,0,,,,,none,none
ViLP,Qwen2-VL-7B_Biased_Test,88,tcf_only,Oth,Joint-CenterMask-QuestionMask,Joint-CenterMask-QuestionMask,conservative_light_center,0.0,3,0,,,,,none,none
ViLP,Qwen2-VL-7B_Biased_Test,91,vcf_only,Oth,Joint-StrongBlur-QuestionMask,Joint-StrongBlur-QuestionMask,joint_strong,0.0,4,1,0.6844656467437744,1,tc_qmask,2.0,qmask,strong
ViLP,Qwen2-VL-7B_Biased_Test,92,tcf_only,Oth,Joint-CenterMask-QuestionMask,Joint-CenterMask-QuestionMask,conservative_light_center,0.0,3,0,,,,,none,none
ViLP,Qwen2-VL-7B_Biased_Test,97,vcf_only,Oth,Joint-StrongBlur-QuestionMask,Joint-StrongBlur-QuestionMask,joint_strong,0.0,4,1,0.6817044019699097,1,tc_qmask,2.0,qmask,strong
ViLP,Qwen2-VL-7B_Biased_Test,98,vcf_only,Oth,Joint-StrongBlur-QuestionMask,Joint-StrongBlur-QuestionMask,joint_strong,0.0,4,1,0.6817457675933838,1,tc_qmask,2.0,qmask,strong
ViLP,Qwen2-VL-7B_Biased_Test,104,vcf_only,Oth,Joint-CenterMask-QuestionMask,Joint-CenterMask-QuestionMask,conservative_light_center,0.0,3,0,,,,,none,none
ViLP,Qwen2-VL-7B_Biased_Test,108,vcf_only,Oth,Joint-CenterMask-QuestionMask,Joint-CenterMask-QuestionMask,joint_center,0.0,4,1,0.1263928413391113,1,tc_qmask,2.0,qmask,center
ViLP,Qwen2-VL-7B_Biased_Test,109,vcf_only,Oth,Joint-CenterMask-QuestionMask,Joint-CenterMask-QuestionMask,conservative_light_center,0.0,3,0,,,,,none,none
ViLP,Qwen2-VL-7B_Biased_Test,112,vcf_only,Oth,Text-QuestionMask,Text-QuestionMask,text,0.0,4,1,0.6349338889122009,1,tc_qmask,0.0,qmask,none
ViLP,Qwen2-VL-7B_Biased_Test,118,vcf_only,Oth,Joint-CenterMask-QuestionMask,Joint-CenterMask-QuestionMask,joint_center,0.0,4,1,0.6303966641426086,1,tc_qmask,2.0,qmask,center
ViLP,Qwen2-VL-7B_Biased_Test,119,vcf_only,Oth,Joint-CenterMask-QuestionMask,Joint-CenterMask-QuestionMask,joint_center,0.0,4,1,0.5693775415420532,1,tc_qmask,2.0,qmask,center
ViLP,Qwen2-VL-7B_Biased_Test,121,vcf_only,Oth,Joint-CenterMask-QuestionMask,Joint-CenterMask-QuestionMask,conservative_light_center,0.0,3,0,,,,,none,none
ViLP,Qwen2-VL-7B_Biased_Test,122,vcf_only,Oth,Joint-StrongBlur-QuestionMask,Joint-StrongBlur-QuestionMask,joint_strong,1.0,4,1,0.0917557328939437,1,tc_qmask,2.0,qmask,strong
ViLP,Qwen2-VL-7B_Biased_Test,123,tcf_only,Oth,Joint-CenterMask-QuestionMask,Joint-CenterMask-QuestionMask,conservative_light_center,0.0,3,0,,,,,none,none
ViLP,Qwen2-VL-7B_Biased_Test,127,tcf_only,Oth,Joint-CenterMask-QuestionMask,Joint-CenterMask-QuestionMask,conservative_light_center,0.0,3,0,,,,,none,none
ViLP,Qwen2-VL-7B_Biased_Test,129,tcf_only,Oth,Joint-CenterMask-QuestionMask,Joint-CenterMask-QuestionMask,conservative_light_center,1.0,3,0,,,,,none,none
ViLP,Qwen2-VL-7B_Biased_Test,133,vcf_only,Oth,Joint-CenterMask-QuestionMask,Joint-CenterMask-QuestionMask,conservative_light_center,0.0,3,0,,,,,none,none
ViLP,Qwen2-VL-7B_Biased_Test,136,vcf_only,Oth,Joint-CenterMask-QuestionMask,Joint-CenterMask-QuestionMask,conservative_light_center,0.0,3,0,,,,,none,none
ViLP,Qwen2-VL-7B_Biased_Test,143,vcf_only,Oth,Joint-CenterMask-QuestionMask,Joint-CenterMask-QuestionMask,conservative_light_center,0.0,3,0,,,,,none,none
ViLP,Qwen2-VL-7B_Biased_Test,144,tcf_only,Oth,Joint-CenterMask-QuestionMask,Joint-CenterMask-QuestionMask,conservative_light_center,0.0,3,0,,,,,none,none
ViLP,Qwen2-VL-7B_Biased_Test,148,vcf_only,Oth,Joint-CenterMask-QuestionMask,Joint-CenterMask-QuestionMask,conservative_light_center,0.0,3,0,,,,,none,none
ViLP,Qwen2-VL-7B_Biased_Test,149,vcf_only,Oth,Joint-CenterMask-QuestionMask,Joint-CenterMask-QuestionMask,conservative_light_center,0.0,3,0,,,,,none,none
ViLP,Qwen2-VL-7B_Biased_Test,151,vcf_only,Oth,Joint-StrongBlur-QuestionMask,Joint-StrongBlur-QuestionMask,joint_strong,1.0,4,1,0.4380329847335815,1,tc_qmask,2.0,qmask,strong
ViLP,Qwen2-VL-7B_Biased_Test,152,vcf_only,Oth,Joint-StrongBlur-QuestionMask,Joint-StrongBlur-QuestionMask,joint_strong,0.0,4,1,0.360630989074707,1,tc_qmask,2.0,qmask,strong
ViLP,Qwen2-VL-7B_Biased_Test,157,vcf_only,Oth,Joint-StrongBlur-QuestionMask,Joint-StrongBlur-QuestionMask,joint_strong,1.0,4,1,0.5099378824234009,1,tc_qmask,2.0,qmask,strong
ViLP,Qwen2-VL-7B_Biased_Test,158,vcf_only,Oth,Joint-StrongBlur-QuestionMask,Joint-StrongBlur-QuestionMask,joint_strong,1.0,4,1,0.588666558265686,1,tc_qmask,2.0,qmask,strong
ViLP,Qwen2-VL-7B_Biased_Test,161,vcf_only,Oth,Joint-StrongBlur-QuestionMask,Joint-StrongBlur-QuestionMask,joint_strong,0.0,4,1,0.6416003704071045,1,tc_qmask,2.0,qmask,strong
ViLP,Qwen2-VL-7B_Biased_Test,163,tcf_only,Oth,Joint-CenterMask-QuestionMask,Joint-CenterMask-QuestionMask,conservative_light_center,0.0,3,0,,,,,none,none
ViLP,Qwen2-VL-7B_Biased_Test,164,vcf_only,Oth,Joint-CenterMask-QuestionMask,Joint-CenterMask-QuestionMask,conservative_light_center,0.0,3,0,,,,,none,none
ViLP,Qwen2-VL-7B_Biased_Test,171,tcf_only,Oth,Joint-CenterMask-QuestionMask,Joint-CenterMask-QuestionMask,conservative_light_center,0.0,3,0,,,,,none,none
ViLP,Qwen2-VL-7B_Biased_Test,174,tcf_only,Oth,Joint-CenterMask-QuestionMask,Joint-CenterMask-QuestionMask,conservative_light_center,0.0,3,0,,,,,none,none
ViLP,Qwen2-VL-7B_Biased_Test,178,vcf_only,Oth,Joint-CenterMask-QuestionMask,Joint-CenterMask-QuestionMask,conservative_light_center,0.0,3,0,,,,,none,none
ViLP,Qwen2-VL-7B_Biased_Test,179,vcf_only,Oth,Joint-CenterMask-QuestionMask,Joint-CenterMask-QuestionMask,conservative_light_center,0.0,3,0,,,,,none,none
ViLP,Qwen2-VL-7B_Biased_Test,181,vcf_only,Oth,Joint-StrongBlur-QuestionMask,Joint-StrongBlur-QuestionMask,joint_strong,0.0,4,1,0.6275678873062134,1,tc_qmask,2.0,qmask,strong
ViLP,Qwen2-VL-7B_Biased_Test,182,vcf_only,Oth,Joint-CenterMask-QuestionMask,Joint-CenterMask-QuestionMask,joint_center,0.0,4,1,0.673211932182312,1,tc_qmask,2.0,qmask,center
ViLP,Qwen2-VL-7B_Biased_Test,184,vcf_only,Oth,Joint-StrongBlur-QuestionMask,Joint-StrongBlur-QuestionMask,joint_strong,0.0,4,1,0.3341010808944702,1,tc_qmask,2.0,qmask,strong
ViLP,Qwen2-VL-7B_Biased_Test,187,vcf_only,Oth,Joint-StrongBlur-QuestionMask,Joint-StrongBlur-QuestionMask,joint_strong,0.0,4,1,0.6440671682357788,1,tc_qmask,2.0,qmask,strong
ViLP,Qwen2-VL-7B_Biased_Test,188,vcf_only,Oth,Joint-CenterMask-QuestionMask,Joint-CenterMask-QuestionMask,conservative_light_center,0.0,3,0,,,,,none,none
ViLP,Qwen2-VL-7B_Biased_Test,189,tcf_only,Oth,Joint-CenterMask-QuestionMask,Joint-CenterMask-QuestionMask,conservative_light_center,0.0,3,0,,,,,none,none
ViLP,Qwen2-VL-7B_Biased_Test,191,tcf_only,Oth,Joint-CenterMask-QuestionMask,Joint-CenterMask-QuestionMask,conservative_light_center,0.0,3,0,,,,,none,none
ViLP,Qwen2-VL-7B_Biased_Test,192,tcf_only,Oth,Joint-CenterMask-QuestionMask,Joint-CenterMask-QuestionMask,conservative_light_center,0.0,3,0,,,,,none,none
ViLP,Qwen2-VL-7B_Biased_Test,194,tcf_only,Oth,Joint-CenterMask-QuestionMask,Joint-CenterMask-QuestionMask,conservative_light_center,1.0,3,0,,,,,none,none
ViLP,Qwen2-VL-7B_Biased_Test,196,tcf_only,Oth,Joint-CenterMask-QuestionMask,Joint-CenterMask-QuestionMask,conservative_light_center,1.0,3,0,,,,,none,none
ViLP,Qwen2-VL-7B_Biased_Test,197,tcf_only,Oth,Joint-CenterMask-QuestionMask,Joint-CenterMask-QuestionMask,conservative_light_center,0.0,3,0,,,,,none,none
ViLP,Qwen2-VL-7B_Biased_Test,199,tcf_only,Oth,Joint-CenterMask-QuestionMask,Joint-CenterMask-QuestionMask,conservative_light_center,1.0,3,0,,,,,none,none
ViLP,Qwen2-VL-7B_Biased_Test,201,tcf_only,Oth,Joint-CenterMask-QuestionMask,Joint-CenterMask-QuestionMask,conservative_light_center,0.0,3,0,,,,,none,none
ViLP,Qwen2-VL-7B_Biased_Test,202,tcf_only,Oth,Joint-CenterMask-QuestionMask,Joint-CenterMask-QuestionMask,conservative_light_center,0.0,3,0,,,,,none,none
ViLP,Qwen2-VL-7B_Biased_Test,203,tcf_only,Oth,Joint-CenterMask-QuestionMask,Joint-CenterMask-QuestionMask,conservative_light_center,0.0,3,0,,,,,none,none
ViLP,Qwen2-VL-7B_Biased_Test,206,vcf_only,Oth,Joint-StrongBlur-QuestionMask,Joint-StrongBlur-QuestionMask,joint_strong,0.0,4,1,0.594892680644989,1,tc_qmask,2.0,qmask,strong
ViLP,Qwen2-VL-7B_Biased_Test,208,vcf_only,Oth,Joint-StrongBlur-QuestionMask,Joint-StrongBlur-QuestionMask,joint_strong,1.0,4,1,0.377759039402008,1,tc_qmask,2.0,qmask,strong
ViLP,Qwen2-VL-7B_Biased_Test,209,vcf_only,Oth,Joint-CenterMask-QuestionMask,Joint-CenterMask-QuestionMask,conservative_light_center,0.0,3,0,,,,,none,none
ViLP,Qwen2-VL-7B_Biased_Test,211,both,Oth,Joint-CenterMask-QuestionMask,Joint-CenterMask-QuestionMask,conservative_light_center,0.0,3,0,,,,,none,none
ViLP,Qwen2-VL-7B_Biased_Test,212,both,Oth,Joint-CenterMask-QuestionMask,Joint-CenterMask-QuestionMask,conservative_light_center,0.0,3,0,,,,,none,none
ViLP,Qwen2-VL-7B_Biased_Test,214,vcf_only,Oth,Joint-CenterMask-QuestionMask,Joint-CenterMask-QuestionMask,joint_center,0.0,4,1,0.4591452479362488,1,tc_qmask,2.0,qmask,center
ViLP,Qwen2-VL-7B_Biased_Test,217,vcf_only,Oth,Joint-StrongBlur-QuestionMask,Joint-StrongBlur-QuestionMask,joint_strong,0.0,4,1,0.6654173731803894,1,tc_qmask,2.0,qmask,strong
ViLP,Qwen2-VL-7B_Biased_Test,218,vcf_only,Oth,Joint-StrongBlur-QuestionMask,Joint-StrongBlur-QuestionMask,joint_strong,0.0,4,1,0.6295943856239319,1,tc_qmask,2.0,qmask,strong
ViLP,Qwen2-VL-7B_Biased_Test,221,vcf_only,Oth,Joint-StrongBlur-QuestionMask,Joint-StrongBlur-QuestionMask,joint_strong,0.0,4,1,0.6618587970733643,1,tc_qmask,2.0,qmask,strong
ViLP,Qwen2-VL-7B_Biased_Test,223,vcf_only,Oth,Joint-StrongBlur-QuestionMask,Joint-StrongBlur-QuestionMask,joint_strong,0.0,4,1,0.6646961569786072,1,tc_qmask,2.0,qmask,strong
ViLP,Qwen2-VL-7B_Biased_Test,224,vcf_only,Oth,Joint-StrongBlur-QuestionMask,Joint-StrongBlur-QuestionMask,joint_strong,0.0,4,1,0.6703922748565674,1,tc_qmask,2.0,qmask,strong
ViLP,Qwen2-VL-7B_Biased_Test,226,tcf_only,Oth,Joint-CenterMask-QuestionMask,Joint-CenterMask-QuestionMask,conservative_light_center,1.0,3,0,,,,,none,none
ViLP,Qwen2-VL-7B_Biased_Test,227,tcf_only,Oth,Joint-CenterMask-QuestionMask,Joint-CenterMask-QuestionMask,conservative_light_center,0.0,3,0,,,,,none,none
ViLP,Qwen2-VL-7B_Biased_Test,229,vcf_only,Oth,Joint-StrongBlur-QuestionMask,Joint-StrongBlur-QuestionMask,joint_strong,0.0,4,1,0.5029714703559875,1,tc_qmask,2.0,qmask,strong
ViLP,Qwen2-VL-7B_Biased_Test,232,vcf_only,Oth,Joint-StrongBlur-QuestionMask,Joint-StrongBlur-QuestionMask,joint_strong,0.0,4,1,0.6661407947540283,1,tc_qmask,2.0,qmask,strong
ViLP,Qwen2-VL-7B_Biased_Test,233,vcf_only,Oth,Joint-StrongBlur-QuestionMask,Joint-StrongBlur-QuestionMask,joint_strong,0.0,4,1,0.6590161323547363,1,tc_qmask,2.0,qmask,strong
ViLP,Qwen2-VL-7B_Biased_Test,236,vcf_only,Oth,Joint-StrongBlur-QuestionMask,Joint-StrongBlur-QuestionMask,joint_strong,1.0,4,1,0.6199727058410645,1,tc_qmask,2.0,qmask,strong
ViLP,Qwen2-VL-7B_Biased_Test,238,both,Oth,Joint-CenterMask-QuestionMask,Joint-CenterMask-QuestionMask,conservative_light_center,1.0,3,0,,,,,none,none
ViLP,Qwen2-VL-7B_Biased_Test,239,both,Oth,Joint-CenterMask-QuestionMask,Joint-CenterMask-QuestionMask,conservative_light_center,1.0,3,0,,,,,none,none
ViLP,Qwen2-VL-7B_Biased_Test,242,vcf_only,Oth,Joint-CenterMask-QuestionMask,Joint-CenterMask-QuestionMask,conservative_light_center,0.0,3,0,,,,,none,none
ViLP,Qwen2-VL-7B_Biased_Test,244,tcf_only,Oth,Joint-StrongBlur-QuestionMask,Joint-StrongBlur-QuestionMask,joint_strong,1.0,4,1,0.518283486366272,1,tc_qmask,2.0,qmask,strong
ViLP,Qwen2-VL-7B_Biased_Test,249,vcf_only,Oth,Joint-CenterMask-QuestionMask,Joint-CenterMask-QuestionMask,joint_center,0.0,4,1,0.5550308227539062,1,tc_qmask,2.0,qmask,center
ViLP,Qwen2-VL-7B_Biased_Test,254,tcf_only,Oth,Text-QuestionMask,Text-QuestionMask,text,0.0,4,1,0.2742539942264557,1,tc_qmask,0.0,qmask,none
ViLP,Qwen2-VL-7B_Biased_Test,257,tcf_only,Oth,Joint-CenterMask-QuestionMask,Joint-CenterMask-QuestionMask,conservative_light_center,0.0,3,0,,,,,none,none
ViLP,Qwen2-VL-7B_Biased_Test,259,vcf_only,Oth,Joint-StrongBlur-QuestionMask,Joint-StrongBlur-QuestionMask,joint_strong,0.0,4,1,0.3656922578811645,1,tc_qmask,2.0,qmask,strong
ViLP,Qwen2-VL-7B_Biased_Test,262,both,Oth,Joint-CenterMask-QuestionMask,Joint-CenterMask-QuestionMask,conservative_light_center,1.0,3,0,,,,,none,none
ViLP,Qwen2-VL-7B_Biased_Test,263,tcf_only,Oth,Joint-CenterMask-QuestionMask,Joint-CenterMask-QuestionMask,conservative_light_center,1.0,3,0,,,,,none,none
ViLP,Qwen2-VL-7B_Biased_Test,264,tcf_only,Oth,Joint-CenterMask-QuestionMask,Joint-CenterMask-QuestionMask,conservative_light_center,0.0,3,0,,,,,none,none
ViLP,Qwen2-VL-7B_Biased_Test,268,vcf_only,Oth,Joint-CenterMask-QuestionMask,Joint-CenterMask-QuestionMask,conservative_light_center,0.0,3,0,,,,,none,none
ViLP,Qwen2-VL-7B_Biased_Test,269,vcf_only,Oth,Joint-StrongBlur-QuestionMask,Joint-StrongBlur-QuestionMask,joint_strong,0.0,4,1,0.6308571696281433,1,tc_qmask,2.0,qmask,strong
ViLP,Qwen2-VL-7B_Biased_Test,271,tcf_only,Oth,Joint-CenterMask-QuestionMask,Joint-CenterMask-QuestionMask,conservative_light_center,1.0,3,0,,,,,none,none
ViLP,Qwen2-VL-7B_Biased_Test,274,vcf_only,Oth,Joint-CenterMask-QuestionMask,Joint-CenterMask-QuestionMask,conservative_light_center,1.0,3,0,,,,,none,none
ViLP,Qwen2-VL-7B_Biased_Test,278,both,Oth,Joint-CenterMask-QuestionMask,Joint-CenterMask-QuestionMask,conservative_light_center,0.0,3,0,,,,,none,none
ViLP,Qwen2-VL-7B_Biased_Test,283,vcf_only,Oth,Joint-StrongBlur-QuestionMask,Joint-StrongBlur-QuestionMask,joint_strong,0.0,4,1,0.4898117780685425,1,tc_qmask,2.0,qmask,strong
ViLP,Qwen2-VL-7B_Biased_Test,284,both,Oth,Joint-StrongBlur-QuestionMask,Joint-StrongBlur-QuestionMask,joint_strong,1.0,4,1,0.3655436933040619,1,tc_qmask,2.0,qmask,strong
ViLP,Qwen2-VL-7B_Biased_Test,286,vcf_only,Oth,Joint-CenterMask-QuestionMask,Joint-CenterMask-QuestionMask,joint_center,0.0,4,1,0.5594395399093628,1,tc_qmask,2.0,qmask,center
ViLP,Qwen2-VL-7B_Biased_Test,287,vcf_only,Oth,Joint-CenterMask-QuestionMask,Joint-CenterMask-QuestionMask,conservative_light_center,0.0,3,0,,,,,none,none
ViLP,Qwen2-VL-7B_Biased_Test,289,vcf_only,Oth,Joint-CenterMask-QuestionMask,Joint-CenterMask-QuestionMask,joint_center,0.0,4,1,0.2572519481182098,1,tc_qmask,2.0,qmask,center
ViLP,Qwen2-VL-7B_Biased_Test,296,both,Oth,Joint-CenterMask-QuestionMask,Joint-CenterMask-QuestionMask,conservative_light_center,0.0,3,0,,,,,none,none
ViLP,Qwen2-VL-7B_Biased_Test,298,tcf_only,Oth,Joint-CenterMask-QuestionMask,Joint-CenterMask-QuestionMask,conservative_light_center,1.0,3,0,,,,,none,none
ViLP,Qwen2-VL-7B_Biased_Test,299,vcf_only,Oth,Joint-CenterMask-QuestionMask,Joint-CenterMask-QuestionMask,conservative_light_center,0.0,3,0,,,,,none,none
ViLP,Qwen2-VL-7B_Biased_Test,301,vcf_only,Oth,Joint-StrongBlur-QuestionMask,Joint-StrongBlur-QuestionMask,joint_strong,1.0,4,1,0.4969454407691955,1,tc_qmask,1.0,qmask,strong
ViLP,Qwen2-VL-7B_Biased_Test,302,both,Oth,Joint-CenterMask-QuestionMask,Joint-CenterMask-QuestionMask,conservative_light_center,1.0,3,0,,,,,none,none
ViLP,Qwen2-VL-7B_Biased_Test,304,tcf_only,Oth,Joint-CenterMask-QuestionMask,Joint-CenterMask-QuestionMask,conservative_light_center,0.0,3,0,,,,,none,none
ViLP,Qwen2-VL-7B_Biased_Test,308,tcf_only,Oth,Joint-CenterMask-QuestionMask,Joint-CenterMask-QuestionMask,conservative_light_center,1.0,3,0,,,,,none,none
ViLP,Qwen2-VL-7B_Biased_Test,311,vcf_only,Oth,Joint-CenterMask-QuestionMask,Joint-CenterMask-QuestionMask,conservative_light_center,0.0,3,0,,,,,none,none
ViLP,Qwen2-VL-7B_Biased_Test,316,vcf_only,Oth,Joint-CenterMask-QuestionMask,Joint-CenterMask-QuestionMask,conservative_light_center,0.0,3,0,,,,,none,none
ViLP,Qwen2-VL-7B_Biased_Test,317,vcf_only,Oth,Joint-CenterMask-QuestionMask,Joint-CenterMask-QuestionMask,conservative_light_center,0.0,3,0,,,,,none,none
ViLP,Qwen2-VL-7B_Biased_Test,322,vcf_only,Oth,Joint-CenterMask-QuestionMask,Joint-CenterMask-QuestionMask,conservative_light_center,0.0,3,0,,,,,none,none
ViLP,Qwen2-VL-7B_Biased_Test,323,vcf_only,Oth,Joint-CenterMask-QuestionMask,Joint-CenterMask-QuestionMask,conservative_light_center,0.0,3,0,,,,,none,none
ViLP,Qwen2-VL-7B_Biased_Test,324,tcf_only,Oth,Joint-CenterMask-QuestionMask,Joint-CenterMask-QuestionMask,joint_center,1.0,4,1,0.6841480731964111,1,tc_qmask,2.0,qmask,center
ViLP,Qwen2-VL-7B_Biased_Test,336,vcf_only,Oth,Joint-CenterMask-QuestionMask,Joint-CenterMask-QuestionMask,conservative_light_center,1.0,3,0,,,,,none,none
ViLP,Qwen2-VL-7B_Biased_Test,346,vcf_only,Oth,Joint-CenterMask-QuestionMask,Joint-CenterMask-QuestionMask,conservative_light_center,0.0,3,0,,,,,none,none
ViLP,Qwen2-VL-7B_Biased_Test,347,tcf_only,Oth,Joint-CenterMask-QuestionMask,Joint-CenterMask-QuestionMask,conservative_light_center,1.0,3,0,,,,,none,none
ViLP,Qwen2-VL-7B_Biased_Test,348,tcf_only,Oth,Joint-CenterMask-QuestionMask,Joint-CenterMask-QuestionMask,conservative_light_center,0.0,3,0,,,,,none,none
ViLP,Qwen2-VL-7B_Biased_Test,349,tcf_only,Oth,Joint-CenterMask-QuestionMask,Joint-CenterMask-QuestionMask,conservative_light_center,0.0,3,0,,,,,none,none
ViLP,Qwen2-VL-7B_Biased_Test,357,vcf_only,Oth,Joint-CenterMask-QuestionMask,Joint-CenterMask-QuestionMask,joint_center,0.0,4,1,0.2792243361473083,1,tc_qmask,2.0,qmask,center
ViLP,Qwen2-VL-7B_Biased_Test,366,tcf_only,Oth,Joint-CenterMask-QuestionMask,Joint-CenterMask-QuestionMask,conservative_light_center,0.0,3,0,,,,,none,none
ViLP,Qwen2-VL-7B_Biased_Test,372,vcf_only,Oth,Joint-CenterMask-QuestionMask,Joint-CenterMask-QuestionMask,conservative_light_center,1.0,3,0,,,,,none,none
ViLP,Qwen2-VL-7B_Biased_Test,376,tcf_only,Oth,Joint-CenterMask-QuestionMask,Joint-CenterMask-QuestionMask,conservative_light_center,0.0,3,0,,,,,none,none
ViLP,Qwen2-VL-7B_Biased_Test,381,vcf_only,Oth,Joint-CenterMask-QuestionMask,Joint-CenterMask-QuestionMask,conservative_light_center,0.0,3,0,,,,,none,none
ViLP,Qwen2-VL-7B_Biased_Test,384,tcf_only,Oth,Joint-CenterMask-QuestionMask,Joint-CenterMask-QuestionMask,conservative_light_center,0.0,3,0,,,,,none,none
ViLP,Qwen2-VL-7B_Biased_Test,387,tcf_only,Oth,Joint-StrongBlur-QuestionMask,Joint-StrongBlur-QuestionMask,joint_strong,0.0,4,1,0.4332518279552459,1,tc_qmask,1.0,qmask,strong
ViLP,Qwen2-VL-7B_Biased_Test,394,tcf_only,Oth,Text-QuestionMask,Text-QuestionMask,text,0.0,4,1,0.5900945663452148,1,tc_qmask,0.0,qmask,none
ViLP,Qwen2-VL-7B_Biased_Test,397,vcf_only,Oth,Joint-CenterMask-QuestionMask,Joint-CenterMask-QuestionMask,conservative_light_center,1.0,3,0,,,,,none,none
ViLP,Qwen2-VL-7B_Biased_Test,398,both,Oth,Joint-CenterMask-QuestionMask,Joint-CenterMask-QuestionMask,conservative_light_center,1.0,3,0,,,,,none,none
ViLP,Qwen2-VL-7B_Biased_Test,403,vcf_only,Oth,Joint-CenterMask-QuestionMask,Joint-CenterMask-QuestionMask,joint_center,0.0,4,1,0.6808907985687256,1,tc_qmask,2.0,qmask,center
ViLP,Qwen2-VL-7B_Biased_Test,404,vcf_only,Oth,Joint-CenterMask-QuestionMask,Joint-CenterMask-QuestionMask,joint_center,0.0,4,1,0.6679350137710571,1,tc_qmask,2.0,qmask,center
ViLP,Qwen2-VL-7B_Biased_Test,406,vcf_only,Oth,Joint-StrongBlur-QuestionMask,Joint-StrongBlur-QuestionMask,joint_strong,0.0,4,1,0.4610761404037475,1,tc_qmask,2.0,qmask,strong
ViLP,Qwen2-VL-7B_Biased_Test,409,both,Oth,Joint-CenterMask-QuestionMask,Joint-CenterMask-QuestionMask,conservative_light_center,1.0,3,0,,,,,none,none
ViLP,Qwen2-VL-7B_Biased_Test,412,vcf_only,Oth,Joint-CenterMask-QuestionMask,Joint-CenterMask-QuestionMask,joint_center,0.0,4,1,0.5461055040359497,1,tc_qmask,2.0,qmask,center
ViLP,Qwen2-VL-7B_Biased_Test,413,vcf_only,Oth,Joint-CenterMask-QuestionMask,Joint-CenterMask-QuestionMask,joint_center,0.0,4,1,0.6637946367263794,1,tc_qmask,2.0,qmask,center
ViLP,Qwen2-VL-7B_Biased_Test,424,both,Oth,Joint-CenterMask-QuestionMask,Joint-CenterMask-QuestionMask,conservative_light_center,1.0,3,0,,,,,none,none
ViLP,Qwen2-VL-7B_Biased_Test,434,vcf_only,Oth,Joint-StrongBlur-QuestionMask,Joint-StrongBlur-QuestionMask,joint_strong,1.0,4,1,0.5167246460914612,1,tc_qmask,2.0,qmask,strong
ViLP,Qwen2-VL-7B_Biased_Test,438,tcf_only,Oth,Joint-StrongBlur-QuestionMask,Joint-StrongBlur-QuestionMask,joint_strong,1.0,4,1,0.5948340892791748,1,tc_qmask,2.0,qmask,strong
ViLP,Qwen2-VL-7B_Biased_Test,439,vcf_only,Oth,Joint-StrongBlur-QuestionMask,Joint-StrongBlur-QuestionMask,joint_strong,0.0,4,1,0.5281689167022705,1,tc_qmask,2.0,qmask,strong
ViLP,Qwen2-VL-7B_Biased_Test,442,vcf_only,Oth,Joint-CenterMask-QuestionMask,Joint-CenterMask-QuestionMask,vc_only_light_center,0.0,4,1,0.0453165769577026,1,tc_qmask,2.0,none,strong
ViLP,Qwen2-VL-7B_Biased_Test,443,vcf_only,Oth,Joint-StrongBlur-QuestionMask,Joint-StrongBlur-QuestionMask,joint_strong,0.0,4,1,0.1227866262197494,1,tc_qmask,2.0,qmask,strong
ViLP,Qwen2-VL-7B_Biased_Test,446,both,Oth,Joint-StrongBlur-QuestionMask,Joint-StrongBlur-QuestionMask,joint_strong,1.0,4,1,0.4515972733497619,1,tc_qmask,2.0,qmask,strong
ViLP,Qwen2-VL-7B_Biased_Test,452,vcf_only,Oth,Joint-StrongBlur-QuestionMask,Joint-StrongBlur-QuestionMask,joint_strong,0.0,4,1,0.2046676874160766,1,tc_qmask,2.0,qmask,strong
ViLP,Qwen2-VL-7B_Biased_Test,454,tcf_only,Oth,Joint-CenterMask-QuestionMask,Joint-CenterMask-QuestionMask,conservative_light_center,0.0,3,0,,,,,none,none
ViLP,Qwen2-VL-7B_Biased_Test,457,both,Oth,Joint-CenterMask-QuestionMask,Joint-CenterMask-QuestionMask,conservative_light_center,1.0,3,0,,,,,none,none
ViLP,Qwen2-VL-7B_Biased_Test,458,tcf_only,Oth,Joint-CenterMask-QuestionMask,Joint-CenterMask-QuestionMask,conservative_light_center,0.0,3,0,,,,,none,none
ViLP,Qwen2-VL-7B_Biased_Test,461,tcf_only,Oth,Joint-CenterMask-QuestionMask,Joint-CenterMask-QuestionMask,conservative_light_center,0.0,3,0,,,,,none,none
ViLP,Qwen2-VL-7B_Biased_Test,473,tcf_only,Oth,Joint-CenterMask-QuestionMask,Joint-CenterMask-QuestionMask,conservative_light_center,0.0,3,0,,,,,none,none
ViLP,Qwen2-VL-7B_Biased_Test,476,vcf_only,Oth,Joint-CenterMask-QuestionMask,Joint-CenterMask-QuestionMask,conservative_light_center,0.0,3,0,,,,,none,none
ViLP,Qwen2-VL-7B_Biased_Test,478,tcf_only,Oth,Joint-CenterMask-QuestionMask,Joint-CenterMask-QuestionMask,conservative_light_center,0.0,3,0,,,,,none,none
ViLP,Qwen2-VL-7B_Biased_Test,479,tcf_only,Oth,Joint-CenterMask-QuestionMask,Joint-CenterMask-QuestionMask,conservative_light_center,0.0,3,0,,,,,none,none
ViLP,Qwen2-VL-7B_Biased_Test,484,vcf_only,Oth,Joint-CenterMask-QuestionMask,Joint-CenterMask-QuestionMask,conservative_light_center,1.0,3,0,,,,,none,none
ViLP,Qwen2-VL-7B_Biased_Test,487,vcf_only,Oth,Joint-CenterMask-QuestionMask,Joint-CenterMask-QuestionMask,conservative_light_center,1.0,3,0,,,,,none,none
ViLP,Qwen2-VL-7B_Biased_Test,488,tcf_only,Oth,Joint-CenterMask-QuestionMask,Joint-CenterMask-QuestionMask,conservative_light_center,0.0,3,0,,,,,none,none
ViLP,Qwen2-VL-7B_Biased_Test,491,vcf_only,Oth,Joint-StrongBlur-QuestionMask,Joint-StrongBlur-QuestionMask,joint_strong,0.0,4,1,0.6591545343399048,1,tc_qmask,2.0,qmask,strong
ViLP,Qwen2-VL-7B_Biased_Test,496,tcf_only,Oth,Joint-CenterMask-QuestionMask,Joint-CenterMask-QuestionMask,conservative_light_center,0.0,3,0,,,,,none,none
ViLP,Qwen2-VL-7B_Biased_Test,504,vcf_only,Oth,Joint-CenterMask-QuestionMask,Joint-CenterMask-QuestionMask,joint_center,1.0,4,1,0.4420845806598663,1,tc_qmask,2.0,qmask,center
ViLP,Qwen2-VL-7B_Biased_Test,506,vcf_only,Oth,Joint-CenterMask-QuestionMask,Joint-CenterMask-QuestionMask,conservative_light_center,0.0,3,0,,,,,none,none
ViLP,Qwen2-VL-7B_Biased_Test,507,tcf_only,Oth,Text-QuestionMask,Text-QuestionMask,text,0.0,4,1,0.4722909033298492,1,tc_qmask,0.0,qmask,none
ViLP,Qwen2-VL-7B_Biased_Test,523,tcf_only,Oth,Joint-CenterMask-QuestionMask,Joint-CenterMask-QuestionMask,conservative_light_center,0.0,3,0,,,,,none,none
ViLP,Qwen2-VL-7B_Biased_Test,527,vcf_only,Oth,Joint-StrongBlur-QuestionMask,Joint-StrongBlur-QuestionMask,joint_strong,0.0,4,1,0.4934380948543548,1,tc_qmask,2.0,qmask,strong
ViLP,Qwen2-VL-7B_Biased_Test,533,tcf_only,Oth,Joint-CenterMask-QuestionMask,Joint-CenterMask-QuestionMask,conservative_light_center,1.0,3,0,,,,,none,none
ViLP,Qwen2-VL-7B_Biased_Test,534,vcf_only,Oth,Joint-CenterMask-QuestionMask,Joint-CenterMask-QuestionMask,joint_center,0.0,4,1,0.441263198852539,1,tc_qmask,1.0,qmask,center
ViLP,Qwen2-VL-7B_Biased_Test,537,tcf_only,Oth,Joint-CenterMask-QuestionMask,Joint-CenterMask-QuestionMask,conservative_light_center,1.0,3,0,,,,,none,none
ViLP,Qwen2-VL-7B_Biased_Test,538,vcf_only,Oth,Joint-CenterMask-QuestionMask,Joint-CenterMask-QuestionMask,conservative_light_center,0.0,3,0,,,,,none,none
ViLP,Qwen2-VL-7B_Biased_Test,541,tcf_only,Oth,Joint-CenterMask-QuestionMask,Joint-CenterMask-QuestionMask,conservative_light_center,1.0,3,0,,,,,none,none
ViLP,Qwen2-VL-7B_Biased_Test,542,vcf_only,Oth,Joint-CenterMask-QuestionMask,Joint-CenterMask-QuestionMask,conservative_light_center,0.0,3,0,,,,,none,none
ViLP,Qwen2-VL-7B_Biased_Test,544,tcf_only,Oth,Joint-CenterMask-QuestionMask,Joint-CenterMask-QuestionMask,conservative_light_center,1.0,3,0,,,,,none,none
ViLP,Qwen2-VL-7B_Biased_Test,551,tcf_only,Oth,Joint-CenterMask-QuestionMask,Joint-CenterMask-QuestionMask,conservative_light_center,0.0,3,0,,,,,none,none
ViLP,Qwen2-VL-7B_Biased_Test,552,tcf_only,Oth,Joint-CenterMask-QuestionMask,Joint-CenterMask-QuestionMask,conservative_light_center,0.0,3,0,,,,,none,none
ViLP,Qwen2-VL-7B_Biased_Test,558,tcf_only,Oth,Joint-CenterMask-QuestionMask,Joint-CenterMask-QuestionMask,conservative_light_center,0.0,3,0,,,,,none,none
ViLP,Qwen2-VL-7B_Biased_Test,566,vcf_only,Oth,Joint-CenterMask-QuestionMask,Joint-CenterMask-QuestionMask,conservative_light_center,0.0,3,0,,,,,none,none
ViLP,Qwen2-VL-7B_Biased_Test,576,tcf_only,Oth,Joint-CenterMask-QuestionMask,Joint-CenterMask-QuestionMask,conservative_light_center,0.0,3,0,,,,,none,none
ViLP,Qwen2-VL-7B_Biased_Test,577,both,Oth,Joint-CenterMask-QuestionMask,Joint-CenterMask-QuestionMask,conservative_light_center,0.0,3,0,,,,,none,none
ViLP,Qwen2-VL-7B_Biased_Test,578,both,Oth,Joint-CenterMask-QuestionMask,Joint-CenterMask-QuestionMask,conservative_light_center,0.0,3,0,,,,,none,none
ViLP,Qwen2-VL-7B_Biased_Test,581,tcf_only,Oth,Joint-CenterMask-QuestionMask,Joint-CenterMask-QuestionMask,conservative_light_center,0.0,3,0,,,,,none,none
ViLP,Qwen2-VL-7B_Biased_Test,584,tcf_only,Oth,Joint-CenterMask-QuestionMask,Joint-CenterMask-QuestionMask,conservative_light_center,1.0,3,0,,,,,none,none
ViLP,Qwen2-VL-7B_Biased_Test,586,vcf_only,Oth,Joint-CenterMask-QuestionMask,Joint-CenterMask-QuestionMask,joint_center,1.0,4,1,0.614395022392273,1,tc_qmask,2.0,qmask,center
ViLP,Qwen2-VL-7B_Biased_Test,593,vcf_only,Oth,Joint-CenterMask-QuestionMask,Joint-CenterMask-QuestionMask,conservative_light_center,1.0,3,0,,,,,none,none
ViLP,Qwen2-VL-7B_Biased_Test,596,vcf_only,Oth,Joint-CenterMask-QuestionMask,Joint-CenterMask-QuestionMask,conservative_light_center,0.0,3,0,,,,,none,none
ViLP,Qwen2-VL-7B_Biased_Test,598,vcf_only,Oth,Joint-CenterMask-QuestionMask,Joint-CenterMask-QuestionMask,conservative_light_center,0.0,3,0,,,,,none,none
ViLP,Qwen2-VL-7B_Biased_Test,602,tcf_only,Oth,Joint-CenterMask-QuestionMask,Joint-CenterMask-QuestionMask,conservative_light_center,0.0,3,0,,,,,none,none
ViLP,Qwen2-VL-7B_Biased_Test,604,both,Oth,Joint-CenterMask-QuestionMask,Joint-CenterMask-QuestionMask,conservative_light_center,0.0,3,0,,,,,none,none
ViLP,Qwen2-VL-7B_Biased_Test,607,vcf_only,Oth,Joint-StrongBlur-QuestionMask,Joint-StrongBlur-QuestionMask,joint_strong,1.0,4,1,0.6264467239379883,1,tc_qmask,2.0,qmask,strong
ViLP,Qwen2-VL-7B_Biased_Test,608,vcf_only,Oth,Joint-CenterMask-QuestionMask,Joint-CenterMask-QuestionMask,conservative_light_center,1.0,3,0,,,,,none,none
ViLP,Qwen2-VL-7B_Biased_Test,614,tcf_only,Oth,Joint-CenterMask-QuestionMask,Joint-CenterMask-QuestionMask,conservative_light_center,1.0,3,0,,,,,none,none
ViLP,Qwen2-VL-7B_Biased_Test,616,tcf_only,Oth,Joint-StrongBlur-QuestionMask,Joint-StrongBlur-QuestionMask,joint_strong,1.0,4,1,0.413821280002594,1,tc_qmask,1.0,qmask,strong
ViLP,Qwen2-VL-7B_Biased_Test,619,vcf_only,Oth,Joint-CenterMask-QuestionMask,Joint-CenterMask-QuestionMask,joint_center,0.0,4,1,0.3726527392864227,1,tc_qmask,2.0,qmask,center
ViLP,Qwen2-VL-7B_Biased_Test,622,tcf_only,Oth,Text-QuestionMask,Text-QuestionMask,text,1.0,4,1,0.3396150469779968,1,tc_qmask,0.0,qmask,none
ViLP,Qwen2-VL-7B_Biased_Test,623,tcf_only,Oth,Joint-CenterMask-QuestionMask,Joint-CenterMask-QuestionMask,conservative_light_center,0.0,3,0,,,,,none,none
ViLP,Qwen2-VL-7B_Biased_Test,628,both,Oth,Joint-CenterMask-QuestionMask,Joint-CenterMask-QuestionMask,conservative_light_center,1.0,3,0,,,,,none,none
ViLP,Qwen2-VL-7B_Biased_Test,633,both,Oth,Joint-CenterMask-QuestionMask,Joint-CenterMask-QuestionMask,conservative_light_center,0.0,3,0,,,,,none,none
ViLP,Qwen2-VL-7B_Biased_Test,634,both,Oth,Joint-CenterMask-QuestionMask,Joint-CenterMask-QuestionMask,conservative_light_center,0.0,3,0,,,,,none,none
ViLP,Qwen2-VL-7B_Biased_Test,646,vcf_only,Oth,Joint-StrongBlur-QuestionMask,Joint-StrongBlur-QuestionMask,joint_strong,1.0,4,1,0.3362418413162231,1,tc_qmask,1.0,qmask,strong
ViLP,Qwen2-VL-7B_Biased_Test,652,vcf_only,Oth,Joint-StrongBlur-QuestionMask,Joint-StrongBlur-QuestionMask,joint_strong,0.0,4,1,0.3555447459220886,1,tc_qmask,2.0,qmask,strong
ViLP,Qwen2-VL-7B_Biased_Test,653,vcf_only,Oth,Joint-StrongBlur-QuestionMask,Joint-StrongBlur-QuestionMask,joint_strong,0.0,4,1,0.5933597683906555,1,tc_qmask,2.0,qmask,strong
ViLP,Qwen2-VL-7B_Biased_Test,656,vcf_only,Oth,Joint-CenterMask-QuestionMask,Joint-CenterMask-QuestionMask,joint_center,0.0,4,1,0.2726322710514068,1,tc_qmask,2.0,qmask,center
ViLP,Qwen2-VL-7B_Biased_Test,661,both,Oth,Joint-CenterMask-QuestionMask,Joint-CenterMask-QuestionMask,conservative_light_center,1.0,3,0,,,,,none,none
ViLP,Qwen2-VL-7B_Biased_Test,664,tcf_only,Oth,Joint-CenterMask-QuestionMask,Joint-CenterMask-QuestionMask,conservative_light_center,0.0,3,0,,,,,none,none
ViLP,Qwen2-VL-7B_Biased_Test,666,both,Oth,Joint-CenterMask-QuestionMask,Joint-CenterMask-QuestionMask,conservative_light_center,0.0,3,0,,,,,none,none
ViLP,Qwen2-VL-7B_Biased_Test,668,tcf_only,Oth,Joint-CenterMask-QuestionMask,Joint-CenterMask-QuestionMask,conservative_light_center,0.0,3,0,,,,,none,none
ViLP,Qwen2-VL-7B_Biased_Test,674,tcf_only,Oth,Joint-CenterMask-QuestionMask,Joint-CenterMask-QuestionMask,vc_only_light_center,1.0,4,1,0.0364679247140884,1,tc_qmask,1.0,none,center
ViLP,Qwen2-VL-7B_Biased_Test,676,tcf_only,Oth,Joint-CenterMask-QuestionMask,Joint-CenterMask-QuestionMask,conservative_light_center,0.0,3,0,,,,,none,none
ViLP,Qwen2-VL-7B_Biased_Test,677,both,Oth,Joint-CenterMask-QuestionMask,Joint-CenterMask-QuestionMask,conservative_light_center,0.0,3,0,,,,,none,none
ViLP,Qwen2-VL-7B_Biased_Test,683,vcf_only,Oth,Joint-StrongBlur-QuestionMask,Joint-StrongBlur-QuestionMask,joint_strong,0.0,4,1,0.1876267492771148,1,tc_qmask,2.0,qmask,strong
ViLP,Qwen2-VL-7B_Biased_Test,691,tcf_only,Oth,Text-QuestionMask,Text-QuestionMask,text,0.0,4,1,0.2847202122211456,1,tc_qmask,0.0,qmask,none
ViLP,Qwen2-VL-7B_Biased_Test,692,vcf_only,Oth,Joint-CenterMask-QuestionMask,Joint-CenterMask-QuestionMask,conservative_light_center,0.0,3,0,,,,,none,none
ViLP,Qwen2-VL-7B_Biased_Test,694,vcf_only,Oth,Joint-CenterMask-QuestionMask,Joint-CenterMask-QuestionMask,conservative_light_center,0.0,3,0,,,,,none,none
ViLP,Qwen2-VL-7B_Biased_Test,697,vcf_only,Oth,Joint-CenterMask-QuestionMask,Joint-CenterMask-QuestionMask,conservative_light_center,0.0,3,0,,,,,none,none
ViLP,Qwen2-VL-7B_Biased_Test,698,vcf_only,Oth,Joint-CenterMask-QuestionMask,Joint-CenterMask-QuestionMask,conservative_light_center,0.0,3,0,,,,,none,none
ViLP,Qwen2-VL-7B_Biased_Test,701,vcf_only,Oth,Joint-CenterMask-QuestionMask,Joint-CenterMask-QuestionMask,conservative_light_center,0.0,3,0,,,,,none,none
ViLP,Qwen2-VL-7B_Biased_Test,704,vcf_only,Oth,Joint-CenterMask-QuestionMask,Joint-CenterMask-QuestionMask,conservative_light_center,0.0,3,0,,,,,none,none
ViLP,Qwen2-VL-7B_Biased_Test,706,vcf_only,Oth,Joint-StrongBlur-QuestionMask,Joint-StrongBlur-QuestionMask,joint_strong,0.0,4,1,0.5303817987442017,1,tc_qmask,2.0,qmask,strong
ViLP,Qwen2-VL-7B_Biased_Test,707,vcf_only,Oth,Joint-StrongBlur-QuestionMask,Joint-StrongBlur-QuestionMask,joint_strong,1.0,4,1,0.5975964069366455,1,tc_qmask,2.0,qmask,strong
ViLP,Qwen2-VL-7B_Biased_Test,708,vcf_only,Oth,Joint-CenterMask-QuestionMask,Joint-CenterMask-QuestionMask,joint_center,0.0,4,1,0.3931465446949005,1,tc_qmask,2.0,qmask,center
ViLP,Qwen2-VL-7B_Biased_Test,709,vcf_only,Oth,Joint-CenterMask-QuestionMask,Joint-CenterMask-QuestionMask,conservative_light_center,1.0,3,0,,,,,none,none
ViLP,Qwen2-VL-7B_Biased_Test,712,vcf_only,Oth,Joint-CenterMask-QuestionMask,Joint-CenterMask-QuestionMask,conservative_light_center,1.0,3,0,,,,,none,none
ViLP,Qwen2-VL-7B_Biased_Test,713,vcf_only,Oth,Joint-CenterMask-QuestionMask,Joint-CenterMask-QuestionMask,conservative_light_center,0.0,3,0,,,,,none,none
ViLP,Qwen2-VL-7B_Biased_Test,718,vcf_only,Oth,Joint-CenterMask-QuestionMask,Joint-CenterMask-QuestionMask,conservative_light_center,0.0,3,0,,,,,none,none
ViLP,Qwen2-VL-7B_Biased_Test,719,tcf_only,Oth,Joint-CenterMask-QuestionMask,Joint-CenterMask-QuestionMask,conservative_light_center,1.0,3,0,,,,,none,none
ViLP,Qwen2-VL-7B_Biased_Test,721,vcf_only,Oth,Joint-StrongBlur-QuestionMask,Joint-StrongBlur-QuestionMask,joint_strong,0.0,4,1,0.6233875751495361,1,tc_qmask,1.0,qmask,strong
ViLP,Qwen2-VL-7B_Biased_Test,722,both,Oth,Joint-CenterMask-QuestionMask,Joint-CenterMask-QuestionMask,conservative_light_center,0.0,3,0,,,,,none,none
ViLP,Qwen2-VL-7B_Biased_Test,724,vcf_only,Oth,Joint-CenterMask-QuestionMask,Joint-CenterMask-QuestionMask,conservative_light_center,0.0,3,0,,,,,none,none
ViLP,Qwen2-VL-7B_Biased_Test,727,vcf_only,Oth,Joint-CenterMask-QuestionMask,Joint-CenterMask-QuestionMask,conservative_light_center,1.0,3,0,,,,,none,none
ViLP,Qwen2-VL-7B_Biased_Test,728,vcf_only,Oth,Joint-StrongBlur-QuestionMask,Joint-StrongBlur-QuestionMask,joint_strong,0.0,4,1,0.6205894947052002,1,tc_qmask,2.0,qmask,strong
ViLP,Qwen2-VL-7B_Biased_Test,731,vcf_only,Oth,Joint-CenterMask-QuestionMask,Joint-CenterMask-QuestionMask,conservative_light_center,0.0,3,0,,,,,none,none
ViLP,Qwen2-VL-7B_Biased_Test,733,tcf_only,Oth,Text-QuestionMask,Text-QuestionMask,text,0.0,4,1,0.4163432717323303,1,tc_qmask,0.0,qmask,none
ViLP,Qwen2-VL-7B_Biased_Test,743,tcf_only,Oth,Joint-CenterMask-QuestionMask,Joint-CenterMask-QuestionMask,conservative_light_center,1.0,3,0,,,,,none,none
ViLP,Qwen2-VL-7B_Biased_Test,746,vcf_only,Oth,Joint-CenterMask-QuestionMask,Joint-CenterMask-QuestionMask,joint_center,1.0,4,1,0.5390021800994873,1,tc_qmask,2.0,qmask,center
ViLP,Qwen2-VL-7B_Biased_Test,747,tcf_only,Oth,Joint-CenterMask-QuestionMask,Joint-CenterMask-QuestionMask,conservative_light_center,0.0,3,0,,,,,none,none
ViLP,Qwen2-VL-7B_Biased_Test,761,tcf_only,Oth,Joint-CenterMask-QuestionMask,Joint-CenterMask-QuestionMask,conservative_light_center,0.0,3,0,,,,,none,none
ViLP,Qwen2-VL-7B_Biased_Test,764,tcf_only,Oth,Joint-CenterMask-QuestionMask,Joint-CenterMask-QuestionMask,conservative_light_center,0.0,3,0,,,,,none,none
ViLP,Qwen2-VL-7B_Biased_Test,769,vcf_only,Oth,Joint-CenterMask-QuestionMask,Joint-CenterMask-QuestionMask,joint_center,0.0,4,1,0.5005935430526733,1,tc_qmask,1.0,qmask,center
ViLP,Qwen2-VL-7B_Biased_Test,774,tcf_only,Oth,Joint-CenterMask-QuestionMask,Joint-CenterMask-QuestionMask,conservative_light_center,0.0,3,0,,,,,none,none
ViLP,Qwen2-VL-7B_Biased_Test,779,tcf_only,Oth,Joint-CenterMask-QuestionMask,Joint-CenterMask-QuestionMask,conservative_light_center,1.0,3,0,,,,,none,none
ViLP,Qwen2-VL-7B_Biased_Test,783,both,Oth,Joint-StrongBlur-QuestionMask,Joint-StrongBlur-QuestionMask,joint_strong,0.0,4,1,0.6459110975265503,1,tc_qmask,2.0,qmask,strong
ViLP,Qwen2-VL-7B_Biased_Test,784,vcf_only,Oth,Joint-StrongBlur-QuestionMask,Joint-StrongBlur-QuestionMask,joint_strong,0.0,4,1,0.678238034248352,1,tc_qmask,2.0,qmask,strong
ViLP,Qwen2-VL-7B_Biased_Test,794,tcf_only,Oth,Joint-CenterMask-QuestionMask,Joint-CenterMask-QuestionMask,conservative_light_center,0.0,3,0,,,,,none,none
ViLP,Qwen2-VL-7B_Biased_Test,798,tcf_only,Oth,Joint-CenterMask-QuestionMask,Joint-CenterMask-QuestionMask,conservative_light_center,0.0,3,0,,,,,none,none
ViLP,Qwen2-VL-7B_Biased_Test,799,both,Oth,Joint-CenterMask-QuestionMask,Joint-CenterMask-QuestionMask,conservative_light_center,0.0,3,0,,,,,none,none
ViLP,Qwen2-VL-7B_Biased_Test,802,tcf_only,Oth,Joint-CenterMask-QuestionMask,Joint-CenterMask-QuestionMask,conservative_light_center,1.0,3,0,,,,,none,none
ViLP,Qwen2-VL-7B_Biased_Test,803,tcf_only,Oth,Joint-CenterMask-QuestionMask,Joint-CenterMask-QuestionMask,conservative_light_center,0.0,3,0,,,,,none,none
ViLP,Qwen2-VL-7B_Biased_Test,808,tcf_only,Oth,Joint-CenterMask-QuestionMask,Joint-CenterMask-QuestionMask,conservative_light_center,1.0,3,0,,,,,none,none
ViLP,Qwen2-VL-7B_Biased_Test,809,vcf_only,Oth,Joint-CenterMask-QuestionMask,Joint-CenterMask-QuestionMask,conservative_light_center,0.0,3,0,,,,,none,none
ViLP,Qwen2-VL-7B_Biased_Test,811,tcf_only,Oth,Joint-CenterMask-QuestionMask,Joint-CenterMask-QuestionMask,conservative_light_center,0.0,3,0,,,,,none,none
ViLP,Qwen2-VL-7B_Biased_Test,814,tcf_only,Oth,Joint-CenterMask-QuestionMask,Joint-CenterMask-QuestionMask,conservative_light_center,1.0,3,0,,,,,none,none
ViLP,Qwen2-VL-7B_Biased_Test,816,vcf_only,Oth,Joint-CenterMask-QuestionMask,Joint-CenterMask-QuestionMask,conservative_light_center,0.0,3,0,,,,,none,none
ViLP,Qwen2-VL-7B_Biased_Test,817,vcf_only,Oth,Joint-CenterMask-QuestionMask,Joint-CenterMask-QuestionMask,conservative_light_center,0.0,3,0,,,,,none,none
ViLP,Qwen2-VL-7B_Biased_Test,818,vcf_only,Oth,Joint-CenterMask-QuestionMask,Joint-CenterMask-QuestionMask,conservative_light_center,0.0,3,0,,,,,none,none
ViLP,Qwen2-VL-7B_Biased_Test,821,vcf_only,Oth,Joint-StrongBlur-QuestionMask,Joint-StrongBlur-QuestionMask,joint_strong,0.0,4,1,0.6487629413604736,1,tc_qmask,2.0,qmask,strong
ViLP,Qwen2-VL-7B_Biased_Test,824,tcf_only,Oth,Joint-CenterMask-QuestionMask,Joint-CenterMask-QuestionMask,conservative_light_center,1.0,3,0,,,,,none,none
ViLP,Qwen2-VL-7B_Biased_Test,826,both,Oth,Joint-CenterMask-QuestionMask,Joint-CenterMask-QuestionMask,conservative_light_center,0.0,3,0,,,,,none,none
ViLP,Qwen2-VL-7B_Biased_Test,832,both,Oth,Joint-CenterMask-QuestionMask,Joint-CenterMask-QuestionMask,conservative_light_center,0.0,3,0,,,,,none,none
ViLP,Qwen2-VL-7B_Biased_Test,833,tcf_only,Oth,Joint-CenterMask-QuestionMask,Joint-CenterMask-QuestionMask,conservative_light_center,1.0,3,0,,,,,none,none
ViLP,Qwen2-VL-7B_Biased_Test,834,tcf_only,Oth,Joint-CenterMask-QuestionMask,Joint-CenterMask-QuestionMask,conservative_light_center,0.0,3,0,,,,,none,none
ViLP,Qwen2-VL-7B_Biased_Test,838,vcf_only,Oth,Joint-CenterMask-QuestionMask,Joint-CenterMask-QuestionMask,conservative_light_center,0.0,3,0,,,,,none,none
ViLP,Qwen2-VL-7B_Biased_Test,839,vcf_only,Oth,Joint-CenterMask-QuestionMask,Joint-CenterMask-QuestionMask,conservative_light_center,0.0,3,0,,,,,none,none
ViLP,Qwen2-VL-7B_Biased_Test,843,vcf_only,Oth,Joint-CenterMask-QuestionMask,Joint-CenterMask-QuestionMask,conservative_light_center,0.0,3,0,,,,,none,none
ViLP,Qwen2-VL-7B_Biased_Test,844,vcf_only,Oth,Joint-CenterMask-QuestionMask,Joint-CenterMask-QuestionMask,conservative_light_center,0.0,3,0,,,,,none,none
ViLP,Qwen2-VL-7B_Biased_Test,848,vcf_only,Oth,Joint-CenterMask-QuestionMask,Joint-CenterMask-QuestionMask,conservative_light_center,0.0,3,0,,,,,none,none
ViLP,Qwen2-VL-7B_Biased_Test,851,vcf_only,Oth,Joint-CenterMask-QuestionMask,Joint-CenterMask-QuestionMask,conservative_light_center,0.0,3,0,,,,,none,none
ViLP,Qwen2-VL-7B_Biased_Test,854,tcf_only,Oth,Joint-CenterMask-QuestionMask,Joint-CenterMask-QuestionMask,conservative_light_center,0.0,3,0,,,,,none,none
ViLP,Qwen2-VL-7B_Biased_Test,869,both,Oth,Joint-CenterMask-QuestionMask,Joint-CenterMask-QuestionMask,conservative_light_center,0.0,3,0,,,,,none,none
ViLP,Qwen2-VL-7B_Biased_Test,872,both,Oth,Joint-CenterMask-QuestionMask,Joint-CenterMask-QuestionMask,conservative_light_center,1.0,3,0,,,,,none,none
ViLP,Qwen2-VL-7B_Biased_Test,873,tcf_only,Oth,Joint-CenterMask-QuestionMask,Joint-CenterMask-QuestionMask,conservative_light_center,0.0,3,0,,,,,none,none
ViLP,Qwen2-VL-7B_Biased_Test,874,tcf_only,Oth,Joint-CenterMask-QuestionMask,Joint-CenterMask-QuestionMask,conservative_light_center,1.0,3,0,,,,,none,none
ViLP,Qwen2-VL-7B_Biased_Test,876,tcf_only,Oth,Joint-CenterMask-QuestionMask,Joint-CenterMask-QuestionMask,conservative_light_center,0.0,3,0,,,,,none,none
ViLP,Qwen2-VL-7B_Biased_Test,877,tcf_only,Oth,Joint-CenterMask-QuestionMask,Joint-CenterMask-QuestionMask,conservative_light_center,1.0,3,0,,,,,none,none
ViLP,Qwen2-VL-7B_Biased_Test,881,tcf_only,Oth,Joint-CenterMask-QuestionMask,Joint-CenterMask-QuestionMask,joint_center,1.0,4,1,0.6252782344818115,1,tc_qmask,1.0,qmask,center
ViLP,Qwen2-VL-7B_Biased_Test,883,both,Oth,Joint-CenterMask-QuestionMask,Joint-CenterMask-QuestionMask,conservative_light_center,1.0,3,0,,,,,none,none
ViLP,Qwen2-VL-7B_Biased_Test,884,both,Oth,Joint-CenterMask-QuestionMask,Joint-CenterMask-QuestionMask,conservative_light_center,1.0,3,0,,,,,none,none
ViLP,Qwen2-VL-7B_Biased_Test,886,tcf_only,Oth,Joint-CenterMask-QuestionMask,Joint-CenterMask-QuestionMask,conservative_light_center,0.0,3,0,,,,,none,none
ViLP,Qwen2-VL-7B_Biased_Test,892,both,Oth,Joint-CenterMask-QuestionMask,Joint-CenterMask-QuestionMask,conservative_light_center,0.0,3,0,,,,,none,none
ViLP,Qwen2-VL-7B_Biased_Test,893,both,Oth,Joint-CenterMask-QuestionMask,Joint-CenterMask-QuestionMask,conservative_light_center,1.0,3,0,,,,,none,none
ViLP,Qwen2-VL-7B_Biased_Test,894,tcf_only,Oth,Joint-CenterMask-QuestionMask,Joint-CenterMask-QuestionMask,conservative_light_center,0.0,3,0,,,,,none,none
ViLP,Qwen2-VL-7B_Biased_Test,899,tcf_only,Oth,Joint-CenterMask-QuestionMask,Joint-CenterMask-QuestionMask,conservative_light_center,0.0,3,0,,,,,none,none
